INFO 18:51:45.403 [qtp483669346-21] (ReindexingRouter) Initial indexing path: http://localhost:8080/fcrepo/rest
DEBUG 18:51:45.465 [Camel (camel-1) thread #2 - JmsConsumer[triplestore.reindex]] (FcrepoProducer) Fcrepo Request [http://localhost:8080/fcrepo/rest] with method [GET]
DEBUG 18:51:45.468 [Camel (camel-1) thread #0 - JmsConsumer[reindexing]] (FcrepoProducer) Fcrepo Request [http://localhost:8080/fcrepo/rest] with method [GET]
DEBUG 18:51:45.680 [Camel (camel-1) thread #0 - JmsConsumer[reindexing]] (FcrepoProducer) Fcrepo Request [http://localhost:8080/fcrepo/rest/collection1] with method [GET]
DEBUG 18:51:45.772 [Camel (camel-1) thread #0 - JmsConsumer[reindexing]] (FcrepoProducer) Fcrepo Request [http://localhost:8080/fcrepo/rest/iccd/test/1] with method [GET]
DEBUG 18:51:45.867 [Camel (camel-1) thread #0 - JmsConsumer[reindexing]] (FcrepoProducer) Fcrepo Request [http://localhost:8080/fcrepo/rest/ICCD1065193/ICCD15335181_FDFCLG_004.jpg] with method [GET]
INFO 18:51:46.015 [Camel (camel-1) thread #2 - JmsConsumer[triplestore.reindex]] (TriplestoreRouter) Indexing Triplestore Object http://localhost:8080/fcrepo/rest
DEBUG 18:51:46.028 [Camel (camel-1) thread #0 - JmsConsumer[reindexing]] (FcrepoProducer) Fcrepo Request [http://localhost:8080/fcrepo/rest/itinerari-digitali] with method [GET]
DEBUG 18:51:46.325 [Camel (camel-1) thread #0 - JmsConsumer[reindexing]] (FcrepoProducer) Fcrepo Request [http://localhost:8080/fcrepo/rest/sandbox] with method [GET]
DEBUG 18:51:46.462 [Camel (camel-1) thread #2 - JmsConsumer[triplestore.reindex]] (FcrepoProducer) Fcrepo Request [http://localhost:8080/fcrepo/rest/collection1] with method [GET]
DEBUG 18:51:46.469 [Camel (camel-1) thread #0 - JmsConsumer[reindexing]] (FcrepoProducer) Fcrepo Request [http://localhost:8080/fcrepo/rest/video-collection] with method [GET]
INFO 18:51:46.500 [Camel (camel-1) thread #2 - JmsConsumer[triplestore.reindex]] (TriplestoreRouter) Indexing Triplestore Object http://localhost:8080/fcrepo/rest/collection1
DEBUG 18:51:46.548 [Camel (camel-1) thread #0 - JmsConsumer[reindexing]] (FcrepoProducer) Fcrepo Request [http://localhost:8080/fcrepo/rest/collection1/5e1ed04a-0919-44a2-9697-6f43ec9e1a26] with method [GET]
DEBUG 18:51:46.582 [Camel (camel-1) thread #0 - JmsConsumer[reindexing]] (FcrepoProducer) Fcrepo Request [http://localhost:8080/fcrepo/rest/collection1/b7e5f44f-7a8d-4b1b-9475-c669a9d519c8] with method [GET]
DEBUG 18:51:46.682 [Camel (camel-1) thread #0 - JmsConsumer[reindexing]] (FcrepoProducer) Fcrepo Request [http://localhost:8080/fcrepo/rest/collection1/item1] with method [GET]
DEBUG 18:51:46.740 [Camel (camel-1) thread #0 - JmsConsumer[reindexing]] (FcrepoProducer) Fcrepo Request [http://localhost:8080/fcrepo/rest/iccd/test/1/f8d21cef-776f-474b-ba45-f5f5d1594ca3] with method [GET]
DEBUG 18:51:46.782 [Camel (camel-1) thread #0 - JmsConsumer[reindexing]] (FcrepoProducer) Fcrepo Request [http://localhost:8080/fcrepo/rest/itinerari-digitali/annotations] with method [GET]
DEBUG 18:51:46.804 [Camel (camel-1) thread #2 - JmsConsumer[triplestore.reindex]] (FcrepoProducer) Fcrepo Request [http://localhost:8080/fcrepo/rest/iccd/test/1] with method [GET]
INFO 18:51:46.826 [Camel (camel-1) thread #2 - JmsConsumer[triplestore.reindex]] (TriplestoreRouter) Indexing Triplestore Object http://localhost:8080/fcrepo/rest/iccd/test/1
DEBUG 18:51:46.831 [Camel (camel-1) thread #0 - JmsConsumer[reindexing]] (FcrepoProducer) Fcrepo Request [http://localhost:8080/fcrepo/rest/itinerari-digitali/audio] with method [GET]
DEBUG 18:51:46.869 [Camel (camel-1) thread #0 - JmsConsumer[reindexing]] (FcrepoProducer) Fcrepo Request [http://localhost:8080/fcrepo/rest/itinerari-digitali/collections] with method [GET]
DEBUG 18:51:47.010 [Camel (camel-1) thread #0 - JmsConsumer[reindexing]] (FcrepoProducer) Fcrepo Request [http://localhost:8080/fcrepo/rest/itinerari-digitali/image] with method [GET]
DEBUG 18:51:47.057 [Camel (camel-1) thread #0 - JmsConsumer[reindexing]] (FcrepoProducer) Fcrepo Request [http://localhost:8080/fcrepo/rest/itinerari-digitali/text] with method [GET]
DEBUG 18:51:47.110 [Camel (camel-1) thread #0 - JmsConsumer[reindexing]] (FcrepoProducer) Fcrepo Request [http://localhost:8080/fcrepo/rest/itinerari-digitali/video] with method [GET]
DEBUG 18:51:47.190 [Camel (camel-1) thread #0 - JmsConsumer[reindexing]] (FcrepoProducer) Fcrepo Request [http://localhost:8080/fcrepo/rest/sandbox/bc] with method [GET]
DEBUG 18:51:47.263 [Camel (camel-1) thread #2 - JmsConsumer[triplestore.reindex]] (FcrepoProducer) Fcrepo Request [http://localhost:8080/fcrepo/rest/ICCD1065193/ICCD15335181_FDFCLG_004.jpg] with method [GET]
DEBUG 18:51:47.265 [Camel (camel-1) thread #0 - JmsConsumer[reindexing]] (FcrepoProducer) Fcrepo Request [http://localhost:8080/fcrepo/rest/sandbox/dc] with method [GET]
INFO 18:51:47.289 [Camel (camel-1) thread #2 - JmsConsumer[triplestore.reindex]] (TriplestoreRouter) Indexing Triplestore Object http://localhost:8080/fcrepo/rest/ICCD1065193/ICCD15335181_FDFCLG_004.jpg
DEBUG 18:51:47.408 [Camel (camel-1) thread #0 - JmsConsumer[reindexing]] (FcrepoProducer) Fcrepo Request [http://localhost:8080/fcrepo/rest/sandbox/ic] with method [GET]
DEBUG 18:51:47.452 [Camel (camel-1) thread #0 - JmsConsumer[reindexing]] (FcrepoProducer) Fcrepo Request [http://localhost:8080/fcrepo/rest/video-collection/video1] with method [GET]
DEBUG 18:51:47.518 [Camel (camel-1) thread #0 - JmsConsumer[reindexing]] (FcrepoProducer) Fcrepo Request [http://localhost:8080/fcrepo/rest/collection1/item1/page1] with method [GET]
DEBUG 18:51:47.591 [Camel (camel-1) thread #0 - JmsConsumer[reindexing]] (FcrepoProducer) Fcrepo Request [http://localhost:8080/fcrepo/rest/itinerari-digitali/annotations/2916a139-7e1d-4413-8d65-9178611371aa] with method [GET]
DEBUG 18:51:47.641 [Camel (camel-1) thread #0 - JmsConsumer[reindexing]] (FcrepoProducer) Fcrepo Request [http://localhost:8080/fcrepo/rest/itinerari-digitali/collections/collection1] with method [GET]
DEBUG 18:51:47.738 [Camel (camel-1) thread #0 - JmsConsumer[reindexing]] (FcrepoProducer) Fcrepo Request [http://localhost:8080/fcrepo/rest/itinerari-digitali/collections/collection2] with method [GET]
DEBUG 18:51:47.787 [Camel (camel-1) thread #0 - JmsConsumer[reindexing]] (FcrepoProducer) Fcrepo Request [http://localhost:8080/fcrepo/rest/itinerari-digitali/video/video1] with method [GET]
DEBUG 18:51:47.791 [Camel (camel-1) thread #2 - JmsConsumer[triplestore.reindex]] (FcrepoProducer) Fcrepo Request [http://localhost:8080/fcrepo/rest/itinerari-digitali] with method [GET]
INFO 18:51:47.816 [Camel (camel-1) thread #2 - JmsConsumer[triplestore.reindex]] (TriplestoreRouter) Indexing Triplestore Object http://localhost:8080/fcrepo/rest/itinerari-digitali
DEBUG 18:51:47.921 [Camel (camel-1) thread #0 - JmsConsumer[reindexing]] (FcrepoProducer) Fcrepo Request [http://localhost:8080/fcrepo/rest/sandbox/bc/child1] with method [GET]
DEBUG 18:51:48.011 [Camel (camel-1) thread #0 - JmsConsumer[reindexing]] (FcrepoProducer) Fcrepo Request [http://localhost:8080/fcrepo/rest/sandbox/dc/child1] with method [GET]
DEBUG 18:51:48.095 [Camel (camel-1) thread #0 - JmsConsumer[reindexing]] (FcrepoProducer) Fcrepo Request [http://localhost:8080/fcrepo/rest/itinerari-digitali/collections/collection1/cover] with method [GET]
DEBUG 18:51:48.166 [Camel (camel-1) thread #0 - JmsConsumer[reindexing]] (FcrepoProducer) Fcrepo Request [http://localhost:8080/fcrepo/rest/itinerari-digitali/video/video1/mpeg7] with method [GET]
DEBUG 18:51:48.219 [Camel (camel-1) thread #0 - JmsConsumer[reindexing]] (FcrepoProducer) Fcrepo Request [http://localhost:8080/fcrepo/rest/itinerari-digitali/video/video1/poster] with method [GET]
DEBUG 18:51:48.362 [Camel (camel-1) thread #2 - JmsConsumer[triplestore.reindex]] (FcrepoProducer) Fcrepo Request [http://localhost:8080/fcrepo/rest/sandbox] with method [GET]
INFO 18:51:48.385 [Camel (camel-1) thread #2 - JmsConsumer[triplestore.reindex]] (TriplestoreRouter) Indexing Triplestore Object http://localhost:8080/fcrepo/rest/sandbox
DEBUG 18:51:48.648 [Camel (camel-1) thread #2 - JmsConsumer[triplestore.reindex]] (FcrepoProducer) Fcrepo Request [http://localhost:8080/fcrepo/rest/video-collection] with method [GET]
INFO 18:51:48.673 [Camel (camel-1) thread #2 - JmsConsumer[triplestore.reindex]] (TriplestoreRouter) Indexing Triplestore Object http://localhost:8080/fcrepo/rest/video-collection
DEBUG 18:51:48.907 [Camel (camel-1) thread #2 - JmsConsumer[triplestore.reindex]] (FcrepoProducer) Fcrepo Request [http://localhost:8080/fcrepo/rest/collection1/5e1ed04a-0919-44a2-9697-6f43ec9e1a26] with method [GET]
INFO 18:51:48.931 [Camel (camel-1) thread #2 - JmsConsumer[triplestore.reindex]] (TriplestoreRouter) Indexing Triplestore Object http://localhost:8080/fcrepo/rest/collection1/5e1ed04a-0919-44a2-9697-6f43ec9e1a26
DEBUG 18:51:49.232 [Camel (camel-1) thread #2 - JmsConsumer[triplestore.reindex]] (FcrepoProducer) Fcrepo Request [http://localhost:8080/fcrepo/rest/collection1/b7e5f44f-7a8d-4b1b-9475-c669a9d519c8] with method [GET]
INFO 18:51:49.257 [Camel (camel-1) thread #2 - JmsConsumer[triplestore.reindex]] (TriplestoreRouter) Indexing Triplestore Object http://localhost:8080/fcrepo/rest/collection1/b7e5f44f-7a8d-4b1b-9475-c669a9d519c8
DEBUG 18:51:49.568 [Camel (camel-1) thread #2 - JmsConsumer[triplestore.reindex]] (FcrepoProducer) Fcrepo Request [http://localhost:8080/fcrepo/rest/collection1/item1] with method [GET]
INFO 18:51:49.590 [Camel (camel-1) thread #2 - JmsConsumer[triplestore.reindex]] (TriplestoreRouter) Indexing Triplestore Object http://localhost:8080/fcrepo/rest/collection1/item1
DEBUG 18:51:49.792 [Camel (camel-1) thread #2 - JmsConsumer[triplestore.reindex]] (FcrepoProducer) Fcrepo Request [http://localhost:8080/fcrepo/rest/iccd/test/1/f8d21cef-776f-474b-ba45-f5f5d1594ca3] with method [GET]
INFO 18:51:49.816 [Camel (camel-1) thread #2 - JmsConsumer[triplestore.reindex]] (TriplestoreRouter) Indexing Triplestore Object http://localhost:8080/fcrepo/rest/iccd/test/1/f8d21cef-776f-474b-ba45-f5f5d1594ca3
DEBUG 18:51:50.008 [Camel (camel-1) thread #2 - JmsConsumer[triplestore.reindex]] (FcrepoProducer) Fcrepo Request [http://localhost:8080/fcrepo/rest/itinerari-digitali/annotations] with method [GET]
INFO 18:51:50.033 [Camel (camel-1) thread #2 - JmsConsumer[triplestore.reindex]] (TriplestoreRouter) Indexing Triplestore Object http://localhost:8080/fcrepo/rest/itinerari-digitali/annotations
DEBUG 18:51:50.256 [Camel (camel-1) thread #2 - JmsConsumer[triplestore.reindex]] (FcrepoProducer) Fcrepo Request [http://localhost:8080/fcrepo/rest/itinerari-digitali/audio] with method [GET]
INFO 18:51:50.278 [Camel (camel-1) thread #2 - JmsConsumer[triplestore.reindex]] (TriplestoreRouter) Indexing Triplestore Object http://localhost:8080/fcrepo/rest/itinerari-digitali/audio
DEBUG 18:51:50.518 [Camel (camel-1) thread #2 - JmsConsumer[triplestore.reindex]] (FcrepoProducer) Fcrepo Request [http://localhost:8080/fcrepo/rest/itinerari-digitali/collections] with method [GET]
INFO 18:51:50.541 [Camel (camel-1) thread #2 - JmsConsumer[triplestore.reindex]] (TriplestoreRouter) Indexing Triplestore Object http://localhost:8080/fcrepo/rest/itinerari-digitali/collections
DEBUG 18:51:50.724 [Camel (camel-1) thread #2 - JmsConsumer[triplestore.reindex]] (FcrepoProducer) Fcrepo Request [http://localhost:8080/fcrepo/rest/itinerari-digitali/image] with method [GET]
INFO 18:51:50.750 [Camel (camel-1) thread #2 - JmsConsumer[triplestore.reindex]] (TriplestoreRouter) Indexing Triplestore Object http://localhost:8080/fcrepo/rest/itinerari-digitali/image
DEBUG 18:51:50.903 [Camel (camel-1) thread #2 - JmsConsumer[triplestore.reindex]] (FcrepoProducer) Fcrepo Request [http://localhost:8080/fcrepo/rest/itinerari-digitali/text] with method [GET]
INFO 18:51:50.923 [Camel (camel-1) thread #2 - JmsConsumer[triplestore.reindex]] (TriplestoreRouter) Indexing Triplestore Object http://localhost:8080/fcrepo/rest/itinerari-digitali/text
DEBUG 18:51:51.076 [Camel (camel-1) thread #2 - JmsConsumer[triplestore.reindex]] (FcrepoProducer) Fcrepo Request [http://localhost:8080/fcrepo/rest/itinerari-digitali/video] with method [GET]
INFO 18:51:51.096 [Camel (camel-1) thread #2 - JmsConsumer[triplestore.reindex]] (TriplestoreRouter) Indexing Triplestore Object http://localhost:8080/fcrepo/rest/itinerari-digitali/video
DEBUG 18:51:51.304 [Camel (camel-1) thread #2 - JmsConsumer[triplestore.reindex]] (FcrepoProducer) Fcrepo Request [http://localhost:8080/fcrepo/rest/sandbox/bc] with method [GET]
INFO 18:51:51.327 [Camel (camel-1) thread #2 - JmsConsumer[triplestore.reindex]] (TriplestoreRouter) Indexing Triplestore Object http://localhost:8080/fcrepo/rest/sandbox/bc
DEBUG 18:51:51.565 [Camel (camel-1) thread #2 - JmsConsumer[triplestore.reindex]] (FcrepoProducer) Fcrepo Request [http://localhost:8080/fcrepo/rest/sandbox/dc] with method [GET]
INFO 18:51:51.591 [Camel (camel-1) thread #2 - JmsConsumer[triplestore.reindex]] (TriplestoreRouter) Indexing Triplestore Object http://localhost:8080/fcrepo/rest/sandbox/dc
DEBUG 18:51:51.812 [Camel (camel-1) thread #2 - JmsConsumer[triplestore.reindex]] (FcrepoProducer) Fcrepo Request [http://localhost:8080/fcrepo/rest/sandbox/ic] with method [GET]
INFO 18:51:51.832 [Camel (camel-1) thread #2 - JmsConsumer[triplestore.reindex]] (TriplestoreRouter) Indexing Triplestore Object http://localhost:8080/fcrepo/rest/sandbox/ic
DEBUG 18:51:51.989 [Camel (camel-1) thread #2 - JmsConsumer[triplestore.reindex]] (FcrepoProducer) Fcrepo Request [http://localhost:8080/fcrepo/rest/video-collection/video1] with method [GET]
INFO 18:51:52.010 [Camel (camel-1) thread #2 - JmsConsumer[triplestore.reindex]] (TriplestoreRouter) Indexing Triplestore Object http://localhost:8080/fcrepo/rest/video-collection/video1
DEBUG 18:51:52.252 [Camel (camel-1) thread #2 - JmsConsumer[triplestore.reindex]] (FcrepoProducer) Fcrepo Request [http://localhost:8080/fcrepo/rest/collection1/item1/page1] with method [GET]
INFO 18:51:52.271 [Camel (camel-1) thread #2 - JmsConsumer[triplestore.reindex]] (TriplestoreRouter) Indexing Triplestore Object http://localhost:8080/fcrepo/rest/collection1/item1/page1
DEBUG 18:51:52.483 [Camel (camel-1) thread #2 - JmsConsumer[triplestore.reindex]] (FcrepoProducer) Fcrepo Request [http://localhost:8080/fcrepo/rest/itinerari-digitali/annotations/2916a139-7e1d-4413-8d65-9178611371aa] with method [GET]
INFO 18:52:02.525 [Camel (camel-1) thread #2 - JmsConsumer[triplestore.reindex]] (FcrepoTriplestoreUpdater) Index Routing Error: FcrepoTriplestoreUpdater
ERROR 18:52:02.532 [Camel (camel-1) thread #2 - JmsConsumer[triplestore.reindex]] (DefaultErrorHandler) Failed delivery for (MessageId: ID:ICCD-35551-1684342205004-1:1:1:1:50 on ExchangeId: CB37C2672D7EFB6-00000000000001AC). Exhausted after delivery attempt: 11 caught: org.apache.camel.CamelExecutionException: Exception occurred during execution on the exchange: Exchange[CB37C2672D7EFB6-00000000000001AC]. Processed by failure processor: FatalFallbackErrorHandler[Channel[log4]]

Message History (complete message history is disabled)
---------------------------------------------------------------------------------------------------------------------------------------
RouteId              ProcessorId          Processor                                                                        Elapsed (ms)
[FcrepoTriplestoreR] [FcrepoTriplestoreR] [from[broker://queue:triplestore.reindex]                                      ] [     10045]

Stacktrace
---------------------------------------------------------------------------------------------------------------------------------------

org.apache.camel.CamelExecutionException: Exception occurred during execution on the exchange: Exchange[CB37C2672D7EFB6-00000000000001AC]
        at org.apache.camel.CamelExecutionException.wrapCamelExecutionException(CamelExecutionException.java:45)
        at org.apache.camel.support.AbstractExchange.setException(AbstractExchange.java:564)
        at org.apache.camel.support.DefaultExchange.setException(DefaultExchange.java:27)
        at org.apache.camel.support.processor.DelegateSyncProcessor.process(DelegateSyncProcessor.java:69)
        at org.apache.camel.processor.errorhandler.RedeliveryErrorHandler$RedeliveryTask.redeliver(RedeliveryErrorHandler.java:846)
        at org.apache.camel.impl.engine.DefaultReactiveExecutor$Worker.schedule(DefaultReactiveExecutor.java:181)
        at org.apache.camel.impl.engine.DefaultReactiveExecutor.scheduleMain(DefaultReactiveExecutor.java:62)
        at org.apache.camel.processor.Pipeline.process(Pipeline.java:167)
        at org.apache.camel.impl.engine.CamelInternalProcessor.process(CamelInternalProcessor.java:388)
        at org.apache.camel.impl.engine.DefaultAsyncProcessorAwaitManager.process(DefaultAsyncProcessorAwaitManager.java:83)
        at org.apache.camel.support.AsyncProcessorSupport.process(AsyncProcessorSupport.java:41)
        at org.apache.camel.component.jms.EndpointMessageListener.onMessage(EndpointMessageListener.java:132)
        at org.springframework.jms.listener.AbstractMessageListenerContainer.doInvokeListener(AbstractMessageListenerContainer.java:736)
        at org.springframework.jms.listener.AbstractMessageListenerContainer.invokeListener(AbstractMessageListenerContainer.java:696)
        at org.springframework.jms.listener.AbstractMessageListenerContainer.doExecuteListener(AbstractMessageListenerContainer.java:674)
        at org.springframework.jms.listener.AbstractPollingMessageListenerContainer.doReceiveAndExecute(AbstractPollingMessageListenerContainer.java:318)
        at org.springframework.jms.listener.AbstractPollingMessageListenerContainer.receiveAndExecute(AbstractPollingMessageListenerContainer.java:257)
        at org.springframework.jms.listener.DefaultMessageListenerContainer$AsyncMessageListenerInvoker.invokeListener(DefaultMessageListenerContainer.java:1237)
        at org.springframework.jms.listener.DefaultMessageListenerContainer$AsyncMessageListenerInvoker.executeOngoingLoop(DefaultMessageListenerContainer.java:1227)
        at org.springframework.jms.listener.DefaultMessageListenerContainer$AsyncMessageListenerInvoker.run(DefaultMessageListenerContainer.java:1120)
        at java.base/java.util.concurrent.ThreadPoolExecutor.runWorker(ThreadPoolExecutor.java:1128)
        at java.base/java.util.concurrent.ThreadPoolExecutor$Worker.run(ThreadPoolExecutor.java:628)
        at java.base/java.lang.Thread.run(Thread.java:829)
        Suppressed: org.apache.camel.CamelExecutionException: Exception occurred during execution on the exchange: Exchange[CB37C2672D7EFB6-00000000000001AC]
                ... 23 common frames omitted
                Suppressed: org.apache.camel.CamelExecutionException: Exception occurred during execution on the exchange: Exchange[CB37C2672D7EFB6-00000000000001AC]
                        ... 23 common frames omitted
                        Suppressed: org.apache.camel.CamelExecutionException: Exception occurred during execution on the exchange: Exchange[CB37C2672D7EFB6-00000000000001AC]
                                ... 23 common frames omitted
                                Suppressed: org.apache.camel.CamelExecutionException: Exception occurred during execution on the exchange: Exchange[CB37C2672D7EFB6-00000000000001AC]
                                        ... 23 common frames omitted
                                        Suppressed: org.apache.camel.CamelExecutionException: Exception occurred during execution on the exchange: Exchange[CB37C2672D7EFB6-00000000000001AC]
                                                ... 23 common frames omitted
                                                Suppressed: org.apache.camel.CamelExecutionException: Exception occurred during execution on the exchange: Exchange[CB37C2672D7EFB6-00000000000001AC]
                                                        ... 23 common frames omitted
                                                        Suppressed: org.apache.camel.CamelExecutionException: Exception occurred during execution on the exchange: Exchange[CB37C2672D7EFB6-00000000000001AC]
                                                                ... 23 common frames omitted
                                                                Suppressed: org.apache.camel.CamelExecutionException: Exception occurred during execution on the exchange: Exchange[CB37C2672D7EFB6-00000000000001AC]
                                                                        ... 23 common frames omitted
                                                                        Suppressed: org.apache.camel.CamelExecutionException: Exception occurred during execution on the exchange: Exchange[CB37C2672D7EFB6-00000000000001AC]
                                                                                ... 23 common frames omitted
                                                                                Suppressed: org.apache.camel.CamelExecutionException: Exception occurred during execution on the exchange: Exchange[CB37C2672D7EFB6-00000000000001AC]
                                                                                        at org.apache.camel.CamelExecutionException.wrapCamelExecutionException(CamelExecutionException.java:45)
                                                                                        at org.apache.camel.support.AbstractExchange.setException(AbstractExchange.java:564)
                                                                                        at org.apache.camel.support.DefaultExchange.setException(DefaultExchange.java:27)
                                                                                        at org.apache.camel.support.processor.DelegateSyncProcessor.process(DelegateSyncProcessor.java:69)
                                                                                        at org.apache.camel.processor.errorhandler.RedeliveryErrorHandler$RedeliveryTask.doRun(RedeliveryErrorHandler.java:780)
                                                                                        at org.apache.camel.processor.errorhandler.RedeliveryErrorHandler$RedeliveryTask.run(RedeliveryErrorHandler.java:688)
                                                                                        ... 18 common frames omitted
                                                                                Caused by: org.apache.jena.ext.com.google.common.util.concurrent.ExecutionError: java.lang.NoClassDefFoundError: org/apache/commons/codec/digest/MurmurHash3
                                                                                        at org.apache.jena.ext.com.google.common.cache.LocalCache$Segment.get(LocalCache.java:2049)
                                                                                        at org.apache.jena.ext.com.google.common.cache.LocalCache.get(LocalCache.java:3962)
                                                                                        at org.apache.jena.ext.com.google.common.cache.LocalCache$LocalManualCache.get(LocalCache.java:4859)
                                                                                        at org.apache.jena.atlas.lib.cache.CacheGuava.getOrFill(CacheGuava.java:58)
                                                                                        at org.apache.jena.riot.lang.BlankNodeAllocatorHash.alloc(BlankNodeAllocatorHash.java:99)
                                                                                        at org.apache.jena.riot.lang.LabelToNode$Alloc.alloc(LabelToNode.java:184)
                                                                                        at org.apache.jena.riot.lang.LabelToNode$Alloc.alloc(LabelToNode.java:178)
                                                                                        at org.apache.jena.riot.system.MapWithScope.get(MapWithScope.java:74)
                                                                                        at org.apache.jena.riot.system.FactoryRDFStd.createBlankNode(FactoryRDFStd.java:92)
                                                                                        at org.apache.jena.riot.system.ParserProfileStd.createBlankNode(ParserProfileStd.java:214)
                                                                                        at org.apache.jena.riot.system.ParserProfileStd.create(ParserProfileStd.java:257)
                                                                                        at org.apache.jena.riot.lang.LangNTriples.tokenAsNode(LangNTriples.java:70)
                                                                                        at org.apache.jena.riot.lang.LangNTuple.parseTriple(LangNTuple.java:92)
                                                                                        at org.apache.jena.riot.lang.LangNTriples.parseOne(LangNTriples.java:61)
                                                                                        at org.apache.jena.riot.lang.LangNTriples.runParser(LangNTriples.java:53)
                                                                                        at org.apache.jena.riot.lang.LangBase.parse(LangBase.java:43)
                                                                                        at org.apache.jena.riot.RDFParserRegistry$ReaderRIOTLang.read(RDFParserRegistry.java:181)
                                                                                        at org.apache.jena.riot.RDFParser.read(RDFParser.java:358)
                                                                                        at org.apache.jena.riot.RDFParser.parseNotUri(RDFParser.java:348)
                                                                                        at org.apache.jena.riot.RDFParser.parse(RDFParser.java:295)
                                                                                        at org.apache.jena.riot.RDFParserBuilder.parse(RDFParserBuilder.java:550)
                                                                                        at org.apache.jena.riot.RDFDataMgr.parseFromInputStream(RDFDataMgr.java:720)
                                                                                        at org.apache.jena.riot.RDFDataMgr.read(RDFDataMgr.java:255)
                                                                                        at org.apache.jena.riot.RDFDataMgr.read(RDFDataMgr.java:222)
                                                                                        at org.apache.jena.riot.RDFDataMgr.read(RDFDataMgr.java:208)
                                                                                        at org.fcrepo.camel.processor.SparqlUpdateProcessor.process(SparqlUpdateProcessor.java:52)
                                                                                        at org.apache.camel.support.processor.DelegateSyncProcessor.process(DelegateSyncProcessor.java:66)
                                                                                        ... 20 common frames omitted
                                                                                Caused by: java.lang.NoClassDefFoundError: org/apache/commons/codec/digest/MurmurHash3
                                                                                        at org.apache.jena.riot.lang.BlankNodeAllocatorHash.alloc(BlankNodeAllocatorHash.java:138)
                                                                                        at org.apache.jena.riot.lang.BlankNodeAllocatorHash.lambda$alloc$0(BlankNodeAllocatorHash.java:98)
                                                                                        at org.apache.jena.ext.com.google.common.cache.LocalCache$LocalManualCache$1.load(LocalCache.java:4864)
                                                                                        at org.apache.jena.ext.com.google.common.cache.LocalCache$LoadingValueReference.loadFuture(LocalCache.java:3529)
                                                                                        at org.apache.jena.ext.com.google.common.cache.LocalCache$Segment.loadSync(LocalCache.java:2278)
                                                                                        at org.apache.jena.ext.com.google.common.cache.LocalCache$Segment.lockedGetOrLoad(LocalCache.java:2155)
                                                                                        at org.apache.jena.ext.com.google.common.cache.LocalCache$Segment.get(LocalCache.java:2045)
                                                                                        ... 46 common frames omitted
                                                                                Caused by: java.lang.ClassNotFoundException: org.apache.commons.codec.digest.MurmurHash3
                                                                                        at java.base/jdk.internal.loader.BuiltinClassLoader.loadClass(BuiltinClassLoader.java:581)
                                                                                        at java.base/jdk.internal.loader.ClassLoaders$AppClassLoader.loadClass(ClassLoaders.java:178)
                                                                                        at java.base/java.lang.ClassLoader.loadClass(ClassLoader.java:522)
                                                                                        ... 53 common frames omitted
                                                                        Caused by: org.apache.jena.ext.com.google.common.util.concurrent.ExecutionError: java.lang.NoClassDefFoundError: org/apache/commons/codec/digest/MurmurHash3
                                                                                at org.apache.jena.ext.com.google.common.cache.LocalCache$Segment.get(LocalCache.java:2049)
                                                                                at org.apache.jena.ext.com.google.common.cache.LocalCache.get(LocalCache.java:3962)
                                                                                at org.apache.jena.ext.com.google.common.cache.LocalCache$LocalManualCache.get(LocalCache.java:4859)
                                                                                at org.apache.jena.atlas.lib.cache.CacheGuava.getOrFill(CacheGuava.java:58)
                                                                                at org.apache.jena.riot.lang.BlankNodeAllocatorHash.alloc(BlankNodeAllocatorHash.java:99)
                                                                                at org.apache.jena.riot.lang.LabelToNode$Alloc.alloc(LabelToNode.java:184)
                                                                                at org.apache.jena.riot.lang.LabelToNode$Alloc.alloc(LabelToNode.java:178)
                                                                                at org.apache.jena.riot.system.MapWithScope.get(MapWithScope.java:74)
                                                                                at org.apache.jena.riot.system.FactoryRDFStd.createBlankNode(FactoryRDFStd.java:92)
                                                                                at org.apache.jena.riot.system.ParserProfileStd.createBlankNode(ParserProfileStd.java:214)
                                                                                at org.apache.jena.riot.system.ParserProfileStd.create(ParserProfileStd.java:257)
                                                                                at org.apache.jena.riot.lang.LangNTriples.tokenAsNode(LangNTriples.java:70)
                                                                                at org.apache.jena.riot.lang.LangNTuple.parseTriple(LangNTuple.java:92)
                                                                                at org.apache.jena.riot.lang.LangNTriples.parseOne(LangNTriples.java:61)
                                                                                at org.apache.jena.riot.lang.LangNTriples.runParser(LangNTriples.java:53)
                                                                                at org.apache.jena.riot.lang.LangBase.parse(LangBase.java:43)
                                                                                at org.apache.jena.riot.RDFParserRegistry$ReaderRIOTLang.read(RDFParserRegistry.java:181)
                                                                                at org.apache.jena.riot.RDFParser.read(RDFParser.java:358)
                                                                                at org.apache.jena.riot.RDFParser.parseNotUri(RDFParser.java:348)
                                                                                at org.apache.jena.riot.RDFParser.parse(RDFParser.java:295)
                                                                                at org.apache.jena.riot.RDFParserBuilder.parse(RDFParserBuilder.java:550)
                                                                                at org.apache.jena.riot.RDFDataMgr.parseFromInputStream(RDFDataMgr.java:720)
                                                                                at org.apache.jena.riot.RDFDataMgr.read(RDFDataMgr.java:255)
                                                                                at org.apache.jena.riot.RDFDataMgr.read(RDFDataMgr.java:222)
                                                                                at org.apache.jena.riot.RDFDataMgr.read(RDFDataMgr.java:208)
                                                                                at org.fcrepo.camel.processor.SparqlUpdateProcessor.process(SparqlUpdateProcessor.java:52)
                                                                                at org.apache.camel.support.processor.DelegateSyncProcessor.process(DelegateSyncProcessor.java:66)
                                                                                ... 19 common frames omitted
                                                                        Caused by: java.lang.NoClassDefFoundError: org/apache/commons/codec/digest/MurmurHash3
                                                                                at org.apache.jena.riot.lang.BlankNodeAllocatorHash.alloc(BlankNodeAllocatorHash.java:138)
                                                                                at org.apache.jena.riot.lang.BlankNodeAllocatorHash.lambda$alloc$0(BlankNodeAllocatorHash.java:98)
                                                                                at org.apache.jena.ext.com.google.common.cache.LocalCache$LocalManualCache$1.load(LocalCache.java:4864)
                                                                                at org.apache.jena.ext.com.google.common.cache.LocalCache$LoadingValueReference.loadFuture(LocalCache.java:3529)
                                                                                at org.apache.jena.ext.com.google.common.cache.LocalCache$Segment.loadSync(LocalCache.java:2278)
                                                                                at org.apache.jena.ext.com.google.common.cache.LocalCache$Segment.lockedGetOrLoad(LocalCache.java:2155)
                                                                                at org.apache.jena.ext.com.google.common.cache.LocalCache$Segment.get(LocalCache.java:2045)
                                                                                ... 45 common frames omitted
                                                                Caused by: org.apache.jena.ext.com.google.common.util.concurrent.ExecutionError: java.lang.NoClassDefFoundError: org/apache/commons/codec/digest/MurmurHash3
                                                                        at org.apache.jena.ext.com.google.common.cache.LocalCache$Segment.get(LocalCache.java:2049)
                                                                        at org.apache.jena.ext.com.google.common.cache.LocalCache.get(LocalCache.java:3962)
                                                                        at org.apache.jena.ext.com.google.common.cache.LocalCache$LocalManualCache.get(LocalCache.java:4859)
                                                                        at org.apache.jena.atlas.lib.cache.CacheGuava.getOrFill(CacheGuava.java:58)
                                                                        at org.apache.jena.riot.lang.BlankNodeAllocatorHash.alloc(BlankNodeAllocatorHash.java:99)
                                                                        at org.apache.jena.riot.lang.LabelToNode$Alloc.alloc(LabelToNode.java:184)
                                                                        at org.apache.jena.riot.lang.LabelToNode$Alloc.alloc(LabelToNode.java:178)
                                                                        at org.apache.jena.riot.system.MapWithScope.get(MapWithScope.java:74)
                                                                        at org.apache.jena.riot.system.FactoryRDFStd.createBlankNode(FactoryRDFStd.java:92)
                                                                        at org.apache.jena.riot.system.ParserProfileStd.createBlankNode(ParserProfileStd.java:214)
                                                                        at org.apache.jena.riot.system.ParserProfileStd.create(ParserProfileStd.java:257)
                                                                        at org.apache.jena.riot.lang.LangNTriples.tokenAsNode(LangNTriples.java:70)
                                                                        at org.apache.jena.riot.lang.LangNTuple.parseTriple(LangNTuple.java:92)
                                                                        at org.apache.jena.riot.lang.LangNTriples.parseOne(LangNTriples.java:61)
                                                                        at org.apache.jena.riot.lang.LangNTriples.runParser(LangNTriples.java:53)
                                                                        at org.apache.jena.riot.lang.LangBase.parse(LangBase.java:43)
                                                                        at org.apache.jena.riot.RDFParserRegistry$ReaderRIOTLang.read(RDFParserRegistry.java:181)
                                                                        at org.apache.jena.riot.RDFParser.read(RDFParser.java:358)
                                                                        at org.apache.jena.riot.RDFParser.parseNotUri(RDFParser.java:348)
                                                                        at org.apache.jena.riot.RDFParser.parse(RDFParser.java:295)
                                                                        at org.apache.jena.riot.RDFParserBuilder.parse(RDFParserBuilder.java:550)
                                                                        at org.apache.jena.riot.RDFDataMgr.parseFromInputStream(RDFDataMgr.java:720)
                                                                        at org.apache.jena.riot.RDFDataMgr.read(RDFDataMgr.java:255)
                                                                        at org.apache.jena.riot.RDFDataMgr.read(RDFDataMgr.java:222)
                                                                        at org.apache.jena.riot.RDFDataMgr.read(RDFDataMgr.java:208)
                                                                        at org.fcrepo.camel.processor.SparqlUpdateProcessor.process(SparqlUpdateProcessor.java:52)
                                                                        at org.apache.camel.support.processor.DelegateSyncProcessor.process(DelegateSyncProcessor.java:66)
                                                                        ... 19 common frames omitted
                                                                Caused by: java.lang.NoClassDefFoundError: org/apache/commons/codec/digest/MurmurHash3
                                                                        at org.apache.jena.riot.lang.BlankNodeAllocatorHash.alloc(BlankNodeAllocatorHash.java:138)
                                                                        at org.apache.jena.riot.lang.BlankNodeAllocatorHash.lambda$alloc$0(BlankNodeAllocatorHash.java:98)
                                                                        at org.apache.jena.ext.com.google.common.cache.LocalCache$LocalManualCache$1.load(LocalCache.java:4864)
                                                                        at org.apache.jena.ext.com.google.common.cache.LocalCache$LoadingValueReference.loadFuture(LocalCache.java:3529)
                                                                        at org.apache.jena.ext.com.google.common.cache.LocalCache$Segment.loadSync(LocalCache.java:2278)
                                                                        at org.apache.jena.ext.com.google.common.cache.LocalCache$Segment.lockedGetOrLoad(LocalCache.java:2155)
                                                                        at org.apache.jena.ext.com.google.common.cache.LocalCache$Segment.get(LocalCache.java:2045)
                                                                        ... 45 common frames omitted
                                                        Caused by: org.apache.jena.ext.com.google.common.util.concurrent.ExecutionError: java.lang.NoClassDefFoundError: org/apache/commons/codec/digest/MurmurHash3
                                                                at org.apache.jena.ext.com.google.common.cache.LocalCache$Segment.get(LocalCache.java:2049)
                                                                at org.apache.jena.ext.com.google.common.cache.LocalCache.get(LocalCache.java:3962)
                                                                at org.apache.jena.ext.com.google.common.cache.LocalCache$LocalManualCache.get(LocalCache.java:4859)
                                                                at org.apache.jena.atlas.lib.cache.CacheGuava.getOrFill(CacheGuava.java:58)
                                                                at org.apache.jena.riot.lang.BlankNodeAllocatorHash.alloc(BlankNodeAllocatorHash.java:99)
                                                                at org.apache.jena.riot.lang.LabelToNode$Alloc.alloc(LabelToNode.java:184)
                                                                at org.apache.jena.riot.lang.LabelToNode$Alloc.alloc(LabelToNode.java:178)
                                                                at org.apache.jena.riot.system.MapWithScope.get(MapWithScope.java:74)
                                                                at org.apache.jena.riot.system.FactoryRDFStd.createBlankNode(FactoryRDFStd.java:92)
                                                                at org.apache.jena.riot.system.ParserProfileStd.createBlankNode(ParserProfileStd.java:214)
                                                                at org.apache.jena.riot.system.ParserProfileStd.create(ParserProfileStd.java:257)
                                                                at org.apache.jena.riot.lang.LangNTriples.tokenAsNode(LangNTriples.java:70)
                                                                at org.apache.jena.riot.lang.LangNTuple.parseTriple(LangNTuple.java:92)
                                                                at org.apache.jena.riot.lang.LangNTriples.parseOne(LangNTriples.java:61)
                                                                at org.apache.jena.riot.lang.LangNTriples.runParser(LangNTriples.java:53)
                                                                at org.apache.jena.riot.lang.LangBase.parse(LangBase.java:43)
                                                                at org.apache.jena.riot.RDFParserRegistry$ReaderRIOTLang.read(RDFParserRegistry.java:181)
                                                                at org.apache.jena.riot.RDFParser.read(RDFParser.java:358)
                                                                at org.apache.jena.riot.RDFParser.parseNotUri(RDFParser.java:348)
                                                                at org.apache.jena.riot.RDFParser.parse(RDFParser.java:295)
                                                                at org.apache.jena.riot.RDFParserBuilder.parse(RDFParserBuilder.java:550)
                                                                at org.apache.jena.riot.RDFDataMgr.parseFromInputStream(RDFDataMgr.java:720)
                                                                at org.apache.jena.riot.RDFDataMgr.read(RDFDataMgr.java:255)
                                                                at org.apache.jena.riot.RDFDataMgr.read(RDFDataMgr.java:222)
                                                                at org.apache.jena.riot.RDFDataMgr.read(RDFDataMgr.java:208)
                                                                at org.fcrepo.camel.processor.SparqlUpdateProcessor.process(SparqlUpdateProcessor.java:52)
                                                                at org.apache.camel.support.processor.DelegateSyncProcessor.process(DelegateSyncProcessor.java:66)
                                                                ... 19 common frames omitted
                                                        Caused by: java.lang.NoClassDefFoundError: org/apache/commons/codec/digest/MurmurHash3
                                                                at org.apache.jena.riot.lang.BlankNodeAllocatorHash.alloc(BlankNodeAllocatorHash.java:138)
                                                                at org.apache.jena.riot.lang.BlankNodeAllocatorHash.lambda$alloc$0(BlankNodeAllocatorHash.java:98)
                                                                at org.apache.jena.ext.com.google.common.cache.LocalCache$LocalManualCache$1.load(LocalCache.java:4864)
                                                                at org.apache.jena.ext.com.google.common.cache.LocalCache$LoadingValueReference.loadFuture(LocalCache.java:3529)
                                                                at org.apache.jena.ext.com.google.common.cache.LocalCache$Segment.loadSync(LocalCache.java:2278)
                                                                at org.apache.jena.ext.com.google.common.cache.LocalCache$Segment.lockedGetOrLoad(LocalCache.java:2155)
                                                                at org.apache.jena.ext.com.google.common.cache.LocalCache$Segment.get(LocalCache.java:2045)
                                                                ... 45 common frames omitted
                                                Caused by: org.apache.jena.ext.com.google.common.util.concurrent.ExecutionError: java.lang.NoClassDefFoundError: org/apache/commons/codec/digest/MurmurHash3
                                                        at org.apache.jena.ext.com.google.common.cache.LocalCache$Segment.get(LocalCache.java:2049)
                                                        at org.apache.jena.ext.com.google.common.cache.LocalCache.get(LocalCache.java:3962)
                                                        at org.apache.jena.ext.com.google.common.cache.LocalCache$LocalManualCache.get(LocalCache.java:4859)
                                                        at org.apache.jena.atlas.lib.cache.CacheGuava.getOrFill(CacheGuava.java:58)
                                                        at org.apache.jena.riot.lang.BlankNodeAllocatorHash.alloc(BlankNodeAllocatorHash.java:99)
                                                        at org.apache.jena.riot.lang.LabelToNode$Alloc.alloc(LabelToNode.java:184)
                                                        at org.apache.jena.riot.lang.LabelToNode$Alloc.alloc(LabelToNode.java:178)
                                                        at org.apache.jena.riot.system.MapWithScope.get(MapWithScope.java:74)
                                                        at org.apache.jena.riot.system.FactoryRDFStd.createBlankNode(FactoryRDFStd.java:92)
                                                        at org.apache.jena.riot.system.ParserProfileStd.createBlankNode(ParserProfileStd.java:214)
                                                        at org.apache.jena.riot.system.ParserProfileStd.create(ParserProfileStd.java:257)
                                                        at org.apache.jena.riot.lang.LangNTriples.tokenAsNode(LangNTriples.java:70)
                                                        at org.apache.jena.riot.lang.LangNTuple.parseTriple(LangNTuple.java:92)
                                                        at org.apache.jena.riot.lang.LangNTriples.parseOne(LangNTriples.java:61)
                                                        at org.apache.jena.riot.lang.LangNTriples.runParser(LangNTriples.java:53)
                                                        at org.apache.jena.riot.lang.LangBase.parse(LangBase.java:43)
                                                        at org.apache.jena.riot.RDFParserRegistry$ReaderRIOTLang.read(RDFParserRegistry.java:181)
                                                        at org.apache.jena.riot.RDFParser.read(RDFParser.java:358)
                                                        at org.apache.jena.riot.RDFParser.parseNotUri(RDFParser.java:348)
                                                        at org.apache.jena.riot.RDFParser.parse(RDFParser.java:295)
                                                        at org.apache.jena.riot.RDFParserBuilder.parse(RDFParserBuilder.java:550)
                                                        at org.apache.jena.riot.RDFDataMgr.parseFromInputStream(RDFDataMgr.java:720)
                                                        at org.apache.jena.riot.RDFDataMgr.read(RDFDataMgr.java:255)
                                                        at org.apache.jena.riot.RDFDataMgr.read(RDFDataMgr.java:222)
                                                        at org.apache.jena.riot.RDFDataMgr.read(RDFDataMgr.java:208)
                                                        at org.fcrepo.camel.processor.SparqlUpdateProcessor.process(SparqlUpdateProcessor.java:52)
                                                        at org.apache.camel.support.processor.DelegateSyncProcessor.process(DelegateSyncProcessor.java:66)
                                                        ... 19 common frames omitted
                                                Caused by: java.lang.NoClassDefFoundError: org/apache/commons/codec/digest/MurmurHash3
                                                        at org.apache.jena.riot.lang.BlankNodeAllocatorHash.alloc(BlankNodeAllocatorHash.java:138)
                                                        at org.apache.jena.riot.lang.BlankNodeAllocatorHash.lambda$alloc$0(BlankNodeAllocatorHash.java:98)
                                                        at org.apache.jena.ext.com.google.common.cache.LocalCache$LocalManualCache$1.load(LocalCache.java:4864)
                                                        at org.apache.jena.ext.com.google.common.cache.LocalCache$LoadingValueReference.loadFuture(LocalCache.java:3529)
                                                        at org.apache.jena.ext.com.google.common.cache.LocalCache$Segment.loadSync(LocalCache.java:2278)
                                                        at org.apache.jena.ext.com.google.common.cache.LocalCache$Segment.lockedGetOrLoad(LocalCache.java:2155)
                                                        at org.apache.jena.ext.com.google.common.cache.LocalCache$Segment.get(LocalCache.java:2045)
                                                        ... 45 common frames omitted
                                        Caused by: org.apache.jena.ext.com.google.common.util.concurrent.ExecutionError: java.lang.NoClassDefFoundError: org/apache/commons/codec/digest/MurmurHash3
                                                at org.apache.jena.ext.com.google.common.cache.LocalCache$Segment.get(LocalCache.java:2049)
                                                at org.apache.jena.ext.com.google.common.cache.LocalCache.get(LocalCache.java:3962)
                                                at org.apache.jena.ext.com.google.common.cache.LocalCache$LocalManualCache.get(LocalCache.java:4859)
                                                at org.apache.jena.atlas.lib.cache.CacheGuava.getOrFill(CacheGuava.java:58)
                                                at org.apache.jena.riot.lang.BlankNodeAllocatorHash.alloc(BlankNodeAllocatorHash.java:99)
                                                at org.apache.jena.riot.lang.LabelToNode$Alloc.alloc(LabelToNode.java:184)
                                                at org.apache.jena.riot.lang.LabelToNode$Alloc.alloc(LabelToNode.java:178)
                                                at org.apache.jena.riot.system.MapWithScope.get(MapWithScope.java:74)
                                                at org.apache.jena.riot.system.FactoryRDFStd.createBlankNode(FactoryRDFStd.java:92)
                                                at org.apache.jena.riot.system.ParserProfileStd.createBlankNode(ParserProfileStd.java:214)
                                                at org.apache.jena.riot.system.ParserProfileStd.create(ParserProfileStd.java:257)
                                                at org.apache.jena.riot.lang.LangNTriples.tokenAsNode(LangNTriples.java:70)
                                                at org.apache.jena.riot.lang.LangNTuple.parseTriple(LangNTuple.java:92)
                                                at org.apache.jena.riot.lang.LangNTriples.parseOne(LangNTriples.java:61)
                                                at org.apache.jena.riot.lang.LangNTriples.runParser(LangNTriples.java:53)
                                                at org.apache.jena.riot.lang.LangBase.parse(LangBase.java:43)
                                                at org.apache.jena.riot.RDFParserRegistry$ReaderRIOTLang.read(RDFParserRegistry.java:181)
                                                at org.apache.jena.riot.RDFParser.read(RDFParser.java:358)
                                                at org.apache.jena.riot.RDFParser.parseNotUri(RDFParser.java:348)
                                                at org.apache.jena.riot.RDFParser.parse(RDFParser.java:295)
                                                at org.apache.jena.riot.RDFParserBuilder.parse(RDFParserBuilder.java:550)
                                                at org.apache.jena.riot.RDFDataMgr.parseFromInputStream(RDFDataMgr.java:720)
                                                at org.apache.jena.riot.RDFDataMgr.read(RDFDataMgr.java:255)
                                                at org.apache.jena.riot.RDFDataMgr.read(RDFDataMgr.java:222)
                                                at org.apache.jena.riot.RDFDataMgr.read(RDFDataMgr.java:208)
                                                at org.fcrepo.camel.processor.SparqlUpdateProcessor.process(SparqlUpdateProcessor.java:52)
                                                at org.apache.camel.support.processor.DelegateSyncProcessor.process(DelegateSyncProcessor.java:66)
                                                ... 19 common frames omitted
                                        Caused by: java.lang.NoClassDefFoundError: org/apache/commons/codec/digest/MurmurHash3
                                                at org.apache.jena.riot.lang.BlankNodeAllocatorHash.alloc(BlankNodeAllocatorHash.java:138)
                                                at org.apache.jena.riot.lang.BlankNodeAllocatorHash.lambda$alloc$0(BlankNodeAllocatorHash.java:98)
                                                at org.apache.jena.ext.com.google.common.cache.LocalCache$LocalManualCache$1.load(LocalCache.java:4864)
                                                at org.apache.jena.ext.com.google.common.cache.LocalCache$LoadingValueReference.loadFuture(LocalCache.java:3529)
                                                at org.apache.jena.ext.com.google.common.cache.LocalCache$Segment.loadSync(LocalCache.java:2278)
                                                at org.apache.jena.ext.com.google.common.cache.LocalCache$Segment.lockedGetOrLoad(LocalCache.java:2155)
                                                at org.apache.jena.ext.com.google.common.cache.LocalCache$Segment.get(LocalCache.java:2045)
                                                ... 45 common frames omitted
                                Caused by: org.apache.jena.ext.com.google.common.util.concurrent.ExecutionError: java.lang.NoClassDefFoundError: org/apache/commons/codec/digest/MurmurHash3
                                        at org.apache.jena.ext.com.google.common.cache.LocalCache$Segment.get(LocalCache.java:2049)
                                        at org.apache.jena.ext.com.google.common.cache.LocalCache.get(LocalCache.java:3962)
                                        at org.apache.jena.ext.com.google.common.cache.LocalCache$LocalManualCache.get(LocalCache.java:4859)
                                        at org.apache.jena.atlas.lib.cache.CacheGuava.getOrFill(CacheGuava.java:58)
                                        at org.apache.jena.riot.lang.BlankNodeAllocatorHash.alloc(BlankNodeAllocatorHash.java:99)
                                        at org.apache.jena.riot.lang.LabelToNode$Alloc.alloc(LabelToNode.java:184)
                                        at org.apache.jena.riot.lang.LabelToNode$Alloc.alloc(LabelToNode.java:178)
                                        at org.apache.jena.riot.system.MapWithScope.get(MapWithScope.java:74)
                                        at org.apache.jena.riot.system.FactoryRDFStd.createBlankNode(FactoryRDFStd.java:92)
                                        at org.apache.jena.riot.system.ParserProfileStd.createBlankNode(ParserProfileStd.java:214)
                                        at org.apache.jena.riot.system.ParserProfileStd.create(ParserProfileStd.java:257)
                                        at org.apache.jena.riot.lang.LangNTriples.tokenAsNode(LangNTriples.java:70)
                                        at org.apache.jena.riot.lang.LangNTuple.parseTriple(LangNTuple.java:92)
                                        at org.apache.jena.riot.lang.LangNTriples.parseOne(LangNTriples.java:61)
                                        at org.apache.jena.riot.lang.LangNTriples.runParser(LangNTriples.java:53)
                                        at org.apache.jena.riot.lang.LangBase.parse(LangBase.java:43)
                                        at org.apache.jena.riot.RDFParserRegistry$ReaderRIOTLang.read(RDFParserRegistry.java:181)
                                        at org.apache.jena.riot.RDFParser.read(RDFParser.java:358)
                                        at org.apache.jena.riot.RDFParser.parseNotUri(RDFParser.java:348)
                                        at org.apache.jena.riot.RDFParser.parse(RDFParser.java:295)
                                        at org.apache.jena.riot.RDFParserBuilder.parse(RDFParserBuilder.java:550)
                                        at org.apache.jena.riot.RDFDataMgr.parseFromInputStream(RDFDataMgr.java:720)
                                        at org.apache.jena.riot.RDFDataMgr.read(RDFDataMgr.java:255)
                                        at org.apache.jena.riot.RDFDataMgr.read(RDFDataMgr.java:222)
                                        at org.apache.jena.riot.RDFDataMgr.read(RDFDataMgr.java:208)
                                        at org.fcrepo.camel.processor.SparqlUpdateProcessor.process(SparqlUpdateProcessor.java:52)
                                        at org.apache.camel.support.processor.DelegateSyncProcessor.process(DelegateSyncProcessor.java:66)
                                        ... 19 common frames omitted
                                Caused by: java.lang.NoClassDefFoundError: org/apache/commons/codec/digest/MurmurHash3
                                        at org.apache.jena.riot.lang.BlankNodeAllocatorHash.alloc(BlankNodeAllocatorHash.java:138)
                                        at org.apache.jena.riot.lang.BlankNodeAllocatorHash.lambda$alloc$0(BlankNodeAllocatorHash.java:98)
                                        at org.apache.jena.ext.com.google.common.cache.LocalCache$LocalManualCache$1.load(LocalCache.java:4864)
                                        at org.apache.jena.ext.com.google.common.cache.LocalCache$LoadingValueReference.loadFuture(LocalCache.java:3529)
                                        at org.apache.jena.ext.com.google.common.cache.LocalCache$Segment.loadSync(LocalCache.java:2278)
                                        at org.apache.jena.ext.com.google.common.cache.LocalCache$Segment.lockedGetOrLoad(LocalCache.java:2155)
                                        at org.apache.jena.ext.com.google.common.cache.LocalCache$Segment.get(LocalCache.java:2045)
                                        ... 45 common frames omitted
                        Caused by: org.apache.jena.ext.com.google.common.util.concurrent.ExecutionError: java.lang.NoClassDefFoundError: org/apache/commons/codec/digest/MurmurHash3
                                at org.apache.jena.ext.com.google.common.cache.LocalCache$Segment.get(LocalCache.java:2049)
                                at org.apache.jena.ext.com.google.common.cache.LocalCache.get(LocalCache.java:3962)
                                at org.apache.jena.ext.com.google.common.cache.LocalCache$LocalManualCache.get(LocalCache.java:4859)
                                at org.apache.jena.atlas.lib.cache.CacheGuava.getOrFill(CacheGuava.java:58)
                                at org.apache.jena.riot.lang.BlankNodeAllocatorHash.alloc(BlankNodeAllocatorHash.java:99)
                                at org.apache.jena.riot.lang.LabelToNode$Alloc.alloc(LabelToNode.java:184)
                                at org.apache.jena.riot.lang.LabelToNode$Alloc.alloc(LabelToNode.java:178)
                                at org.apache.jena.riot.system.MapWithScope.get(MapWithScope.java:74)
                                at org.apache.jena.riot.system.FactoryRDFStd.createBlankNode(FactoryRDFStd.java:92)
                                at org.apache.jena.riot.system.ParserProfileStd.createBlankNode(ParserProfileStd.java:214)
                                at org.apache.jena.riot.system.ParserProfileStd.create(ParserProfileStd.java:257)
                                at org.apache.jena.riot.lang.LangNTriples.tokenAsNode(LangNTriples.java:70)
                                at org.apache.jena.riot.lang.LangNTuple.parseTriple(LangNTuple.java:92)
                                at org.apache.jena.riot.lang.LangNTriples.parseOne(LangNTriples.java:61)
                                at org.apache.jena.riot.lang.LangNTriples.runParser(LangNTriples.java:53)
                                at org.apache.jena.riot.lang.LangBase.parse(LangBase.java:43)
                                at org.apache.jena.riot.RDFParserRegistry$ReaderRIOTLang.read(RDFParserRegistry.java:181)
                                at org.apache.jena.riot.RDFParser.read(RDFParser.java:358)
                                at org.apache.jena.riot.RDFParser.parseNotUri(RDFParser.java:348)
                                at org.apache.jena.riot.RDFParser.parse(RDFParser.java:295)
                                at org.apache.jena.riot.RDFParserBuilder.parse(RDFParserBuilder.java:550)
                                at org.apache.jena.riot.RDFDataMgr.parseFromInputStream(RDFDataMgr.java:720)
                                at org.apache.jena.riot.RDFDataMgr.read(RDFDataMgr.java:255)
                                at org.apache.jena.riot.RDFDataMgr.read(RDFDataMgr.java:222)
                                at org.apache.jena.riot.RDFDataMgr.read(RDFDataMgr.java:208)
                                at org.fcrepo.camel.processor.SparqlUpdateProcessor.process(SparqlUpdateProcessor.java:52)
                                at org.apache.camel.support.processor.DelegateSyncProcessor.process(DelegateSyncProcessor.java:66)
                                ... 19 common frames omitted
                        Caused by: java.lang.NoClassDefFoundError: org/apache/commons/codec/digest/MurmurHash3
                                at org.apache.jena.riot.lang.BlankNodeAllocatorHash.alloc(BlankNodeAllocatorHash.java:138)
                                at org.apache.jena.riot.lang.BlankNodeAllocatorHash.lambda$alloc$0(BlankNodeAllocatorHash.java:98)
                                at org.apache.jena.ext.com.google.common.cache.LocalCache$LocalManualCache$1.load(LocalCache.java:4864)
                                at org.apache.jena.ext.com.google.common.cache.LocalCache$LoadingValueReference.loadFuture(LocalCache.java:3529)
                                at org.apache.jena.ext.com.google.common.cache.LocalCache$Segment.loadSync(LocalCache.java:2278)
                                at org.apache.jena.ext.com.google.common.cache.LocalCache$Segment.lockedGetOrLoad(LocalCache.java:2155)
                                at org.apache.jena.ext.com.google.common.cache.LocalCache$Segment.get(LocalCache.java:2045)
                                ... 45 common frames omitted
                Caused by: org.apache.jena.ext.com.google.common.util.concurrent.ExecutionError: java.lang.NoClassDefFoundError: org/apache/commons/codec/digest/MurmurHash3
                        at org.apache.jena.ext.com.google.common.cache.LocalCache$Segment.get(LocalCache.java:2049)
                        at org.apache.jena.ext.com.google.common.cache.LocalCache.get(LocalCache.java:3962)
                        at org.apache.jena.ext.com.google.common.cache.LocalCache$LocalManualCache.get(LocalCache.java:4859)
                        at org.apache.jena.atlas.lib.cache.CacheGuava.getOrFill(CacheGuava.java:58)
                        at org.apache.jena.riot.lang.BlankNodeAllocatorHash.alloc(BlankNodeAllocatorHash.java:99)
                        at org.apache.jena.riot.lang.LabelToNode$Alloc.alloc(LabelToNode.java:184)
                        at org.apache.jena.riot.lang.LabelToNode$Alloc.alloc(LabelToNode.java:178)
                        at org.apache.jena.riot.system.MapWithScope.get(MapWithScope.java:74)
                        at org.apache.jena.riot.system.FactoryRDFStd.createBlankNode(FactoryRDFStd.java:92)
                        at org.apache.jena.riot.system.ParserProfileStd.createBlankNode(ParserProfileStd.java:214)
                        at org.apache.jena.riot.system.ParserProfileStd.create(ParserProfileStd.java:257)
                        at org.apache.jena.riot.lang.LangNTriples.tokenAsNode(LangNTriples.java:70)
                        at org.apache.jena.riot.lang.LangNTuple.parseTriple(LangNTuple.java:92)
                        at org.apache.jena.riot.lang.LangNTriples.parseOne(LangNTriples.java:61)
                        at org.apache.jena.riot.lang.LangNTriples.runParser(LangNTriples.java:53)
                        at org.apache.jena.riot.lang.LangBase.parse(LangBase.java:43)
                        at org.apache.jena.riot.RDFParserRegistry$ReaderRIOTLang.read(RDFParserRegistry.java:181)
                        at org.apache.jena.riot.RDFParser.read(RDFParser.java:358)
                        at org.apache.jena.riot.RDFParser.parseNotUri(RDFParser.java:348)
                        at org.apache.jena.riot.RDFParser.parse(RDFParser.java:295)
                        at org.apache.jena.riot.RDFParserBuilder.parse(RDFParserBuilder.java:550)
                        at org.apache.jena.riot.RDFDataMgr.parseFromInputStream(RDFDataMgr.java:720)
                        at org.apache.jena.riot.RDFDataMgr.read(RDFDataMgr.java:255)
                        at org.apache.jena.riot.RDFDataMgr.read(RDFDataMgr.java:222)
                        at org.apache.jena.riot.RDFDataMgr.read(RDFDataMgr.java:208)
                        at org.fcrepo.camel.processor.SparqlUpdateProcessor.process(SparqlUpdateProcessor.java:52)
                        at org.apache.camel.support.processor.DelegateSyncProcessor.process(DelegateSyncProcessor.java:66)
                        ... 19 common frames omitted
                Caused by: java.lang.NoClassDefFoundError: org/apache/commons/codec/digest/MurmurHash3
                        at org.apache.jena.riot.lang.BlankNodeAllocatorHash.alloc(BlankNodeAllocatorHash.java:138)
                        at org.apache.jena.riot.lang.BlankNodeAllocatorHash.lambda$alloc$0(BlankNodeAllocatorHash.java:98)
                        at org.apache.jena.ext.com.google.common.cache.LocalCache$LocalManualCache$1.load(LocalCache.java:4864)
                        at org.apache.jena.ext.com.google.common.cache.LocalCache$LoadingValueReference.loadFuture(LocalCache.java:3529)
                        at org.apache.jena.ext.com.google.common.cache.LocalCache$Segment.loadSync(LocalCache.java:2278)
                        at org.apache.jena.ext.com.google.common.cache.LocalCache$Segment.lockedGetOrLoad(LocalCache.java:2155)
                        at org.apache.jena.ext.com.google.common.cache.LocalCache$Segment.get(LocalCache.java:2045)
                        ... 45 common frames omitted
        Caused by: org.apache.jena.ext.com.google.common.util.concurrent.ExecutionError: java.lang.NoClassDefFoundError: org/apache/commons/codec/digest/MurmurHash3
                at org.apache.jena.ext.com.google.common.cache.LocalCache$Segment.get(LocalCache.java:2049)
                at org.apache.jena.ext.com.google.common.cache.LocalCache.get(LocalCache.java:3962)
                at org.apache.jena.ext.com.google.common.cache.LocalCache$LocalManualCache.get(LocalCache.java:4859)
                at org.apache.jena.atlas.lib.cache.CacheGuava.getOrFill(CacheGuava.java:58)
                at org.apache.jena.riot.lang.BlankNodeAllocatorHash.alloc(BlankNodeAllocatorHash.java:99)
                at org.apache.jena.riot.lang.LabelToNode$Alloc.alloc(LabelToNode.java:184)
                at org.apache.jena.riot.lang.LabelToNode$Alloc.alloc(LabelToNode.java:178)
                at org.apache.jena.riot.system.MapWithScope.get(MapWithScope.java:74)
                at org.apache.jena.riot.system.FactoryRDFStd.createBlankNode(FactoryRDFStd.java:92)
                at org.apache.jena.riot.system.ParserProfileStd.createBlankNode(ParserProfileStd.java:214)
                at org.apache.jena.riot.system.ParserProfileStd.create(ParserProfileStd.java:257)
                at org.apache.jena.riot.lang.LangNTriples.tokenAsNode(LangNTriples.java:70)
                at org.apache.jena.riot.lang.LangNTuple.parseTriple(LangNTuple.java:92)
                at org.apache.jena.riot.lang.LangNTriples.parseOne(LangNTriples.java:61)
                at org.apache.jena.riot.lang.LangNTriples.runParser(LangNTriples.java:53)
                at org.apache.jena.riot.lang.LangBase.parse(LangBase.java:43)
                at org.apache.jena.riot.RDFParserRegistry$ReaderRIOTLang.read(RDFParserRegistry.java:181)
                at org.apache.jena.riot.RDFParser.read(RDFParser.java:358)
                at org.apache.jena.riot.RDFParser.parseNotUri(RDFParser.java:348)
                at org.apache.jena.riot.RDFParser.parse(RDFParser.java:295)
                at org.apache.jena.riot.RDFParserBuilder.parse(RDFParserBuilder.java:550)
                at org.apache.jena.riot.RDFDataMgr.parseFromInputStream(RDFDataMgr.java:720)
                at org.apache.jena.riot.RDFDataMgr.read(RDFDataMgr.java:255)
                at org.apache.jena.riot.RDFDataMgr.read(RDFDataMgr.java:222)
                at org.apache.jena.riot.RDFDataMgr.read(RDFDataMgr.java:208)
                at org.fcrepo.camel.processor.SparqlUpdateProcessor.process(SparqlUpdateProcessor.java:52)
                at org.apache.camel.support.processor.DelegateSyncProcessor.process(DelegateSyncProcessor.java:66)
                ... 19 common frames omitted
        Caused by: java.lang.NoClassDefFoundError: org/apache/commons/codec/digest/MurmurHash3
                at org.apache.jena.riot.lang.BlankNodeAllocatorHash.alloc(BlankNodeAllocatorHash.java:138)
                at org.apache.jena.riot.lang.BlankNodeAllocatorHash.lambda$alloc$0(BlankNodeAllocatorHash.java:98)
                at org.apache.jena.ext.com.google.common.cache.LocalCache$LocalManualCache$1.load(LocalCache.java:4864)
                at org.apache.jena.ext.com.google.common.cache.LocalCache$LoadingValueReference.loadFuture(LocalCache.java:3529)
                at org.apache.jena.ext.com.google.common.cache.LocalCache$Segment.loadSync(LocalCache.java:2278)
                at org.apache.jena.ext.com.google.common.cache.LocalCache$Segment.lockedGetOrLoad(LocalCache.java:2155)
                at org.apache.jena.ext.com.google.common.cache.LocalCache$Segment.get(LocalCache.java:2045)
                ... 45 common frames omitted
Caused by: org.apache.jena.ext.com.google.common.util.concurrent.ExecutionError: java.lang.NoClassDefFoundError: org/apache/commons/codec/digest/MurmurHash3
        at org.apache.jena.ext.com.google.common.cache.LocalCache$Segment.get(LocalCache.java:2049)
        at org.apache.jena.ext.com.google.common.cache.LocalCache.get(LocalCache.java:3962)
        at org.apache.jena.ext.com.google.common.cache.LocalCache$LocalManualCache.get(LocalCache.java:4859)
        at org.apache.jena.atlas.lib.cache.CacheGuava.getOrFill(CacheGuava.java:58)
        at org.apache.jena.riot.lang.BlankNodeAllocatorHash.alloc(BlankNodeAllocatorHash.java:99)
        at org.apache.jena.riot.lang.LabelToNode$Alloc.alloc(LabelToNode.java:184)
        at org.apache.jena.riot.lang.LabelToNode$Alloc.alloc(LabelToNode.java:178)
        at org.apache.jena.riot.system.MapWithScope.get(MapWithScope.java:74)
        at org.apache.jena.riot.system.FactoryRDFStd.createBlankNode(FactoryRDFStd.java:92)
        at org.apache.jena.riot.system.ParserProfileStd.createBlankNode(ParserProfileStd.java:214)
        at org.apache.jena.riot.system.ParserProfileStd.create(ParserProfileStd.java:257)
        at org.apache.jena.riot.lang.LangNTriples.tokenAsNode(LangNTriples.java:70)
        at org.apache.jena.riot.lang.LangNTuple.parseTriple(LangNTuple.java:92)
        at org.apache.jena.riot.lang.LangNTriples.parseOne(LangNTriples.java:61)
        at org.apache.jena.riot.lang.LangNTriples.runParser(LangNTriples.java:53)
        at org.apache.jena.riot.lang.LangBase.parse(LangBase.java:43)
        at org.apache.jena.riot.RDFParserRegistry$ReaderRIOTLang.read(RDFParserRegistry.java:181)
        at org.apache.jena.riot.RDFParser.read(RDFParser.java:358)
        at org.apache.jena.riot.RDFParser.parseNotUri(RDFParser.java:348)
        at org.apache.jena.riot.RDFParser.parse(RDFParser.java:295)
        at org.apache.jena.riot.RDFParserBuilder.parse(RDFParserBuilder.java:550)
        at org.apache.jena.riot.RDFDataMgr.parseFromInputStream(RDFDataMgr.java:720)
        at org.apache.jena.riot.RDFDataMgr.read(RDFDataMgr.java:255)
        at org.apache.jena.riot.RDFDataMgr.read(RDFDataMgr.java:222)
        at org.apache.jena.riot.RDFDataMgr.read(RDFDataMgr.java:208)
        at org.fcrepo.camel.processor.SparqlUpdateProcessor.process(SparqlUpdateProcessor.java:52)
        at org.apache.camel.support.processor.DelegateSyncProcessor.process(DelegateSyncProcessor.java:66)
        ... 19 common frames omitted
Caused by: java.lang.NoClassDefFoundError: org/apache/commons/codec/digest/MurmurHash3
        at org.apache.jena.riot.lang.BlankNodeAllocatorHash.alloc(BlankNodeAllocatorHash.java:138)
        at org.apache.jena.riot.lang.BlankNodeAllocatorHash.lambda$alloc$0(BlankNodeAllocatorHash.java:98)
        at org.apache.jena.ext.com.google.common.cache.LocalCache$LocalManualCache$1.load(LocalCache.java:4864)
        at org.apache.jena.ext.com.google.common.cache.LocalCache$LoadingValueReference.loadFuture(LocalCache.java:3529)
        at org.apache.jena.ext.com.google.common.cache.LocalCache$Segment.loadSync(LocalCache.java:2278)
        at org.apache.jena.ext.com.google.common.cache.LocalCache$Segment.lockedGetOrLoad(LocalCache.java:2155)
        at org.apache.jena.ext.com.google.common.cache.LocalCache$Segment.get(LocalCache.java:2045)
        ... 45 common frames omitted
WARN 18:52:02.538 [Camel (camel-1) thread #2 - JmsConsumer[triplestore.reindex]] (EndpointMessageListener) Execution of JMS message listener failed. Caused by: [org.apache.camel.CamelExecutionException - Exception occurred during execution on the exchange: Exchange[CB37C2672D7EFB6-00000000000001AC]]
org.apache.camel.CamelExecutionException: Exception occurred during execution on the exchange: Exchange[CB37C2672D7EFB6-00000000000001AC]
        at org.apache.camel.CamelExecutionException.wrapCamelExecutionException(CamelExecutionException.java:45)
        at org.apache.camel.support.AbstractExchange.setException(AbstractExchange.java:564)
        at org.apache.camel.support.DefaultExchange.setException(DefaultExchange.java:27)
        at org.apache.camel.support.processor.DelegateSyncProcessor.process(DelegateSyncProcessor.java:69)
        at org.apache.camel.processor.errorhandler.RedeliveryErrorHandler$RedeliveryTask.redeliver(RedeliveryErrorHandler.java:846)
        at org.apache.camel.impl.engine.DefaultReactiveExecutor$Worker.schedule(DefaultReactiveExecutor.java:181)
        at org.apache.camel.impl.engine.DefaultReactiveExecutor.scheduleMain(DefaultReactiveExecutor.java:62)
        at org.apache.camel.processor.Pipeline.process(Pipeline.java:167)
        at org.apache.camel.impl.engine.CamelInternalProcessor.process(CamelInternalProcessor.java:388)
        at org.apache.camel.impl.engine.DefaultAsyncProcessorAwaitManager.process(DefaultAsyncProcessorAwaitManager.java:83)
        at org.apache.camel.support.AsyncProcessorSupport.process(AsyncProcessorSupport.java:41)
        at org.apache.camel.component.jms.EndpointMessageListener.onMessage(EndpointMessageListener.java:132)
        at org.springframework.jms.listener.AbstractMessageListenerContainer.doInvokeListener(AbstractMessageListenerContainer.java:736)
        at org.springframework.jms.listener.AbstractMessageListenerContainer.invokeListener(AbstractMessageListenerContainer.java:696)
        at org.springframework.jms.listener.AbstractMessageListenerContainer.doExecuteListener(AbstractMessageListenerContainer.java:674)
        at org.springframework.jms.listener.AbstractPollingMessageListenerContainer.doReceiveAndExecute(AbstractPollingMessageListenerContainer.java:318)
        at org.springframework.jms.listener.AbstractPollingMessageListenerContainer.receiveAndExecute(AbstractPollingMessageListenerContainer.java:257)
        at org.springframework.jms.listener.DefaultMessageListenerContainer$AsyncMessageListenerInvoker.invokeListener(DefaultMessageListenerContainer.java:1237)
        at org.springframework.jms.listener.DefaultMessageListenerContainer$AsyncMessageListenerInvoker.executeOngoingLoop(DefaultMessageListenerContainer.java:1227)
        at org.springframework.jms.listener.DefaultMessageListenerContainer$AsyncMessageListenerInvoker.run(DefaultMessageListenerContainer.java:1120)
        at java.base/java.util.concurrent.ThreadPoolExecutor.runWorker(ThreadPoolExecutor.java:1128)
        at java.base/java.util.concurrent.ThreadPoolExecutor$Worker.run(ThreadPoolExecutor.java:628)
        at java.base/java.lang.Thread.run(Thread.java:829)
        Suppressed: org.apache.camel.CamelExecutionException: Exception occurred during execution on the exchange: Exchange[CB37C2672D7EFB6-00000000000001AC]
                ... 23 common frames omitted
                Suppressed: org.apache.camel.CamelExecutionException: Exception occurred during execution on the exchange: Exchange[CB37C2672D7EFB6-00000000000001AC]
                        ... 23 common frames omitted
                        Suppressed: org.apache.camel.CamelExecutionException: Exception occurred during execution on the exchange: Exchange[CB37C2672D7EFB6-00000000000001AC]
                                ... 23 common frames omitted
                                Suppressed: org.apache.camel.CamelExecutionException: Exception occurred during execution on the exchange: Exchange[CB37C2672D7EFB6-00000000000001AC]
                                        ... 23 common frames omitted
                                        Suppressed: org.apache.camel.CamelExecutionException: Exception occurred during execution on the exchange: Exchange[CB37C2672D7EFB6-00000000000001AC]
                                                ... 23 common frames omitted
                                                Suppressed: org.apache.camel.CamelExecutionException: Exception occurred during execution on the exchange: Exchange[CB37C2672D7EFB6-00000000000001AC]
                                                        ... 23 common frames omitted
                                                        Suppressed: org.apache.camel.CamelExecutionException: Exception occurred during execution on the exchange: Exchange[CB37C2672D7EFB6-00000000000001AC]
                                                                ... 23 common frames omitted
                                                                Suppressed: org.apache.camel.CamelExecutionException: Exception occurred during execution on the exchange: Exchange[CB37C2672D7EFB6-00000000000001AC]
                                                                        ... 23 common frames omitted
                                                                        Suppressed: org.apache.camel.CamelExecutionException: Exception occurred during execution on the exchange: Exchange[CB37C2672D7EFB6-00000000000001AC]
                                                                                at org.apache.camel.CamelExecutionException.wrapCamelExecutionException(CamelExecutionException.java:45)
                                                                                at org.apache.camel.support.AbstractExchange.setException(AbstractExchange.java:564)
                                                                                at org.apache.camel.support.DefaultExchange.setException(DefaultExchange.java:27)
                                                                                at org.apache.camel.support.processor.DelegateSyncProcessor.process(DelegateSyncProcessor.java:69)
                                                                                at org.apache.camel.processor.errorhandler.RedeliveryErrorHandler$RedeliveryTask.doRun(RedeliveryErrorHandler.java:780)
                                                                                at org.apache.camel.processor.errorhandler.RedeliveryErrorHandler$RedeliveryTask.run(RedeliveryErrorHandler.java:688)
                                                                                ... 18 common frames omitted
                                                                        Caused by: org.apache.jena.ext.com.google.common.util.concurrent.ExecutionError: java.lang.NoClassDefFoundError: org/apache/commons/codec/digest/MurmurHash3
                                                                                at org.apache.jena.ext.com.google.common.cache.LocalCache$Segment.get(LocalCache.java:2049)
                                                                                at org.apache.jena.ext.com.google.common.cache.LocalCache.get(LocalCache.java:3962)
                                                                                at org.apache.jena.ext.com.google.common.cache.LocalCache$LocalManualCache.get(LocalCache.java:4859)
                                                                                at org.apache.jena.atlas.lib.cache.CacheGuava.getOrFill(CacheGuava.java:58)
                                                                                at org.apache.jena.riot.lang.BlankNodeAllocatorHash.alloc(BlankNodeAllocatorHash.java:99)
                                                                                at org.apache.jena.riot.lang.LabelToNode$Alloc.alloc(LabelToNode.java:184)
                                                                                at org.apache.jena.riot.lang.LabelToNode$Alloc.alloc(LabelToNode.java:178)
                                                                                at org.apache.jena.riot.system.MapWithScope.get(MapWithScope.java:74)
                                                                                at org.apache.jena.riot.system.FactoryRDFStd.createBlankNode(FactoryRDFStd.java:92)
                                                                                at org.apache.jena.riot.system.ParserProfileStd.createBlankNode(ParserProfileStd.java:214)
                                                                                at org.apache.jena.riot.system.ParserProfileStd.create(ParserProfileStd.java:257)
                                                                                at org.apache.jena.riot.lang.LangNTriples.tokenAsNode(LangNTriples.java:70)
                                                                                at org.apache.jena.riot.lang.LangNTuple.parseTriple(LangNTuple.java:92)
                                                                                at org.apache.jena.riot.lang.LangNTriples.parseOne(LangNTriples.java:61)
                                                                                at org.apache.jena.riot.lang.LangNTriples.runParser(LangNTriples.java:53)
                                                                                at org.apache.jena.riot.lang.LangBase.parse(LangBase.java:43)
                                                                                at org.apache.jena.riot.RDFParserRegistry$ReaderRIOTLang.read(RDFParserRegistry.java:181)
                                                                                at org.apache.jena.riot.RDFParser.read(RDFParser.java:358)
                                                                                at org.apache.jena.riot.RDFParser.parseNotUri(RDFParser.java:348)
                                                                                at org.apache.jena.riot.RDFParser.parse(RDFParser.java:295)
                                                                                at org.apache.jena.riot.RDFParserBuilder.parse(RDFParserBuilder.java:550)
                                                                                at org.apache.jena.riot.RDFDataMgr.parseFromInputStream(RDFDataMgr.java:720)
                                                                                at org.apache.jena.riot.RDFDataMgr.read(RDFDataMgr.java:255)
                                                                                at org.apache.jena.riot.RDFDataMgr.read(RDFDataMgr.java:222)
                                                                                at org.apache.jena.riot.RDFDataMgr.read(RDFDataMgr.java:208)
                                                                                at org.fcrepo.camel.processor.SparqlUpdateProcessor.process(SparqlUpdateProcessor.java:52)
                                                                                at org.apache.camel.support.processor.DelegateSyncProcessor.process(DelegateSyncProcessor.java:66)
                                                                                ... 20 common frames omitted
                                                                        Caused by: java.lang.NoClassDefFoundError: org/apache/commons/codec/digest/MurmurHash3
                                                                                at org.apache.jena.riot.lang.BlankNodeAllocatorHash.alloc(BlankNodeAllocatorHash.java:138)
                                                                                at org.apache.jena.riot.lang.BlankNodeAllocatorHash.lambda$alloc$0(BlankNodeAllocatorHash.java:98)
                                                                                at org.apache.jena.ext.com.google.common.cache.LocalCache$LocalManualCache$1.load(LocalCache.java:4864)
                                                                                at org.apache.jena.ext.com.google.common.cache.LocalCache$LoadingValueReference.loadFuture(LocalCache.java:3529)
                                                                                at org.apache.jena.ext.com.google.common.cache.LocalCache$Segment.loadSync(LocalCache.java:2278)
                                                                                at org.apache.jena.ext.com.google.common.cache.LocalCache$Segment.lockedGetOrLoad(LocalCache.java:2155)
                                                                                at org.apache.jena.ext.com.google.common.cache.LocalCache$Segment.get(LocalCache.java:2045)
                                                                                ... 46 common frames omitted
                                                                        Caused by: java.lang.ClassNotFoundException: org.apache.commons.codec.digest.MurmurHash3
                                                                                at java.base/jdk.internal.loader.BuiltinClassLoader.loadClass(BuiltinClassLoader.java:581)
                                                                                at java.base/jdk.internal.loader.ClassLoaders$AppClassLoader.loadClass(ClassLoaders.java:178)
                                                                                at java.base/java.lang.ClassLoader.loadClass(ClassLoader.java:522)
                                                                                ... 53 common frames omitted
                                                                Caused by: org.apache.jena.ext.com.google.common.util.concurrent.ExecutionError: java.lang.NoClassDefFoundError: org/apache/commons/codec/digest/MurmurHash3
                                                                        at org.apache.jena.ext.com.google.common.cache.LocalCache$Segment.get(LocalCache.java:2049)
                                                                        at org.apache.jena.ext.com.google.common.cache.LocalCache.get(LocalCache.java:3962)
                                                                        at org.apache.jena.ext.com.google.common.cache.LocalCache$LocalManualCache.get(LocalCache.java:4859)
                                                                        at org.apache.jena.atlas.lib.cache.CacheGuava.getOrFill(CacheGuava.java:58)
                                                                        at org.apache.jena.riot.lang.BlankNodeAllocatorHash.alloc(BlankNodeAllocatorHash.java:99)
                                                                        at org.apache.jena.riot.lang.LabelToNode$Alloc.alloc(LabelToNode.java:184)
                                                                        at org.apache.jena.riot.lang.LabelToNode$Alloc.alloc(LabelToNode.java:178)
                                                                        at org.apache.jena.riot.system.MapWithScope.get(MapWithScope.java:74)
                                                                        at org.apache.jena.riot.system.FactoryRDFStd.createBlankNode(FactoryRDFStd.java:92)
                                                                        at org.apache.jena.riot.system.ParserProfileStd.createBlankNode(ParserProfileStd.java:214)
                                                                        at org.apache.jena.riot.system.ParserProfileStd.create(ParserProfileStd.java:257)
                                                                        at org.apache.jena.riot.lang.LangNTriples.tokenAsNode(LangNTriples.java:70)
                                                                        at org.apache.jena.riot.lang.LangNTuple.parseTriple(LangNTuple.java:92)
                                                                        at org.apache.jena.riot.lang.LangNTriples.parseOne(LangNTriples.java:61)
                                                                        at org.apache.jena.riot.lang.LangNTriples.runParser(LangNTriples.java:53)
                                                                        at org.apache.jena.riot.lang.LangBase.parse(LangBase.java:43)
                                                                        at org.apache.jena.riot.RDFParserRegistry$ReaderRIOTLang.read(RDFParserRegistry.java:181)
                                                                        at org.apache.jena.riot.RDFParser.read(RDFParser.java:358)
                                                                        at org.apache.jena.riot.RDFParser.parseNotUri(RDFParser.java:348)
                                                                        at org.apache.jena.riot.RDFParser.parse(RDFParser.java:295)
                                                                        at org.apache.jena.riot.RDFParserBuilder.parse(RDFParserBuilder.java:550)
                                                                        at org.apache.jena.riot.RDFDataMgr.parseFromInputStream(RDFDataMgr.java:720)
                                                                        at org.apache.jena.riot.RDFDataMgr.read(RDFDataMgr.java:255)
                                                                        at org.apache.jena.riot.RDFDataMgr.read(RDFDataMgr.java:222)
                                                                        at org.apache.jena.riot.RDFDataMgr.read(RDFDataMgr.java:208)
                                                                        at org.fcrepo.camel.processor.SparqlUpdateProcessor.process(SparqlUpdateProcessor.java:52)
                                                                        at org.apache.camel.support.processor.DelegateSyncProcessor.process(DelegateSyncProcessor.java:66)
                                                                        ... 19 common frames omitted
                                                                Caused by: java.lang.NoClassDefFoundError: org/apache/commons/codec/digest/MurmurHash3
                                                                        at org.apache.jena.riot.lang.BlankNodeAllocatorHash.alloc(BlankNodeAllocatorHash.java:138)
                                                                        at org.apache.jena.riot.lang.BlankNodeAllocatorHash.lambda$alloc$0(BlankNodeAllocatorHash.java:98)
                                                                        at org.apache.jena.ext.com.google.common.cache.LocalCache$LocalManualCache$1.load(LocalCache.java:4864)
                                                                        at org.apache.jena.ext.com.google.common.cache.LocalCache$LoadingValueReference.loadFuture(LocalCache.java:3529)
                                                                        at org.apache.jena.ext.com.google.common.cache.LocalCache$Segment.loadSync(LocalCache.java:2278)
                                                                        at org.apache.jena.ext.com.google.common.cache.LocalCache$Segment.lockedGetOrLoad(LocalCache.java:2155)
                                                                        at org.apache.jena.ext.com.google.common.cache.LocalCache$Segment.get(LocalCache.java:2045)
                                                                        ... 45 common frames omitted
                                                        Caused by: org.apache.jena.ext.com.google.common.util.concurrent.ExecutionError: java.lang.NoClassDefFoundError: org/apache/commons/codec/digest/MurmurHash3
                                                                at org.apache.jena.ext.com.google.common.cache.LocalCache$Segment.get(LocalCache.java:2049)
                                                                at org.apache.jena.ext.com.google.common.cache.LocalCache.get(LocalCache.java:3962)
                                                                at org.apache.jena.ext.com.google.common.cache.LocalCache$LocalManualCache.get(LocalCache.java:4859)
                                                                at org.apache.jena.atlas.lib.cache.CacheGuava.getOrFill(CacheGuava.java:58)
                                                                at org.apache.jena.riot.lang.BlankNodeAllocatorHash.alloc(BlankNodeAllocatorHash.java:99)
                                                                at org.apache.jena.riot.lang.LabelToNode$Alloc.alloc(LabelToNode.java:184)
                                                                at org.apache.jena.riot.lang.LabelToNode$Alloc.alloc(LabelToNode.java:178)
                                                                at org.apache.jena.riot.system.MapWithScope.get(MapWithScope.java:74)
                                                                at org.apache.jena.riot.system.FactoryRDFStd.createBlankNode(FactoryRDFStd.java:92)
                                                                at org.apache.jena.riot.system.ParserProfileStd.createBlankNode(ParserProfileStd.java:214)
                                                                at org.apache.jena.riot.system.ParserProfileStd.create(ParserProfileStd.java:257)
                                                                at org.apache.jena.riot.lang.LangNTriples.tokenAsNode(LangNTriples.java:70)
                                                                at org.apache.jena.riot.lang.LangNTuple.parseTriple(LangNTuple.java:92)
                                                                at org.apache.jena.riot.lang.LangNTriples.parseOne(LangNTriples.java:61)
                                                                at org.apache.jena.riot.lang.LangNTriples.runParser(LangNTriples.java:53)
                                                                at org.apache.jena.riot.lang.LangBase.parse(LangBase.java:43)
                                                                at org.apache.jena.riot.RDFParserRegistry$ReaderRIOTLang.read(RDFParserRegistry.java:181)
                                                                at org.apache.jena.riot.RDFParser.read(RDFParser.java:358)
                                                                at org.apache.jena.riot.RDFParser.parseNotUri(RDFParser.java:348)
                                                                at org.apache.jena.riot.RDFParser.parse(RDFParser.java:295)
                                                                at org.apache.jena.riot.RDFParserBuilder.parse(RDFParserBuilder.java:550)
                                                                at org.apache.jena.riot.RDFDataMgr.parseFromInputStream(RDFDataMgr.java:720)
                                                                at org.apache.jena.riot.RDFDataMgr.read(RDFDataMgr.java:255)
                                                                at org.apache.jena.riot.RDFDataMgr.read(RDFDataMgr.java:222)
                                                                at org.apache.jena.riot.RDFDataMgr.read(RDFDataMgr.java:208)
                                                                at org.fcrepo.camel.processor.SparqlUpdateProcessor.process(SparqlUpdateProcessor.java:52)
                                                                at org.apache.camel.support.processor.DelegateSyncProcessor.process(DelegateSyncProcessor.java:66)
                                                                ... 19 common frames omitted
                                                        Caused by: java.lang.NoClassDefFoundError: org/apache/commons/codec/digest/MurmurHash3
                                                                at org.apache.jena.riot.lang.BlankNodeAllocatorHash.alloc(BlankNodeAllocatorHash.java:138)
                                                                at org.apache.jena.riot.lang.BlankNodeAllocatorHash.lambda$alloc$0(BlankNodeAllocatorHash.java:98)
                                                                at org.apache.jena.ext.com.google.common.cache.LocalCache$LocalManualCache$1.load(LocalCache.java:4864)
                                                                at org.apache.jena.ext.com.google.common.cache.LocalCache$LoadingValueReference.loadFuture(LocalCache.java:3529)
                                                                at org.apache.jena.ext.com.google.common.cache.LocalCache$Segment.loadSync(LocalCache.java:2278)
                                                                at org.apache.jena.ext.com.google.common.cache.LocalCache$Segment.lockedGetOrLoad(LocalCache.java:2155)
                                                                at org.apache.jena.ext.com.google.common.cache.LocalCache$Segment.get(LocalCache.java:2045)
                                                                ... 45 common frames omitted
                                                Caused by: org.apache.jena.ext.com.google.common.util.concurrent.ExecutionError: java.lang.NoClassDefFoundError: org/apache/commons/codec/digest/MurmurHash3
                                                        at org.apache.jena.ext.com.google.common.cache.LocalCache$Segment.get(LocalCache.java:2049)
                                                        at org.apache.jena.ext.com.google.common.cache.LocalCache.get(LocalCache.java:3962)
                                                        at org.apache.jena.ext.com.google.common.cache.LocalCache$LocalManualCache.get(LocalCache.java:4859)
                                                        at org.apache.jena.atlas.lib.cache.CacheGuava.getOrFill(CacheGuava.java:58)
                                                        at org.apache.jena.riot.lang.BlankNodeAllocatorHash.alloc(BlankNodeAllocatorHash.java:99)
                                                        at org.apache.jena.riot.lang.LabelToNode$Alloc.alloc(LabelToNode.java:184)
                                                        at org.apache.jena.riot.lang.LabelToNode$Alloc.alloc(LabelToNode.java:178)
                                                        at org.apache.jena.riot.system.MapWithScope.get(MapWithScope.java:74)
                                                        at org.apache.jena.riot.system.FactoryRDFStd.createBlankNode(FactoryRDFStd.java:92)
                                                        at org.apache.jena.riot.system.ParserProfileStd.createBlankNode(ParserProfileStd.java:214)
                                                        at org.apache.jena.riot.system.ParserProfileStd.create(ParserProfileStd.java:257)
                                                        at org.apache.jena.riot.lang.LangNTriples.tokenAsNode(LangNTriples.java:70)
                                                        at org.apache.jena.riot.lang.LangNTuple.parseTriple(LangNTuple.java:92)
                                                        at org.apache.jena.riot.lang.LangNTriples.parseOne(LangNTriples.java:61)
                                                        at org.apache.jena.riot.lang.LangNTriples.runParser(LangNTriples.java:53)
                                                        at org.apache.jena.riot.lang.LangBase.parse(LangBase.java:43)
                                                        at org.apache.jena.riot.RDFParserRegistry$ReaderRIOTLang.read(RDFParserRegistry.java:181)
                                                        at org.apache.jena.riot.RDFParser.read(RDFParser.java:358)
                                                        at org.apache.jena.riot.RDFParser.parseNotUri(RDFParser.java:348)
                                                        at org.apache.jena.riot.RDFParser.parse(RDFParser.java:295)
                                                        at org.apache.jena.riot.RDFParserBuilder.parse(RDFParserBuilder.java:550)
                                                        at org.apache.jena.riot.RDFDataMgr.parseFromInputStream(RDFDataMgr.java:720)
                                                        at org.apache.jena.riot.RDFDataMgr.read(RDFDataMgr.java:255)
                                                        at org.apache.jena.riot.RDFDataMgr.read(RDFDataMgr.java:222)
                                                        at org.apache.jena.riot.RDFDataMgr.read(RDFDataMgr.java:208)
                                                        at org.fcrepo.camel.processor.SparqlUpdateProcessor.process(SparqlUpdateProcessor.java:52)
                                                        at org.apache.camel.support.processor.DelegateSyncProcessor.process(DelegateSyncProcessor.java:66)
                                                        ... 19 common frames omitted
                                                Caused by: java.lang.NoClassDefFoundError: org/apache/commons/codec/digest/MurmurHash3
                                                        at org.apache.jena.riot.lang.BlankNodeAllocatorHash.alloc(BlankNodeAllocatorHash.java:138)
                                                        at org.apache.jena.riot.lang.BlankNodeAllocatorHash.lambda$alloc$0(BlankNodeAllocatorHash.java:98)
                                                        at org.apache.jena.ext.com.google.common.cache.LocalCache$LocalManualCache$1.load(LocalCache.java:4864)
                                                        at org.apache.jena.ext.com.google.common.cache.LocalCache$LoadingValueReference.loadFuture(LocalCache.java:3529)
                                                        at org.apache.jena.ext.com.google.common.cache.LocalCache$Segment.loadSync(LocalCache.java:2278)
                                                        at org.apache.jena.ext.com.google.common.cache.LocalCache$Segment.lockedGetOrLoad(LocalCache.java:2155)
                                                        at org.apache.jena.ext.com.google.common.cache.LocalCache$Segment.get(LocalCache.java:2045)
                                                        ... 45 common frames omitted
                                        Caused by: org.apache.jena.ext.com.google.common.util.concurrent.ExecutionError: java.lang.NoClassDefFoundError: org/apache/commons/codec/digest/MurmurHash3
                                                at org.apache.jena.ext.com.google.common.cache.LocalCache$Segment.get(LocalCache.java:2049)
                                                at org.apache.jena.ext.com.google.common.cache.LocalCache.get(LocalCache.java:3962)
                                                at org.apache.jena.ext.com.google.common.cache.LocalCache$LocalManualCache.get(LocalCache.java:4859)
                                                at org.apache.jena.atlas.lib.cache.CacheGuava.getOrFill(CacheGuava.java:58)
                                                at org.apache.jena.riot.lang.BlankNodeAllocatorHash.alloc(BlankNodeAllocatorHash.java:99)
                                                at org.apache.jena.riot.lang.LabelToNode$Alloc.alloc(LabelToNode.java:184)
                                                at org.apache.jena.riot.lang.LabelToNode$Alloc.alloc(LabelToNode.java:178)
                                                at org.apache.jena.riot.system.MapWithScope.get(MapWithScope.java:74)
                                                at org.apache.jena.riot.system.FactoryRDFStd.createBlankNode(FactoryRDFStd.java:92)
                                                at org.apache.jena.riot.system.ParserProfileStd.createBlankNode(ParserProfileStd.java:214)
                                                at org.apache.jena.riot.system.ParserProfileStd.create(ParserProfileStd.java:257)
                                                at org.apache.jena.riot.lang.LangNTriples.tokenAsNode(LangNTriples.java:70)
                                                at org.apache.jena.riot.lang.LangNTuple.parseTriple(LangNTuple.java:92)
                                                at org.apache.jena.riot.lang.LangNTriples.parseOne(LangNTriples.java:61)
                                                at org.apache.jena.riot.lang.LangNTriples.runParser(LangNTriples.java:53)
                                                at org.apache.jena.riot.lang.LangBase.parse(LangBase.java:43)
                                                at org.apache.jena.riot.RDFParserRegistry$ReaderRIOTLang.read(RDFParserRegistry.java:181)
                                                at org.apache.jena.riot.RDFParser.read(RDFParser.java:358)
                                                at org.apache.jena.riot.RDFParser.parseNotUri(RDFParser.java:348)
                                                at org.apache.jena.riot.RDFParser.parse(RDFParser.java:295)
                                                at org.apache.jena.riot.RDFParserBuilder.parse(RDFParserBuilder.java:550)
                                                at org.apache.jena.riot.RDFDataMgr.parseFromInputStream(RDFDataMgr.java:720)
                                                at org.apache.jena.riot.RDFDataMgr.read(RDFDataMgr.java:255)
                                                at org.apache.jena.riot.RDFDataMgr.read(RDFDataMgr.java:222)
                                                at org.apache.jena.riot.RDFDataMgr.read(RDFDataMgr.java:208)
                                                at org.fcrepo.camel.processor.SparqlUpdateProcessor.process(SparqlUpdateProcessor.java:52)
                                                at org.apache.camel.support.processor.DelegateSyncProcessor.process(DelegateSyncProcessor.java:66)
                                                ... 19 common frames omitted
                                        Caused by: java.lang.NoClassDefFoundError: org/apache/commons/codec/digest/MurmurHash3
                                                at org.apache.jena.riot.lang.BlankNodeAllocatorHash.alloc(BlankNodeAllocatorHash.java:138)
                                                at org.apache.jena.riot.lang.BlankNodeAllocatorHash.lambda$alloc$0(BlankNodeAllocatorHash.java:98)
                                                at org.apache.jena.ext.com.google.common.cache.LocalCache$LocalManualCache$1.load(LocalCache.java:4864)
                                                at org.apache.jena.ext.com.google.common.cache.LocalCache$LoadingValueReference.loadFuture(LocalCache.java:3529)
                                                at org.apache.jena.ext.com.google.common.cache.LocalCache$Segment.loadSync(LocalCache.java:2278)
                                                at org.apache.jena.ext.com.google.common.cache.LocalCache$Segment.lockedGetOrLoad(LocalCache.java:2155)
                                                at org.apache.jena.ext.com.google.common.cache.LocalCache$Segment.get(LocalCache.java:2045)
                                                ... 45 common frames omitted
                                Caused by: org.apache.jena.ext.com.google.common.util.concurrent.ExecutionError: java.lang.NoClassDefFoundError: org/apache/commons/codec/digest/MurmurHash3
                                        at org.apache.jena.ext.com.google.common.cache.LocalCache$Segment.get(LocalCache.java:2049)
                                        at org.apache.jena.ext.com.google.common.cache.LocalCache.get(LocalCache.java:3962)
                                        at org.apache.jena.ext.com.google.common.cache.LocalCache$LocalManualCache.get(LocalCache.java:4859)
                                        at org.apache.jena.atlas.lib.cache.CacheGuava.getOrFill(CacheGuava.java:58)
                                        at org.apache.jena.riot.lang.BlankNodeAllocatorHash.alloc(BlankNodeAllocatorHash.java:99)
                                        at org.apache.jena.riot.lang.LabelToNode$Alloc.alloc(LabelToNode.java:184)
                                        at org.apache.jena.riot.lang.LabelToNode$Alloc.alloc(LabelToNode.java:178)
                                        at org.apache.jena.riot.system.MapWithScope.get(MapWithScope.java:74)
                                        at org.apache.jena.riot.system.FactoryRDFStd.createBlankNode(FactoryRDFStd.java:92)
                                        at org.apache.jena.riot.system.ParserProfileStd.createBlankNode(ParserProfileStd.java:214)
                                        at org.apache.jena.riot.system.ParserProfileStd.create(ParserProfileStd.java:257)
                                        at org.apache.jena.riot.lang.LangNTriples.tokenAsNode(LangNTriples.java:70)
                                        at org.apache.jena.riot.lang.LangNTuple.parseTriple(LangNTuple.java:92)
                                        at org.apache.jena.riot.lang.LangNTriples.parseOne(LangNTriples.java:61)
                                        at org.apache.jena.riot.lang.LangNTriples.runParser(LangNTriples.java:53)
                                        at org.apache.jena.riot.lang.LangBase.parse(LangBase.java:43)
                                        at org.apache.jena.riot.RDFParserRegistry$ReaderRIOTLang.read(RDFParserRegistry.java:181)
                                        at org.apache.jena.riot.RDFParser.read(RDFParser.java:358)
                                        at org.apache.jena.riot.RDFParser.parseNotUri(RDFParser.java:348)
                                        at org.apache.jena.riot.RDFParser.parse(RDFParser.java:295)
                                        at org.apache.jena.riot.RDFParserBuilder.parse(RDFParserBuilder.java:550)
                                        at org.apache.jena.riot.RDFDataMgr.parseFromInputStream(RDFDataMgr.java:720)
                                        at org.apache.jena.riot.RDFDataMgr.read(RDFDataMgr.java:255)
                                        at org.apache.jena.riot.RDFDataMgr.read(RDFDataMgr.java:222)
                                        at org.apache.jena.riot.RDFDataMgr.read(RDFDataMgr.java:208)
                                        at org.fcrepo.camel.processor.SparqlUpdateProcessor.process(SparqlUpdateProcessor.java:52)
                                        at org.apache.camel.support.processor.DelegateSyncProcessor.process(DelegateSyncProcessor.java:66)
                                        ... 19 common frames omitted
                                Caused by: java.lang.NoClassDefFoundError: org/apache/commons/codec/digest/MurmurHash3
                                        at org.apache.jena.riot.lang.BlankNodeAllocatorHash.alloc(BlankNodeAllocatorHash.java:138)
                                        at org.apache.jena.riot.lang.BlankNodeAllocatorHash.lambda$alloc$0(BlankNodeAllocatorHash.java:98)
                                        at org.apache.jena.ext.com.google.common.cache.LocalCache$LocalManualCache$1.load(LocalCache.java:4864)
                                        at org.apache.jena.ext.com.google.common.cache.LocalCache$LoadingValueReference.loadFuture(LocalCache.java:3529)
                                        at org.apache.jena.ext.com.google.common.cache.LocalCache$Segment.loadSync(LocalCache.java:2278)
                                        at org.apache.jena.ext.com.google.common.cache.LocalCache$Segment.lockedGetOrLoad(LocalCache.java:2155)
                                        at org.apache.jena.ext.com.google.common.cache.LocalCache$Segment.get(LocalCache.java:2045)
                                        ... 45 common frames omitted
                        Caused by: org.apache.jena.ext.com.google.common.util.concurrent.ExecutionError: java.lang.NoClassDefFoundError: org/apache/commons/codec/digest/MurmurHash3
                                at org.apache.jena.ext.com.google.common.cache.LocalCache$Segment.get(LocalCache.java:2049)
                                at org.apache.jena.ext.com.google.common.cache.LocalCache.get(LocalCache.java:3962)
                                at org.apache.jena.ext.com.google.common.cache.LocalCache$LocalManualCache.get(LocalCache.java:4859)
                                at org.apache.jena.atlas.lib.cache.CacheGuava.getOrFill(CacheGuava.java:58)
                                at org.apache.jena.riot.lang.BlankNodeAllocatorHash.alloc(BlankNodeAllocatorHash.java:99)
                                at org.apache.jena.riot.lang.LabelToNode$Alloc.alloc(LabelToNode.java:184)
                                at org.apache.jena.riot.lang.LabelToNode$Alloc.alloc(LabelToNode.java:178)
                                at org.apache.jena.riot.system.MapWithScope.get(MapWithScope.java:74)
                                at org.apache.jena.riot.system.FactoryRDFStd.createBlankNode(FactoryRDFStd.java:92)
                                at org.apache.jena.riot.system.ParserProfileStd.createBlankNode(ParserProfileStd.java:214)
                                at org.apache.jena.riot.system.ParserProfileStd.create(ParserProfileStd.java:257)
                                at org.apache.jena.riot.lang.LangNTriples.tokenAsNode(LangNTriples.java:70)
                                at org.apache.jena.riot.lang.LangNTuple.parseTriple(LangNTuple.java:92)
                                at org.apache.jena.riot.lang.LangNTriples.parseOne(LangNTriples.java:61)
                                at org.apache.jena.riot.lang.LangNTriples.runParser(LangNTriples.java:53)
                                at org.apache.jena.riot.lang.LangBase.parse(LangBase.java:43)
                                at org.apache.jena.riot.RDFParserRegistry$ReaderRIOTLang.read(RDFParserRegistry.java:181)
                                at org.apache.jena.riot.RDFParser.read(RDFParser.java:358)
                                at org.apache.jena.riot.RDFParser.parseNotUri(RDFParser.java:348)
                                at org.apache.jena.riot.RDFParser.parse(RDFParser.java:295)
                                at org.apache.jena.riot.RDFParserBuilder.parse(RDFParserBuilder.java:550)
                                at org.apache.jena.riot.RDFDataMgr.parseFromInputStream(RDFDataMgr.java:720)
                                at org.apache.jena.riot.RDFDataMgr.read(RDFDataMgr.java:255)
                                at org.apache.jena.riot.RDFDataMgr.read(RDFDataMgr.java:222)
                                at org.apache.jena.riot.RDFDataMgr.read(RDFDataMgr.java:208)
                                at org.fcrepo.camel.processor.SparqlUpdateProcessor.process(SparqlUpdateProcessor.java:52)
                                at org.apache.camel.support.processor.DelegateSyncProcessor.process(DelegateSyncProcessor.java:66)
                                ... 19 common frames omitted
                        Caused by: java.lang.NoClassDefFoundError: org/apache/commons/codec/digest/MurmurHash3
                                at org.apache.jena.riot.lang.BlankNodeAllocatorHash.alloc(BlankNodeAllocatorHash.java:138)
                                at org.apache.jena.riot.lang.BlankNodeAllocatorHash.lambda$alloc$0(BlankNodeAllocatorHash.java:98)
                                at org.apache.jena.ext.com.google.common.cache.LocalCache$LocalManualCache$1.load(LocalCache.java:4864)
                                at org.apache.jena.ext.com.google.common.cache.LocalCache$LoadingValueReference.loadFuture(LocalCache.java:3529)
                                at org.apache.jena.ext.com.google.common.cache.LocalCache$Segment.loadSync(LocalCache.java:2278)
                                at org.apache.jena.ext.com.google.common.cache.LocalCache$Segment.lockedGetOrLoad(LocalCache.java:2155)
                                at org.apache.jena.ext.com.google.common.cache.LocalCache$Segment.get(LocalCache.java:2045)
                                ... 45 common frames omitted
                Caused by: org.apache.jena.ext.com.google.common.util.concurrent.ExecutionError: java.lang.NoClassDefFoundError: org/apache/commons/codec/digest/MurmurHash3
                        at org.apache.jena.ext.com.google.common.cache.LocalCache$Segment.get(LocalCache.java:2049)
                        at org.apache.jena.ext.com.google.common.cache.LocalCache.get(LocalCache.java:3962)
                        at org.apache.jena.ext.com.google.common.cache.LocalCache$LocalManualCache.get(LocalCache.java:4859)
                        at org.apache.jena.atlas.lib.cache.CacheGuava.getOrFill(CacheGuava.java:58)
                        at org.apache.jena.riot.lang.BlankNodeAllocatorHash.alloc(BlankNodeAllocatorHash.java:99)
                        at org.apache.jena.riot.lang.LabelToNode$Alloc.alloc(LabelToNode.java:184)
                        at org.apache.jena.riot.lang.LabelToNode$Alloc.alloc(LabelToNode.java:178)
                        at org.apache.jena.riot.system.MapWithScope.get(MapWithScope.java:74)
                        at org.apache.jena.riot.system.FactoryRDFStd.createBlankNode(FactoryRDFStd.java:92)
                        at org.apache.jena.riot.system.ParserProfileStd.createBlankNode(ParserProfileStd.java:214)
                        at org.apache.jena.riot.system.ParserProfileStd.create(ParserProfileStd.java:257)
                        at org.apache.jena.riot.lang.LangNTriples.tokenAsNode(LangNTriples.java:70)
                        at org.apache.jena.riot.lang.LangNTuple.parseTriple(LangNTuple.java:92)
                        at org.apache.jena.riot.lang.LangNTriples.parseOne(LangNTriples.java:61)
                        at org.apache.jena.riot.lang.LangNTriples.runParser(LangNTriples.java:53)
                        at org.apache.jena.riot.lang.LangBase.parse(LangBase.java:43)
                        at org.apache.jena.riot.RDFParserRegistry$ReaderRIOTLang.read(RDFParserRegistry.java:181)
                        at org.apache.jena.riot.RDFParser.read(RDFParser.java:358)
                        at org.apache.jena.riot.RDFParser.parseNotUri(RDFParser.java:348)
                        at org.apache.jena.riot.RDFParser.parse(RDFParser.java:295)
                        at org.apache.jena.riot.RDFParserBuilder.parse(RDFParserBuilder.java:550)
                        at org.apache.jena.riot.RDFDataMgr.parseFromInputStream(RDFDataMgr.java:720)
                        at org.apache.jena.riot.RDFDataMgr.read(RDFDataMgr.java:255)
                        at org.apache.jena.riot.RDFDataMgr.read(RDFDataMgr.java:222)
                        at org.apache.jena.riot.RDFDataMgr.read(RDFDataMgr.java:208)
                        at org.fcrepo.camel.processor.SparqlUpdateProcessor.process(SparqlUpdateProcessor.java:52)
                        at org.apache.camel.support.processor.DelegateSyncProcessor.process(DelegateSyncProcessor.java:66)
                        ... 19 common frames omitted
                Caused by: java.lang.NoClassDefFoundError: org/apache/commons/codec/digest/MurmurHash3
                        at org.apache.jena.riot.lang.BlankNodeAllocatorHash.alloc(BlankNodeAllocatorHash.java:138)
                        at org.apache.jena.riot.lang.BlankNodeAllocatorHash.lambda$alloc$0(BlankNodeAllocatorHash.java:98)
                        at org.apache.jena.ext.com.google.common.cache.LocalCache$LocalManualCache$1.load(LocalCache.java:4864)
                        at org.apache.jena.ext.com.google.common.cache.LocalCache$LoadingValueReference.loadFuture(LocalCache.java:3529)
                        at org.apache.jena.ext.com.google.common.cache.LocalCache$Segment.loadSync(LocalCache.java:2278)
                        at org.apache.jena.ext.com.google.common.cache.LocalCache$Segment.lockedGetOrLoad(LocalCache.java:2155)
                        at org.apache.jena.ext.com.google.common.cache.LocalCache$Segment.get(LocalCache.java:2045)
                        ... 45 common frames omitted
        Caused by: org.apache.jena.ext.com.google.common.util.concurrent.ExecutionError: java.lang.NoClassDefFoundError: org/apache/commons/codec/digest/MurmurHash3
                at org.apache.jena.ext.com.google.common.cache.LocalCache$Segment.get(LocalCache.java:2049)
                at org.apache.jena.ext.com.google.common.cache.LocalCache.get(LocalCache.java:3962)
                at org.apache.jena.ext.com.google.common.cache.LocalCache$LocalManualCache.get(LocalCache.java:4859)
                at org.apache.jena.atlas.lib.cache.CacheGuava.getOrFill(CacheGuava.java:58)
                at org.apache.jena.riot.lang.BlankNodeAllocatorHash.alloc(BlankNodeAllocatorHash.java:99)
                at org.apache.jena.riot.lang.LabelToNode$Alloc.alloc(LabelToNode.java:184)
                at org.apache.jena.riot.lang.LabelToNode$Alloc.alloc(LabelToNode.java:178)
                at org.apache.jena.riot.system.MapWithScope.get(MapWithScope.java:74)
                at org.apache.jena.riot.system.FactoryRDFStd.createBlankNode(FactoryRDFStd.java:92)
                at org.apache.jena.riot.system.ParserProfileStd.createBlankNode(ParserProfileStd.java:214)
                at org.apache.jena.riot.system.ParserProfileStd.create(ParserProfileStd.java:257)
                at org.apache.jena.riot.lang.LangNTriples.tokenAsNode(LangNTriples.java:70)
                at org.apache.jena.riot.lang.LangNTuple.parseTriple(LangNTuple.java:92)
                at org.apache.jena.riot.lang.LangNTriples.parseOne(LangNTriples.java:61)
                at org.apache.jena.riot.lang.LangNTriples.runParser(LangNTriples.java:53)
                at org.apache.jena.riot.lang.LangBase.parse(LangBase.java:43)
                at org.apache.jena.riot.RDFParserRegistry$ReaderRIOTLang.read(RDFParserRegistry.java:181)
                at org.apache.jena.riot.RDFParser.read(RDFParser.java:358)
                at org.apache.jena.riot.RDFParser.parseNotUri(RDFParser.java:348)
                at org.apache.jena.riot.RDFParser.parse(RDFParser.java:295)
                at org.apache.jena.riot.RDFParserBuilder.parse(RDFParserBuilder.java:550)
                at org.apache.jena.riot.RDFDataMgr.parseFromInputStream(RDFDataMgr.java:720)
                at org.apache.jena.riot.RDFDataMgr.read(RDFDataMgr.java:255)
                at org.apache.jena.riot.RDFDataMgr.read(RDFDataMgr.java:222)
                at org.apache.jena.riot.RDFDataMgr.read(RDFDataMgr.java:208)
                at org.fcrepo.camel.processor.SparqlUpdateProcessor.process(SparqlUpdateProcessor.java:52)
                at org.apache.camel.support.processor.DelegateSyncProcessor.process(DelegateSyncProcessor.java:66)
                ... 19 common frames omitted
        Caused by: java.lang.NoClassDefFoundError: org/apache/commons/codec/digest/MurmurHash3
                at org.apache.jena.riot.lang.BlankNodeAllocatorHash.alloc(BlankNodeAllocatorHash.java:138)
                at org.apache.jena.riot.lang.BlankNodeAllocatorHash.lambda$alloc$0(BlankNodeAllocatorHash.java:98)
                at org.apache.jena.ext.com.google.common.cache.LocalCache$LocalManualCache$1.load(LocalCache.java:4864)
                at org.apache.jena.ext.com.google.common.cache.LocalCache$LoadingValueReference.loadFuture(LocalCache.java:3529)
                at org.apache.jena.ext.com.google.common.cache.LocalCache$Segment.loadSync(LocalCache.java:2278)
                at org.apache.jena.ext.com.google.common.cache.LocalCache$Segment.lockedGetOrLoad(LocalCache.java:2155)
                at org.apache.jena.ext.com.google.common.cache.LocalCache$Segment.get(LocalCache.java:2045)
                ... 45 common frames omitted
Caused by: org.apache.jena.ext.com.google.common.util.concurrent.ExecutionError: java.lang.NoClassDefFoundError: org/apache/commons/codec/digest/MurmurHash3
        at org.apache.jena.ext.com.google.common.cache.LocalCache$Segment.get(LocalCache.java:2049)
        at org.apache.jena.ext.com.google.common.cache.LocalCache.get(LocalCache.java:3962)
        at org.apache.jena.ext.com.google.common.cache.LocalCache$LocalManualCache.get(LocalCache.java:4859)
        at org.apache.jena.atlas.lib.cache.CacheGuava.getOrFill(CacheGuava.java:58)
        at org.apache.jena.riot.lang.BlankNodeAllocatorHash.alloc(BlankNodeAllocatorHash.java:99)
        at org.apache.jena.riot.lang.LabelToNode$Alloc.alloc(LabelToNode.java:184)
        at org.apache.jena.riot.lang.LabelToNode$Alloc.alloc(LabelToNode.java:178)
        at org.apache.jena.riot.system.MapWithScope.get(MapWithScope.java:74)
        at org.apache.jena.riot.system.FactoryRDFStd.createBlankNode(FactoryRDFStd.java:92)
        at org.apache.jena.riot.system.ParserProfileStd.createBlankNode(ParserProfileStd.java:214)
        at org.apache.jena.riot.system.ParserProfileStd.create(ParserProfileStd.java:257)
        at org.apache.jena.riot.lang.LangNTriples.tokenAsNode(LangNTriples.java:70)
        at org.apache.jena.riot.lang.LangNTuple.parseTriple(LangNTuple.java:92)
        at org.apache.jena.riot.lang.LangNTriples.parseOne(LangNTriples.java:61)
        at org.apache.jena.riot.lang.LangNTriples.runParser(LangNTriples.java:53)
        at org.apache.jena.riot.lang.LangBase.parse(LangBase.java:43)
        at org.apache.jena.riot.RDFParserRegistry$ReaderRIOTLang.read(RDFParserRegistry.java:181)
        at org.apache.jena.riot.RDFParser.read(RDFParser.java:358)
        at org.apache.jena.riot.RDFParser.parseNotUri(RDFParser.java:348)
        at org.apache.jena.riot.RDFParser.parse(RDFParser.java:295)
        at org.apache.jena.riot.RDFParserBuilder.parse(RDFParserBuilder.java:550)
        at org.apache.jena.riot.RDFDataMgr.parseFromInputStream(RDFDataMgr.java:720)
        at org.apache.jena.riot.RDFDataMgr.read(RDFDataMgr.java:255)
        at org.apache.jena.riot.RDFDataMgr.read(RDFDataMgr.java:222)
        at org.apache.jena.riot.RDFDataMgr.read(RDFDataMgr.java:208)
        at org.fcrepo.camel.processor.SparqlUpdateProcessor.process(SparqlUpdateProcessor.java:52)
        at org.apache.camel.support.processor.DelegateSyncProcessor.process(DelegateSyncProcessor.java:66)
        ... 19 common frames omitted
Caused by: java.lang.NoClassDefFoundError: org/apache/commons/codec/digest/MurmurHash3
        at org.apache.jena.riot.lang.BlankNodeAllocatorHash.alloc(BlankNodeAllocatorHash.java:138)
        at org.apache.jena.riot.lang.BlankNodeAllocatorHash.lambda$alloc$0(BlankNodeAllocatorHash.java:98)
        at org.apache.jena.ext.com.google.common.cache.LocalCache$LocalManualCache$1.load(LocalCache.java:4864)
        at org.apache.jena.ext.com.google.common.cache.LocalCache$LoadingValueReference.loadFuture(LocalCache.java:3529)
        at org.apache.jena.ext.com.google.common.cache.LocalCache$Segment.loadSync(LocalCache.java:2278)
        at org.apache.jena.ext.com.google.common.cache.LocalCache$Segment.lockedGetOrLoad(LocalCache.java:2155)
        at org.apache.jena.ext.com.google.common.cache.LocalCache$Segment.get(LocalCache.java:2045)
        ... 45 common frames omitted
DEBUG 18:52:02.540 [Camel (camel-1) thread #2 - JmsConsumer[triplestore.reindex]] (FcrepoProducer) Fcrepo Request [http://localhost:8080/fcrepo/rest/itinerari-digitali/collections/collection1] with method [GET]
INFO 18:52:02.564 [Camel (camel-1) thread #2 - JmsConsumer[triplestore.reindex]] (TriplestoreRouter) Indexing Triplestore Object http://localhost:8080/fcrepo/rest/itinerari-digitali/collections/collection1
DEBUG 18:52:02.811 [Camel (camel-1) thread #2 - JmsConsumer[triplestore.reindex]] (FcrepoProducer) Fcrepo Request [http://localhost:8080/fcrepo/rest/itinerari-digitali/collections/collection2] with method [GET]
INFO 18:52:02.833 [Camel (camel-1) thread #2 - JmsConsumer[triplestore.reindex]] (TriplestoreRouter) Indexing Triplestore Object http://localhost:8080/fcrepo/rest/itinerari-digitali/collections/collection2
DEBUG 18:52:03.122 [Camel (camel-1) thread #2 - JmsConsumer[triplestore.reindex]] (FcrepoProducer) Fcrepo Request [http://localhost:8080/fcrepo/rest/itinerari-digitali/video/video1] with method [GET]
INFO 18:52:03.147 [Camel (camel-1) thread #2 - JmsConsumer[triplestore.reindex]] (TriplestoreRouter) Indexing Triplestore Object http://localhost:8080/fcrepo/rest/itinerari-digitali/video/video1
DEBUG 18:52:03.414 [Camel (camel-1) thread #2 - JmsConsumer[triplestore.reindex]] (FcrepoProducer) Fcrepo Request [http://localhost:8080/fcrepo/rest/sandbox/bc/child1] with method [GET]
INFO 18:52:03.435 [Camel (camel-1) thread #2 - JmsConsumer[triplestore.reindex]] (TriplestoreRouter) Indexing Triplestore Object http://localhost:8080/fcrepo/rest/sandbox/bc/child1
DEBUG 18:52:03.689 [Camel (camel-1) thread #2 - JmsConsumer[triplestore.reindex]] (FcrepoProducer) Fcrepo Request [http://localhost:8080/fcrepo/rest/sandbox/dc/child1] with method [GET]
INFO 18:52:03.709 [Camel (camel-1) thread #2 - JmsConsumer[triplestore.reindex]] (TriplestoreRouter) Indexing Triplestore Object http://localhost:8080/fcrepo/rest/sandbox/dc/child1
DEBUG 18:52:03.979 [Camel (camel-1) thread #2 - JmsConsumer[triplestore.reindex]] (FcrepoProducer) Fcrepo Request [http://localhost:8080/fcrepo/rest/itinerari-digitali/collections/collection1/cover] with method [GET]
INFO 18:52:04.002 [Camel (camel-1) thread #2 - JmsConsumer[triplestore.reindex]] (TriplestoreRouter) Indexing Triplestore Object http://localhost:8080/fcrepo/rest/itinerari-digitali/collections/collection1/cover
DEBUG 18:52:04.339 [Camel (camel-1) thread #2 - JmsConsumer[triplestore.reindex]] (FcrepoProducer) Fcrepo Request [http://localhost:8080/fcrepo/rest/itinerari-digitali/video/video1/mpeg7] with method [GET]
INFO 18:52:04.359 [Camel (camel-1) thread #2 - JmsConsumer[triplestore.reindex]] (TriplestoreRouter) Indexing Triplestore Object http://localhost:8080/fcrepo/rest/itinerari-digitali/video/video1/mpeg7
DEBUG 18:52:04.701 [Camel (camel-1) thread #2 - JmsConsumer[triplestore.reindex]] (FcrepoProducer) Fcrepo Request [http://localhost:8080/fcrepo/rest/itinerari-digitali/video/video1/poster] with method [GET]
INFO 18:52:04.721 [Camel (camel-1) thread #2 - JmsConsumer[triplestore.reindex]] (TriplestoreRouter) Indexing Triplestore Object http://localhost:8080/fcrepo/rest/itinerari-digitali/video/video1/poster