[INFO] Scanning for projects...
[INFO] ------------------------------------------------------------------------
[INFO] Reactor Build Order:
[INFO] 
[INFO] Fedora Commons 4
[INFO] Fedora Repository BOM
[INFO] Fedora Repository JCR BOM
[INFO] Fedora Repository BOMs
[INFO] Fedora Repository Kernel API
[INFO] Fedora Repository Metrics Module
[INFO] Fedora Repository Minter Module
[INFO] Fedora Repository Configurations Module
[INFO] Fedora Repository Kernel Implementation
[INFO] Fedora Repository JMS Module
[INFO] Fedora Repository Object Serialization Module
[INFO] Fedora Repository HTTP Commons Module
[INFO] Fedora Repository FileSystem Connector Module
[INFO] Fedora Repository Authorization Commons Module
[INFO] Fedora Repository HTTP API Module
[INFO] Fedora Repository RDF Transformations Module
[INFO] Fedora Repository Deployable Web Application
[INFO] Fedora Repository LDP integration tests Module
[INFO] Fedora Repository RDF integration tests Module
Downloading: https://oss.sonatype.org/service/local/staging/deploy/maven2/org/codehaus/mojo/maven-metadata.xml
Downloading: https://oss.sonatype.org/service/local/staging/deploy/maven2/org/apache/maven/plugins/maven-metadata.xml
[WARNING] Could not transfer metadata org.apache.maven.plugins/maven-metadata.xml from/to sonatype-nexus-staging (https://oss.sonatype.org/service/local/staging/deploy/maven2/): Not authorized , ReasonPhrase:Unauthorized.
[WARNING] Could not transfer metadata org.codehaus.mojo/maven-metadata.xml from/to sonatype-nexus-staging (https://oss.sonatype.org/service/local/staging/deploy/maven2/): Not authorized , ReasonPhrase:Unauthorized.
Downloading: https://oss.sonatype.org/service/local/staging/deploy/maven2/org/apache/maven/plugins/maven-javadoc-plugin/maven-metadata.xml
[WARNING] Could not transfer metadata org.apache.maven.plugins:maven-javadoc-plugin/maven-metadata.xml from/to sonatype-nexus-staging (https://oss.sonatype.org/service/local/staging/deploy/maven2/): Not authorized , ReasonPhrase:Unauthorized.
[INFO]                                                                         
[INFO] ------------------------------------------------------------------------
[INFO] Building Fedora Commons 4 4.1.1-SNAPSHOT
[INFO] ------------------------------------------------------------------------
[WARNING] Failure to transfer org.apache.maven.plugins/maven-metadata.xml from https://oss.sonatype.org/service/local/staging/deploy/maven2/ was cached in the local repository, resolution will not be reattempted until the update interval of sonatype-nexus-staging has elapsed or updates are forced. Original error: Could not transfer metadata org.apache.maven.plugins/maven-metadata.xml from/to sonatype-nexus-staging (https://oss.sonatype.org/service/local/staging/deploy/maven2/): Not authorized , ReasonPhrase:Unauthorized.
[WARNING] Failure to transfer org.codehaus.mojo/maven-metadata.xml from https://oss.sonatype.org/service/local/staging/deploy/maven2/ was cached in the local repository, resolution will not be reattempted until the update interval of sonatype-nexus-staging has elapsed or updates are forced. Original error: Could not transfer metadata org.codehaus.mojo/maven-metadata.xml from/to sonatype-nexus-staging (https://oss.sonatype.org/service/local/staging/deploy/maven2/): Not authorized , ReasonPhrase:Unauthorized.
[WARNING] Failure to transfer org.apache.maven.plugins:maven-javadoc-plugin/maven-metadata.xml from https://oss.sonatype.org/service/local/staging/deploy/maven2/ was cached in the local repository, resolution will not be reattempted until the update interval of sonatype-nexus-staging has elapsed or updates are forced. Original error: Could not transfer metadata org.apache.maven.plugins:maven-javadoc-plugin/maven-metadata.xml from/to sonatype-nexus-staging (https://oss.sonatype.org/service/local/staging/deploy/maven2/): Not authorized , ReasonPhrase:Unauthorized.
[INFO] 
[INFO] --- maven-javadoc-plugin:2.9.1:jar (default-cli) @ fcrepo ---
[INFO] Not executing Javadoc as the project is not a Java classpath-capable package
[INFO]                                                                         
[INFO] ------------------------------------------------------------------------
[INFO] Building Fedora Repository BOM 4.1.1-SNAPSHOT
[INFO] ------------------------------------------------------------------------
[WARNING] Failure to transfer org.apache.maven.plugins/maven-metadata.xml from https://oss.sonatype.org/service/local/staging/deploy/maven2/ was cached in the local repository, resolution will not be reattempted until the update interval of sonatype-nexus-staging has elapsed or updates are forced. Original error: Could not transfer metadata org.apache.maven.plugins/maven-metadata.xml from/to sonatype-nexus-staging (https://oss.sonatype.org/service/local/staging/deploy/maven2/): Not authorized , ReasonPhrase:Unauthorized.
[WARNING] Failure to transfer org.codehaus.mojo/maven-metadata.xml from https://oss.sonatype.org/service/local/staging/deploy/maven2/ was cached in the local repository, resolution will not be reattempted until the update interval of sonatype-nexus-staging has elapsed or updates are forced. Original error: Could not transfer metadata org.codehaus.mojo/maven-metadata.xml from/to sonatype-nexus-staging (https://oss.sonatype.org/service/local/staging/deploy/maven2/): Not authorized , ReasonPhrase:Unauthorized.
[WARNING] Failure to transfer org.apache.maven.plugins:maven-javadoc-plugin/maven-metadata.xml from https://oss.sonatype.org/service/local/staging/deploy/maven2/ was cached in the local repository, resolution will not be reattempted until the update interval of sonatype-nexus-staging has elapsed or updates are forced. Original error: Could not transfer metadata org.apache.maven.plugins:maven-javadoc-plugin/maven-metadata.xml from/to sonatype-nexus-staging (https://oss.sonatype.org/service/local/staging/deploy/maven2/): Not authorized , ReasonPhrase:Unauthorized.
[INFO] 
[INFO] --- maven-javadoc-plugin:2.9.1:jar (default-cli) @ fcrepo4-bom ---
[INFO] Not executing Javadoc as the project is not a Java classpath-capable package
[INFO]                                                                         
[INFO] ------------------------------------------------------------------------
[INFO] Building Fedora Repository JCR BOM 4.1.1-SNAPSHOT
[INFO] ------------------------------------------------------------------------
[WARNING] Failure to transfer org.apache.maven.plugins/maven-metadata.xml from https://oss.sonatype.org/service/local/staging/deploy/maven2/ was cached in the local repository, resolution will not be reattempted until the update interval of sonatype-nexus-staging has elapsed or updates are forced. Original error: Could not transfer metadata org.apache.maven.plugins/maven-metadata.xml from/to sonatype-nexus-staging (https://oss.sonatype.org/service/local/staging/deploy/maven2/): Not authorized , ReasonPhrase:Unauthorized.
[WARNING] Failure to transfer org.codehaus.mojo/maven-metadata.xml from https://oss.sonatype.org/service/local/staging/deploy/maven2/ was cached in the local repository, resolution will not be reattempted until the update interval of sonatype-nexus-staging has elapsed or updates are forced. Original error: Could not transfer metadata org.codehaus.mojo/maven-metadata.xml from/to sonatype-nexus-staging (https://oss.sonatype.org/service/local/staging/deploy/maven2/): Not authorized , ReasonPhrase:Unauthorized.
[WARNING] Failure to transfer org.apache.maven.plugins:maven-javadoc-plugin/maven-metadata.xml from https://oss.sonatype.org/service/local/staging/deploy/maven2/ was cached in the local repository, resolution will not be reattempted until the update interval of sonatype-nexus-staging has elapsed or updates are forced. Original error: Could not transfer metadata org.apache.maven.plugins:maven-javadoc-plugin/maven-metadata.xml from/to sonatype-nexus-staging (https://oss.sonatype.org/service/local/staging/deploy/maven2/): Not authorized , ReasonPhrase:Unauthorized.
[INFO] 
[INFO] --- maven-javadoc-plugin:2.9.1:jar (default-cli) @ fcrepo-jcr-bom ---
[INFO] Not executing Javadoc as the project is not a Java classpath-capable package
[INFO]                                                                         
[INFO] ------------------------------------------------------------------------
[INFO] Building Fedora Repository BOMs 4.1.1-SNAPSHOT
[INFO] ------------------------------------------------------------------------
[WARNING] Failure to transfer org.apache.maven.plugins/maven-metadata.xml from https://oss.sonatype.org/service/local/staging/deploy/maven2/ was cached in the local repository, resolution will not be reattempted until the update interval of sonatype-nexus-staging has elapsed or updates are forced. Original error: Could not transfer metadata org.apache.maven.plugins/maven-metadata.xml from/to sonatype-nexus-staging (https://oss.sonatype.org/service/local/staging/deploy/maven2/): Not authorized , ReasonPhrase:Unauthorized.
[WARNING] Failure to transfer org.codehaus.mojo/maven-metadata.xml from https://oss.sonatype.org/service/local/staging/deploy/maven2/ was cached in the local repository, resolution will not be reattempted until the update interval of sonatype-nexus-staging has elapsed or updates are forced. Original error: Could not transfer metadata org.codehaus.mojo/maven-metadata.xml from/to sonatype-nexus-staging (https://oss.sonatype.org/service/local/staging/deploy/maven2/): Not authorized , ReasonPhrase:Unauthorized.
[WARNING] Failure to transfer org.apache.maven.plugins:maven-javadoc-plugin/maven-metadata.xml from https://oss.sonatype.org/service/local/staging/deploy/maven2/ was cached in the local repository, resolution will not be reattempted until the update interval of sonatype-nexus-staging has elapsed or updates are forced. Original error: Could not transfer metadata org.apache.maven.plugins:maven-javadoc-plugin/maven-metadata.xml from/to sonatype-nexus-staging (https://oss.sonatype.org/service/local/staging/deploy/maven2/): Not authorized , ReasonPhrase:Unauthorized.
[INFO] 
[INFO] --- maven-javadoc-plugin:2.9.1:jar (default-cli) @ fcrepo-boms ---
[INFO] Not executing Javadoc as the project is not a Java classpath-capable package
[INFO]                                                                         
[INFO] ------------------------------------------------------------------------
[INFO] Building Fedora Repository Kernel API 4.1.1-SNAPSHOT
[INFO] ------------------------------------------------------------------------
[WARNING] Failure to transfer org.apache.maven.plugins/maven-metadata.xml from https://oss.sonatype.org/service/local/staging/deploy/maven2/ was cached in the local repository, resolution will not be reattempted until the update interval of sonatype-nexus-staging has elapsed or updates are forced. Original error: Could not transfer metadata org.apache.maven.plugins/maven-metadata.xml from/to sonatype-nexus-staging (https://oss.sonatype.org/service/local/staging/deploy/maven2/): Not authorized , ReasonPhrase:Unauthorized.
[WARNING] Failure to transfer org.codehaus.mojo/maven-metadata.xml from https://oss.sonatype.org/service/local/staging/deploy/maven2/ was cached in the local repository, resolution will not be reattempted until the update interval of sonatype-nexus-staging has elapsed or updates are forced. Original error: Could not transfer metadata org.codehaus.mojo/maven-metadata.xml from/to sonatype-nexus-staging (https://oss.sonatype.org/service/local/staging/deploy/maven2/): Not authorized , ReasonPhrase:Unauthorized.
[WARNING] Failure to transfer org.apache.maven.plugins:maven-javadoc-plugin/maven-metadata.xml from https://oss.sonatype.org/service/local/staging/deploy/maven2/ was cached in the local repository, resolution will not be reattempted until the update interval of sonatype-nexus-staging has elapsed or updates are forced. Original error: Could not transfer metadata org.apache.maven.plugins:maven-javadoc-plugin/maven-metadata.xml from/to sonatype-nexus-staging (https://oss.sonatype.org/service/local/staging/deploy/maven2/): Not authorized , ReasonPhrase:Unauthorized.
[INFO] 
[INFO] --- maven-javadoc-plugin:2.9.1:jar (default-cli) @ fcrepo-kernel ---
[INFO] 
Loading source files for package org.fcrepo.kernel...
Loading source files for package org.fcrepo.kernel.identifiers...
Loading source files for package org.fcrepo.kernel.exception...
Loading source files for package org.fcrepo.kernel.utils.iterators...
Loading source files for package org.fcrepo.kernel.utils...
Loading source files for package org.fcrepo.kernel.observer...
Loading source files for package org.fcrepo.kernel.observer.eventmappings...
Loading source files for package org.fcrepo.kernel.models...
Loading source files for package org.fcrepo.kernel.services...
Loading source files for package org.fcrepo.kernel.services.policy...
Loading source files for package org.fcrepo.kernel.services.functions...
Constructing Javadoc information...
Standard Doclet version 1.8.0_31
Building tree for all the packages and classes...
Generating /N/oak/home/nianma/fedora4/orig/new/fcrepo4/fcrepo-kernel/target/apidocs/org/fcrepo/kernel/FedoraJcrTypes.html...
Generating /N/oak/home/nianma/fedora4/orig/new/fcrepo4/fcrepo-kernel/target/apidocs/org/fcrepo/kernel/RdfLexicon.html...
Generating /N/oak/home/nianma/fedora4/orig/new/fcrepo4/fcrepo-kernel/target/apidocs/org/fcrepo/kernel/Transaction.html...
Generating /N/oak/home/nianma/fedora4/orig/new/fcrepo4/fcrepo-kernel/target/apidocs/org/fcrepo/kernel/Transaction.State.html...
Generating /N/oak/home/nianma/fedora4/orig/new/fcrepo4/fcrepo-kernel/target/apidocs/org/fcrepo/kernel/TxSession.html...
Generating /N/oak/home/nianma/fedora4/orig/new/fcrepo4/fcrepo-kernel/target/apidocs/org/fcrepo/kernel/identifiers/IdentifierConverter.html...
Generating /N/oak/home/nianma/fedora4/orig/new/fcrepo4/fcrepo-kernel/target/apidocs/org/fcrepo/kernel/identifiers/InternalIdentifierConverter.html...
Generating /N/oak/home/nianma/fedora4/orig/new/fcrepo4/fcrepo-kernel/target/apidocs/org/fcrepo/kernel/identifiers/PidMinter.html...
Generating /N/oak/home/nianma/fedora4/orig/new/fcrepo4/fcrepo-kernel/target/apidocs/org/fcrepo/kernel/exception/FedoraInvalidNamespaceException.html...
Generating /N/oak/home/nianma/fedora4/orig/new/fcrepo4/fcrepo-kernel/target/apidocs/org/fcrepo/kernel/exception/IdentifierConversionException.html...
Generating /N/oak/home/nianma/fedora4/orig/new/fcrepo4/fcrepo-kernel/target/apidocs/org/fcrepo/kernel/exception/InvalidChecksumException.html...
Generating /N/oak/home/nianma/fedora4/orig/new/fcrepo4/fcrepo-kernel/target/apidocs/org/fcrepo/kernel/exception/MalformedRdfException.html...
Generating /N/oak/home/nianma/fedora4/orig/new/fcrepo4/fcrepo-kernel/target/apidocs/org/fcrepo/kernel/exception/NoSuchPropertyDefinitionException.html...
Generating /N/oak/home/nianma/fedora4/orig/new/fcrepo4/fcrepo-kernel/target/apidocs/org/fcrepo/kernel/exception/PathNotFoundRuntimeException.html...
Generating /N/oak/home/nianma/fedora4/orig/new/fcrepo4/fcrepo-kernel/target/apidocs/org/fcrepo/kernel/exception/RepositoryRuntimeException.html...
Generating /N/oak/home/nianma/fedora4/orig/new/fcrepo4/fcrepo-kernel/target/apidocs/org/fcrepo/kernel/exception/RepositoryVersionRuntimeException.html...
Generating /N/oak/home/nianma/fedora4/orig/new/fcrepo4/fcrepo-kernel/target/apidocs/org/fcrepo/kernel/exception/ResourceTypeException.html...
Generating /N/oak/home/nianma/fedora4/orig/new/fcrepo4/fcrepo-kernel/target/apidocs/org/fcrepo/kernel/exception/ServerManagedPropertyException.html...
Generating /N/oak/home/nianma/fedora4/orig/new/fcrepo4/fcrepo-kernel/target/apidocs/org/fcrepo/kernel/exception/TombstoneException.html...
Generating /N/oak/home/nianma/fedora4/orig/new/fcrepo4/fcrepo-kernel/target/apidocs/org/fcrepo/kernel/exception/TransactionMissingException.html...
Generating /N/oak/home/nianma/fedora4/orig/new/fcrepo4/fcrepo-kernel/target/apidocs/org/fcrepo/kernel/utils/iterators/GraphDifferencingIterator.html...
Generating /N/oak/home/nianma/fedora4/orig/new/fcrepo4/fcrepo-kernel/target/apidocs/org/fcrepo/kernel/utils/iterators/IteratorConsumer.html...
Generating /N/oak/home/nianma/fedora4/orig/new/fcrepo4/fcrepo-kernel/target/apidocs/org/fcrepo/kernel/utils/iterators/RdfStream.html...
Generating /N/oak/home/nianma/fedora4/orig/new/fcrepo4/fcrepo-kernel/target/apidocs/org/fcrepo/kernel/utils/iterators/RdfStreamConsumer.html...
Generating /N/oak/home/nianma/fedora4/orig/new/fcrepo4/fcrepo-kernel/target/apidocs/org/fcrepo/kernel/utils/CacheEntry.html...
Generating /N/oak/home/nianma/fedora4/orig/new/fcrepo4/fcrepo-kernel/target/apidocs/org/fcrepo/kernel/utils/ContentDigest.html...
Generating /N/oak/home/nianma/fedora4/orig/new/fcrepo4/fcrepo-kernel/target/apidocs/org/fcrepo/kernel/utils/EventType.html...
Generating /N/oak/home/nianma/fedora4/orig/new/fcrepo4/fcrepo-kernel/target/apidocs/org/fcrepo/kernel/utils/FixityResult.html...
Generating /N/oak/home/nianma/fedora4/orig/new/fcrepo4/fcrepo-kernel/target/apidocs/org/fcrepo/kernel/utils/FixityResult.FixityState.html...
Generating /N/oak/home/nianma/fedora4/orig/new/fcrepo4/fcrepo-kernel/target/apidocs/org/fcrepo/kernel/utils/NamespaceTools.html...
Generating /N/oak/home/nianma/fedora4/orig/new/fcrepo4/fcrepo-kernel/target/apidocs/org/fcrepo/kernel/observer/EventFilter.html...
Generating /N/oak/home/nianma/fedora4/orig/new/fcrepo4/fcrepo-kernel/target/apidocs/org/fcrepo/kernel/observer/FedoraEvent.html...
Generating /N/oak/home/nianma/fedora4/orig/new/fcrepo4/fcrepo-kernel/target/apidocs/org/fcrepo/kernel/observer/eventmappings/InternalExternalEventMapper.html...
Generating /N/oak/home/nianma/fedora4/orig/new/fcrepo4/fcrepo-kernel/target/apidocs/org/fcrepo/kernel/models/Container.html...
Generating /N/oak/home/nianma/fedora4/orig/new/fcrepo4/fcrepo-kernel/target/apidocs/org/fcrepo/kernel/models/FedoraBinary.html...
Generating /N/oak/home/nianma/fedora4/orig/new/fcrepo4/fcrepo-kernel/target/apidocs/org/fcrepo/kernel/models/FedoraResource.html...
Generating /N/oak/home/nianma/fedora4/orig/new/fcrepo4/fcrepo-kernel/target/apidocs/org/fcrepo/kernel/models/NonRdfSource.html...
Generating /N/oak/home/nianma/fedora4/orig/new/fcrepo4/fcrepo-kernel/target/apidocs/org/fcrepo/kernel/models/NonRdfSourceDescription.html...
Generating /N/oak/home/nianma/fedora4/orig/new/fcrepo4/fcrepo-kernel/target/apidocs/org/fcrepo/kernel/models/Tombstone.html...
Generating /N/oak/home/nianma/fedora4/orig/new/fcrepo4/fcrepo-kernel/target/apidocs/org/fcrepo/kernel/services/BinaryService.html...
Generating /N/oak/home/nianma/fedora4/orig/new/fcrepo4/fcrepo-kernel/target/apidocs/org/fcrepo/kernel/services/ContainerService.html...
Generating /N/oak/home/nianma/fedora4/orig/new/fcrepo4/fcrepo-kernel/target/apidocs/org/fcrepo/kernel/services/ExternalContentService.html...
Generating /N/oak/home/nianma/fedora4/orig/new/fcrepo4/fcrepo-kernel/target/apidocs/org/fcrepo/kernel/services/NodeService.html...
Generating /N/oak/home/nianma/fedora4/orig/new/fcrepo4/fcrepo-kernel/target/apidocs/org/fcrepo/kernel/services/RepositoryService.html...
Generating /N/oak/home/nianma/fedora4/orig/new/fcrepo4/fcrepo-kernel/target/apidocs/org/fcrepo/kernel/services/Service.html...
Generating /N/oak/home/nianma/fedora4/orig/new/fcrepo4/fcrepo-kernel/target/apidocs/org/fcrepo/kernel/services/TransactionService.html...
Generating /N/oak/home/nianma/fedora4/orig/new/fcrepo4/fcrepo-kernel/target/apidocs/org/fcrepo/kernel/services/VersionService.html...
Generating /N/oak/home/nianma/fedora4/orig/new/fcrepo4/fcrepo-kernel/target/apidocs/org/fcrepo/kernel/services/policy/StoragePolicy.html...
Generating /N/oak/home/nianma/fedora4/orig/new/fcrepo4/fcrepo-kernel/target/apidocs/org/fcrepo/kernel/services/policy/StoragePolicyDecisionPoint.html...
Generating /N/oak/home/nianma/fedora4/orig/new/fcrepo4/fcrepo-kernel/target/apidocs/org/fcrepo/kernel/services/functions/AllTypesPredicate.html...
Generating /N/oak/home/nianma/fedora4/orig/new/fcrepo4/fcrepo-kernel/target/apidocs/org/fcrepo/kernel/services/functions/AnyTypesPredicate.html...
Generating /N/oak/home/nianma/fedora4/orig/new/fcrepo4/fcrepo-kernel/target/apidocs/org/fcrepo/kernel/services/functions/BooleanTypesPredicate.html...
Generating /N/oak/home/nianma/fedora4/orig/new/fcrepo4/fcrepo-kernel/target/apidocs/org/fcrepo/kernel/services/functions/JcrPropertyFunctions.html...
Generating /N/oak/home/nianma/fedora4/orig/new/fcrepo4/fcrepo-kernel/target/apidocs/overview-frame.html...
Generating /N/oak/home/nianma/fedora4/orig/new/fcrepo4/fcrepo-kernel/target/apidocs/org/fcrepo/kernel/package-frame.html...
Generating /N/oak/home/nianma/fedora4/orig/new/fcrepo4/fcrepo-kernel/target/apidocs/org/fcrepo/kernel/package-summary.html...
Generating /N/oak/home/nianma/fedora4/orig/new/fcrepo4/fcrepo-kernel/target/apidocs/org/fcrepo/kernel/package-tree.html...
Generating /N/oak/home/nianma/fedora4/orig/new/fcrepo4/fcrepo-kernel/target/apidocs/org/fcrepo/kernel/exception/package-frame.html...
Generating /N/oak/home/nianma/fedora4/orig/new/fcrepo4/fcrepo-kernel/target/apidocs/org/fcrepo/kernel/exception/package-summary.html...
Generating /N/oak/home/nianma/fedora4/orig/new/fcrepo4/fcrepo-kernel/target/apidocs/org/fcrepo/kernel/exception/package-tree.html...
Generating /N/oak/home/nianma/fedora4/orig/new/fcrepo4/fcrepo-kernel/target/apidocs/org/fcrepo/kernel/identifiers/package-frame.html...
Generating /N/oak/home/nianma/fedora4/orig/new/fcrepo4/fcrepo-kernel/target/apidocs/org/fcrepo/kernel/identifiers/package-summary.html...
Generating /N/oak/home/nianma/fedora4/orig/new/fcrepo4/fcrepo-kernel/target/apidocs/org/fcrepo/kernel/identifiers/package-tree.html...
Generating /N/oak/home/nianma/fedora4/orig/new/fcrepo4/fcrepo-kernel/target/apidocs/org/fcrepo/kernel/models/package-frame.html...
Generating /N/oak/home/nianma/fedora4/orig/new/fcrepo4/fcrepo-kernel/target/apidocs/org/fcrepo/kernel/models/package-summary.html...
Generating /N/oak/home/nianma/fedora4/orig/new/fcrepo4/fcrepo-kernel/target/apidocs/org/fcrepo/kernel/models/package-tree.html...
Generating /N/oak/home/nianma/fedora4/orig/new/fcrepo4/fcrepo-kernel/target/apidocs/org/fcrepo/kernel/observer/package-frame.html...
Generating /N/oak/home/nianma/fedora4/orig/new/fcrepo4/fcrepo-kernel/target/apidocs/org/fcrepo/kernel/observer/package-summary.html...
Generating /N/oak/home/nianma/fedora4/orig/new/fcrepo4/fcrepo-kernel/target/apidocs/org/fcrepo/kernel/observer/package-tree.html...
Generating /N/oak/home/nianma/fedora4/orig/new/fcrepo4/fcrepo-kernel/target/apidocs/org/fcrepo/kernel/observer/eventmappings/package-frame.html...
Generating /N/oak/home/nianma/fedora4/orig/new/fcrepo4/fcrepo-kernel/target/apidocs/org/fcrepo/kernel/observer/eventmappings/package-summary.html...
Generating /N/oak/home/nianma/fedora4/orig/new/fcrepo4/fcrepo-kernel/target/apidocs/org/fcrepo/kernel/observer/eventmappings/package-tree.html...
Generating /N/oak/home/nianma/fedora4/orig/new/fcrepo4/fcrepo-kernel/target/apidocs/org/fcrepo/kernel/services/package-frame.html...
Generating /N/oak/home/nianma/fedora4/orig/new/fcrepo4/fcrepo-kernel/target/apidocs/org/fcrepo/kernel/services/package-summary.html...
Generating /N/oak/home/nianma/fedora4/orig/new/fcrepo4/fcrepo-kernel/target/apidocs/org/fcrepo/kernel/services/package-tree.html...
Generating /N/oak/home/nianma/fedora4/orig/new/fcrepo4/fcrepo-kernel/target/apidocs/org/fcrepo/kernel/services/functions/package-frame.html...
Generating /N/oak/home/nianma/fedora4/orig/new/fcrepo4/fcrepo-kernel/target/apidocs/org/fcrepo/kernel/services/functions/package-summary.html...
Generating /N/oak/home/nianma/fedora4/orig/new/fcrepo4/fcrepo-kernel/target/apidocs/org/fcrepo/kernel/services/functions/package-tree.html...
Generating /N/oak/home/nianma/fedora4/orig/new/fcrepo4/fcrepo-kernel/target/apidocs/org/fcrepo/kernel/services/policy/package-frame.html...
Generating /N/oak/home/nianma/fedora4/orig/new/fcrepo4/fcrepo-kernel/target/apidocs/org/fcrepo/kernel/services/policy/package-summary.html...
Generating /N/oak/home/nianma/fedora4/orig/new/fcrepo4/fcrepo-kernel/target/apidocs/org/fcrepo/kernel/services/policy/package-tree.html...
Generating /N/oak/home/nianma/fedora4/orig/new/fcrepo4/fcrepo-kernel/target/apidocs/org/fcrepo/kernel/utils/package-frame.html...
Generating /N/oak/home/nianma/fedora4/orig/new/fcrepo4/fcrepo-kernel/target/apidocs/org/fcrepo/kernel/utils/package-summary.html...
Generating /N/oak/home/nianma/fedora4/orig/new/fcrepo4/fcrepo-kernel/target/apidocs/org/fcrepo/kernel/utils/package-tree.html...
Generating /N/oak/home/nianma/fedora4/orig/new/fcrepo4/fcrepo-kernel/target/apidocs/org/fcrepo/kernel/utils/iterators/package-frame.html...
Generating /N/oak/home/nianma/fedora4/orig/new/fcrepo4/fcrepo-kernel/target/apidocs/org/fcrepo/kernel/utils/iterators/package-summary.html...
Generating /N/oak/home/nianma/fedora4/orig/new/fcrepo4/fcrepo-kernel/target/apidocs/org/fcrepo/kernel/utils/iterators/package-tree.html...
Generating /N/oak/home/nianma/fedora4/orig/new/fcrepo4/fcrepo-kernel/target/apidocs/constant-values.html...
Generating /N/oak/home/nianma/fedora4/orig/new/fcrepo4/fcrepo-kernel/target/apidocs/serialized-form.html...
Generating /N/oak/home/nianma/fedora4/orig/new/fcrepo4/fcrepo-kernel/target/apidocs/org/fcrepo/kernel/class-use/Transaction.html...
Generating /N/oak/home/nianma/fedora4/orig/new/fcrepo4/fcrepo-kernel/target/apidocs/org/fcrepo/kernel/class-use/Transaction.State.html...
Generating /N/oak/home/nianma/fedora4/orig/new/fcrepo4/fcrepo-kernel/target/apidocs/org/fcrepo/kernel/class-use/FedoraJcrTypes.html...
Generating /N/oak/home/nianma/fedora4/orig/new/fcrepo4/fcrepo-kernel/target/apidocs/org/fcrepo/kernel/class-use/RdfLexicon.html...
Generating /N/oak/home/nianma/fedora4/orig/new/fcrepo4/fcrepo-kernel/target/apidocs/org/fcrepo/kernel/class-use/TxSession.html...
Generating /N/oak/home/nianma/fedora4/orig/new/fcrepo4/fcrepo-kernel/target/apidocs/org/fcrepo/kernel/identifiers/class-use/PidMinter.html...
Generating /N/oak/home/nianma/fedora4/orig/new/fcrepo4/fcrepo-kernel/target/apidocs/org/fcrepo/kernel/identifiers/class-use/InternalIdentifierConverter.html...
Generating /N/oak/home/nianma/fedora4/orig/new/fcrepo4/fcrepo-kernel/target/apidocs/org/fcrepo/kernel/identifiers/class-use/IdentifierConverter.html...
Generating /N/oak/home/nianma/fedora4/orig/new/fcrepo4/fcrepo-kernel/target/apidocs/org/fcrepo/kernel/exception/class-use/PathNotFoundRuntimeException.html...
Generating /N/oak/home/nianma/fedora4/orig/new/fcrepo4/fcrepo-kernel/target/apidocs/org/fcrepo/kernel/exception/class-use/InvalidChecksumException.html...
Generating /N/oak/home/nianma/fedora4/orig/new/fcrepo4/fcrepo-kernel/target/apidocs/org/fcrepo/kernel/exception/class-use/TombstoneException.html...
Generating /N/oak/home/nianma/fedora4/orig/new/fcrepo4/fcrepo-kernel/target/apidocs/org/fcrepo/kernel/exception/class-use/IdentifierConversionException.html...
Generating /N/oak/home/nianma/fedora4/orig/new/fcrepo4/fcrepo-kernel/target/apidocs/org/fcrepo/kernel/exception/class-use/ServerManagedPropertyException.html...
Generating /N/oak/home/nianma/fedora4/orig/new/fcrepo4/fcrepo-kernel/target/apidocs/org/fcrepo/kernel/exception/class-use/NoSuchPropertyDefinitionException.html...
Generating /N/oak/home/nianma/fedora4/orig/new/fcrepo4/fcrepo-kernel/target/apidocs/org/fcrepo/kernel/exception/class-use/ResourceTypeException.html...
Generating /N/oak/home/nianma/fedora4/orig/new/fcrepo4/fcrepo-kernel/target/apidocs/org/fcrepo/kernel/exception/class-use/FedoraInvalidNamespaceException.html...
Generating /N/oak/home/nianma/fedora4/orig/new/fcrepo4/fcrepo-kernel/target/apidocs/org/fcrepo/kernel/exception/class-use/RepositoryRuntimeException.html...
Generating /N/oak/home/nianma/fedora4/orig/new/fcrepo4/fcrepo-kernel/target/apidocs/org/fcrepo/kernel/exception/class-use/TransactionMissingException.html...
Generating /N/oak/home/nianma/fedora4/orig/new/fcrepo4/fcrepo-kernel/target/apidocs/org/fcrepo/kernel/exception/class-use/MalformedRdfException.html...
Generating /N/oak/home/nianma/fedora4/orig/new/fcrepo4/fcrepo-kernel/target/apidocs/org/fcrepo/kernel/exception/class-use/RepositoryVersionRuntimeException.html...
Generating /N/oak/home/nianma/fedora4/orig/new/fcrepo4/fcrepo-kernel/target/apidocs/org/fcrepo/kernel/utils/iterators/class-use/IteratorConsumer.html...
Generating /N/oak/home/nianma/fedora4/orig/new/fcrepo4/fcrepo-kernel/target/apidocs/org/fcrepo/kernel/utils/iterators/class-use/RdfStream.html...
Generating /N/oak/home/nianma/fedora4/orig/new/fcrepo4/fcrepo-kernel/target/apidocs/org/fcrepo/kernel/utils/iterators/class-use/GraphDifferencingIterator.html...
Generating /N/oak/home/nianma/fedora4/orig/new/fcrepo4/fcrepo-kernel/target/apidocs/org/fcrepo/kernel/utils/iterators/class-use/RdfStreamConsumer.html...
Generating /N/oak/home/nianma/fedora4/orig/new/fcrepo4/fcrepo-kernel/target/apidocs/org/fcrepo/kernel/utils/class-use/EventType.html...
Generating /N/oak/home/nianma/fedora4/orig/new/fcrepo4/fcrepo-kernel/target/apidocs/org/fcrepo/kernel/utils/class-use/CacheEntry.html...
Generating /N/oak/home/nianma/fedora4/orig/new/fcrepo4/fcrepo-kernel/target/apidocs/org/fcrepo/kernel/utils/class-use/NamespaceTools.html...
Generating /N/oak/home/nianma/fedora4/orig/new/fcrepo4/fcrepo-kernel/target/apidocs/org/fcrepo/kernel/utils/class-use/FixityResult.html...
Generating /N/oak/home/nianma/fedora4/orig/new/fcrepo4/fcrepo-kernel/target/apidocs/org/fcrepo/kernel/utils/class-use/FixityResult.FixityState.html...
Generating /N/oak/home/nianma/fedora4/orig/new/fcrepo4/fcrepo-kernel/target/apidocs/org/fcrepo/kernel/utils/class-use/ContentDigest.html...
Generating /N/oak/home/nianma/fedora4/orig/new/fcrepo4/fcrepo-kernel/target/apidocs/org/fcrepo/kernel/observer/class-use/EventFilter.html...
Generating /N/oak/home/nianma/fedora4/orig/new/fcrepo4/fcrepo-kernel/target/apidocs/org/fcrepo/kernel/observer/class-use/FedoraEvent.html...
Generating /N/oak/home/nianma/fedora4/orig/new/fcrepo4/fcrepo-kernel/target/apidocs/org/fcrepo/kernel/observer/eventmappings/class-use/InternalExternalEventMapper.html...
Generating /N/oak/home/nianma/fedora4/orig/new/fcrepo4/fcrepo-kernel/target/apidocs/org/fcrepo/kernel/models/class-use/FedoraResource.html...
Generating /N/oak/home/nianma/fedora4/orig/new/fcrepo4/fcrepo-kernel/target/apidocs/org/fcrepo/kernel/models/class-use/Tombstone.html...
Generating /N/oak/home/nianma/fedora4/orig/new/fcrepo4/fcrepo-kernel/target/apidocs/org/fcrepo/kernel/models/class-use/Container.html...
Generating /N/oak/home/nianma/fedora4/orig/new/fcrepo4/fcrepo-kernel/target/apidocs/org/fcrepo/kernel/models/class-use/NonRdfSource.html...
Generating /N/oak/home/nianma/fedora4/orig/new/fcrepo4/fcrepo-kernel/target/apidocs/org/fcrepo/kernel/models/class-use/NonRdfSourceDescription.html...
Generating /N/oak/home/nianma/fedora4/orig/new/fcrepo4/fcrepo-kernel/target/apidocs/org/fcrepo/kernel/models/class-use/FedoraBinary.html...
Generating /N/oak/home/nianma/fedora4/orig/new/fcrepo4/fcrepo-kernel/target/apidocs/org/fcrepo/kernel/services/class-use/RepositoryService.html...
Generating /N/oak/home/nianma/fedora4/orig/new/fcrepo4/fcrepo-kernel/target/apidocs/org/fcrepo/kernel/services/class-use/NodeService.html...
Generating /N/oak/home/nianma/fedora4/orig/new/fcrepo4/fcrepo-kernel/target/apidocs/org/fcrepo/kernel/services/class-use/ExternalContentService.html...
Generating /N/oak/home/nianma/fedora4/orig/new/fcrepo4/fcrepo-kernel/target/apidocs/org/fcrepo/kernel/services/class-use/VersionService.html...
Generating /N/oak/home/nianma/fedora4/orig/new/fcrepo4/fcrepo-kernel/target/apidocs/org/fcrepo/kernel/services/class-use/Service.html...
Generating /N/oak/home/nianma/fedora4/orig/new/fcrepo4/fcrepo-kernel/target/apidocs/org/fcrepo/kernel/services/class-use/ContainerService.html...
Generating /N/oak/home/nianma/fedora4/orig/new/fcrepo4/fcrepo-kernel/target/apidocs/org/fcrepo/kernel/services/class-use/BinaryService.html...
Generating /N/oak/home/nianma/fedora4/orig/new/fcrepo4/fcrepo-kernel/target/apidocs/org/fcrepo/kernel/services/class-use/TransactionService.html...
Generating /N/oak/home/nianma/fedora4/orig/new/fcrepo4/fcrepo-kernel/target/apidocs/org/fcrepo/kernel/services/policy/class-use/StoragePolicyDecisionPoint.html...
Generating /N/oak/home/nianma/fedora4/orig/new/fcrepo4/fcrepo-kernel/target/apidocs/org/fcrepo/kernel/services/policy/class-use/StoragePolicy.html...
Generating /N/oak/home/nianma/fedora4/orig/new/fcrepo4/fcrepo-kernel/target/apidocs/org/fcrepo/kernel/services/functions/class-use/BooleanTypesPredicate.html...
Generating /N/oak/home/nianma/fedora4/orig/new/fcrepo4/fcrepo-kernel/target/apidocs/org/fcrepo/kernel/services/functions/class-use/AllTypesPredicate.html...
Generating /N/oak/home/nianma/fedora4/orig/new/fcrepo4/fcrepo-kernel/target/apidocs/org/fcrepo/kernel/services/functions/class-use/AnyTypesPredicate.html...
Generating /N/oak/home/nianma/fedora4/orig/new/fcrepo4/fcrepo-kernel/target/apidocs/org/fcrepo/kernel/services/functions/class-use/JcrPropertyFunctions.html...
Generating /N/oak/home/nianma/fedora4/orig/new/fcrepo4/fcrepo-kernel/target/apidocs/org/fcrepo/kernel/package-use.html...
Generating /N/oak/home/nianma/fedora4/orig/new/fcrepo4/fcrepo-kernel/target/apidocs/org/fcrepo/kernel/exception/package-use.html...
Generating /N/oak/home/nianma/fedora4/orig/new/fcrepo4/fcrepo-kernel/target/apidocs/org/fcrepo/kernel/identifiers/package-use.html...
Generating /N/oak/home/nianma/fedora4/orig/new/fcrepo4/fcrepo-kernel/target/apidocs/org/fcrepo/kernel/models/package-use.html...
Generating /N/oak/home/nianma/fedora4/orig/new/fcrepo4/fcrepo-kernel/target/apidocs/org/fcrepo/kernel/observer/package-use.html...
Generating /N/oak/home/nianma/fedora4/orig/new/fcrepo4/fcrepo-kernel/target/apidocs/org/fcrepo/kernel/observer/eventmappings/package-use.html...
Generating /N/oak/home/nianma/fedora4/orig/new/fcrepo4/fcrepo-kernel/target/apidocs/org/fcrepo/kernel/services/package-use.html...
Generating /N/oak/home/nianma/fedora4/orig/new/fcrepo4/fcrepo-kernel/target/apidocs/org/fcrepo/kernel/services/functions/package-use.html...
Generating /N/oak/home/nianma/fedora4/orig/new/fcrepo4/fcrepo-kernel/target/apidocs/org/fcrepo/kernel/services/policy/package-use.html...
Generating /N/oak/home/nianma/fedora4/orig/new/fcrepo4/fcrepo-kernel/target/apidocs/org/fcrepo/kernel/utils/package-use.html...
Generating /N/oak/home/nianma/fedora4/orig/new/fcrepo4/fcrepo-kernel/target/apidocs/org/fcrepo/kernel/utils/iterators/package-use.html...
Building index for all the packages and classes...
Generating /N/oak/home/nianma/fedora4/orig/new/fcrepo4/fcrepo-kernel/target/apidocs/overview-tree.html...
Generating /N/oak/home/nianma/fedora4/orig/new/fcrepo4/fcrepo-kernel/target/apidocs/index-all.html...
Generating /N/oak/home/nianma/fedora4/orig/new/fcrepo4/fcrepo-kernel/target/apidocs/deprecated-list.html...
Building index for all classes...
Generating /N/oak/home/nianma/fedora4/orig/new/fcrepo4/fcrepo-kernel/target/apidocs/allclasses-frame.html...
Generating /N/oak/home/nianma/fedora4/orig/new/fcrepo4/fcrepo-kernel/target/apidocs/allclasses-noframe.html...
Generating /N/oak/home/nianma/fedora4/orig/new/fcrepo4/fcrepo-kernel/target/apidocs/index.html...
Generating /N/oak/home/nianma/fedora4/orig/new/fcrepo4/fcrepo-kernel/target/apidocs/overview-summary.html...
Generating /N/oak/home/nianma/fedora4/orig/new/fcrepo4/fcrepo-kernel/target/apidocs/help-doc.html...
2 warnings
[WARNING] Javadoc Warnings
[WARNING] /N/oak/home/nianma/fedora4/orig/new/fcrepo4/fcrepo-kernel/src/main/java/org/fcrepo/kernel/services/VersionService.java:35: warning: no @return
[WARNING] String createVersion(Session session, String absPath, String label) throws RepositoryException;
[WARNING] ^
[WARNING] /N/oak/home/nianma/fedora4/orig/new/fcrepo4/fcrepo-kernel/src/main/java/org/fcrepo/kernel/services/functions/AnyTypesPredicate.java:27: warning: no description for @param
[WARNING] * @param types
[WARNING] ^
[INFO] Building jar: /N/oak/home/nianma/fedora4/orig/new/fcrepo4/fcrepo-kernel/target/fcrepo-kernel-4.1.1-SNAPSHOT-javadoc.jar
[INFO]                                                                         
[INFO] ------------------------------------------------------------------------
[INFO] Building Fedora Repository Metrics Module 4.1.1-SNAPSHOT
[INFO] ------------------------------------------------------------------------
[WARNING] Failure to transfer org.apache.maven.plugins/maven-metadata.xml from https://oss.sonatype.org/service/local/staging/deploy/maven2/ was cached in the local repository, resolution will not be reattempted until the update interval of sonatype-nexus-staging has elapsed or updates are forced. Original error: Could not transfer metadata org.apache.maven.plugins/maven-metadata.xml from/to sonatype-nexus-staging (https://oss.sonatype.org/service/local/staging/deploy/maven2/): Not authorized , ReasonPhrase:Unauthorized.
[WARNING] Failure to transfer org.codehaus.mojo/maven-metadata.xml from https://oss.sonatype.org/service/local/staging/deploy/maven2/ was cached in the local repository, resolution will not be reattempted until the update interval of sonatype-nexus-staging has elapsed or updates are forced. Original error: Could not transfer metadata org.codehaus.mojo/maven-metadata.xml from/to sonatype-nexus-staging (https://oss.sonatype.org/service/local/staging/deploy/maven2/): Not authorized , ReasonPhrase:Unauthorized.
[WARNING] Failure to transfer org.apache.maven.plugins:maven-javadoc-plugin/maven-metadata.xml from https://oss.sonatype.org/service/local/staging/deploy/maven2/ was cached in the local repository, resolution will not be reattempted until the update interval of sonatype-nexus-staging has elapsed or updates are forced. Original error: Could not transfer metadata org.apache.maven.plugins:maven-javadoc-plugin/maven-metadata.xml from/to sonatype-nexus-staging (https://oss.sonatype.org/service/local/staging/deploy/maven2/): Not authorized , ReasonPhrase:Unauthorized.
[INFO] 
[INFO] --- maven-javadoc-plugin:2.9.1:jar (default-cli) @ fcrepo-metrics ---
[INFO] 
Loading source files for package org.fcrepo.metrics...
Constructing Javadoc information...
Standard Doclet version 1.8.0_31
Building tree for all the packages and classes...
Generating /N/oak/home/nianma/fedora4/orig/new/fcrepo4/fcrepo-metrics/target/apidocs/org/fcrepo/metrics/MetricsConfig.html...
Generating /N/oak/home/nianma/fedora4/orig/new/fcrepo4/fcrepo-metrics/target/apidocs/org/fcrepo/metrics/MetricsConfig.GraphiteConfig.html...
Generating /N/oak/home/nianma/fedora4/orig/new/fcrepo4/fcrepo-metrics/target/apidocs/org/fcrepo/metrics/MetricsConfig.JmxConfig.html...
Generating /N/oak/home/nianma/fedora4/orig/new/fcrepo4/fcrepo-metrics/target/apidocs/org/fcrepo/metrics/MetricsContextListener.html...
Generating /N/oak/home/nianma/fedora4/orig/new/fcrepo4/fcrepo-metrics/target/apidocs/org/fcrepo/metrics/RegistryService.html...
Generating /N/oak/home/nianma/fedora4/orig/new/fcrepo4/fcrepo-metrics/target/apidocs/org/fcrepo/metrics/ReporterFactory.html...
Generating /N/oak/home/nianma/fedora4/orig/new/fcrepo4/fcrepo-metrics/target/apidocs/org/fcrepo/metrics/package-frame.html...
Generating /N/oak/home/nianma/fedora4/orig/new/fcrepo4/fcrepo-metrics/target/apidocs/org/fcrepo/metrics/package-summary.html...
Generating /N/oak/home/nianma/fedora4/orig/new/fcrepo4/fcrepo-metrics/target/apidocs/org/fcrepo/metrics/package-tree.html...
Generating /N/oak/home/nianma/fedora4/orig/new/fcrepo4/fcrepo-metrics/target/apidocs/constant-values.html...
Generating /N/oak/home/nianma/fedora4/orig/new/fcrepo4/fcrepo-metrics/target/apidocs/org/fcrepo/metrics/class-use/MetricsConfig.html...
Generating /N/oak/home/nianma/fedora4/orig/new/fcrepo4/fcrepo-metrics/target/apidocs/org/fcrepo/metrics/class-use/MetricsConfig.GraphiteConfig.html...
Generating /N/oak/home/nianma/fedora4/orig/new/fcrepo4/fcrepo-metrics/target/apidocs/org/fcrepo/metrics/class-use/MetricsConfig.JmxConfig.html...
Generating /N/oak/home/nianma/fedora4/orig/new/fcrepo4/fcrepo-metrics/target/apidocs/org/fcrepo/metrics/class-use/ReporterFactory.html...
Generating /N/oak/home/nianma/fedora4/orig/new/fcrepo4/fcrepo-metrics/target/apidocs/org/fcrepo/metrics/class-use/MetricsContextListener.html...
Generating /N/oak/home/nianma/fedora4/orig/new/fcrepo4/fcrepo-metrics/target/apidocs/org/fcrepo/metrics/class-use/RegistryService.html...
Generating /N/oak/home/nianma/fedora4/orig/new/fcrepo4/fcrepo-metrics/target/apidocs/org/fcrepo/metrics/package-use.html...
Building index for all the packages and classes...
Generating /N/oak/home/nianma/fedora4/orig/new/fcrepo4/fcrepo-metrics/target/apidocs/overview-tree.html...
Generating /N/oak/home/nianma/fedora4/orig/new/fcrepo4/fcrepo-metrics/target/apidocs/index-all.html...
Generating /N/oak/home/nianma/fedora4/orig/new/fcrepo4/fcrepo-metrics/target/apidocs/deprecated-list.html...
Building index for all classes...
Generating /N/oak/home/nianma/fedora4/orig/new/fcrepo4/fcrepo-metrics/target/apidocs/allclasses-frame.html...
Generating /N/oak/home/nianma/fedora4/orig/new/fcrepo4/fcrepo-metrics/target/apidocs/allclasses-noframe.html...
Generating /N/oak/home/nianma/fedora4/orig/new/fcrepo4/fcrepo-metrics/target/apidocs/index.html...
Generating /N/oak/home/nianma/fedora4/orig/new/fcrepo4/fcrepo-metrics/target/apidocs/help-doc.html...
2 warnings
[WARNING] Javadoc Warnings
[WARNING] /N/oak/home/nianma/fedora4/orig/new/fcrepo4/fcrepo-metrics/src/main/java/org/fcrepo/metrics/RegistryService.java:41: warning: no @return
[WARNING] public synchronized static RegistryService getInstance() {
[WARNING] ^
[WARNING] /N/oak/home/nianma/fedora4/orig/new/fcrepo4/fcrepo-metrics/src/main/java/org/fcrepo/metrics/ReporterFactory.java:66: warning: no description for @param
[WARNING] * @param prefix
[WARNING] ^
[INFO] Building jar: /N/oak/home/nianma/fedora4/orig/new/fcrepo4/fcrepo-metrics/target/fcrepo-metrics-4.1.1-SNAPSHOT-javadoc.jar
[INFO]                                                                         
[INFO] ------------------------------------------------------------------------
[INFO] Building Fedora Repository Minter Module 4.1.1-SNAPSHOT
[INFO] ------------------------------------------------------------------------
[WARNING] Failure to transfer org.apache.maven.plugins/maven-metadata.xml from https://oss.sonatype.org/service/local/staging/deploy/maven2/ was cached in the local repository, resolution will not be reattempted until the update interval of sonatype-nexus-staging has elapsed or updates are forced. Original error: Could not transfer metadata org.apache.maven.plugins/maven-metadata.xml from/to sonatype-nexus-staging (https://oss.sonatype.org/service/local/staging/deploy/maven2/): Not authorized , ReasonPhrase:Unauthorized.
[WARNING] Failure to transfer org.codehaus.mojo/maven-metadata.xml from https://oss.sonatype.org/service/local/staging/deploy/maven2/ was cached in the local repository, resolution will not be reattempted until the update interval of sonatype-nexus-staging has elapsed or updates are forced. Original error: Could not transfer metadata org.codehaus.mojo/maven-metadata.xml from/to sonatype-nexus-staging (https://oss.sonatype.org/service/local/staging/deploy/maven2/): Not authorized , ReasonPhrase:Unauthorized.
[WARNING] Failure to transfer org.apache.maven.plugins:maven-javadoc-plugin/maven-metadata.xml from https://oss.sonatype.org/service/local/staging/deploy/maven2/ was cached in the local repository, resolution will not be reattempted until the update interval of sonatype-nexus-staging has elapsed or updates are forced. Original error: Could not transfer metadata org.apache.maven.plugins:maven-javadoc-plugin/maven-metadata.xml from/to sonatype-nexus-staging (https://oss.sonatype.org/service/local/staging/deploy/maven2/): Not authorized , ReasonPhrase:Unauthorized.
[INFO] 
[INFO] --- maven-javadoc-plugin:2.9.1:jar (default-cli) @ fcrepo-mint ---
[INFO] 
Loading source files for package org.fcrepo.mint...
Constructing Javadoc information...
Standard Doclet version 1.8.0_31
Building tree for all the packages and classes...
Generating /N/oak/home/nianma/fedora4/orig/new/fcrepo4/fcrepo-mint/target/apidocs/org/fcrepo/mint/HttpPidMinter.html...
Generating /N/oak/home/nianma/fedora4/orig/new/fcrepo4/fcrepo-mint/target/apidocs/org/fcrepo/mint/UUIDPathMinter.html...
Generating /N/oak/home/nianma/fedora4/orig/new/fcrepo4/fcrepo-mint/target/apidocs/org/fcrepo/mint/UUIDPidMinter.html...
Generating /N/oak/home/nianma/fedora4/orig/new/fcrepo4/fcrepo-mint/target/apidocs/org/fcrepo/mint/package-frame.html...
Generating /N/oak/home/nianma/fedora4/orig/new/fcrepo4/fcrepo-mint/target/apidocs/org/fcrepo/mint/package-summary.html...
Generating /N/oak/home/nianma/fedora4/orig/new/fcrepo4/fcrepo-mint/target/apidocs/org/fcrepo/mint/package-tree.html...
Generating /N/oak/home/nianma/fedora4/orig/new/fcrepo4/fcrepo-mint/target/apidocs/constant-values.html...
Generating /N/oak/home/nianma/fedora4/orig/new/fcrepo4/fcrepo-mint/target/apidocs/org/fcrepo/mint/class-use/HttpPidMinter.html...
Generating /N/oak/home/nianma/fedora4/orig/new/fcrepo4/fcrepo-mint/target/apidocs/org/fcrepo/mint/class-use/UUIDPidMinter.html...
Generating /N/oak/home/nianma/fedora4/orig/new/fcrepo4/fcrepo-mint/target/apidocs/org/fcrepo/mint/class-use/UUIDPathMinter.html...
Generating /N/oak/home/nianma/fedora4/orig/new/fcrepo4/fcrepo-mint/target/apidocs/org/fcrepo/mint/package-use.html...
Building index for all the packages and classes...
Generating /N/oak/home/nianma/fedora4/orig/new/fcrepo4/fcrepo-mint/target/apidocs/overview-tree.html...
Generating /N/oak/home/nianma/fedora4/orig/new/fcrepo4/fcrepo-mint/target/apidocs/index-all.html...
Generating /N/oak/home/nianma/fedora4/orig/new/fcrepo4/fcrepo-mint/target/apidocs/deprecated-list.html...
Building index for all classes...
Generating /N/oak/home/nianma/fedora4/orig/new/fcrepo4/fcrepo-mint/target/apidocs/allclasses-frame.html...
Generating /N/oak/home/nianma/fedora4/orig/new/fcrepo4/fcrepo-mint/target/apidocs/allclasses-noframe.html...
Generating /N/oak/home/nianma/fedora4/orig/new/fcrepo4/fcrepo-mint/target/apidocs/index.html...
Generating /N/oak/home/nianma/fedora4/orig/new/fcrepo4/fcrepo-mint/target/apidocs/help-doc.html...
[INFO] Building jar: /N/oak/home/nianma/fedora4/orig/new/fcrepo4/fcrepo-mint/target/fcrepo-mint-4.1.1-SNAPSHOT-javadoc.jar
[INFO]                                                                         
[INFO] ------------------------------------------------------------------------
[INFO] Building Fedora Repository Configurations Module 4.1.1-SNAPSHOT
[INFO] ------------------------------------------------------------------------
[WARNING] Failure to transfer org.apache.maven.plugins/maven-metadata.xml from https://oss.sonatype.org/service/local/staging/deploy/maven2/ was cached in the local repository, resolution will not be reattempted until the update interval of sonatype-nexus-staging has elapsed or updates are forced. Original error: Could not transfer metadata org.apache.maven.plugins/maven-metadata.xml from/to sonatype-nexus-staging (https://oss.sonatype.org/service/local/staging/deploy/maven2/): Not authorized , ReasonPhrase:Unauthorized.
[WARNING] Failure to transfer org.codehaus.mojo/maven-metadata.xml from https://oss.sonatype.org/service/local/staging/deploy/maven2/ was cached in the local repository, resolution will not be reattempted until the update interval of sonatype-nexus-staging has elapsed or updates are forced. Original error: Could not transfer metadata org.codehaus.mojo/maven-metadata.xml from/to sonatype-nexus-staging (https://oss.sonatype.org/service/local/staging/deploy/maven2/): Not authorized , ReasonPhrase:Unauthorized.
[WARNING] Failure to transfer org.apache.maven.plugins:maven-javadoc-plugin/maven-metadata.xml from https://oss.sonatype.org/service/local/staging/deploy/maven2/ was cached in the local repository, resolution will not be reattempted until the update interval of sonatype-nexus-staging has elapsed or updates are forced. Original error: Could not transfer metadata org.apache.maven.plugins:maven-javadoc-plugin/maven-metadata.xml from/to sonatype-nexus-staging (https://oss.sonatype.org/service/local/staging/deploy/maven2/): Not authorized , ReasonPhrase:Unauthorized.
[INFO] 
[INFO] --- maven-javadoc-plugin:2.9.1:jar (default-cli) @ fcrepo-configs ---
[INFO]                                                                         
[INFO] ------------------------------------------------------------------------
[INFO] Building Fedora Repository Kernel Implementation 4.1.1-SNAPSHOT
[INFO] ------------------------------------------------------------------------
[WARNING] Failure to transfer org.apache.maven.plugins/maven-metadata.xml from https://oss.sonatype.org/service/local/staging/deploy/maven2/ was cached in the local repository, resolution will not be reattempted until the update interval of sonatype-nexus-staging has elapsed or updates are forced. Original error: Could not transfer metadata org.apache.maven.plugins/maven-metadata.xml from/to sonatype-nexus-staging (https://oss.sonatype.org/service/local/staging/deploy/maven2/): Not authorized , ReasonPhrase:Unauthorized.
[WARNING] Failure to transfer org.codehaus.mojo/maven-metadata.xml from https://oss.sonatype.org/service/local/staging/deploy/maven2/ was cached in the local repository, resolution will not be reattempted until the update interval of sonatype-nexus-staging has elapsed or updates are forced. Original error: Could not transfer metadata org.codehaus.mojo/maven-metadata.xml from/to sonatype-nexus-staging (https://oss.sonatype.org/service/local/staging/deploy/maven2/): Not authorized , ReasonPhrase:Unauthorized.
[WARNING] Failure to transfer org.apache.maven.plugins:maven-javadoc-plugin/maven-metadata.xml from https://oss.sonatype.org/service/local/staging/deploy/maven2/ was cached in the local repository, resolution will not be reattempted until the update interval of sonatype-nexus-staging has elapsed or updates are forced. Original error: Could not transfer metadata org.apache.maven.plugins:maven-javadoc-plugin/maven-metadata.xml from/to sonatype-nexus-staging (https://oss.sonatype.org/service/local/staging/deploy/maven2/): Not authorized , ReasonPhrase:Unauthorized.
[INFO] 
[INFO] --- maven-javadoc-plugin:2.9.1:jar (default-cli) @ fcrepo-kernel-impl ---
[INFO] The goal 'org.apache.maven.plugins:maven-javadoc-plugin:2.9.1:javadoc' has not been previously called for the module: 'org.fcrepo:fcrepo-configs:jar:4.1.1-SNAPSHOT'. Trying to invoke it...
OpenJDK 64-Bit Server VM warning: ignoring option MaxPermSize=256m; support was removed in 8.0
[WARNING] Creating fake javadoc directory to prevent repeated invocations: /N/oak/home/nianma/fedora4/orig/new/fcrepo4/fcrepo-configs/target/apidocs
[ERROR] Error fetching link: /N/oak/home/nianma/fedora4/orig/new/fcrepo4/fcrepo-configs/target/apidocs/package-list. Ignored it.
[INFO] 
Loading source files for package org.fcrepo.kernel.impl...
Loading source files for package org.fcrepo.kernel.impl.identifiers...
Loading source files for package org.fcrepo.kernel.impl.rdf...
Loading source files for package org.fcrepo.kernel.impl.rdf.impl...
Loading source files for package org.fcrepo.kernel.impl.rdf.impl.mappings...
Loading source files for package org.fcrepo.kernel.impl.rdf.converters...
Loading source files for package org.fcrepo.kernel.impl.utils.iterators...
Loading source files for package org.fcrepo.kernel.impl.utils...
Loading source files for package org.fcrepo.kernel.impl.utils.impl...
Loading source files for package org.fcrepo.kernel.impl.utils.infinispan...
Loading source files for package org.fcrepo.kernel.impl.observer...
Loading source files for package org.fcrepo.kernel.impl.observer.eventmappings...
Loading source files for package org.fcrepo.kernel.impl.services...
Loading source files for package org.fcrepo.kernel.impl.services.functions...
Loading source files for package org.fcrepo.kernel.impl.spring...
Loading source files for package org.modeshape...
Loading source files for package org.modeshape.jcr...
Loading source files for package org.modeshape.jcr.value.binary.infinispan...
Constructing Javadoc information...
Standard Doclet version 1.8.0_31
Building tree for all the packages and classes...
Generating /N/oak/home/nianma/fedora4/orig/new/fcrepo4/fcrepo-kernel-impl/target/apidocs/org/fcrepo/kernel/impl/ContainerImpl.html...
Generating /N/oak/home/nianma/fedora4/orig/new/fcrepo4/fcrepo-kernel-impl/target/apidocs/org/fcrepo/kernel/impl/FedoraBinaryImpl.html...
Generating /N/oak/home/nianma/fedora4/orig/new/fcrepo4/fcrepo-kernel-impl/target/apidocs/org/fcrepo/kernel/impl/FedoraResourceImpl.html...
Generating /N/oak/home/nianma/fedora4/orig/new/fcrepo4/fcrepo-kernel-impl/target/apidocs/org/fcrepo/kernel/impl/NonRdfSourceDescriptionImpl.html...
Generating /N/oak/home/nianma/fedora4/orig/new/fcrepo4/fcrepo-kernel-impl/target/apidocs/org/fcrepo/kernel/impl/TombstoneImpl.html...
Generating /N/oak/home/nianma/fedora4/orig/new/fcrepo4/fcrepo-kernel-impl/target/apidocs/org/fcrepo/kernel/impl/TransactionImpl.html...
Generating /N/oak/home/nianma/fedora4/orig/new/fcrepo4/fcrepo-kernel-impl/target/apidocs/org/fcrepo/kernel/impl/TxAwareSession.html...
Generating /N/oak/home/nianma/fedora4/orig/new/fcrepo4/fcrepo-kernel-impl/target/apidocs/org/fcrepo/kernel/impl/identifiers/HashConverter.html...
Generating /N/oak/home/nianma/fedora4/orig/new/fcrepo4/fcrepo-kernel-impl/target/apidocs/org/fcrepo/kernel/impl/identifiers/HierarchyConverter.html...
Generating /N/oak/home/nianma/fedora4/orig/new/fcrepo4/fcrepo-kernel-impl/target/apidocs/org/fcrepo/kernel/impl/identifiers/NamespaceConverter.html...
Generating /N/oak/home/nianma/fedora4/orig/new/fcrepo4/fcrepo-kernel-impl/target/apidocs/org/fcrepo/kernel/impl/identifiers/NodeResourceConverter.html...
Generating /N/oak/home/nianma/fedora4/orig/new/fcrepo4/fcrepo-kernel-impl/target/apidocs/org/fcrepo/kernel/impl/rdf/JcrRdfTools.html...
Generating /N/oak/home/nianma/fedora4/orig/new/fcrepo4/fcrepo-kernel-impl/target/apidocs/org/fcrepo/kernel/impl/rdf/ManagedRdf.html...
Generating /N/oak/home/nianma/fedora4/orig/new/fcrepo4/fcrepo-kernel-impl/target/apidocs/org/fcrepo/kernel/impl/rdf/impl/AclRdfContext.html...
Generating /N/oak/home/nianma/fedora4/orig/new/fcrepo4/fcrepo-kernel-impl/target/apidocs/org/fcrepo/kernel/impl/rdf/impl/BlankNodeRdfContext.html...
Generating /N/oak/home/nianma/fedora4/orig/new/fcrepo4/fcrepo-kernel-impl/target/apidocs/org/fcrepo/kernel/impl/rdf/impl/ChildrenRdfContext.html...
Generating /N/oak/home/nianma/fedora4/orig/new/fcrepo4/fcrepo-kernel-impl/target/apidocs/org/fcrepo/kernel/impl/rdf/impl/ContentRdfContext.html...
Generating /N/oak/home/nianma/fedora4/orig/new/fcrepo4/fcrepo-kernel-impl/target/apidocs/org/fcrepo/kernel/impl/rdf/impl/DefaultIdentifierTranslator.html...
Generating /N/oak/home/nianma/fedora4/orig/new/fcrepo4/fcrepo-kernel-impl/target/apidocs/org/fcrepo/kernel/impl/rdf/impl/FixityRdfContext.html...
Generating /N/oak/home/nianma/fedora4/orig/new/fcrepo4/fcrepo-kernel-impl/target/apidocs/org/fcrepo/kernel/impl/rdf/impl/HashRdfContext.html...
Generating /N/oak/home/nianma/fedora4/orig/new/fcrepo4/fcrepo-kernel-impl/target/apidocs/org/fcrepo/kernel/impl/rdf/impl/LdpContainerRdfContext.html...
Generating /N/oak/home/nianma/fedora4/orig/new/fcrepo4/fcrepo-kernel-impl/target/apidocs/org/fcrepo/kernel/impl/rdf/impl/LdpIsMemberOfRdfContext.html...
Generating /N/oak/home/nianma/fedora4/orig/new/fcrepo4/fcrepo-kernel-impl/target/apidocs/org/fcrepo/kernel/impl/rdf/impl/LdpRdfContext.html...
Generating /N/oak/home/nianma/fedora4/orig/new/fcrepo4/fcrepo-kernel-impl/target/apidocs/org/fcrepo/kernel/impl/rdf/impl/NamespaceRdfContext.html...
Generating /N/oak/home/nianma/fedora4/orig/new/fcrepo4/fcrepo-kernel-impl/target/apidocs/org/fcrepo/kernel/impl/rdf/impl/NodeRdfContext.html...
Generating /N/oak/home/nianma/fedora4/orig/new/fcrepo4/fcrepo-kernel-impl/target/apidocs/org/fcrepo/kernel/impl/rdf/impl/NodeTypeRdfContext.html...
Generating /N/oak/home/nianma/fedora4/orig/new/fcrepo4/fcrepo-kernel-impl/target/apidocs/org/fcrepo/kernel/impl/rdf/impl/ParentRdfContext.html...
Generating /N/oak/home/nianma/fedora4/orig/new/fcrepo4/fcrepo-kernel-impl/target/apidocs/org/fcrepo/kernel/impl/rdf/impl/PropertiesRdfContext.html...
Generating /N/oak/home/nianma/fedora4/orig/new/fcrepo4/fcrepo-kernel-impl/target/apidocs/org/fcrepo/kernel/impl/rdf/impl/ReferencesRdfContext.html...
Generating /N/oak/home/nianma/fedora4/orig/new/fcrepo4/fcrepo-kernel-impl/target/apidocs/org/fcrepo/kernel/impl/rdf/impl/RootRdfContext.html...
Generating /N/oak/home/nianma/fedora4/orig/new/fcrepo4/fcrepo-kernel-impl/target/apidocs/org/fcrepo/kernel/impl/rdf/impl/TypeRdfContext.html...
Generating /N/oak/home/nianma/fedora4/orig/new/fcrepo4/fcrepo-kernel-impl/target/apidocs/org/fcrepo/kernel/impl/rdf/impl/VersionsRdfContext.html...
Generating /N/oak/home/nianma/fedora4/orig/new/fcrepo4/fcrepo-kernel-impl/target/apidocs/org/fcrepo/kernel/impl/rdf/impl/mappings/ItemDefinitionToTriples.html...
Generating /N/oak/home/nianma/fedora4/orig/new/fcrepo4/fcrepo-kernel-impl/target/apidocs/org/fcrepo/kernel/impl/rdf/impl/mappings/NodeDefinitionToTriples.html...
Generating /N/oak/home/nianma/fedora4/orig/new/fcrepo4/fcrepo-kernel-impl/target/apidocs/org/fcrepo/kernel/impl/rdf/impl/mappings/PropertyDefinitionToTriples.html...
Generating /N/oak/home/nianma/fedora4/orig/new/fcrepo4/fcrepo-kernel-impl/target/apidocs/org/fcrepo/kernel/impl/rdf/impl/mappings/PropertyToTriple.html...
Generating /N/oak/home/nianma/fedora4/orig/new/fcrepo4/fcrepo-kernel-impl/target/apidocs/org/fcrepo/kernel/impl/rdf/impl/mappings/PropertyValueIterator.html...
Generating /N/oak/home/nianma/fedora4/orig/new/fcrepo4/fcrepo-kernel-impl/target/apidocs/org/fcrepo/kernel/impl/rdf/converters/PropertyConverter.html...
Generating /N/oak/home/nianma/fedora4/orig/new/fcrepo4/fcrepo-kernel-impl/target/apidocs/org/fcrepo/kernel/impl/rdf/converters/ValueConverter.html...
Generating /N/oak/home/nianma/fedora4/orig/new/fcrepo4/fcrepo-kernel-impl/target/apidocs/org/fcrepo/kernel/impl/rdf/converters/ValueConverter.RdfLiteralJcrValueBuilder.html...
Generating /N/oak/home/nianma/fedora4/orig/new/fcrepo4/fcrepo-kernel-impl/target/apidocs/org/fcrepo/kernel/impl/utils/iterators/PersistingRdfStreamConsumer.html...
Generating /N/oak/home/nianma/fedora4/orig/new/fcrepo4/fcrepo-kernel-impl/target/apidocs/org/fcrepo/kernel/impl/utils/iterators/RdfAdder.html...
Generating /N/oak/home/nianma/fedora4/orig/new/fcrepo4/fcrepo-kernel-impl/target/apidocs/org/fcrepo/kernel/impl/utils/iterators/RdfRemover.html...
Generating /N/oak/home/nianma/fedora4/orig/new/fcrepo4/fcrepo-kernel-impl/target/apidocs/org/fcrepo/kernel/impl/utils/BasicCacheEntry.html...
Generating /N/oak/home/nianma/fedora4/orig/new/fcrepo4/fcrepo-kernel-impl/target/apidocs/org/fcrepo/kernel/impl/utils/BinaryCacheEntry.html...
Generating /N/oak/home/nianma/fedora4/orig/new/fcrepo4/fcrepo-kernel-impl/target/apidocs/org/fcrepo/kernel/impl/utils/FedoraTypesUtils.html...
Generating /N/oak/home/nianma/fedora4/orig/new/fcrepo4/fcrepo-kernel-impl/target/apidocs/org/fcrepo/kernel/impl/utils/FixityInputStream.html...
Generating /N/oak/home/nianma/fedora4/orig/new/fcrepo4/fcrepo-kernel-impl/target/apidocs/org/fcrepo/kernel/impl/utils/FixityResultImpl.html...
Generating /N/oak/home/nianma/fedora4/orig/new/fcrepo4/fcrepo-kernel-impl/target/apidocs/org/fcrepo/kernel/impl/utils/JcrPropertyStatementListener.html...
Generating /N/oak/home/nianma/fedora4/orig/new/fcrepo4/fcrepo-kernel-impl/target/apidocs/org/fcrepo/kernel/impl/utils/NodePropertiesTools.html...
Generating /N/oak/home/nianma/fedora4/orig/new/fcrepo4/fcrepo-kernel-impl/target/apidocs/org/fcrepo/kernel/impl/utils/ProjectedCacheEntry.html...
Generating /N/oak/home/nianma/fedora4/orig/new/fcrepo4/fcrepo-kernel-impl/target/apidocs/org/fcrepo/kernel/impl/utils/impl/CacheEntryFactory.html...
Generating /N/oak/home/nianma/fedora4/orig/new/fcrepo4/fcrepo-kernel-impl/target/apidocs/org/fcrepo/kernel/impl/utils/impl/DistributedFixityCheck.html...
Generating /N/oak/home/nianma/fedora4/orig/new/fcrepo4/fcrepo-kernel-impl/target/apidocs/org/fcrepo/kernel/impl/utils/impl/FileSystemBinaryStoreEntry.html...
Generating /N/oak/home/nianma/fedora4/orig/new/fcrepo4/fcrepo-kernel-impl/target/apidocs/org/fcrepo/kernel/impl/utils/impl/InfinispanCacheStoreEntry.html...
Generating /N/oak/home/nianma/fedora4/orig/new/fcrepo4/fcrepo-kernel-impl/target/apidocs/org/fcrepo/kernel/impl/utils/impl/LocalBinaryStoreEntry.html...
Generating /N/oak/home/nianma/fedora4/orig/new/fcrepo4/fcrepo-kernel-impl/target/apidocs/org/fcrepo/kernel/impl/utils/infinispan/CacheLoaderChunkInputStream.html...
Generating /N/oak/home/nianma/fedora4/orig/new/fcrepo4/fcrepo-kernel-impl/target/apidocs/org/fcrepo/kernel/impl/observer/DefaultFilter.html...
Generating /N/oak/home/nianma/fedora4/orig/new/fcrepo4/fcrepo-kernel-impl/target/apidocs/org/fcrepo/kernel/impl/observer/GetNamespacedProperties.html...
Generating /N/oak/home/nianma/fedora4/orig/new/fcrepo4/fcrepo-kernel-impl/target/apidocs/org/fcrepo/kernel/impl/observer/NodeRemovalEventObserver.html...
Generating /N/oak/home/nianma/fedora4/orig/new/fcrepo4/fcrepo-kernel-impl/target/apidocs/org/fcrepo/kernel/impl/observer/NOOPFilter.html...
Generating /N/oak/home/nianma/fedora4/orig/new/fcrepo4/fcrepo-kernel-impl/target/apidocs/org/fcrepo/kernel/impl/observer/SimpleObserver.html...
Generating /N/oak/home/nianma/fedora4/orig/new/fcrepo4/fcrepo-kernel-impl/target/apidocs/org/fcrepo/kernel/impl/observer/eventmappings/AllNodeEventsOneEvent.html...
Generating /N/oak/home/nianma/fedora4/orig/new/fcrepo4/fcrepo-kernel-impl/target/apidocs/org/fcrepo/kernel/impl/observer/eventmappings/OneToOne.html...
Generating /N/oak/home/nianma/fedora4/orig/new/fcrepo4/fcrepo-kernel-impl/target/apidocs/org/fcrepo/kernel/impl/services/AbstractService.html...
Generating /N/oak/home/nianma/fedora4/orig/new/fcrepo4/fcrepo-kernel-impl/target/apidocs/org/fcrepo/kernel/impl/services/BinaryServiceImpl.html...
Generating /N/oak/home/nianma/fedora4/orig/new/fcrepo4/fcrepo-kernel-impl/target/apidocs/org/fcrepo/kernel/impl/services/ContainerServiceImpl.html...
Generating /N/oak/home/nianma/fedora4/orig/new/fcrepo4/fcrepo-kernel-impl/target/apidocs/org/fcrepo/kernel/impl/services/ExternalContentServiceImpl.html...
Generating /N/oak/home/nianma/fedora4/orig/new/fcrepo4/fcrepo-kernel-impl/target/apidocs/org/fcrepo/kernel/impl/services/NodeServiceImpl.html...
Generating /N/oak/home/nianma/fedora4/orig/new/fcrepo4/fcrepo-kernel-impl/target/apidocs/org/fcrepo/kernel/impl/services/RepositoryServiceImpl.html...
Generating /N/oak/home/nianma/fedora4/orig/new/fcrepo4/fcrepo-kernel-impl/target/apidocs/org/fcrepo/kernel/impl/services/ServiceHelpers.html...
Generating /N/oak/home/nianma/fedora4/orig/new/fcrepo4/fcrepo-kernel-impl/target/apidocs/org/fcrepo/kernel/impl/services/TransactionServiceImpl.html...
Generating /N/oak/home/nianma/fedora4/orig/new/fcrepo4/fcrepo-kernel-impl/target/apidocs/org/fcrepo/kernel/impl/services/VersionServiceImpl.html...
Generating /N/oak/home/nianma/fedora4/orig/new/fcrepo4/fcrepo-kernel-impl/target/apidocs/org/fcrepo/kernel/impl/services/functions/GetBinaryKey.html...
Generating /N/oak/home/nianma/fedora4/orig/new/fcrepo4/fcrepo-kernel-impl/target/apidocs/org/fcrepo/kernel/impl/services/functions/GetClusterConfiguration.html...
Generating /N/oak/home/nianma/fedora4/orig/new/fcrepo4/fcrepo-kernel-impl/target/apidocs/org/fcrepo/kernel/impl/services/functions/GetClusterExecutor.html...
Generating /N/oak/home/nianma/fedora4/orig/new/fcrepo4/fcrepo-kernel-impl/target/apidocs/org/fcrepo/kernel/impl/spring/DefaultPropertiesLoader.html...
Generating /N/oak/home/nianma/fedora4/orig/new/fcrepo4/fcrepo-kernel-impl/target/apidocs/org/fcrepo/kernel/impl/spring/ModeShapeRepositoryFactoryBean.html...
Generating /N/oak/home/nianma/fedora4/orig/new/fcrepo4/fcrepo-kernel-impl/target/apidocs/org/modeshape/jcr/GetBinaryStore.html...
Generating /N/oak/home/nianma/fedora4/orig/new/fcrepo4/fcrepo-kernel-impl/target/apidocs/org/modeshape/jcr/IsExternal.html...
Generating /N/oak/home/nianma/fedora4/orig/new/fcrepo4/fcrepo-kernel-impl/target/apidocs/org/modeshape/jcr/value/binary/infinispan/ChunkBinaryMetadata.html...
Generating /N/oak/home/nianma/fedora4/orig/new/fcrepo4/fcrepo-kernel-impl/target/apidocs/org/modeshape/jcr/value/binary/infinispan/InfinispanUtils.html...
Generating /N/oak/home/nianma/fedora4/orig/new/fcrepo4/fcrepo-kernel-impl/target/apidocs/overview-frame.html...
Generating /N/oak/home/nianma/fedora4/orig/new/fcrepo4/fcrepo-kernel-impl/target/apidocs/org/fcrepo/kernel/impl/package-frame.html...
Generating /N/oak/home/nianma/fedora4/orig/new/fcrepo4/fcrepo-kernel-impl/target/apidocs/org/fcrepo/kernel/impl/package-summary.html...
Generating /N/oak/home/nianma/fedora4/orig/new/fcrepo4/fcrepo-kernel-impl/target/apidocs/org/fcrepo/kernel/impl/package-tree.html...
Generating /N/oak/home/nianma/fedora4/orig/new/fcrepo4/fcrepo-kernel-impl/target/apidocs/org/fcrepo/kernel/impl/identifiers/package-frame.html...
Generating /N/oak/home/nianma/fedora4/orig/new/fcrepo4/fcrepo-kernel-impl/target/apidocs/org/fcrepo/kernel/impl/identifiers/package-summary.html...
Generating /N/oak/home/nianma/fedora4/orig/new/fcrepo4/fcrepo-kernel-impl/target/apidocs/org/fcrepo/kernel/impl/identifiers/package-tree.html...
Generating /N/oak/home/nianma/fedora4/orig/new/fcrepo4/fcrepo-kernel-impl/target/apidocs/org/fcrepo/kernel/impl/observer/package-frame.html...
Generating /N/oak/home/nianma/fedora4/orig/new/fcrepo4/fcrepo-kernel-impl/target/apidocs/org/fcrepo/kernel/impl/observer/package-summary.html...
Generating /N/oak/home/nianma/fedora4/orig/new/fcrepo4/fcrepo-kernel-impl/target/apidocs/org/fcrepo/kernel/impl/observer/package-tree.html...
Generating /N/oak/home/nianma/fedora4/orig/new/fcrepo4/fcrepo-kernel-impl/target/apidocs/org/fcrepo/kernel/impl/observer/eventmappings/package-frame.html...
Generating /N/oak/home/nianma/fedora4/orig/new/fcrepo4/fcrepo-kernel-impl/target/apidocs/org/fcrepo/kernel/impl/observer/eventmappings/package-summary.html...
Generating /N/oak/home/nianma/fedora4/orig/new/fcrepo4/fcrepo-kernel-impl/target/apidocs/org/fcrepo/kernel/impl/observer/eventmappings/package-tree.html...
Generating /N/oak/home/nianma/fedora4/orig/new/fcrepo4/fcrepo-kernel-impl/target/apidocs/org/fcrepo/kernel/impl/rdf/package-frame.html...
Generating /N/oak/home/nianma/fedora4/orig/new/fcrepo4/fcrepo-kernel-impl/target/apidocs/org/fcrepo/kernel/impl/rdf/package-summary.html...
Generating /N/oak/home/nianma/fedora4/orig/new/fcrepo4/fcrepo-kernel-impl/target/apidocs/org/fcrepo/kernel/impl/rdf/package-tree.html...
Generating /N/oak/home/nianma/fedora4/orig/new/fcrepo4/fcrepo-kernel-impl/target/apidocs/org/fcrepo/kernel/impl/rdf/converters/package-frame.html...
Generating /N/oak/home/nianma/fedora4/orig/new/fcrepo4/fcrepo-kernel-impl/target/apidocs/org/fcrepo/kernel/impl/rdf/converters/package-summary.html...
Generating /N/oak/home/nianma/fedora4/orig/new/fcrepo4/fcrepo-kernel-impl/target/apidocs/org/fcrepo/kernel/impl/rdf/converters/package-tree.html...
Generating /N/oak/home/nianma/fedora4/orig/new/fcrepo4/fcrepo-kernel-impl/target/apidocs/org/fcrepo/kernel/impl/rdf/impl/package-frame.html...
Generating /N/oak/home/nianma/fedora4/orig/new/fcrepo4/fcrepo-kernel-impl/target/apidocs/org/fcrepo/kernel/impl/rdf/impl/package-summary.html...
Generating /N/oak/home/nianma/fedora4/orig/new/fcrepo4/fcrepo-kernel-impl/target/apidocs/org/fcrepo/kernel/impl/rdf/impl/package-tree.html...
Generating /N/oak/home/nianma/fedora4/orig/new/fcrepo4/fcrepo-kernel-impl/target/apidocs/org/fcrepo/kernel/impl/rdf/impl/mappings/package-frame.html...
Generating /N/oak/home/nianma/fedora4/orig/new/fcrepo4/fcrepo-kernel-impl/target/apidocs/org/fcrepo/kernel/impl/rdf/impl/mappings/package-summary.html...
Generating /N/oak/home/nianma/fedora4/orig/new/fcrepo4/fcrepo-kernel-impl/target/apidocs/org/fcrepo/kernel/impl/rdf/impl/mappings/package-tree.html...
Generating /N/oak/home/nianma/fedora4/orig/new/fcrepo4/fcrepo-kernel-impl/target/apidocs/org/fcrepo/kernel/impl/services/package-frame.html...
Generating /N/oak/home/nianma/fedora4/orig/new/fcrepo4/fcrepo-kernel-impl/target/apidocs/org/fcrepo/kernel/impl/services/package-summary.html...
Generating /N/oak/home/nianma/fedora4/orig/new/fcrepo4/fcrepo-kernel-impl/target/apidocs/org/fcrepo/kernel/impl/services/package-tree.html...
Generating /N/oak/home/nianma/fedora4/orig/new/fcrepo4/fcrepo-kernel-impl/target/apidocs/org/fcrepo/kernel/impl/services/functions/package-frame.html...
Generating /N/oak/home/nianma/fedora4/orig/new/fcrepo4/fcrepo-kernel-impl/target/apidocs/org/fcrepo/kernel/impl/services/functions/package-summary.html...
Generating /N/oak/home/nianma/fedora4/orig/new/fcrepo4/fcrepo-kernel-impl/target/apidocs/org/fcrepo/kernel/impl/services/functions/package-tree.html...
Generating /N/oak/home/nianma/fedora4/orig/new/fcrepo4/fcrepo-kernel-impl/target/apidocs/org/fcrepo/kernel/impl/spring/package-frame.html...
Generating /N/oak/home/nianma/fedora4/orig/new/fcrepo4/fcrepo-kernel-impl/target/apidocs/org/fcrepo/kernel/impl/spring/package-summary.html...
Generating /N/oak/home/nianma/fedora4/orig/new/fcrepo4/fcrepo-kernel-impl/target/apidocs/org/fcrepo/kernel/impl/spring/package-tree.html...
Generating /N/oak/home/nianma/fedora4/orig/new/fcrepo4/fcrepo-kernel-impl/target/apidocs/org/fcrepo/kernel/impl/utils/package-frame.html...
Generating /N/oak/home/nianma/fedora4/orig/new/fcrepo4/fcrepo-kernel-impl/target/apidocs/org/fcrepo/kernel/impl/utils/package-summary.html...
Generating /N/oak/home/nianma/fedora4/orig/new/fcrepo4/fcrepo-kernel-impl/target/apidocs/org/fcrepo/kernel/impl/utils/package-tree.html...
Generating /N/oak/home/nianma/fedora4/orig/new/fcrepo4/fcrepo-kernel-impl/target/apidocs/org/fcrepo/kernel/impl/utils/impl/package-frame.html...
Generating /N/oak/home/nianma/fedora4/orig/new/fcrepo4/fcrepo-kernel-impl/target/apidocs/org/fcrepo/kernel/impl/utils/impl/package-summary.html...
Generating /N/oak/home/nianma/fedora4/orig/new/fcrepo4/fcrepo-kernel-impl/target/apidocs/org/fcrepo/kernel/impl/utils/impl/package-tree.html...
Generating /N/oak/home/nianma/fedora4/orig/new/fcrepo4/fcrepo-kernel-impl/target/apidocs/org/fcrepo/kernel/impl/utils/infinispan/package-frame.html...
Generating /N/oak/home/nianma/fedora4/orig/new/fcrepo4/fcrepo-kernel-impl/target/apidocs/org/fcrepo/kernel/impl/utils/infinispan/package-summary.html...
Generating /N/oak/home/nianma/fedora4/orig/new/fcrepo4/fcrepo-kernel-impl/target/apidocs/org/fcrepo/kernel/impl/utils/infinispan/package-tree.html...
Generating /N/oak/home/nianma/fedora4/orig/new/fcrepo4/fcrepo-kernel-impl/target/apidocs/org/fcrepo/kernel/impl/utils/iterators/package-frame.html...
Generating /N/oak/home/nianma/fedora4/orig/new/fcrepo4/fcrepo-kernel-impl/target/apidocs/org/fcrepo/kernel/impl/utils/iterators/package-summary.html...
Generating /N/oak/home/nianma/fedora4/orig/new/fcrepo4/fcrepo-kernel-impl/target/apidocs/org/fcrepo/kernel/impl/utils/iterators/package-tree.html...
Generating /N/oak/home/nianma/fedora4/orig/new/fcrepo4/fcrepo-kernel-impl/target/apidocs/org/modeshape/package-frame.html...
Generating /N/oak/home/nianma/fedora4/orig/new/fcrepo4/fcrepo-kernel-impl/target/apidocs/org/modeshape/package-summary.html...
Generating /N/oak/home/nianma/fedora4/orig/new/fcrepo4/fcrepo-kernel-impl/target/apidocs/org/modeshape/package-tree.html...
Generating /N/oak/home/nianma/fedora4/orig/new/fcrepo4/fcrepo-kernel-impl/target/apidocs/org/modeshape/jcr/package-frame.html...
Generating /N/oak/home/nianma/fedora4/orig/new/fcrepo4/fcrepo-kernel-impl/target/apidocs/org/modeshape/jcr/package-summary.html...
Generating /N/oak/home/nianma/fedora4/orig/new/fcrepo4/fcrepo-kernel-impl/target/apidocs/org/modeshape/jcr/package-tree.html...
Generating /N/oak/home/nianma/fedora4/orig/new/fcrepo4/fcrepo-kernel-impl/target/apidocs/org/modeshape/jcr/value/binary/infinispan/package-frame.html...
Generating /N/oak/home/nianma/fedora4/orig/new/fcrepo4/fcrepo-kernel-impl/target/apidocs/org/modeshape/jcr/value/binary/infinispan/package-summary.html...
Generating /N/oak/home/nianma/fedora4/orig/new/fcrepo4/fcrepo-kernel-impl/target/apidocs/org/modeshape/jcr/value/binary/infinispan/package-tree.html...
Generating /N/oak/home/nianma/fedora4/orig/new/fcrepo4/fcrepo-kernel-impl/target/apidocs/constant-values.html...
Generating /N/oak/home/nianma/fedora4/orig/new/fcrepo4/fcrepo-kernel-impl/target/apidocs/serialized-form.html...
Generating /N/oak/home/nianma/fedora4/orig/new/fcrepo4/fcrepo-kernel-impl/target/apidocs/org/fcrepo/kernel/impl/class-use/FedoraBinaryImpl.html...
Generating /N/oak/home/nianma/fedora4/orig/new/fcrepo4/fcrepo-kernel-impl/target/apidocs/org/fcrepo/kernel/impl/class-use/TombstoneImpl.html...
Generating /N/oak/home/nianma/fedora4/orig/new/fcrepo4/fcrepo-kernel-impl/target/apidocs/org/fcrepo/kernel/impl/class-use/TxAwareSession.html...
Generating /N/oak/home/nianma/fedora4/orig/new/fcrepo4/fcrepo-kernel-impl/target/apidocs/org/fcrepo/kernel/impl/class-use/ContainerImpl.html...
Generating /N/oak/home/nianma/fedora4/orig/new/fcrepo4/fcrepo-kernel-impl/target/apidocs/org/fcrepo/kernel/impl/class-use/TransactionImpl.html...
Generating /N/oak/home/nianma/fedora4/orig/new/fcrepo4/fcrepo-kernel-impl/target/apidocs/org/fcrepo/kernel/impl/class-use/NonRdfSourceDescriptionImpl.html...
Generating /N/oak/home/nianma/fedora4/orig/new/fcrepo4/fcrepo-kernel-impl/target/apidocs/org/fcrepo/kernel/impl/class-use/FedoraResourceImpl.html...
Generating /N/oak/home/nianma/fedora4/orig/new/fcrepo4/fcrepo-kernel-impl/target/apidocs/org/fcrepo/kernel/impl/identifiers/class-use/HierarchyConverter.html...
Generating /N/oak/home/nianma/fedora4/orig/new/fcrepo4/fcrepo-kernel-impl/target/apidocs/org/fcrepo/kernel/impl/identifiers/class-use/NodeResourceConverter.html...
Generating /N/oak/home/nianma/fedora4/orig/new/fcrepo4/fcrepo-kernel-impl/target/apidocs/org/fcrepo/kernel/impl/identifiers/class-use/NamespaceConverter.html...
Generating /N/oak/home/nianma/fedora4/orig/new/fcrepo4/fcrepo-kernel-impl/target/apidocs/org/fcrepo/kernel/impl/identifiers/class-use/HashConverter.html...
Generating /N/oak/home/nianma/fedora4/orig/new/fcrepo4/fcrepo-kernel-impl/target/apidocs/org/fcrepo/kernel/impl/rdf/class-use/JcrRdfTools.html...
Generating /N/oak/home/nianma/fedora4/orig/new/fcrepo4/fcrepo-kernel-impl/target/apidocs/org/fcrepo/kernel/impl/rdf/class-use/ManagedRdf.html...
Generating /N/oak/home/nianma/fedora4/orig/new/fcrepo4/fcrepo-kernel-impl/target/apidocs/org/fcrepo/kernel/impl/rdf/impl/class-use/NodeRdfContext.html...
Generating /N/oak/home/nianma/fedora4/orig/new/fcrepo4/fcrepo-kernel-impl/target/apidocs/org/fcrepo/kernel/impl/rdf/impl/class-use/FixityRdfContext.html...
Generating /N/oak/home/nianma/fedora4/orig/new/fcrepo4/fcrepo-kernel-impl/target/apidocs/org/fcrepo/kernel/impl/rdf/impl/class-use/PropertiesRdfContext.html...
Generating /N/oak/home/nianma/fedora4/orig/new/fcrepo4/fcrepo-kernel-impl/target/apidocs/org/fcrepo/kernel/impl/rdf/impl/class-use/NodeTypeRdfContext.html...
Generating /N/oak/home/nianma/fedora4/orig/new/fcrepo4/fcrepo-kernel-impl/target/apidocs/org/fcrepo/kernel/impl/rdf/impl/class-use/ParentRdfContext.html...
Generating /N/oak/home/nianma/fedora4/orig/new/fcrepo4/fcrepo-kernel-impl/target/apidocs/org/fcrepo/kernel/impl/rdf/impl/class-use/LdpRdfContext.html...
Generating /N/oak/home/nianma/fedora4/orig/new/fcrepo4/fcrepo-kernel-impl/target/apidocs/org/fcrepo/kernel/impl/rdf/impl/class-use/RootRdfContext.html...
Generating /N/oak/home/nianma/fedora4/orig/new/fcrepo4/fcrepo-kernel-impl/target/apidocs/org/fcrepo/kernel/impl/rdf/impl/class-use/ContentRdfContext.html...
Generating /N/oak/home/nianma/fedora4/orig/new/fcrepo4/fcrepo-kernel-impl/target/apidocs/org/fcrepo/kernel/impl/rdf/impl/class-use/TypeRdfContext.html...
Generating /N/oak/home/nianma/fedora4/orig/new/fcrepo4/fcrepo-kernel-impl/target/apidocs/org/fcrepo/kernel/impl/rdf/impl/class-use/VersionsRdfContext.html...
Generating /N/oak/home/nianma/fedora4/orig/new/fcrepo4/fcrepo-kernel-impl/target/apidocs/org/fcrepo/kernel/impl/rdf/impl/class-use/NamespaceRdfContext.html...
Generating /N/oak/home/nianma/fedora4/orig/new/fcrepo4/fcrepo-kernel-impl/target/apidocs/org/fcrepo/kernel/impl/rdf/impl/class-use/ReferencesRdfContext.html...
Generating /N/oak/home/nianma/fedora4/orig/new/fcrepo4/fcrepo-kernel-impl/target/apidocs/org/fcrepo/kernel/impl/rdf/impl/class-use/LdpContainerRdfContext.html...
Generating /N/oak/home/nianma/fedora4/orig/new/fcrepo4/fcrepo-kernel-impl/target/apidocs/org/fcrepo/kernel/impl/rdf/impl/class-use/LdpIsMemberOfRdfContext.html...
Generating /N/oak/home/nianma/fedora4/orig/new/fcrepo4/fcrepo-kernel-impl/target/apidocs/org/fcrepo/kernel/impl/rdf/impl/class-use/DefaultIdentifierTranslator.html...
Generating /N/oak/home/nianma/fedora4/orig/new/fcrepo4/fcrepo-kernel-impl/target/apidocs/org/fcrepo/kernel/impl/rdf/impl/class-use/HashRdfContext.html...
Generating /N/oak/home/nianma/fedora4/orig/new/fcrepo4/fcrepo-kernel-impl/target/apidocs/org/fcrepo/kernel/impl/rdf/impl/class-use/BlankNodeRdfContext.html...
Generating /N/oak/home/nianma/fedora4/orig/new/fcrepo4/fcrepo-kernel-impl/target/apidocs/org/fcrepo/kernel/impl/rdf/impl/class-use/ChildrenRdfContext.html...
Generating /N/oak/home/nianma/fedora4/orig/new/fcrepo4/fcrepo-kernel-impl/target/apidocs/org/fcrepo/kernel/impl/rdf/impl/class-use/AclRdfContext.html...
Generating /N/oak/home/nianma/fedora4/orig/new/fcrepo4/fcrepo-kernel-impl/target/apidocs/org/fcrepo/kernel/impl/rdf/impl/mappings/class-use/PropertyToTriple.html...
Generating /N/oak/home/nianma/fedora4/orig/new/fcrepo4/fcrepo-kernel-impl/target/apidocs/org/fcrepo/kernel/impl/rdf/impl/mappings/class-use/PropertyValueIterator.html...
Generating /N/oak/home/nianma/fedora4/orig/new/fcrepo4/fcrepo-kernel-impl/target/apidocs/org/fcrepo/kernel/impl/rdf/impl/mappings/class-use/ItemDefinitionToTriples.html...
Generating /N/oak/home/nianma/fedora4/orig/new/fcrepo4/fcrepo-kernel-impl/target/apidocs/org/fcrepo/kernel/impl/rdf/impl/mappings/class-use/PropertyDefinitionToTriples.html...
Generating /N/oak/home/nianma/fedora4/orig/new/fcrepo4/fcrepo-kernel-impl/target/apidocs/org/fcrepo/kernel/impl/rdf/impl/mappings/class-use/NodeDefinitionToTriples.html...
Generating /N/oak/home/nianma/fedora4/orig/new/fcrepo4/fcrepo-kernel-impl/target/apidocs/org/fcrepo/kernel/impl/rdf/converters/class-use/PropertyConverter.html...
Generating /N/oak/home/nianma/fedora4/orig/new/fcrepo4/fcrepo-kernel-impl/target/apidocs/org/fcrepo/kernel/impl/rdf/converters/class-use/ValueConverter.html...
Generating /N/oak/home/nianma/fedora4/orig/new/fcrepo4/fcrepo-kernel-impl/target/apidocs/org/fcrepo/kernel/impl/rdf/converters/class-use/ValueConverter.RdfLiteralJcrValueBuilder.html...
Generating /N/oak/home/nianma/fedora4/orig/new/fcrepo4/fcrepo-kernel-impl/target/apidocs/org/fcrepo/kernel/impl/utils/iterators/class-use/RdfRemover.html...
Generating /N/oak/home/nianma/fedora4/orig/new/fcrepo4/fcrepo-kernel-impl/target/apidocs/org/fcrepo/kernel/impl/utils/iterators/class-use/PersistingRdfStreamConsumer.html...
Generating /N/oak/home/nianma/fedora4/orig/new/fcrepo4/fcrepo-kernel-impl/target/apidocs/org/fcrepo/kernel/impl/utils/iterators/class-use/RdfAdder.html...
Generating /N/oak/home/nianma/fedora4/orig/new/fcrepo4/fcrepo-kernel-impl/target/apidocs/org/fcrepo/kernel/impl/utils/class-use/ProjectedCacheEntry.html...
Generating /N/oak/home/nianma/fedora4/orig/new/fcrepo4/fcrepo-kernel-impl/target/apidocs/org/fcrepo/kernel/impl/utils/class-use/FedoraTypesUtils.html...
Generating /N/oak/home/nianma/fedora4/orig/new/fcrepo4/fcrepo-kernel-impl/target/apidocs/org/fcrepo/kernel/impl/utils/class-use/JcrPropertyStatementListener.html...
Generating /N/oak/home/nianma/fedora4/orig/new/fcrepo4/fcrepo-kernel-impl/target/apidocs/org/fcrepo/kernel/impl/utils/class-use/FixityInputStream.html...
Generating /N/oak/home/nianma/fedora4/orig/new/fcrepo4/fcrepo-kernel-impl/target/apidocs/org/fcrepo/kernel/impl/utils/class-use/NodePropertiesTools.html...
Generating /N/oak/home/nianma/fedora4/orig/new/fcrepo4/fcrepo-kernel-impl/target/apidocs/org/fcrepo/kernel/impl/utils/class-use/BasicCacheEntry.html...
Generating /N/oak/home/nianma/fedora4/orig/new/fcrepo4/fcrepo-kernel-impl/target/apidocs/org/fcrepo/kernel/impl/utils/class-use/BinaryCacheEntry.html...
Generating /N/oak/home/nianma/fedora4/orig/new/fcrepo4/fcrepo-kernel-impl/target/apidocs/org/fcrepo/kernel/impl/utils/class-use/FixityResultImpl.html...
Generating /N/oak/home/nianma/fedora4/orig/new/fcrepo4/fcrepo-kernel-impl/target/apidocs/org/fcrepo/kernel/impl/utils/impl/class-use/FileSystemBinaryStoreEntry.html...
Generating /N/oak/home/nianma/fedora4/orig/new/fcrepo4/fcrepo-kernel-impl/target/apidocs/org/fcrepo/kernel/impl/utils/impl/class-use/InfinispanCacheStoreEntry.html...
Generating /N/oak/home/nianma/fedora4/orig/new/fcrepo4/fcrepo-kernel-impl/target/apidocs/org/fcrepo/kernel/impl/utils/impl/class-use/LocalBinaryStoreEntry.html...
Generating /N/oak/home/nianma/fedora4/orig/new/fcrepo4/fcrepo-kernel-impl/target/apidocs/org/fcrepo/kernel/impl/utils/impl/class-use/CacheEntryFactory.html...
Generating /N/oak/home/nianma/fedora4/orig/new/fcrepo4/fcrepo-kernel-impl/target/apidocs/org/fcrepo/kernel/impl/utils/impl/class-use/DistributedFixityCheck.html...
Generating /N/oak/home/nianma/fedora4/orig/new/fcrepo4/fcrepo-kernel-impl/target/apidocs/org/fcrepo/kernel/impl/utils/infinispan/class-use/CacheLoaderChunkInputStream.html...
Generating /N/oak/home/nianma/fedora4/orig/new/fcrepo4/fcrepo-kernel-impl/target/apidocs/org/fcrepo/kernel/impl/observer/class-use/NOOPFilter.html...
Generating /N/oak/home/nianma/fedora4/orig/new/fcrepo4/fcrepo-kernel-impl/target/apidocs/org/fcrepo/kernel/impl/observer/class-use/SimpleObserver.html...
Generating /N/oak/home/nianma/fedora4/orig/new/fcrepo4/fcrepo-kernel-impl/target/apidocs/org/fcrepo/kernel/impl/observer/class-use/DefaultFilter.html...
Generating /N/oak/home/nianma/fedora4/orig/new/fcrepo4/fcrepo-kernel-impl/target/apidocs/org/fcrepo/kernel/impl/observer/class-use/GetNamespacedProperties.html...
Generating /N/oak/home/nianma/fedora4/orig/new/fcrepo4/fcrepo-kernel-impl/target/apidocs/org/fcrepo/kernel/impl/observer/class-use/NodeRemovalEventObserver.html...
Generating /N/oak/home/nianma/fedora4/orig/new/fcrepo4/fcrepo-kernel-impl/target/apidocs/org/fcrepo/kernel/impl/observer/eventmappings/class-use/AllNodeEventsOneEvent.html...
Generating /N/oak/home/nianma/fedora4/orig/new/fcrepo4/fcrepo-kernel-impl/target/apidocs/org/fcrepo/kernel/impl/observer/eventmappings/class-use/OneToOne.html...
Generating /N/oak/home/nianma/fedora4/orig/new/fcrepo4/fcrepo-kernel-impl/target/apidocs/org/fcrepo/kernel/impl/services/class-use/TransactionServiceImpl.html...
Generating /N/oak/home/nianma/fedora4/orig/new/fcrepo4/fcrepo-kernel-impl/target/apidocs/org/fcrepo/kernel/impl/services/class-use/ServiceHelpers.html...
Generating /N/oak/home/nianma/fedora4/orig/new/fcrepo4/fcrepo-kernel-impl/target/apidocs/org/fcrepo/kernel/impl/services/class-use/ContainerServiceImpl.html...
Generating /N/oak/home/nianma/fedora4/orig/new/fcrepo4/fcrepo-kernel-impl/target/apidocs/org/fcrepo/kernel/impl/services/class-use/VersionServiceImpl.html...
Generating /N/oak/home/nianma/fedora4/orig/new/fcrepo4/fcrepo-kernel-impl/target/apidocs/org/fcrepo/kernel/impl/services/class-use/NodeServiceImpl.html...
Generating /N/oak/home/nianma/fedora4/orig/new/fcrepo4/fcrepo-kernel-impl/target/apidocs/org/fcrepo/kernel/impl/services/class-use/RepositoryServiceImpl.html...
Generating /N/oak/home/nianma/fedora4/orig/new/fcrepo4/fcrepo-kernel-impl/target/apidocs/org/fcrepo/kernel/impl/services/class-use/AbstractService.html...
Generating /N/oak/home/nianma/fedora4/orig/new/fcrepo4/fcrepo-kernel-impl/target/apidocs/org/fcrepo/kernel/impl/services/class-use/BinaryServiceImpl.html...
Generating /N/oak/home/nianma/fedora4/orig/new/fcrepo4/fcrepo-kernel-impl/target/apidocs/org/fcrepo/kernel/impl/services/class-use/ExternalContentServiceImpl.html...
Generating /N/oak/home/nianma/fedora4/orig/new/fcrepo4/fcrepo-kernel-impl/target/apidocs/org/fcrepo/kernel/impl/services/functions/class-use/GetClusterExecutor.html...
Generating /N/oak/home/nianma/fedora4/orig/new/fcrepo4/fcrepo-kernel-impl/target/apidocs/org/fcrepo/kernel/impl/services/functions/class-use/GetClusterConfiguration.html...
Generating /N/oak/home/nianma/fedora4/orig/new/fcrepo4/fcrepo-kernel-impl/target/apidocs/org/fcrepo/kernel/impl/services/functions/class-use/GetBinaryKey.html...
Generating /N/oak/home/nianma/fedora4/orig/new/fcrepo4/fcrepo-kernel-impl/target/apidocs/org/fcrepo/kernel/impl/spring/class-use/DefaultPropertiesLoader.html...
Generating /N/oak/home/nianma/fedora4/orig/new/fcrepo4/fcrepo-kernel-impl/target/apidocs/org/fcrepo/kernel/impl/spring/class-use/ModeShapeRepositoryFactoryBean.html...
Generating /N/oak/home/nianma/fedora4/orig/new/fcrepo4/fcrepo-kernel-impl/target/apidocs/org/modeshape/jcr/class-use/IsExternal.html...
Generating /N/oak/home/nianma/fedora4/orig/new/fcrepo4/fcrepo-kernel-impl/target/apidocs/org/modeshape/jcr/class-use/GetBinaryStore.html...
Generating /N/oak/home/nianma/fedora4/orig/new/fcrepo4/fcrepo-kernel-impl/target/apidocs/org/modeshape/jcr/value/binary/infinispan/class-use/ChunkBinaryMetadata.html...
Generating /N/oak/home/nianma/fedora4/orig/new/fcrepo4/fcrepo-kernel-impl/target/apidocs/org/modeshape/jcr/value/binary/infinispan/class-use/InfinispanUtils.html...
Generating /N/oak/home/nianma/fedora4/orig/new/fcrepo4/fcrepo-kernel-impl/target/apidocs/org/fcrepo/kernel/impl/package-use.html...
Generating /N/oak/home/nianma/fedora4/orig/new/fcrepo4/fcrepo-kernel-impl/target/apidocs/org/fcrepo/kernel/impl/identifiers/package-use.html...
Generating /N/oak/home/nianma/fedora4/orig/new/fcrepo4/fcrepo-kernel-impl/target/apidocs/org/fcrepo/kernel/impl/observer/package-use.html...
Generating /N/oak/home/nianma/fedora4/orig/new/fcrepo4/fcrepo-kernel-impl/target/apidocs/org/fcrepo/kernel/impl/observer/eventmappings/package-use.html...
Generating /N/oak/home/nianma/fedora4/orig/new/fcrepo4/fcrepo-kernel-impl/target/apidocs/org/fcrepo/kernel/impl/rdf/package-use.html...
Generating /N/oak/home/nianma/fedora4/orig/new/fcrepo4/fcrepo-kernel-impl/target/apidocs/org/fcrepo/kernel/impl/rdf/converters/package-use.html...
Generating /N/oak/home/nianma/fedora4/orig/new/fcrepo4/fcrepo-kernel-impl/target/apidocs/org/fcrepo/kernel/impl/rdf/impl/package-use.html...
Generating /N/oak/home/nianma/fedora4/orig/new/fcrepo4/fcrepo-kernel-impl/target/apidocs/org/fcrepo/kernel/impl/rdf/impl/mappings/package-use.html...
Generating /N/oak/home/nianma/fedora4/orig/new/fcrepo4/fcrepo-kernel-impl/target/apidocs/org/fcrepo/kernel/impl/services/package-use.html...
Generating /N/oak/home/nianma/fedora4/orig/new/fcrepo4/fcrepo-kernel-impl/target/apidocs/org/fcrepo/kernel/impl/services/functions/package-use.html...
Generating /N/oak/home/nianma/fedora4/orig/new/fcrepo4/fcrepo-kernel-impl/target/apidocs/org/fcrepo/kernel/impl/spring/package-use.html...
Generating /N/oak/home/nianma/fedora4/orig/new/fcrepo4/fcrepo-kernel-impl/target/apidocs/org/fcrepo/kernel/impl/utils/package-use.html...
Generating /N/oak/home/nianma/fedora4/orig/new/fcrepo4/fcrepo-kernel-impl/target/apidocs/org/fcrepo/kernel/impl/utils/impl/package-use.html...
Generating /N/oak/home/nianma/fedora4/orig/new/fcrepo4/fcrepo-kernel-impl/target/apidocs/org/fcrepo/kernel/impl/utils/infinispan/package-use.html...
Generating /N/oak/home/nianma/fedora4/orig/new/fcrepo4/fcrepo-kernel-impl/target/apidocs/org/fcrepo/kernel/impl/utils/iterators/package-use.html...
Generating /N/oak/home/nianma/fedora4/orig/new/fcrepo4/fcrepo-kernel-impl/target/apidocs/org/modeshape/package-use.html...
Generating /N/oak/home/nianma/fedora4/orig/new/fcrepo4/fcrepo-kernel-impl/target/apidocs/org/modeshape/jcr/package-use.html...
Generating /N/oak/home/nianma/fedora4/orig/new/fcrepo4/fcrepo-kernel-impl/target/apidocs/org/modeshape/jcr/value/binary/infinispan/package-use.html...
Building index for all the packages and classes...
Generating /N/oak/home/nianma/fedora4/orig/new/fcrepo4/fcrepo-kernel-impl/target/apidocs/overview-tree.html...
Generating /N/oak/home/nianma/fedora4/orig/new/fcrepo4/fcrepo-kernel-impl/target/apidocs/index-all.html...
Generating /N/oak/home/nianma/fedora4/orig/new/fcrepo4/fcrepo-kernel-impl/target/apidocs/deprecated-list.html...
Building index for all classes...
Generating /N/oak/home/nianma/fedora4/orig/new/fcrepo4/fcrepo-kernel-impl/target/apidocs/allclasses-frame.html...
Generating /N/oak/home/nianma/fedora4/orig/new/fcrepo4/fcrepo-kernel-impl/target/apidocs/allclasses-noframe.html...
Generating /N/oak/home/nianma/fedora4/orig/new/fcrepo4/fcrepo-kernel-impl/target/apidocs/index.html...
Generating /N/oak/home/nianma/fedora4/orig/new/fcrepo4/fcrepo-kernel-impl/target/apidocs/overview-summary.html...
Generating /N/oak/home/nianma/fedora4/orig/new/fcrepo4/fcrepo-kernel-impl/target/apidocs/help-doc.html...
[INFO] Building jar: /N/oak/home/nianma/fedora4/orig/new/fcrepo4/fcrepo-kernel-impl/target/fcrepo-kernel-impl-4.1.1-SNAPSHOT-javadoc.jar
[INFO]                                                                         
[INFO] ------------------------------------------------------------------------
[INFO] Building Fedora Repository JMS Module 4.1.1-SNAPSHOT
[INFO] ------------------------------------------------------------------------
[WARNING] Failure to transfer org.apache.maven.plugins/maven-metadata.xml from https://oss.sonatype.org/service/local/staging/deploy/maven2/ was cached in the local repository, resolution will not be reattempted until the update interval of sonatype-nexus-staging has elapsed or updates are forced. Original error: Could not transfer metadata org.apache.maven.plugins/maven-metadata.xml from/to sonatype-nexus-staging (https://oss.sonatype.org/service/local/staging/deploy/maven2/): Not authorized , ReasonPhrase:Unauthorized.
[WARNING] Failure to transfer org.codehaus.mojo/maven-metadata.xml from https://oss.sonatype.org/service/local/staging/deploy/maven2/ was cached in the local repository, resolution will not be reattempted until the update interval of sonatype-nexus-staging has elapsed or updates are forced. Original error: Could not transfer metadata org.codehaus.mojo/maven-metadata.xml from/to sonatype-nexus-staging (https://oss.sonatype.org/service/local/staging/deploy/maven2/): Not authorized , ReasonPhrase:Unauthorized.
[WARNING] Failure to transfer org.apache.maven.plugins:maven-javadoc-plugin/maven-metadata.xml from https://oss.sonatype.org/service/local/staging/deploy/maven2/ was cached in the local repository, resolution will not be reattempted until the update interval of sonatype-nexus-staging has elapsed or updates are forced. Original error: Could not transfer metadata org.apache.maven.plugins:maven-javadoc-plugin/maven-metadata.xml from/to sonatype-nexus-staging (https://oss.sonatype.org/service/local/staging/deploy/maven2/): Not authorized , ReasonPhrase:Unauthorized.
[INFO] 
[INFO] --- maven-javadoc-plugin:2.9.1:jar (default-cli) @ fcrepo-jms ---
[INFO] 
Loading source files for package org.fcrepo.jms...
Loading source files for package org.fcrepo.jms.headers...
Loading source files for package org.fcrepo.jms.observer...
Constructing Javadoc information...
Standard Doclet version 1.8.0_31
Building tree for all the packages and classes...
Generating /N/oak/home/nianma/fedora4/orig/new/fcrepo4/fcrepo-jms/target/apidocs/org/fcrepo/jms/headers/DefaultMessageFactory.html...
Generating /N/oak/home/nianma/fedora4/orig/new/fcrepo4/fcrepo-jms/target/apidocs/org/fcrepo/jms/observer/JMSEventMessageFactory.html...
Generating /N/oak/home/nianma/fedora4/orig/new/fcrepo4/fcrepo-jms/target/apidocs/org/fcrepo/jms/observer/JMSTopicPublisher.html...
Generating /N/oak/home/nianma/fedora4/orig/new/fcrepo4/fcrepo-jms/target/apidocs/overview-frame.html...
Generating /N/oak/home/nianma/fedora4/orig/new/fcrepo4/fcrepo-jms/target/apidocs/org/fcrepo/jms/package-frame.html...
Generating /N/oak/home/nianma/fedora4/orig/new/fcrepo4/fcrepo-jms/target/apidocs/org/fcrepo/jms/package-summary.html...
Generating /N/oak/home/nianma/fedora4/orig/new/fcrepo4/fcrepo-jms/target/apidocs/org/fcrepo/jms/package-tree.html...
Generating /N/oak/home/nianma/fedora4/orig/new/fcrepo4/fcrepo-jms/target/apidocs/org/fcrepo/jms/headers/package-frame.html...
Generating /N/oak/home/nianma/fedora4/orig/new/fcrepo4/fcrepo-jms/target/apidocs/org/fcrepo/jms/headers/package-summary.html...
Generating /N/oak/home/nianma/fedora4/orig/new/fcrepo4/fcrepo-jms/target/apidocs/org/fcrepo/jms/headers/package-tree.html...
Generating /N/oak/home/nianma/fedora4/orig/new/fcrepo4/fcrepo-jms/target/apidocs/org/fcrepo/jms/observer/package-frame.html...
Generating /N/oak/home/nianma/fedora4/orig/new/fcrepo4/fcrepo-jms/target/apidocs/org/fcrepo/jms/observer/package-summary.html...
Generating /N/oak/home/nianma/fedora4/orig/new/fcrepo4/fcrepo-jms/target/apidocs/org/fcrepo/jms/observer/package-tree.html...
Generating /N/oak/home/nianma/fedora4/orig/new/fcrepo4/fcrepo-jms/target/apidocs/constant-values.html...
Generating /N/oak/home/nianma/fedora4/orig/new/fcrepo4/fcrepo-jms/target/apidocs/org/fcrepo/jms/headers/class-use/DefaultMessageFactory.html...
Generating /N/oak/home/nianma/fedora4/orig/new/fcrepo4/fcrepo-jms/target/apidocs/org/fcrepo/jms/observer/class-use/JMSTopicPublisher.html...
Generating /N/oak/home/nianma/fedora4/orig/new/fcrepo4/fcrepo-jms/target/apidocs/org/fcrepo/jms/observer/class-use/JMSEventMessageFactory.html...
Generating /N/oak/home/nianma/fedora4/orig/new/fcrepo4/fcrepo-jms/target/apidocs/org/fcrepo/jms/package-use.html...
Generating /N/oak/home/nianma/fedora4/orig/new/fcrepo4/fcrepo-jms/target/apidocs/org/fcrepo/jms/headers/package-use.html...
Generating /N/oak/home/nianma/fedora4/orig/new/fcrepo4/fcrepo-jms/target/apidocs/org/fcrepo/jms/observer/package-use.html...
Building index for all the packages and classes...
Generating /N/oak/home/nianma/fedora4/orig/new/fcrepo4/fcrepo-jms/target/apidocs/overview-tree.html...
Generating /N/oak/home/nianma/fedora4/orig/new/fcrepo4/fcrepo-jms/target/apidocs/index-all.html...
Generating /N/oak/home/nianma/fedora4/orig/new/fcrepo4/fcrepo-jms/target/apidocs/deprecated-list.html...
Building index for all classes...
Generating /N/oak/home/nianma/fedora4/orig/new/fcrepo4/fcrepo-jms/target/apidocs/allclasses-frame.html...
Generating /N/oak/home/nianma/fedora4/orig/new/fcrepo4/fcrepo-jms/target/apidocs/allclasses-noframe.html...
Generating /N/oak/home/nianma/fedora4/orig/new/fcrepo4/fcrepo-jms/target/apidocs/index.html...
Generating /N/oak/home/nianma/fedora4/orig/new/fcrepo4/fcrepo-jms/target/apidocs/overview-summary.html...
Generating /N/oak/home/nianma/fedora4/orig/new/fcrepo4/fcrepo-jms/target/apidocs/help-doc.html...
[INFO] Building jar: /N/oak/home/nianma/fedora4/orig/new/fcrepo4/fcrepo-jms/target/fcrepo-jms-4.1.1-SNAPSHOT-javadoc.jar
[INFO]                                                                         
[INFO] ------------------------------------------------------------------------
[INFO] Building Fedora Repository Object Serialization Module 4.1.1-SNAPSHOT
[INFO] ------------------------------------------------------------------------
[WARNING] Failure to transfer org.apache.maven.plugins/maven-metadata.xml from https://oss.sonatype.org/service/local/staging/deploy/maven2/ was cached in the local repository, resolution will not be reattempted until the update interval of sonatype-nexus-staging has elapsed or updates are forced. Original error: Could not transfer metadata org.apache.maven.plugins/maven-metadata.xml from/to sonatype-nexus-staging (https://oss.sonatype.org/service/local/staging/deploy/maven2/): Not authorized , ReasonPhrase:Unauthorized.
[WARNING] Failure to transfer org.codehaus.mojo/maven-metadata.xml from https://oss.sonatype.org/service/local/staging/deploy/maven2/ was cached in the local repository, resolution will not be reattempted until the update interval of sonatype-nexus-staging has elapsed or updates are forced. Original error: Could not transfer metadata org.codehaus.mojo/maven-metadata.xml from/to sonatype-nexus-staging (https://oss.sonatype.org/service/local/staging/deploy/maven2/): Not authorized , ReasonPhrase:Unauthorized.
[WARNING] Failure to transfer org.apache.maven.plugins:maven-javadoc-plugin/maven-metadata.xml from https://oss.sonatype.org/service/local/staging/deploy/maven2/ was cached in the local repository, resolution will not be reattempted until the update interval of sonatype-nexus-staging has elapsed or updates are forced. Original error: Could not transfer metadata org.apache.maven.plugins:maven-javadoc-plugin/maven-metadata.xml from/to sonatype-nexus-staging (https://oss.sonatype.org/service/local/staging/deploy/maven2/): Not authorized , ReasonPhrase:Unauthorized.
[INFO] 
[INFO] --- maven-javadoc-plugin:2.9.1:jar (default-cli) @ fcrepo-serialization ---
[INFO] 
Loading source files for package org.fcrepo.serialization...
Constructing Javadoc information...
Standard Doclet version 1.8.0_31
Building tree for all the packages and classes...
Generating /N/oak/home/nianma/fedora4/orig/new/fcrepo4/fcrepo-serialization/target/apidocs/org/fcrepo/serialization/BaseFedoraObjectSerializer.html...
Generating /N/oak/home/nianma/fedora4/orig/new/fcrepo4/fcrepo-serialization/target/apidocs/org/fcrepo/serialization/FedoraObjectSerializer.html...
Generating /N/oak/home/nianma/fedora4/orig/new/fcrepo4/fcrepo-serialization/target/apidocs/org/fcrepo/serialization/InvalidSerializationFormatException.html...
Generating /N/oak/home/nianma/fedora4/orig/new/fcrepo4/fcrepo-serialization/target/apidocs/org/fcrepo/serialization/JcrXmlSerializer.html...
Generating /N/oak/home/nianma/fedora4/orig/new/fcrepo4/fcrepo-serialization/target/apidocs/org/fcrepo/serialization/SerializerUtil.html...
Generating /N/oak/home/nianma/fedora4/orig/new/fcrepo4/fcrepo-serialization/target/apidocs/org/fcrepo/serialization/package-frame.html...
Generating /N/oak/home/nianma/fedora4/orig/new/fcrepo4/fcrepo-serialization/target/apidocs/org/fcrepo/serialization/package-summary.html...
Generating /N/oak/home/nianma/fedora4/orig/new/fcrepo4/fcrepo-serialization/target/apidocs/org/fcrepo/serialization/package-tree.html...
Generating /N/oak/home/nianma/fedora4/orig/new/fcrepo4/fcrepo-serialization/target/apidocs/constant-values.html...
Generating /N/oak/home/nianma/fedora4/orig/new/fcrepo4/fcrepo-serialization/target/apidocs/serialized-form.html...
Generating /N/oak/home/nianma/fedora4/orig/new/fcrepo4/fcrepo-serialization/target/apidocs/org/fcrepo/serialization/class-use/SerializerUtil.html...
Generating /N/oak/home/nianma/fedora4/orig/new/fcrepo4/fcrepo-serialization/target/apidocs/org/fcrepo/serialization/class-use/InvalidSerializationFormatException.html...
Generating /N/oak/home/nianma/fedora4/orig/new/fcrepo4/fcrepo-serialization/target/apidocs/org/fcrepo/serialization/class-use/FedoraObjectSerializer.html...
Generating /N/oak/home/nianma/fedora4/orig/new/fcrepo4/fcrepo-serialization/target/apidocs/org/fcrepo/serialization/class-use/JcrXmlSerializer.html...
Generating /N/oak/home/nianma/fedora4/orig/new/fcrepo4/fcrepo-serialization/target/apidocs/org/fcrepo/serialization/class-use/BaseFedoraObjectSerializer.html...
Generating /N/oak/home/nianma/fedora4/orig/new/fcrepo4/fcrepo-serialization/target/apidocs/org/fcrepo/serialization/package-use.html...
Building index for all the packages and classes...
Generating /N/oak/home/nianma/fedora4/orig/new/fcrepo4/fcrepo-serialization/target/apidocs/overview-tree.html...
Generating /N/oak/home/nianma/fedora4/orig/new/fcrepo4/fcrepo-serialization/target/apidocs/index-all.html...
Generating /N/oak/home/nianma/fedora4/orig/new/fcrepo4/fcrepo-serialization/target/apidocs/deprecated-list.html...
Building index for all classes...
Generating /N/oak/home/nianma/fedora4/orig/new/fcrepo4/fcrepo-serialization/target/apidocs/allclasses-frame.html...
Generating /N/oak/home/nianma/fedora4/orig/new/fcrepo4/fcrepo-serialization/target/apidocs/allclasses-noframe.html...
Generating /N/oak/home/nianma/fedora4/orig/new/fcrepo4/fcrepo-serialization/target/apidocs/index.html...
Generating /N/oak/home/nianma/fedora4/orig/new/fcrepo4/fcrepo-serialization/target/apidocs/help-doc.html...
2 warnings
[WARNING] Javadoc Warnings
[WARNING] /N/oak/home/nianma/fedora4/orig/new/fcrepo4/fcrepo-serialization/src/main/java/org/fcrepo/serialization/InvalidSerializationFormatException.java:31: warning: no description for @param
[WARNING] * @param message
[WARNING] ^
[WARNING] /N/oak/home/nianma/fedora4/orig/new/fcrepo4/fcrepo-serialization/src/main/java/org/fcrepo/serialization/SerializerUtil.java:59: warning: no description for @param
[WARNING] * @param format
[WARNING] ^
[INFO] Building jar: /N/oak/home/nianma/fedora4/orig/new/fcrepo4/fcrepo-serialization/target/fcrepo-serialization-4.1.1-SNAPSHOT-javadoc.jar
[INFO]                                                                         
[INFO] ------------------------------------------------------------------------
[INFO] Building Fedora Repository HTTP Commons Module 4.1.1-SNAPSHOT
[INFO] ------------------------------------------------------------------------
[WARNING] Failure to transfer org.apache.maven.plugins/maven-metadata.xml from https://oss.sonatype.org/service/local/staging/deploy/maven2/ was cached in the local repository, resolution will not be reattempted until the update interval of sonatype-nexus-staging has elapsed or updates are forced. Original error: Could not transfer metadata org.apache.maven.plugins/maven-metadata.xml from/to sonatype-nexus-staging (https://oss.sonatype.org/service/local/staging/deploy/maven2/): Not authorized , ReasonPhrase:Unauthorized.
[WARNING] Failure to transfer org.codehaus.mojo/maven-metadata.xml from https://oss.sonatype.org/service/local/staging/deploy/maven2/ was cached in the local repository, resolution will not be reattempted until the update interval of sonatype-nexus-staging has elapsed or updates are forced. Original error: Could not transfer metadata org.codehaus.mojo/maven-metadata.xml from/to sonatype-nexus-staging (https://oss.sonatype.org/service/local/staging/deploy/maven2/): Not authorized , ReasonPhrase:Unauthorized.
[WARNING] Failure to transfer org.apache.maven.plugins:maven-javadoc-plugin/maven-metadata.xml from https://oss.sonatype.org/service/local/staging/deploy/maven2/ was cached in the local repository, resolution will not be reattempted until the update interval of sonatype-nexus-staging has elapsed or updates are forced. Original error: Could not transfer metadata org.apache.maven.plugins:maven-javadoc-plugin/maven-metadata.xml from/to sonatype-nexus-staging (https://oss.sonatype.org/service/local/staging/deploy/maven2/): Not authorized , ReasonPhrase:Unauthorized.
[INFO] 
[INFO] --- maven-javadoc-plugin:2.9.1:jar (default-cli) @ fcrepo-http-commons ---
[ERROR] Error fetching link: /N/oak/home/nianma/fedora4/orig/new/fcrepo4/fcrepo-configs/target/apidocs/package-list. Ignored it.
[INFO] 
Loading source files for package org.fcrepo.http.commons.session...
Loading source files for package org.fcrepo.http.commons...
Loading source files for package org.fcrepo.http.commons.responses...
Loading source files for package org.fcrepo.http.commons.exceptionhandlers...
Loading source files for package org.fcrepo.http.commons.domain...
Loading source files for package org.fcrepo.http.commons.domain.ldp...
Loading source files for package org.fcrepo.http.commons.api.rdf...
Constructing Javadoc information...
Standard Doclet version 1.8.0_31
Building tree for all the packages and classes...
Generating /N/oak/home/nianma/fedora4/orig/new/fcrepo4/fcrepo-http-commons/target/apidocs/org/fcrepo/http/commons/session/SessionFactory.html...
Generating /N/oak/home/nianma/fedora4/orig/new/fcrepo4/fcrepo-http-commons/target/apidocs/org/fcrepo/http/commons/session/SessionFactory.Prefix.html...
Generating /N/oak/home/nianma/fedora4/orig/new/fcrepo4/fcrepo-http-commons/target/apidocs/org/fcrepo/http/commons/session/SessionProvider.html...
Generating /N/oak/home/nianma/fedora4/orig/new/fcrepo4/fcrepo-http-commons/target/apidocs/org/fcrepo/http/commons/AbstractResource.html...
Generating /N/oak/home/nianma/fedora4/orig/new/fcrepo4/fcrepo-http-commons/target/apidocs/org/fcrepo/http/commons/FedoraApplication.html...
Generating /N/oak/home/nianma/fedora4/orig/new/fcrepo4/fcrepo-http-commons/target/apidocs/org/fcrepo/http/commons/responses/HtmlTemplate.html...
Generating /N/oak/home/nianma/fedora4/orig/new/fcrepo4/fcrepo-http-commons/target/apidocs/org/fcrepo/http/commons/responses/RangeRequestInputStream.html...
Generating /N/oak/home/nianma/fedora4/orig/new/fcrepo4/fcrepo-http-commons/target/apidocs/org/fcrepo/http/commons/responses/RdfSerializationUtils.html...
Generating /N/oak/home/nianma/fedora4/orig/new/fcrepo4/fcrepo-http-commons/target/apidocs/org/fcrepo/http/commons/responses/RdfStreamProvider.html...
Generating /N/oak/home/nianma/fedora4/orig/new/fcrepo4/fcrepo-http-commons/target/apidocs/org/fcrepo/http/commons/responses/RdfStreamProvider.NTriplesWithCorrectMimeType.html...
Generating /N/oak/home/nianma/fedora4/orig/new/fcrepo4/fcrepo-http-commons/target/apidocs/org/fcrepo/http/commons/responses/RdfStreamStreamingOutput.html...
Generating /N/oak/home/nianma/fedora4/orig/new/fcrepo4/fcrepo-http-commons/target/apidocs/org/fcrepo/http/commons/responses/ViewHelpers.html...
Generating /N/oak/home/nianma/fedora4/orig/new/fcrepo4/fcrepo-http-commons/target/apidocs/org/fcrepo/http/commons/exceptionhandlers/AccessControlExceptionMapper.html...
Generating /N/oak/home/nianma/fedora4/orig/new/fcrepo4/fcrepo-http-commons/target/apidocs/org/fcrepo/http/commons/exceptionhandlers/AccessControlJavaSecurityExceptionMapper.html...
Generating /N/oak/home/nianma/fedora4/orig/new/fcrepo4/fcrepo-http-commons/target/apidocs/org/fcrepo/http/commons/exceptionhandlers/AccessDeniedExceptionMapper.html...
Generating /N/oak/home/nianma/fedora4/orig/new/fcrepo4/fcrepo-http-commons/target/apidocs/org/fcrepo/http/commons/exceptionhandlers/BadRequestExceptionMapper.html...
Generating /N/oak/home/nianma/fedora4/orig/new/fcrepo4/fcrepo-http-commons/target/apidocs/org/fcrepo/http/commons/exceptionhandlers/ClientErrorExceptionMapper.html...
Generating /N/oak/home/nianma/fedora4/orig/new/fcrepo4/fcrepo-http-commons/target/apidocs/org/fcrepo/http/commons/exceptionhandlers/DocumentStoreExceptionMapper.html...
Generating /N/oak/home/nianma/fedora4/orig/new/fcrepo4/fcrepo-http-commons/target/apidocs/org/fcrepo/http/commons/exceptionhandlers/FedoraInvalidNamespaceExceptionMapper.html...
Generating /N/oak/home/nianma/fedora4/orig/new/fcrepo4/fcrepo-http-commons/target/apidocs/org/fcrepo/http/commons/exceptionhandlers/InvalidChecksumExceptionMapper.html...
Generating /N/oak/home/nianma/fedora4/orig/new/fcrepo4/fcrepo-http-commons/target/apidocs/org/fcrepo/http/commons/exceptionhandlers/InvalidQueryExceptionMapper.html...
Generating /N/oak/home/nianma/fedora4/orig/new/fcrepo4/fcrepo-http-commons/target/apidocs/org/fcrepo/http/commons/exceptionhandlers/InvalidSerializationFormatExceptionMapper.html...
Generating /N/oak/home/nianma/fedora4/orig/new/fcrepo4/fcrepo-http-commons/target/apidocs/org/fcrepo/http/commons/exceptionhandlers/ItemNotFoundExceptionMapper.html...
Generating /N/oak/home/nianma/fedora4/orig/new/fcrepo4/fcrepo-http-commons/target/apidocs/org/fcrepo/http/commons/exceptionhandlers/JsonParseExceptionMapper.html...
Generating /N/oak/home/nianma/fedora4/orig/new/fcrepo4/fcrepo-http-commons/target/apidocs/org/fcrepo/http/commons/exceptionhandlers/LabelExistsVersionExceptionMapper.html...
Generating /N/oak/home/nianma/fedora4/orig/new/fcrepo4/fcrepo-http-commons/target/apidocs/org/fcrepo/http/commons/exceptionhandlers/MalformedRdfExceptionMapper.html...
Generating /N/oak/home/nianma/fedora4/orig/new/fcrepo4/fcrepo-http-commons/target/apidocs/org/fcrepo/http/commons/exceptionhandlers/NodeNotFoundExceptionMapper.html...
Generating /N/oak/home/nianma/fedora4/orig/new/fcrepo4/fcrepo-http-commons/target/apidocs/org/fcrepo/http/commons/exceptionhandlers/ParamExceptionMapper.html...
Generating /N/oak/home/nianma/fedora4/orig/new/fcrepo4/fcrepo-http-commons/target/apidocs/org/fcrepo/http/commons/exceptionhandlers/PathNotFoundExceptionMapper.html...
Generating /N/oak/home/nianma/fedora4/orig/new/fcrepo4/fcrepo-http-commons/target/apidocs/org/fcrepo/http/commons/exceptionhandlers/QueryParseExceptionMapper.html...
Generating /N/oak/home/nianma/fedora4/orig/new/fcrepo4/fcrepo-http-commons/target/apidocs/org/fcrepo/http/commons/exceptionhandlers/RepositoryExceptionMapper.html...
Generating /N/oak/home/nianma/fedora4/orig/new/fcrepo4/fcrepo-http-commons/target/apidocs/org/fcrepo/http/commons/exceptionhandlers/RepositoryRuntimeExceptionMapper.html...
Generating /N/oak/home/nianma/fedora4/orig/new/fcrepo4/fcrepo-http-commons/target/apidocs/org/fcrepo/http/commons/exceptionhandlers/RepositoryVersionRuntimeExceptionMapper.html...
Generating /N/oak/home/nianma/fedora4/orig/new/fcrepo4/fcrepo-http-commons/target/apidocs/org/fcrepo/http/commons/exceptionhandlers/ResourceTypeExceptionMapper.html...
Generating /N/oak/home/nianma/fedora4/orig/new/fcrepo4/fcrepo-http-commons/target/apidocs/org/fcrepo/http/commons/exceptionhandlers/ServerErrorExceptionMapper.html...
Generating /N/oak/home/nianma/fedora4/orig/new/fcrepo4/fcrepo-http-commons/target/apidocs/org/fcrepo/http/commons/exceptionhandlers/ServerManagedPropertyExceptionMapper.html...
Generating /N/oak/home/nianma/fedora4/orig/new/fcrepo4/fcrepo-http-commons/target/apidocs/org/fcrepo/http/commons/exceptionhandlers/TombstoneExceptionMapper.html...
Generating /N/oak/home/nianma/fedora4/orig/new/fcrepo4/fcrepo-http-commons/target/apidocs/org/fcrepo/http/commons/exceptionhandlers/TransactionMissingExceptionMapper.html...
Generating /N/oak/home/nianma/fedora4/orig/new/fcrepo4/fcrepo-http-commons/target/apidocs/org/fcrepo/http/commons/exceptionhandlers/ValueFormatExceptionMapper.html...
Generating /N/oak/home/nianma/fedora4/orig/new/fcrepo4/fcrepo-http-commons/target/apidocs/org/fcrepo/http/commons/exceptionhandlers/VersionExceptionMapper.html...
Generating /N/oak/home/nianma/fedora4/orig/new/fcrepo4/fcrepo-http-commons/target/apidocs/org/fcrepo/http/commons/exceptionhandlers/WebApplicationExceptionMapper.html...
Generating /N/oak/home/nianma/fedora4/orig/new/fcrepo4/fcrepo-http-commons/target/apidocs/org/fcrepo/http/commons/exceptionhandlers/WildcardExceptionMapper.html...
Generating /N/oak/home/nianma/fedora4/orig/new/fcrepo4/fcrepo-http-commons/target/apidocs/org/fcrepo/http/commons/domain/ContentLocation.html...
Generating /N/oak/home/nianma/fedora4/orig/new/fcrepo4/fcrepo-http-commons/target/apidocs/org/fcrepo/http/commons/domain/ContentLocationMessageBodyReader.html...
Generating /N/oak/home/nianma/fedora4/orig/new/fcrepo4/fcrepo-http-commons/target/apidocs/org/fcrepo/http/commons/domain/COPY.html...
Generating /N/oak/home/nianma/fedora4/orig/new/fcrepo4/fcrepo-http-commons/target/apidocs/org/fcrepo/http/commons/domain/MOVE.html...
Generating /N/oak/home/nianma/fedora4/orig/new/fcrepo4/fcrepo-http-commons/target/apidocs/org/fcrepo/http/commons/domain/MultiPrefer.html...
Generating /N/oak/home/nianma/fedora4/orig/new/fcrepo4/fcrepo-http-commons/target/apidocs/org/fcrepo/http/commons/domain/PATCH.html...
Generating /N/oak/home/nianma/fedora4/orig/new/fcrepo4/fcrepo-http-commons/target/apidocs/org/fcrepo/http/commons/domain/PreferTag.html...
Generating /N/oak/home/nianma/fedora4/orig/new/fcrepo4/fcrepo-http-commons/target/apidocs/org/fcrepo/http/commons/domain/Range.html...
Generating /N/oak/home/nianma/fedora4/orig/new/fcrepo4/fcrepo-http-commons/target/apidocs/org/fcrepo/http/commons/domain/RDFMediaType.html...
Generating /N/oak/home/nianma/fedora4/orig/new/fcrepo4/fcrepo-http-commons/target/apidocs/org/fcrepo/http/commons/domain/SinglePrefer.html...
Generating /N/oak/home/nianma/fedora4/orig/new/fcrepo4/fcrepo-http-commons/target/apidocs/org/fcrepo/http/commons/domain/ldp/LdpPreferTag.html...
Generating /N/oak/home/nianma/fedora4/orig/new/fcrepo4/fcrepo-http-commons/target/apidocs/org/fcrepo/http/commons/api/rdf/HttpResourceConverter.html...
Generating /N/oak/home/nianma/fedora4/orig/new/fcrepo4/fcrepo-http-commons/target/apidocs/org/fcrepo/http/commons/api/rdf/HttpTripleUtil.html...
Generating /N/oak/home/nianma/fedora4/orig/new/fcrepo4/fcrepo-http-commons/target/apidocs/org/fcrepo/http/commons/api/rdf/TripleOrdering.html...
Generating /N/oak/home/nianma/fedora4/orig/new/fcrepo4/fcrepo-http-commons/target/apidocs/org/fcrepo/http/commons/api/rdf/UriAwareResourceModelFactory.html...
Generating /N/oak/home/nianma/fedora4/orig/new/fcrepo4/fcrepo-http-commons/target/apidocs/overview-frame.html...
Generating /N/oak/home/nianma/fedora4/orig/new/fcrepo4/fcrepo-http-commons/target/apidocs/org/fcrepo/http/commons/package-frame.html...
Generating /N/oak/home/nianma/fedora4/orig/new/fcrepo4/fcrepo-http-commons/target/apidocs/org/fcrepo/http/commons/package-summary.html...
Generating /N/oak/home/nianma/fedora4/orig/new/fcrepo4/fcrepo-http-commons/target/apidocs/org/fcrepo/http/commons/package-tree.html...
Generating /N/oak/home/nianma/fedora4/orig/new/fcrepo4/fcrepo-http-commons/target/apidocs/org/fcrepo/http/commons/api/rdf/package-frame.html...
Generating /N/oak/home/nianma/fedora4/orig/new/fcrepo4/fcrepo-http-commons/target/apidocs/org/fcrepo/http/commons/api/rdf/package-summary.html...
Generating /N/oak/home/nianma/fedora4/orig/new/fcrepo4/fcrepo-http-commons/target/apidocs/org/fcrepo/http/commons/api/rdf/package-tree.html...
Generating /N/oak/home/nianma/fedora4/orig/new/fcrepo4/fcrepo-http-commons/target/apidocs/org/fcrepo/http/commons/domain/package-frame.html...
Generating /N/oak/home/nianma/fedora4/orig/new/fcrepo4/fcrepo-http-commons/target/apidocs/org/fcrepo/http/commons/domain/package-summary.html...
Generating /N/oak/home/nianma/fedora4/orig/new/fcrepo4/fcrepo-http-commons/target/apidocs/org/fcrepo/http/commons/domain/package-tree.html...
Generating /N/oak/home/nianma/fedora4/orig/new/fcrepo4/fcrepo-http-commons/target/apidocs/org/fcrepo/http/commons/domain/ldp/package-frame.html...
Generating /N/oak/home/nianma/fedora4/orig/new/fcrepo4/fcrepo-http-commons/target/apidocs/org/fcrepo/http/commons/domain/ldp/package-summary.html...
Generating /N/oak/home/nianma/fedora4/orig/new/fcrepo4/fcrepo-http-commons/target/apidocs/org/fcrepo/http/commons/domain/ldp/package-tree.html...
Generating /N/oak/home/nianma/fedora4/orig/new/fcrepo4/fcrepo-http-commons/target/apidocs/org/fcrepo/http/commons/exceptionhandlers/package-frame.html...
Generating /N/oak/home/nianma/fedora4/orig/new/fcrepo4/fcrepo-http-commons/target/apidocs/org/fcrepo/http/commons/exceptionhandlers/package-summary.html...
Generating /N/oak/home/nianma/fedora4/orig/new/fcrepo4/fcrepo-http-commons/target/apidocs/org/fcrepo/http/commons/exceptionhandlers/package-tree.html...
Generating /N/oak/home/nianma/fedora4/orig/new/fcrepo4/fcrepo-http-commons/target/apidocs/org/fcrepo/http/commons/responses/package-frame.html...
Generating /N/oak/home/nianma/fedora4/orig/new/fcrepo4/fcrepo-http-commons/target/apidocs/org/fcrepo/http/commons/responses/package-summary.html...
Generating /N/oak/home/nianma/fedora4/orig/new/fcrepo4/fcrepo-http-commons/target/apidocs/org/fcrepo/http/commons/responses/package-tree.html...
Generating /N/oak/home/nianma/fedora4/orig/new/fcrepo4/fcrepo-http-commons/target/apidocs/org/fcrepo/http/commons/session/package-frame.html...
Generating /N/oak/home/nianma/fedora4/orig/new/fcrepo4/fcrepo-http-commons/target/apidocs/org/fcrepo/http/commons/session/package-summary.html...
Generating /N/oak/home/nianma/fedora4/orig/new/fcrepo4/fcrepo-http-commons/target/apidocs/org/fcrepo/http/commons/session/package-tree.html...
Generating /N/oak/home/nianma/fedora4/orig/new/fcrepo4/fcrepo-http-commons/target/apidocs/constant-values.html...
Generating /N/oak/home/nianma/fedora4/orig/new/fcrepo4/fcrepo-http-commons/target/apidocs/org/fcrepo/http/commons/session/class-use/SessionProvider.html...
Generating /N/oak/home/nianma/fedora4/orig/new/fcrepo4/fcrepo-http-commons/target/apidocs/org/fcrepo/http/commons/session/class-use/SessionFactory.html...
Generating /N/oak/home/nianma/fedora4/orig/new/fcrepo4/fcrepo-http-commons/target/apidocs/org/fcrepo/http/commons/session/class-use/SessionFactory.Prefix.html...
Generating /N/oak/home/nianma/fedora4/orig/new/fcrepo4/fcrepo-http-commons/target/apidocs/org/fcrepo/http/commons/class-use/FedoraApplication.html...
Generating /N/oak/home/nianma/fedora4/orig/new/fcrepo4/fcrepo-http-commons/target/apidocs/org/fcrepo/http/commons/class-use/AbstractResource.html...
Generating /N/oak/home/nianma/fedora4/orig/new/fcrepo4/fcrepo-http-commons/target/apidocs/org/fcrepo/http/commons/responses/class-use/HtmlTemplate.html...
Generating /N/oak/home/nianma/fedora4/orig/new/fcrepo4/fcrepo-http-commons/target/apidocs/org/fcrepo/http/commons/responses/class-use/RangeRequestInputStream.html...
Generating /N/oak/home/nianma/fedora4/orig/new/fcrepo4/fcrepo-http-commons/target/apidocs/org/fcrepo/http/commons/responses/class-use/RdfStreamStreamingOutput.html...
Generating /N/oak/home/nianma/fedora4/orig/new/fcrepo4/fcrepo-http-commons/target/apidocs/org/fcrepo/http/commons/responses/class-use/ViewHelpers.html...
Generating /N/oak/home/nianma/fedora4/orig/new/fcrepo4/fcrepo-http-commons/target/apidocs/org/fcrepo/http/commons/responses/class-use/RdfSerializationUtils.html...
Generating /N/oak/home/nianma/fedora4/orig/new/fcrepo4/fcrepo-http-commons/target/apidocs/org/fcrepo/http/commons/responses/class-use/RdfStreamProvider.html...
Generating /N/oak/home/nianma/fedora4/orig/new/fcrepo4/fcrepo-http-commons/target/apidocs/org/fcrepo/http/commons/responses/class-use/RdfStreamProvider.NTriplesWithCorrectMimeType.html...
Generating /N/oak/home/nianma/fedora4/orig/new/fcrepo4/fcrepo-http-commons/target/apidocs/org/fcrepo/http/commons/exceptionhandlers/class-use/FedoraInvalidNamespaceExceptionMapper.html...
Generating /N/oak/home/nianma/fedora4/orig/new/fcrepo4/fcrepo-http-commons/target/apidocs/org/fcrepo/http/commons/exceptionhandlers/class-use/BadRequestExceptionMapper.html...
Generating /N/oak/home/nianma/fedora4/orig/new/fcrepo4/fcrepo-http-commons/target/apidocs/org/fcrepo/http/commons/exceptionhandlers/class-use/ServerErrorExceptionMapper.html...
Generating /N/oak/home/nianma/fedora4/orig/new/fcrepo4/fcrepo-http-commons/target/apidocs/org/fcrepo/http/commons/exceptionhandlers/class-use/ParamExceptionMapper.html...
Generating /N/oak/home/nianma/fedora4/orig/new/fcrepo4/fcrepo-http-commons/target/apidocs/org/fcrepo/http/commons/exceptionhandlers/class-use/ServerManagedPropertyExceptionMapper.html...
Generating /N/oak/home/nianma/fedora4/orig/new/fcrepo4/fcrepo-http-commons/target/apidocs/org/fcrepo/http/commons/exceptionhandlers/class-use/ClientErrorExceptionMapper.html...
Generating /N/oak/home/nianma/fedora4/orig/new/fcrepo4/fcrepo-http-commons/target/apidocs/org/fcrepo/http/commons/exceptionhandlers/class-use/InvalidChecksumExceptionMapper.html...
Generating /N/oak/home/nianma/fedora4/orig/new/fcrepo4/fcrepo-http-commons/target/apidocs/org/fcrepo/http/commons/exceptionhandlers/class-use/PathNotFoundExceptionMapper.html...
Generating /N/oak/home/nianma/fedora4/orig/new/fcrepo4/fcrepo-http-commons/target/apidocs/org/fcrepo/http/commons/exceptionhandlers/class-use/MalformedRdfExceptionMapper.html...
Generating /N/oak/home/nianma/fedora4/orig/new/fcrepo4/fcrepo-http-commons/target/apidocs/org/fcrepo/http/commons/exceptionhandlers/class-use/RepositoryVersionRuntimeExceptionMapper.html...
Generating /N/oak/home/nianma/fedora4/orig/new/fcrepo4/fcrepo-http-commons/target/apidocs/org/fcrepo/http/commons/exceptionhandlers/class-use/ValueFormatExceptionMapper.html...
Generating /N/oak/home/nianma/fedora4/orig/new/fcrepo4/fcrepo-http-commons/target/apidocs/org/fcrepo/http/commons/exceptionhandlers/class-use/QueryParseExceptionMapper.html...
Generating /N/oak/home/nianma/fedora4/orig/new/fcrepo4/fcrepo-http-commons/target/apidocs/org/fcrepo/http/commons/exceptionhandlers/class-use/VersionExceptionMapper.html...
Generating /N/oak/home/nianma/fedora4/orig/new/fcrepo4/fcrepo-http-commons/target/apidocs/org/fcrepo/http/commons/exceptionhandlers/class-use/LabelExistsVersionExceptionMapper.html...
Generating /N/oak/home/nianma/fedora4/orig/new/fcrepo4/fcrepo-http-commons/target/apidocs/org/fcrepo/http/commons/exceptionhandlers/class-use/AccessControlJavaSecurityExceptionMapper.html...
Generating /N/oak/home/nianma/fedora4/orig/new/fcrepo4/fcrepo-http-commons/target/apidocs/org/fcrepo/http/commons/exceptionhandlers/class-use/TransactionMissingExceptionMapper.html...
Generating /N/oak/home/nianma/fedora4/orig/new/fcrepo4/fcrepo-http-commons/target/apidocs/org/fcrepo/http/commons/exceptionhandlers/class-use/RepositoryRuntimeExceptionMapper.html...
Generating /N/oak/home/nianma/fedora4/orig/new/fcrepo4/fcrepo-http-commons/target/apidocs/org/fcrepo/http/commons/exceptionhandlers/class-use/InvalidQueryExceptionMapper.html...
Generating /N/oak/home/nianma/fedora4/orig/new/fcrepo4/fcrepo-http-commons/target/apidocs/org/fcrepo/http/commons/exceptionhandlers/class-use/WildcardExceptionMapper.html...
Generating /N/oak/home/nianma/fedora4/orig/new/fcrepo4/fcrepo-http-commons/target/apidocs/org/fcrepo/http/commons/exceptionhandlers/class-use/ItemNotFoundExceptionMapper.html...
Generating /N/oak/home/nianma/fedora4/orig/new/fcrepo4/fcrepo-http-commons/target/apidocs/org/fcrepo/http/commons/exceptionhandlers/class-use/InvalidSerializationFormatExceptionMapper.html...
Generating /N/oak/home/nianma/fedora4/orig/new/fcrepo4/fcrepo-http-commons/target/apidocs/org/fcrepo/http/commons/exceptionhandlers/class-use/RepositoryExceptionMapper.html...
Generating /N/oak/home/nianma/fedora4/orig/new/fcrepo4/fcrepo-http-commons/target/apidocs/org/fcrepo/http/commons/exceptionhandlers/class-use/JsonParseExceptionMapper.html...
Generating /N/oak/home/nianma/fedora4/orig/new/fcrepo4/fcrepo-http-commons/target/apidocs/org/fcrepo/http/commons/exceptionhandlers/class-use/AccessControlExceptionMapper.html...
Generating /N/oak/home/nianma/fedora4/orig/new/fcrepo4/fcrepo-http-commons/target/apidocs/org/fcrepo/http/commons/exceptionhandlers/class-use/DocumentStoreExceptionMapper.html...
Generating /N/oak/home/nianma/fedora4/orig/new/fcrepo4/fcrepo-http-commons/target/apidocs/org/fcrepo/http/commons/exceptionhandlers/class-use/AccessDeniedExceptionMapper.html...
Generating /N/oak/home/nianma/fedora4/orig/new/fcrepo4/fcrepo-http-commons/target/apidocs/org/fcrepo/http/commons/exceptionhandlers/class-use/NodeNotFoundExceptionMapper.html...
Generating /N/oak/home/nianma/fedora4/orig/new/fcrepo4/fcrepo-http-commons/target/apidocs/org/fcrepo/http/commons/exceptionhandlers/class-use/TombstoneExceptionMapper.html...
Generating /N/oak/home/nianma/fedora4/orig/new/fcrepo4/fcrepo-http-commons/target/apidocs/org/fcrepo/http/commons/exceptionhandlers/class-use/ResourceTypeExceptionMapper.html...
Generating /N/oak/home/nianma/fedora4/orig/new/fcrepo4/fcrepo-http-commons/target/apidocs/org/fcrepo/http/commons/exceptionhandlers/class-use/WebApplicationExceptionMapper.html...
Generating /N/oak/home/nianma/fedora4/orig/new/fcrepo4/fcrepo-http-commons/target/apidocs/org/fcrepo/http/commons/domain/class-use/Range.html...
Generating /N/oak/home/nianma/fedora4/orig/new/fcrepo4/fcrepo-http-commons/target/apidocs/org/fcrepo/http/commons/domain/class-use/MOVE.html...
Generating /N/oak/home/nianma/fedora4/orig/new/fcrepo4/fcrepo-http-commons/target/apidocs/org/fcrepo/http/commons/domain/class-use/PATCH.html...
Generating /N/oak/home/nianma/fedora4/orig/new/fcrepo4/fcrepo-http-commons/target/apidocs/org/fcrepo/http/commons/domain/class-use/PreferTag.html...
Generating /N/oak/home/nianma/fedora4/orig/new/fcrepo4/fcrepo-http-commons/target/apidocs/org/fcrepo/http/commons/domain/class-use/RDFMediaType.html...
Generating /N/oak/home/nianma/fedora4/orig/new/fcrepo4/fcrepo-http-commons/target/apidocs/org/fcrepo/http/commons/domain/class-use/COPY.html...
Generating /N/oak/home/nianma/fedora4/orig/new/fcrepo4/fcrepo-http-commons/target/apidocs/org/fcrepo/http/commons/domain/class-use/ContentLocation.html...
Generating /N/oak/home/nianma/fedora4/orig/new/fcrepo4/fcrepo-http-commons/target/apidocs/org/fcrepo/http/commons/domain/class-use/ContentLocationMessageBodyReader.html...
Generating /N/oak/home/nianma/fedora4/orig/new/fcrepo4/fcrepo-http-commons/target/apidocs/org/fcrepo/http/commons/domain/class-use/SinglePrefer.html...
Generating /N/oak/home/nianma/fedora4/orig/new/fcrepo4/fcrepo-http-commons/target/apidocs/org/fcrepo/http/commons/domain/class-use/MultiPrefer.html...
Generating /N/oak/home/nianma/fedora4/orig/new/fcrepo4/fcrepo-http-commons/target/apidocs/org/fcrepo/http/commons/domain/ldp/class-use/LdpPreferTag.html...
Generating /N/oak/home/nianma/fedora4/orig/new/fcrepo4/fcrepo-http-commons/target/apidocs/org/fcrepo/http/commons/api/rdf/class-use/HttpTripleUtil.html...
Generating /N/oak/home/nianma/fedora4/orig/new/fcrepo4/fcrepo-http-commons/target/apidocs/org/fcrepo/http/commons/api/rdf/class-use/UriAwareResourceModelFactory.html...
Generating /N/oak/home/nianma/fedora4/orig/new/fcrepo4/fcrepo-http-commons/target/apidocs/org/fcrepo/http/commons/api/rdf/class-use/TripleOrdering.html...
Generating /N/oak/home/nianma/fedora4/orig/new/fcrepo4/fcrepo-http-commons/target/apidocs/org/fcrepo/http/commons/api/rdf/class-use/HttpResourceConverter.html...
Generating /N/oak/home/nianma/fedora4/orig/new/fcrepo4/fcrepo-http-commons/target/apidocs/org/fcrepo/http/commons/package-use.html...
Generating /N/oak/home/nianma/fedora4/orig/new/fcrepo4/fcrepo-http-commons/target/apidocs/org/fcrepo/http/commons/api/rdf/package-use.html...
Generating /N/oak/home/nianma/fedora4/orig/new/fcrepo4/fcrepo-http-commons/target/apidocs/org/fcrepo/http/commons/domain/package-use.html...
Generating /N/oak/home/nianma/fedora4/orig/new/fcrepo4/fcrepo-http-commons/target/apidocs/org/fcrepo/http/commons/domain/ldp/package-use.html...
Generating /N/oak/home/nianma/fedora4/orig/new/fcrepo4/fcrepo-http-commons/target/apidocs/org/fcrepo/http/commons/exceptionhandlers/package-use.html...
Generating /N/oak/home/nianma/fedora4/orig/new/fcrepo4/fcrepo-http-commons/target/apidocs/org/fcrepo/http/commons/responses/package-use.html...
Generating /N/oak/home/nianma/fedora4/orig/new/fcrepo4/fcrepo-http-commons/target/apidocs/org/fcrepo/http/commons/session/package-use.html...
Building index for all the packages and classes...
Generating /N/oak/home/nianma/fedora4/orig/new/fcrepo4/fcrepo-http-commons/target/apidocs/overview-tree.html...
Generating /N/oak/home/nianma/fedora4/orig/new/fcrepo4/fcrepo-http-commons/target/apidocs/index-all.html...
Generating /N/oak/home/nianma/fedora4/orig/new/fcrepo4/fcrepo-http-commons/target/apidocs/deprecated-list.html...
Building index for all classes...
Generating /N/oak/home/nianma/fedora4/orig/new/fcrepo4/fcrepo-http-commons/target/apidocs/allclasses-frame.html...
Generating /N/oak/home/nianma/fedora4/orig/new/fcrepo4/fcrepo-http-commons/target/apidocs/allclasses-noframe.html...
Generating /N/oak/home/nianma/fedora4/orig/new/fcrepo4/fcrepo-http-commons/target/apidocs/index.html...
Generating /N/oak/home/nianma/fedora4/orig/new/fcrepo4/fcrepo-http-commons/target/apidocs/overview-summary.html...
Generating /N/oak/home/nianma/fedora4/orig/new/fcrepo4/fcrepo-http-commons/target/apidocs/help-doc.html...
1 warning
[WARNING] Javadoc Warnings
[WARNING] /N/oak/home/nianma/fedora4/orig/new/fcrepo4/fcrepo-http-commons/src/main/java/org/fcrepo/http/commons/responses/HtmlTemplate.java:37: warning: no @return
[WARNING] String value();
[WARNING] ^
[INFO] Building jar: /N/oak/home/nianma/fedora4/orig/new/fcrepo4/fcrepo-http-commons/target/fcrepo-http-commons-4.1.1-SNAPSHOT-javadoc.jar
[INFO]                                                                         
[INFO] ------------------------------------------------------------------------
[INFO] Building Fedora Repository FileSystem Connector Module 4.1.1-SNAPSHOT
[INFO] ------------------------------------------------------------------------
[WARNING] Failure to transfer org.apache.maven.plugins/maven-metadata.xml from https://oss.sonatype.org/service/local/staging/deploy/maven2/ was cached in the local repository, resolution will not be reattempted until the update interval of sonatype-nexus-staging has elapsed or updates are forced. Original error: Could not transfer metadata org.apache.maven.plugins/maven-metadata.xml from/to sonatype-nexus-staging (https://oss.sonatype.org/service/local/staging/deploy/maven2/): Not authorized , ReasonPhrase:Unauthorized.
[WARNING] Failure to transfer org.codehaus.mojo/maven-metadata.xml from https://oss.sonatype.org/service/local/staging/deploy/maven2/ was cached in the local repository, resolution will not be reattempted until the update interval of sonatype-nexus-staging has elapsed or updates are forced. Original error: Could not transfer metadata org.codehaus.mojo/maven-metadata.xml from/to sonatype-nexus-staging (https://oss.sonatype.org/service/local/staging/deploy/maven2/): Not authorized , ReasonPhrase:Unauthorized.
[WARNING] Failure to transfer org.apache.maven.plugins:maven-javadoc-plugin/maven-metadata.xml from https://oss.sonatype.org/service/local/staging/deploy/maven2/ was cached in the local repository, resolution will not be reattempted until the update interval of sonatype-nexus-staging has elapsed or updates are forced. Original error: Could not transfer metadata org.apache.maven.plugins:maven-javadoc-plugin/maven-metadata.xml from/to sonatype-nexus-staging (https://oss.sonatype.org/service/local/staging/deploy/maven2/): Not authorized , ReasonPhrase:Unauthorized.
[INFO] 
[INFO] --- maven-javadoc-plugin:2.9.1:jar (default-cli) @ fcrepo-connector-file ---
[INFO] 
Loading source files for package org.fcrepo.connector.file...
Loading source files for package org.modeshape.connector.filesystem...
Constructing Javadoc information...
Standard Doclet version 1.8.0_31
Building tree for all the packages and classes...
Generating /N/oak/home/nianma/fedora4/orig/new/fcrepo4/fcrepo-connector-file/target/apidocs/org/fcrepo/connector/file/FedoraFileSystemConnector.html...
Generating /N/oak/home/nianma/fedora4/orig/new/fcrepo4/fcrepo-connector-file/target/apidocs/org/modeshape/connector/filesystem/ExternalJsonSidecarExtraPropertyStore.html...
Generating /N/oak/home/nianma/fedora4/orig/new/fcrepo4/fcrepo-connector-file/target/apidocs/overview-frame.html...
Generating /N/oak/home/nianma/fedora4/orig/new/fcrepo4/fcrepo-connector-file/target/apidocs/org/fcrepo/connector/file/package-frame.html...
Generating /N/oak/home/nianma/fedora4/orig/new/fcrepo4/fcrepo-connector-file/target/apidocs/org/fcrepo/connector/file/package-summary.html...
Generating /N/oak/home/nianma/fedora4/orig/new/fcrepo4/fcrepo-connector-file/target/apidocs/org/fcrepo/connector/file/package-tree.html...
Generating /N/oak/home/nianma/fedora4/orig/new/fcrepo4/fcrepo-connector-file/target/apidocs/org/modeshape/connector/filesystem/package-frame.html...
Generating /N/oak/home/nianma/fedora4/orig/new/fcrepo4/fcrepo-connector-file/target/apidocs/org/modeshape/connector/filesystem/package-summary.html...
Generating /N/oak/home/nianma/fedora4/orig/new/fcrepo4/fcrepo-connector-file/target/apidocs/org/modeshape/connector/filesystem/package-tree.html...
Generating /N/oak/home/nianma/fedora4/orig/new/fcrepo4/fcrepo-connector-file/target/apidocs/constant-values.html...
Generating /N/oak/home/nianma/fedora4/orig/new/fcrepo4/fcrepo-connector-file/target/apidocs/org/fcrepo/connector/file/class-use/FedoraFileSystemConnector.html...
Generating /N/oak/home/nianma/fedora4/orig/new/fcrepo4/fcrepo-connector-file/target/apidocs/org/modeshape/connector/filesystem/class-use/ExternalJsonSidecarExtraPropertyStore.html...
Generating /N/oak/home/nianma/fedora4/orig/new/fcrepo4/fcrepo-connector-file/target/apidocs/org/fcrepo/connector/file/package-use.html...
Generating /N/oak/home/nianma/fedora4/orig/new/fcrepo4/fcrepo-connector-file/target/apidocs/org/modeshape/connector/filesystem/package-use.html...
Building index for all the packages and classes...
Generating /N/oak/home/nianma/fedora4/orig/new/fcrepo4/fcrepo-connector-file/target/apidocs/overview-tree.html...
Generating /N/oak/home/nianma/fedora4/orig/new/fcrepo4/fcrepo-connector-file/target/apidocs/index-all.html...
Generating /N/oak/home/nianma/fedora4/orig/new/fcrepo4/fcrepo-connector-file/target/apidocs/deprecated-list.html...
Building index for all classes...
Generating /N/oak/home/nianma/fedora4/orig/new/fcrepo4/fcrepo-connector-file/target/apidocs/allclasses-frame.html...
Generating /N/oak/home/nianma/fedora4/orig/new/fcrepo4/fcrepo-connector-file/target/apidocs/allclasses-noframe.html...
Generating /N/oak/home/nianma/fedora4/orig/new/fcrepo4/fcrepo-connector-file/target/apidocs/index.html...
Generating /N/oak/home/nianma/fedora4/orig/new/fcrepo4/fcrepo-connector-file/target/apidocs/overview-summary.html...
Generating /N/oak/home/nianma/fedora4/orig/new/fcrepo4/fcrepo-connector-file/target/apidocs/help-doc.html...
3 warnings
[WARNING] Javadoc Warnings
[WARNING] /N/oak/home/nianma/fedora4/orig/new/fcrepo4/fcrepo-connector-file/src/main/java/org/fcrepo/connector/file/FedoraFileSystemConnector.java:158: warning: no @return
[WARNING] protected boolean shouldCacheProperties() {
[WARNING] ^
[WARNING] /N/oak/home/nianma/fedora4/orig/new/fcrepo4/fcrepo-connector-file/src/main/java/org/fcrepo/connector/file/FedoraFileSystemConnector.java:296: warning: no @param for id
[WARNING] protected void touchParent( final String id ) {
[WARNING] ^
[WARNING] /N/oak/home/nianma/fedora4/orig/new/fcrepo4/fcrepo-connector-file/src/main/java/org/modeshape/connector/filesystem/ExternalJsonSidecarExtraPropertyStore.java:43: warning: no @param for translator
[WARNING] public ExternalJsonSidecarExtraPropertyStore(final FileSystemConnector connector,
[WARNING] ^
[INFO] Building jar: /N/oak/home/nianma/fedora4/orig/new/fcrepo4/fcrepo-connector-file/target/fcrepo-connector-file-4.1.1-SNAPSHOT-javadoc.jar
[INFO]                                                                         
[INFO] ------------------------------------------------------------------------
[INFO] Building Fedora Repository Authorization Commons Module 4.1.1-SNAPSHOT
[INFO] ------------------------------------------------------------------------
[WARNING] Failure to transfer org.apache.maven.plugins/maven-metadata.xml from https://oss.sonatype.org/service/local/staging/deploy/maven2/ was cached in the local repository, resolution will not be reattempted until the update interval of sonatype-nexus-staging has elapsed or updates are forced. Original error: Could not transfer metadata org.apache.maven.plugins/maven-metadata.xml from/to sonatype-nexus-staging (https://oss.sonatype.org/service/local/staging/deploy/maven2/): Not authorized , ReasonPhrase:Unauthorized.
[WARNING] Failure to transfer org.codehaus.mojo/maven-metadata.xml from https://oss.sonatype.org/service/local/staging/deploy/maven2/ was cached in the local repository, resolution will not be reattempted until the update interval of sonatype-nexus-staging has elapsed or updates are forced. Original error: Could not transfer metadata org.codehaus.mojo/maven-metadata.xml from/to sonatype-nexus-staging (https://oss.sonatype.org/service/local/staging/deploy/maven2/): Not authorized , ReasonPhrase:Unauthorized.
[WARNING] Failure to transfer org.apache.maven.plugins:maven-javadoc-plugin/maven-metadata.xml from https://oss.sonatype.org/service/local/staging/deploy/maven2/ was cached in the local repository, resolution will not be reattempted until the update interval of sonatype-nexus-staging has elapsed or updates are forced. Original error: Could not transfer metadata org.apache.maven.plugins:maven-javadoc-plugin/maven-metadata.xml from/to sonatype-nexus-staging (https://oss.sonatype.org/service/local/staging/deploy/maven2/): Not authorized , ReasonPhrase:Unauthorized.
[INFO] 
[INFO] --- maven-javadoc-plugin:2.9.1:jar (default-cli) @ fcrepo-auth-common ---
[ERROR] Error fetching link: /N/oak/home/nianma/fedora4/orig/new/fcrepo4/fcrepo-configs/target/apidocs/package-list. Ignored it.
[INFO] 
Loading source files for package org.fcrepo.auth.common...
Constructing Javadoc information...
Standard Doclet version 1.8.0_31
Building tree for all the packages and classes...
Generating /N/oak/home/nianma/fedora4/orig/new/fcrepo4/fcrepo-auth-common/target/apidocs/org/fcrepo/auth/common/BypassSecurityServletAuthenticationProvider.html...
Generating /N/oak/home/nianma/fedora4/orig/new/fcrepo4/fcrepo-auth-common/target/apidocs/org/fcrepo/auth/common/BypassSecurityServletAuthenticationProvider.AnonymousAdminSecurityContext.html...
Generating /N/oak/home/nianma/fedora4/orig/new/fcrepo4/fcrepo-auth-common/target/apidocs/org/fcrepo/auth/common/ContainerRolesPrincipalProvider.html...
Generating /N/oak/home/nianma/fedora4/orig/new/fcrepo4/fcrepo-auth-common/target/apidocs/org/fcrepo/auth/common/ContainerRolesPrincipalProvider.ContainerRolesPrincipal.html...
Generating /N/oak/home/nianma/fedora4/orig/new/fcrepo4/fcrepo-auth-common/target/apidocs/org/fcrepo/auth/common/FedoraAdminSecurityContext.html...
Generating /N/oak/home/nianma/fedora4/orig/new/fcrepo4/fcrepo-auth-common/target/apidocs/org/fcrepo/auth/common/FedoraAuthorizationDelegate.html...
Generating /N/oak/home/nianma/fedora4/orig/new/fcrepo4/fcrepo-auth-common/target/apidocs/org/fcrepo/auth/common/FedoraUserSecurityContext.html...
Generating /N/oak/home/nianma/fedora4/orig/new/fcrepo4/fcrepo-auth-common/target/apidocs/org/fcrepo/auth/common/HttpHeaderPrincipalProvider.html...
Generating /N/oak/home/nianma/fedora4/orig/new/fcrepo4/fcrepo-auth-common/target/apidocs/org/fcrepo/auth/common/HttpHeaderPrincipalProvider.HttpHeaderPrincipal.html...
Generating /N/oak/home/nianma/fedora4/orig/new/fcrepo4/fcrepo-auth-common/target/apidocs/org/fcrepo/auth/common/PrincipalProvider.html...
Generating /N/oak/home/nianma/fedora4/orig/new/fcrepo4/fcrepo-auth-common/target/apidocs/org/fcrepo/auth/common/ServletContainerAuthenticationProvider.html...
Generating /N/oak/home/nianma/fedora4/orig/new/fcrepo4/fcrepo-auth-common/target/apidocs/org/fcrepo/auth/common/package-frame.html...
Generating /N/oak/home/nianma/fedora4/orig/new/fcrepo4/fcrepo-auth-common/target/apidocs/org/fcrepo/auth/common/package-summary.html...
Generating /N/oak/home/nianma/fedora4/orig/new/fcrepo4/fcrepo-auth-common/target/apidocs/org/fcrepo/auth/common/package-tree.html...
Generating /N/oak/home/nianma/fedora4/orig/new/fcrepo4/fcrepo-auth-common/target/apidocs/constant-values.html...
Generating /N/oak/home/nianma/fedora4/orig/new/fcrepo4/fcrepo-auth-common/target/apidocs/org/fcrepo/auth/common/class-use/FedoraUserSecurityContext.html...
Generating /N/oak/home/nianma/fedora4/orig/new/fcrepo4/fcrepo-auth-common/target/apidocs/org/fcrepo/auth/common/class-use/ContainerRolesPrincipalProvider.html...
Generating /N/oak/home/nianma/fedora4/orig/new/fcrepo4/fcrepo-auth-common/target/apidocs/org/fcrepo/auth/common/class-use/ContainerRolesPrincipalProvider.ContainerRolesPrincipal.html...
Generating /N/oak/home/nianma/fedora4/orig/new/fcrepo4/fcrepo-auth-common/target/apidocs/org/fcrepo/auth/common/class-use/FedoraAuthorizationDelegate.html...
Generating /N/oak/home/nianma/fedora4/orig/new/fcrepo4/fcrepo-auth-common/target/apidocs/org/fcrepo/auth/common/class-use/HttpHeaderPrincipalProvider.html...
Generating /N/oak/home/nianma/fedora4/orig/new/fcrepo4/fcrepo-auth-common/target/apidocs/org/fcrepo/auth/common/class-use/HttpHeaderPrincipalProvider.HttpHeaderPrincipal.html...
Generating /N/oak/home/nianma/fedora4/orig/new/fcrepo4/fcrepo-auth-common/target/apidocs/org/fcrepo/auth/common/class-use/ServletContainerAuthenticationProvider.html...
Generating /N/oak/home/nianma/fedora4/orig/new/fcrepo4/fcrepo-auth-common/target/apidocs/org/fcrepo/auth/common/class-use/BypassSecurityServletAuthenticationProvider.html...
Generating /N/oak/home/nianma/fedora4/orig/new/fcrepo4/fcrepo-auth-common/target/apidocs/org/fcrepo/auth/common/class-use/BypassSecurityServletAuthenticationProvider.AnonymousAdminSecurityContext.html...
Generating /N/oak/home/nianma/fedora4/orig/new/fcrepo4/fcrepo-auth-common/target/apidocs/org/fcrepo/auth/common/class-use/FedoraAdminSecurityContext.html...
Generating /N/oak/home/nianma/fedora4/orig/new/fcrepo4/fcrepo-auth-common/target/apidocs/org/fcrepo/auth/common/class-use/PrincipalProvider.html...
Generating /N/oak/home/nianma/fedora4/orig/new/fcrepo4/fcrepo-auth-common/target/apidocs/org/fcrepo/auth/common/package-use.html...
Building index for all the packages and classes...
Generating /N/oak/home/nianma/fedora4/orig/new/fcrepo4/fcrepo-auth-common/target/apidocs/overview-tree.html...
Generating /N/oak/home/nianma/fedora4/orig/new/fcrepo4/fcrepo-auth-common/target/apidocs/index-all.html...
Generating /N/oak/home/nianma/fedora4/orig/new/fcrepo4/fcrepo-auth-common/target/apidocs/deprecated-list.html...
Building index for all classes...
Generating /N/oak/home/nianma/fedora4/orig/new/fcrepo4/fcrepo-auth-common/target/apidocs/allclasses-frame.html...
Generating /N/oak/home/nianma/fedora4/orig/new/fcrepo4/fcrepo-auth-common/target/apidocs/allclasses-noframe.html...
Generating /N/oak/home/nianma/fedora4/orig/new/fcrepo4/fcrepo-auth-common/target/apidocs/index.html...
Generating /N/oak/home/nianma/fedora4/orig/new/fcrepo4/fcrepo-auth-common/target/apidocs/help-doc.html...
4 warnings
[WARNING] Javadoc Warnings
[WARNING] /N/oak/home/nianma/fedora4/orig/new/fcrepo4/fcrepo-auth-common/src/main/java/org/fcrepo/auth/common/FedoraAdminSecurityContext.java:37: warning: no description for @param
[WARNING] * @param username
[WARNING] ^
[WARNING] /N/oak/home/nianma/fedora4/orig/new/fcrepo4/fcrepo-auth-common/src/main/java/org/fcrepo/auth/common/FedoraAuthorizationDelegate.java:73: warning: no description for @param
[WARNING] * @param session
[WARNING] ^
[WARNING] /N/oak/home/nianma/fedora4/orig/new/fcrepo4/fcrepo-auth-common/src/main/java/org/fcrepo/auth/common/FedoraAuthorizationDelegate.java:74: warning: no description for @param
[WARNING] * @param absPath
[WARNING] ^
[WARNING] /N/oak/home/nianma/fedora4/orig/new/fcrepo4/fcrepo-auth-common/src/main/java/org/fcrepo/auth/common/FedoraAuthorizationDelegate.java:75: warning: no description for @param
[WARNING] * @param actions
[WARNING] ^
[INFO] Building jar: /N/oak/home/nianma/fedora4/orig/new/fcrepo4/fcrepo-auth-common/target/fcrepo-auth-common-4.1.1-SNAPSHOT-javadoc.jar
[INFO]                                                                         
[INFO] ------------------------------------------------------------------------
[INFO] Building Fedora Repository HTTP API Module 4.1.1-SNAPSHOT
[INFO] ------------------------------------------------------------------------
[WARNING] Failure to transfer org.apache.maven.plugins/maven-metadata.xml from https://oss.sonatype.org/service/local/staging/deploy/maven2/ was cached in the local repository, resolution will not be reattempted until the update interval of sonatype-nexus-staging has elapsed or updates are forced. Original error: Could not transfer metadata org.apache.maven.plugins/maven-metadata.xml from/to sonatype-nexus-staging (https://oss.sonatype.org/service/local/staging/deploy/maven2/): Not authorized , ReasonPhrase:Unauthorized.
[WARNING] Failure to transfer org.codehaus.mojo/maven-metadata.xml from https://oss.sonatype.org/service/local/staging/deploy/maven2/ was cached in the local repository, resolution will not be reattempted until the update interval of sonatype-nexus-staging has elapsed or updates are forced. Original error: Could not transfer metadata org.codehaus.mojo/maven-metadata.xml from/to sonatype-nexus-staging (https://oss.sonatype.org/service/local/staging/deploy/maven2/): Not authorized , ReasonPhrase:Unauthorized.
[WARNING] Failure to transfer org.apache.maven.plugins:maven-javadoc-plugin/maven-metadata.xml from https://oss.sonatype.org/service/local/staging/deploy/maven2/ was cached in the local repository, resolution will not be reattempted until the update interval of sonatype-nexus-staging has elapsed or updates are forced. Original error: Could not transfer metadata org.apache.maven.plugins:maven-javadoc-plugin/maven-metadata.xml from/to sonatype-nexus-staging (https://oss.sonatype.org/service/local/staging/deploy/maven2/): Not authorized , ReasonPhrase:Unauthorized.
[INFO] 
[INFO] --- maven-javadoc-plugin:2.9.1:jar (default-cli) @ fcrepo-http-api ---
[ERROR] Error fetching link: /N/oak/home/nianma/fedora4/orig/new/fcrepo4/fcrepo-configs/target/apidocs/package-list. Ignored it.
[INFO] 
Loading source files for package org.fcrepo.http.api...
Loading source files for package org.fcrepo.http.api.url...
Loading source files for package org.fcrepo.http.api.responses...
Loading source files for package org.fcrepo.http.api.repository...
Constructing Javadoc information...
Standard Doclet version 1.8.0_31
Building tree for all the packages and classes...
Generating /N/oak/home/nianma/fedora4/orig/new/fcrepo4/fcrepo-http-api/target/apidocs/org/fcrepo/http/api/ContentExposingResource.html...
Generating /N/oak/home/nianma/fedora4/orig/new/fcrepo4/fcrepo-http-api/target/apidocs/org/fcrepo/http/api/FedoraBaseResource.html...
Generating /N/oak/home/nianma/fedora4/orig/new/fcrepo4/fcrepo-http-api/target/apidocs/org/fcrepo/http/api/FedoraExport.html...
Generating /N/oak/home/nianma/fedora4/orig/new/fcrepo4/fcrepo-http-api/target/apidocs/org/fcrepo/http/api/FedoraFixity.html...
Generating /N/oak/home/nianma/fedora4/orig/new/fcrepo4/fcrepo-http-api/target/apidocs/org/fcrepo/http/api/FedoraHttpConfiguration.html...
Generating /N/oak/home/nianma/fedora4/orig/new/fcrepo4/fcrepo-http-api/target/apidocs/org/fcrepo/http/api/FedoraImport.html...
Generating /N/oak/home/nianma/fedora4/orig/new/fcrepo4/fcrepo-http-api/target/apidocs/org/fcrepo/http/api/FedoraLdp.html...
Generating /N/oak/home/nianma/fedora4/orig/new/fcrepo4/fcrepo-http-api/target/apidocs/org/fcrepo/http/api/FedoraNodes.html...
Generating /N/oak/home/nianma/fedora4/orig/new/fcrepo4/fcrepo-http-api/target/apidocs/org/fcrepo/http/api/FedoraTombstones.html...
Generating /N/oak/home/nianma/fedora4/orig/new/fcrepo4/fcrepo-http-api/target/apidocs/org/fcrepo/http/api/FedoraTransactions.html...
Generating /N/oak/home/nianma/fedora4/orig/new/fcrepo4/fcrepo-http-api/target/apidocs/org/fcrepo/http/api/FedoraVersioning.html...
Generating /N/oak/home/nianma/fedora4/orig/new/fcrepo4/fcrepo-http-api/target/apidocs/org/fcrepo/http/api/FedoraVersions.html...
Generating /N/oak/home/nianma/fedora4/orig/new/fcrepo4/fcrepo-http-api/target/apidocs/org/fcrepo/http/api/ViewAssets.html...
Generating /N/oak/home/nianma/fedora4/orig/new/fcrepo4/fcrepo-http-api/target/apidocs/org/fcrepo/http/api/url/HttpApiResources.html...
Generating /N/oak/home/nianma/fedora4/orig/new/fcrepo4/fcrepo-http-api/target/apidocs/org/fcrepo/http/api/responses/StreamingBaseHtmlProvider.html...
Generating /N/oak/home/nianma/fedora4/orig/new/fcrepo4/fcrepo-http-api/target/apidocs/org/fcrepo/http/api/responses/StreamingHtmlProvider.html...
Generating /N/oak/home/nianma/fedora4/orig/new/fcrepo4/fcrepo-http-api/target/apidocs/org/fcrepo/http/api/repository/FedoraRepositoryBackup.html...
Generating /N/oak/home/nianma/fedora4/orig/new/fcrepo4/fcrepo-http-api/target/apidocs/org/fcrepo/http/api/repository/FedoraRepositoryExport.html...
Generating /N/oak/home/nianma/fedora4/orig/new/fcrepo4/fcrepo-http-api/target/apidocs/org/fcrepo/http/api/repository/FedoraRepositoryImport.html...
Generating /N/oak/home/nianma/fedora4/orig/new/fcrepo4/fcrepo-http-api/target/apidocs/org/fcrepo/http/api/repository/FedoraRepositoryNodeTypes.html...
Generating /N/oak/home/nianma/fedora4/orig/new/fcrepo4/fcrepo-http-api/target/apidocs/org/fcrepo/http/api/repository/FedoraRepositoryRestore.html...
Generating /N/oak/home/nianma/fedora4/orig/new/fcrepo4/fcrepo-http-api/target/apidocs/org/fcrepo/http/api/repository/FedoraRepositoryTransactions.html...
Generating /N/oak/home/nianma/fedora4/orig/new/fcrepo4/fcrepo-http-api/target/apidocs/overview-frame.html...
Generating /N/oak/home/nianma/fedora4/orig/new/fcrepo4/fcrepo-http-api/target/apidocs/org/fcrepo/http/api/package-frame.html...
Generating /N/oak/home/nianma/fedora4/orig/new/fcrepo4/fcrepo-http-api/target/apidocs/org/fcrepo/http/api/package-summary.html...
Generating /N/oak/home/nianma/fedora4/orig/new/fcrepo4/fcrepo-http-api/target/apidocs/org/fcrepo/http/api/package-tree.html...
Generating /N/oak/home/nianma/fedora4/orig/new/fcrepo4/fcrepo-http-api/target/apidocs/org/fcrepo/http/api/repository/package-frame.html...
Generating /N/oak/home/nianma/fedora4/orig/new/fcrepo4/fcrepo-http-api/target/apidocs/org/fcrepo/http/api/repository/package-summary.html...
Generating /N/oak/home/nianma/fedora4/orig/new/fcrepo4/fcrepo-http-api/target/apidocs/org/fcrepo/http/api/repository/package-tree.html...
Generating /N/oak/home/nianma/fedora4/orig/new/fcrepo4/fcrepo-http-api/target/apidocs/org/fcrepo/http/api/responses/package-frame.html...
Generating /N/oak/home/nianma/fedora4/orig/new/fcrepo4/fcrepo-http-api/target/apidocs/org/fcrepo/http/api/responses/package-summary.html...
Generating /N/oak/home/nianma/fedora4/orig/new/fcrepo4/fcrepo-http-api/target/apidocs/org/fcrepo/http/api/responses/package-tree.html...
Generating /N/oak/home/nianma/fedora4/orig/new/fcrepo4/fcrepo-http-api/target/apidocs/org/fcrepo/http/api/url/package-frame.html...
Generating /N/oak/home/nianma/fedora4/orig/new/fcrepo4/fcrepo-http-api/target/apidocs/org/fcrepo/http/api/url/package-summary.html...
Generating /N/oak/home/nianma/fedora4/orig/new/fcrepo4/fcrepo-http-api/target/apidocs/org/fcrepo/http/api/url/package-tree.html...
Generating /N/oak/home/nianma/fedora4/orig/new/fcrepo4/fcrepo-http-api/target/apidocs/constant-values.html...
Generating /N/oak/home/nianma/fedora4/orig/new/fcrepo4/fcrepo-http-api/target/apidocs/org/fcrepo/http/api/class-use/FedoraFixity.html...
Generating /N/oak/home/nianma/fedora4/orig/new/fcrepo4/fcrepo-http-api/target/apidocs/org/fcrepo/http/api/class-use/FedoraBaseResource.html...
Generating /N/oak/home/nianma/fedora4/orig/new/fcrepo4/fcrepo-http-api/target/apidocs/org/fcrepo/http/api/class-use/FedoraVersions.html...
Generating /N/oak/home/nianma/fedora4/orig/new/fcrepo4/fcrepo-http-api/target/apidocs/org/fcrepo/http/api/class-use/FedoraExport.html...
Generating /N/oak/home/nianma/fedora4/orig/new/fcrepo4/fcrepo-http-api/target/apidocs/org/fcrepo/http/api/class-use/FedoraVersioning.html...
Generating /N/oak/home/nianma/fedora4/orig/new/fcrepo4/fcrepo-http-api/target/apidocs/org/fcrepo/http/api/class-use/ViewAssets.html...
Generating /N/oak/home/nianma/fedora4/orig/new/fcrepo4/fcrepo-http-api/target/apidocs/org/fcrepo/http/api/class-use/ContentExposingResource.html...
Generating /N/oak/home/nianma/fedora4/orig/new/fcrepo4/fcrepo-http-api/target/apidocs/org/fcrepo/http/api/class-use/FedoraHttpConfiguration.html...
Generating /N/oak/home/nianma/fedora4/orig/new/fcrepo4/fcrepo-http-api/target/apidocs/org/fcrepo/http/api/class-use/FedoraImport.html...
Generating /N/oak/home/nianma/fedora4/orig/new/fcrepo4/fcrepo-http-api/target/apidocs/org/fcrepo/http/api/class-use/FedoraNodes.html...
Generating /N/oak/home/nianma/fedora4/orig/new/fcrepo4/fcrepo-http-api/target/apidocs/org/fcrepo/http/api/class-use/FedoraLdp.html...
Generating /N/oak/home/nianma/fedora4/orig/new/fcrepo4/fcrepo-http-api/target/apidocs/org/fcrepo/http/api/class-use/FedoraTransactions.html...
Generating /N/oak/home/nianma/fedora4/orig/new/fcrepo4/fcrepo-http-api/target/apidocs/org/fcrepo/http/api/class-use/FedoraTombstones.html...
Generating /N/oak/home/nianma/fedora4/orig/new/fcrepo4/fcrepo-http-api/target/apidocs/org/fcrepo/http/api/url/class-use/HttpApiResources.html...
Generating /N/oak/home/nianma/fedora4/orig/new/fcrepo4/fcrepo-http-api/target/apidocs/org/fcrepo/http/api/responses/class-use/StreamingBaseHtmlProvider.html...
Generating /N/oak/home/nianma/fedora4/orig/new/fcrepo4/fcrepo-http-api/target/apidocs/org/fcrepo/http/api/responses/class-use/StreamingHtmlProvider.html...
Generating /N/oak/home/nianma/fedora4/orig/new/fcrepo4/fcrepo-http-api/target/apidocs/org/fcrepo/http/api/repository/class-use/FedoraRepositoryTransactions.html...
Generating /N/oak/home/nianma/fedora4/orig/new/fcrepo4/fcrepo-http-api/target/apidocs/org/fcrepo/http/api/repository/class-use/FedoraRepositoryBackup.html...
Generating /N/oak/home/nianma/fedora4/orig/new/fcrepo4/fcrepo-http-api/target/apidocs/org/fcrepo/http/api/repository/class-use/FedoraRepositoryRestore.html...
Generating /N/oak/home/nianma/fedora4/orig/new/fcrepo4/fcrepo-http-api/target/apidocs/org/fcrepo/http/api/repository/class-use/FedoraRepositoryNodeTypes.html...
Generating /N/oak/home/nianma/fedora4/orig/new/fcrepo4/fcrepo-http-api/target/apidocs/org/fcrepo/http/api/repository/class-use/FedoraRepositoryExport.html...
Generating /N/oak/home/nianma/fedora4/orig/new/fcrepo4/fcrepo-http-api/target/apidocs/org/fcrepo/http/api/repository/class-use/FedoraRepositoryImport.html...
Generating /N/oak/home/nianma/fedora4/orig/new/fcrepo4/fcrepo-http-api/target/apidocs/org/fcrepo/http/api/package-use.html...
Generating /N/oak/home/nianma/fedora4/orig/new/fcrepo4/fcrepo-http-api/target/apidocs/org/fcrepo/http/api/repository/package-use.html...
Generating /N/oak/home/nianma/fedora4/orig/new/fcrepo4/fcrepo-http-api/target/apidocs/org/fcrepo/http/api/responses/package-use.html...
Generating /N/oak/home/nianma/fedora4/orig/new/fcrepo4/fcrepo-http-api/target/apidocs/org/fcrepo/http/api/url/package-use.html...
Building index for all the packages and classes...
Generating /N/oak/home/nianma/fedora4/orig/new/fcrepo4/fcrepo-http-api/target/apidocs/overview-tree.html...
Generating /N/oak/home/nianma/fedora4/orig/new/fcrepo4/fcrepo-http-api/target/apidocs/index-all.html...
Generating /N/oak/home/nianma/fedora4/orig/new/fcrepo4/fcrepo-http-api/target/apidocs/deprecated-list.html...
Building index for all classes...
Generating /N/oak/home/nianma/fedora4/orig/new/fcrepo4/fcrepo-http-api/target/apidocs/allclasses-frame.html...
Generating /N/oak/home/nianma/fedora4/orig/new/fcrepo4/fcrepo-http-api/target/apidocs/allclasses-noframe.html...
Generating /N/oak/home/nianma/fedora4/orig/new/fcrepo4/fcrepo-http-api/target/apidocs/index.html...
Generating /N/oak/home/nianma/fedora4/orig/new/fcrepo4/fcrepo-http-api/target/apidocs/overview-summary.html...
Generating /N/oak/home/nianma/fedora4/orig/new/fcrepo4/fcrepo-http-api/target/apidocs/help-doc.html...
6 warnings
[WARNING] Javadoc Warnings
[WARNING] /N/oak/home/nianma/fedora4/orig/new/fcrepo4/fcrepo-http-api/src/main/java/org/fcrepo/http/api/FedoraFixity.java:75: warning: no description for @param
[WARNING] * @param externalPath
[WARNING] ^
[WARNING] /N/oak/home/nianma/fedora4/orig/new/fcrepo4/fcrepo-http-api/src/main/java/org/fcrepo/http/api/FedoraNodes.java:109: warning: no @return
[WARNING] public Response copyObject(@HeaderParam("Destination") final String destinationUri)
[WARNING] ^
[WARNING] /N/oak/home/nianma/fedora4/orig/new/fcrepo4/fcrepo-http-api/src/main/java/org/fcrepo/http/api/FedoraNodes.java:160: warning: no @return
[WARNING] public Response moveObject(@HeaderParam("Destination") final String destinationUri)
[WARNING] ^
[WARNING] /N/oak/home/nianma/fedora4/orig/new/fcrepo4/fcrepo-http-api/src/main/java/org/fcrepo/http/api/ViewAssets.java:50: warning: no description for @return
[WARNING] * @return
[WARNING] ^
[WARNING] /N/oak/home/nianma/fedora4/orig/new/fcrepo4/fcrepo-http-api/src/main/java/org/fcrepo/http/api/repository/FedoraRepositoryRestore.java:67: warning: no description for @throws
[WARNING] * @throws IOException
[WARNING] ^
[WARNING] /N/oak/home/nianma/fedora4/orig/new/fcrepo4/fcrepo-http-api/src/main/java/org/fcrepo/http/api/repository/FedoraRepositoryRestore.java:70: warning: no @param for bodyStream
[WARNING] public Response runRestore(final InputStream bodyStream) throws IOException {
[WARNING] ^
[INFO] Building jar: /N/oak/home/nianma/fedora4/orig/new/fcrepo4/fcrepo-http-api/target/fcrepo-http-api-4.1.1-SNAPSHOT-javadoc.jar
[INFO]                                                                         
[INFO] ------------------------------------------------------------------------
[INFO] Building Fedora Repository RDF Transformations Module 4.1.1-SNAPSHOT
[INFO] ------------------------------------------------------------------------
[WARNING] Failure to transfer org.apache.maven.plugins/maven-metadata.xml from https://oss.sonatype.org/service/local/staging/deploy/maven2/ was cached in the local repository, resolution will not be reattempted until the update interval of sonatype-nexus-staging has elapsed or updates are forced. Original error: Could not transfer metadata org.apache.maven.plugins/maven-metadata.xml from/to sonatype-nexus-staging (https://oss.sonatype.org/service/local/staging/deploy/maven2/): Not authorized , ReasonPhrase:Unauthorized.
[WARNING] Failure to transfer org.codehaus.mojo/maven-metadata.xml from https://oss.sonatype.org/service/local/staging/deploy/maven2/ was cached in the local repository, resolution will not be reattempted until the update interval of sonatype-nexus-staging has elapsed or updates are forced. Original error: Could not transfer metadata org.codehaus.mojo/maven-metadata.xml from/to sonatype-nexus-staging (https://oss.sonatype.org/service/local/staging/deploy/maven2/): Not authorized , ReasonPhrase:Unauthorized.
[WARNING] Failure to transfer org.apache.maven.plugins:maven-javadoc-plugin/maven-metadata.xml from https://oss.sonatype.org/service/local/staging/deploy/maven2/ was cached in the local repository, resolution will not be reattempted until the update interval of sonatype-nexus-staging has elapsed or updates are forced. Original error: Could not transfer metadata org.apache.maven.plugins:maven-javadoc-plugin/maven-metadata.xml from/to sonatype-nexus-staging (https://oss.sonatype.org/service/local/staging/deploy/maven2/): Not authorized , ReasonPhrase:Unauthorized.
[INFO] 
[INFO] --- maven-javadoc-plugin:2.9.1:jar (default-cli) @ fcrepo-transform ---
[ERROR] Error fetching link: /N/oak/home/nianma/fedora4/orig/new/fcrepo4/fcrepo-configs/target/apidocs/package-list. Ignored it.
[INFO] 
Loading source files for package org.fcrepo.transform.transformations...
Loading source files for package org.fcrepo.transform...
Loading source files for package org.fcrepo.transform.http...
Loading source files for package org.fcrepo.transform.http.responses...
Constructing Javadoc information...
Standard Doclet version 1.8.0_31
Building tree for all the packages and classes...
Generating /N/oak/home/nianma/fedora4/orig/new/fcrepo4/fcrepo-transform/target/apidocs/org/fcrepo/transform/transformations/LDPathTransform.html...
Generating /N/oak/home/nianma/fedora4/orig/new/fcrepo4/fcrepo-transform/target/apidocs/org/fcrepo/transform/transformations/SparqlQueryTransform.html...
Generating /N/oak/home/nianma/fedora4/orig/new/fcrepo4/fcrepo-transform/target/apidocs/org/fcrepo/transform/Transformation.html...
Generating /N/oak/home/nianma/fedora4/orig/new/fcrepo4/fcrepo-transform/target/apidocs/org/fcrepo/transform/TransformationFactory.html...
Generating /N/oak/home/nianma/fedora4/orig/new/fcrepo4/fcrepo-transform/target/apidocs/org/fcrepo/transform/http/FedoraTransform.html...
Generating /N/oak/home/nianma/fedora4/orig/new/fcrepo4/fcrepo-transform/target/apidocs/org/fcrepo/transform/http/responses/QueryExecutionProvider.html...
Generating /N/oak/home/nianma/fedora4/orig/new/fcrepo4/fcrepo-transform/target/apidocs/org/fcrepo/transform/http/responses/ResultSetStreamingOutput.html...
Generating /N/oak/home/nianma/fedora4/orig/new/fcrepo4/fcrepo-transform/target/apidocs/overview-frame.html...
Generating /N/oak/home/nianma/fedora4/orig/new/fcrepo4/fcrepo-transform/target/apidocs/org/fcrepo/transform/package-frame.html...
Generating /N/oak/home/nianma/fedora4/orig/new/fcrepo4/fcrepo-transform/target/apidocs/org/fcrepo/transform/package-summary.html...
Generating /N/oak/home/nianma/fedora4/orig/new/fcrepo4/fcrepo-transform/target/apidocs/org/fcrepo/transform/package-tree.html...
Generating /N/oak/home/nianma/fedora4/orig/new/fcrepo4/fcrepo-transform/target/apidocs/org/fcrepo/transform/http/package-frame.html...
Generating /N/oak/home/nianma/fedora4/orig/new/fcrepo4/fcrepo-transform/target/apidocs/org/fcrepo/transform/http/package-summary.html...
Generating /N/oak/home/nianma/fedora4/orig/new/fcrepo4/fcrepo-transform/target/apidocs/org/fcrepo/transform/http/package-tree.html...
Generating /N/oak/home/nianma/fedora4/orig/new/fcrepo4/fcrepo-transform/target/apidocs/org/fcrepo/transform/http/responses/package-frame.html...
Generating /N/oak/home/nianma/fedora4/orig/new/fcrepo4/fcrepo-transform/target/apidocs/org/fcrepo/transform/http/responses/package-summary.html...
Generating /N/oak/home/nianma/fedora4/orig/new/fcrepo4/fcrepo-transform/target/apidocs/org/fcrepo/transform/http/responses/package-tree.html...
Generating /N/oak/home/nianma/fedora4/orig/new/fcrepo4/fcrepo-transform/target/apidocs/org/fcrepo/transform/transformations/package-frame.html...
Generating /N/oak/home/nianma/fedora4/orig/new/fcrepo4/fcrepo-transform/target/apidocs/org/fcrepo/transform/transformations/package-summary.html...
Generating /N/oak/home/nianma/fedora4/orig/new/fcrepo4/fcrepo-transform/target/apidocs/org/fcrepo/transform/transformations/package-tree.html...
Generating /N/oak/home/nianma/fedora4/orig/new/fcrepo4/fcrepo-transform/target/apidocs/constant-values.html...
Generating /N/oak/home/nianma/fedora4/orig/new/fcrepo4/fcrepo-transform/target/apidocs/org/fcrepo/transform/transformations/class-use/SparqlQueryTransform.html...
Generating /N/oak/home/nianma/fedora4/orig/new/fcrepo4/fcrepo-transform/target/apidocs/org/fcrepo/transform/transformations/class-use/LDPathTransform.html...
Generating /N/oak/home/nianma/fedora4/orig/new/fcrepo4/fcrepo-transform/target/apidocs/org/fcrepo/transform/class-use/Transformation.html...
Generating /N/oak/home/nianma/fedora4/orig/new/fcrepo4/fcrepo-transform/target/apidocs/org/fcrepo/transform/class-use/TransformationFactory.html...
Generating /N/oak/home/nianma/fedora4/orig/new/fcrepo4/fcrepo-transform/target/apidocs/org/fcrepo/transform/http/class-use/FedoraTransform.html...
Generating /N/oak/home/nianma/fedora4/orig/new/fcrepo4/fcrepo-transform/target/apidocs/org/fcrepo/transform/http/responses/class-use/ResultSetStreamingOutput.html...
Generating /N/oak/home/nianma/fedora4/orig/new/fcrepo4/fcrepo-transform/target/apidocs/org/fcrepo/transform/http/responses/class-use/QueryExecutionProvider.html...
Generating /N/oak/home/nianma/fedora4/orig/new/fcrepo4/fcrepo-transform/target/apidocs/org/fcrepo/transform/package-use.html...
Generating /N/oak/home/nianma/fedora4/orig/new/fcrepo4/fcrepo-transform/target/apidocs/org/fcrepo/transform/http/package-use.html...
Generating /N/oak/home/nianma/fedora4/orig/new/fcrepo4/fcrepo-transform/target/apidocs/org/fcrepo/transform/http/responses/package-use.html...
Generating /N/oak/home/nianma/fedora4/orig/new/fcrepo4/fcrepo-transform/target/apidocs/org/fcrepo/transform/transformations/package-use.html...
Building index for all the packages and classes...
Generating /N/oak/home/nianma/fedora4/orig/new/fcrepo4/fcrepo-transform/target/apidocs/overview-tree.html...
Generating /N/oak/home/nianma/fedora4/orig/new/fcrepo4/fcrepo-transform/target/apidocs/index-all.html...
Generating /N/oak/home/nianma/fedora4/orig/new/fcrepo4/fcrepo-transform/target/apidocs/deprecated-list.html...
Building index for all classes...
Generating /N/oak/home/nianma/fedora4/orig/new/fcrepo4/fcrepo-transform/target/apidocs/allclasses-frame.html...
Generating /N/oak/home/nianma/fedora4/orig/new/fcrepo4/fcrepo-transform/target/apidocs/allclasses-noframe.html...
Generating /N/oak/home/nianma/fedora4/orig/new/fcrepo4/fcrepo-transform/target/apidocs/index.html...
Generating /N/oak/home/nianma/fedora4/orig/new/fcrepo4/fcrepo-transform/target/apidocs/overview-summary.html...
Generating /N/oak/home/nianma/fedora4/orig/new/fcrepo4/fcrepo-transform/target/apidocs/help-doc.html...
1 warning
[WARNING] Javadoc Warnings
[WARNING] /N/oak/home/nianma/fedora4/orig/new/fcrepo4/fcrepo-transform/src/main/java/org/fcrepo/transform/TransformationFactory.java:56: warning: no @param for <T>
[WARNING] public <T> Transformation<T> getTransform(final MediaType contentType, final InputStream inputStream) {
[WARNING] ^
[INFO] Building jar: /N/oak/home/nianma/fedora4/orig/new/fcrepo4/fcrepo-transform/target/fcrepo-transform-4.1.1-SNAPSHOT-javadoc.jar
[INFO]                                                                         
[INFO] ------------------------------------------------------------------------
[INFO] Building Fedora Repository Deployable Web Application 4.1.1-SNAPSHOT
[INFO] ------------------------------------------------------------------------
[WARNING] Failure to transfer org.apache.maven.plugins/maven-metadata.xml from https://oss.sonatype.org/service/local/staging/deploy/maven2/ was cached in the local repository, resolution will not be reattempted until the update interval of sonatype-nexus-staging has elapsed or updates are forced. Original error: Could not transfer metadata org.apache.maven.plugins/maven-metadata.xml from/to sonatype-nexus-staging (https://oss.sonatype.org/service/local/staging/deploy/maven2/): Not authorized , ReasonPhrase:Unauthorized.
[WARNING] Failure to transfer org.codehaus.mojo/maven-metadata.xml from https://oss.sonatype.org/service/local/staging/deploy/maven2/ was cached in the local repository, resolution will not be reattempted until the update interval of sonatype-nexus-staging has elapsed or updates are forced. Original error: Could not transfer metadata org.codehaus.mojo/maven-metadata.xml from/to sonatype-nexus-staging (https://oss.sonatype.org/service/local/staging/deploy/maven2/): Not authorized , ReasonPhrase:Unauthorized.
[WARNING] Failure to transfer org.apache.maven.plugins:maven-javadoc-plugin/maven-metadata.xml from https://oss.sonatype.org/service/local/staging/deploy/maven2/ was cached in the local repository, resolution will not be reattempted until the update interval of sonatype-nexus-staging has elapsed or updates are forced. Original error: Could not transfer metadata org.apache.maven.plugins:maven-javadoc-plugin/maven-metadata.xml from/to sonatype-nexus-staging (https://oss.sonatype.org/service/local/staging/deploy/maven2/): Not authorized , ReasonPhrase:Unauthorized.
[INFO] 
[INFO] --- maven-javadoc-plugin:2.9.1:jar (default-cli) @ fcrepo-webapp ---
[INFO]                                                                         
[INFO] ------------------------------------------------------------------------
[INFO] Building Fedora Repository LDP integration tests Module 4.1.1-SNAPSHOT
[INFO] ------------------------------------------------------------------------
[WARNING] Failure to transfer org.apache.maven.plugins/maven-metadata.xml from https://oss.sonatype.org/service/local/staging/deploy/maven2/ was cached in the local repository, resolution will not be reattempted until the update interval of sonatype-nexus-staging has elapsed or updates are forced. Original error: Could not transfer metadata org.apache.maven.plugins/maven-metadata.xml from/to sonatype-nexus-staging (https://oss.sonatype.org/service/local/staging/deploy/maven2/): Not authorized , ReasonPhrase:Unauthorized.
[WARNING] Failure to transfer org.codehaus.mojo/maven-metadata.xml from https://oss.sonatype.org/service/local/staging/deploy/maven2/ was cached in the local repository, resolution will not be reattempted until the update interval of sonatype-nexus-staging has elapsed or updates are forced. Original error: Could not transfer metadata org.codehaus.mojo/maven-metadata.xml from/to sonatype-nexus-staging (https://oss.sonatype.org/service/local/staging/deploy/maven2/): Not authorized , ReasonPhrase:Unauthorized.
[WARNING] Failure to transfer org.apache.maven.plugins:maven-javadoc-plugin/maven-metadata.xml from https://oss.sonatype.org/service/local/staging/deploy/maven2/ was cached in the local repository, resolution will not be reattempted until the update interval of sonatype-nexus-staging has elapsed or updates are forced. Original error: Could not transfer metadata org.apache.maven.plugins:maven-javadoc-plugin/maven-metadata.xml from/to sonatype-nexus-staging (https://oss.sonatype.org/service/local/staging/deploy/maven2/): Not authorized , ReasonPhrase:Unauthorized.
[INFO] 
[INFO] --- maven-javadoc-plugin:2.9.1:jar (default-cli) @ fcrepo-integration-ldp ---
[INFO]                                                                         
[INFO] ------------------------------------------------------------------------
[INFO] Building Fedora Repository RDF integration tests Module 4.1.1-SNAPSHOT
[INFO] ------------------------------------------------------------------------
[WARNING] Failure to transfer org.apache.maven.plugins/maven-metadata.xml from https://oss.sonatype.org/service/local/staging/deploy/maven2/ was cached in the local repository, resolution will not be reattempted until the update interval of sonatype-nexus-staging has elapsed or updates are forced. Original error: Could not transfer metadata org.apache.maven.plugins/maven-metadata.xml from/to sonatype-nexus-staging (https://oss.sonatype.org/service/local/staging/deploy/maven2/): Not authorized , ReasonPhrase:Unauthorized.
[WARNING] Failure to transfer org.codehaus.mojo/maven-metadata.xml from https://oss.sonatype.org/service/local/staging/deploy/maven2/ was cached in the local repository, resolution will not be reattempted until the update interval of sonatype-nexus-staging has elapsed or updates are forced. Original error: Could not transfer metadata org.codehaus.mojo/maven-metadata.xml from/to sonatype-nexus-staging (https://oss.sonatype.org/service/local/staging/deploy/maven2/): Not authorized , ReasonPhrase:Unauthorized.
[WARNING] Failure to transfer org.apache.maven.plugins:maven-javadoc-plugin/maven-metadata.xml from https://oss.sonatype.org/service/local/staging/deploy/maven2/ was cached in the local repository, resolution will not be reattempted until the update interval of sonatype-nexus-staging has elapsed or updates are forced. Original error: Could not transfer metadata org.apache.maven.plugins:maven-javadoc-plugin/maven-metadata.xml from/to sonatype-nexus-staging (https://oss.sonatype.org/service/local/staging/deploy/maven2/): Not authorized , ReasonPhrase:Unauthorized.
[INFO] 
[INFO] --- maven-javadoc-plugin:2.9.1:jar (default-cli) @ fcrepo-integration-rdf ---
[INFO] ------------------------------------------------------------------------
[INFO] Reactor Summary:
[INFO] 
[INFO] Fedora Commons 4 .................................. SUCCESS [0.674s]
[INFO] Fedora Repository BOM ............................. SUCCESS [0.012s]
[INFO] Fedora Repository JCR BOM ......................... SUCCESS [0.011s]
[INFO] Fedora Repository BOMs ............................ SUCCESS [0.009s]
[INFO] Fedora Repository Kernel API ...................... SUCCESS [4.080s]
[INFO] Fedora Repository Metrics Module .................. SUCCESS [1.636s]
[INFO] Fedora Repository Minter Module ................... SUCCESS [1.447s]
[INFO] Fedora Repository Configurations Module ........... SUCCESS [0.016s]
[INFO] Fedora Repository Kernel Implementation ........... SUCCESS [19.162s]
[INFO] Fedora Repository JMS Module ...................... SUCCESS [1.521s]
[INFO] Fedora Repository Object Serialization Module ..... SUCCESS [1.403s]
[INFO] Fedora Repository HTTP Commons Module ............. SUCCESS [3.255s]
[INFO] Fedora Repository FileSystem Connector Module ..... SUCCESS [1.383s]
[INFO] Fedora Repository Authorization Commons Module .... SUCCESS [1.819s]
[INFO] Fedora Repository HTTP API Module ................. SUCCESS [2.394s]
[INFO] Fedora Repository RDF Transformations Module ...... SUCCESS [1.893s]
[INFO] Fedora Repository Deployable Web Application ...... SUCCESS [0.151s]
[INFO] Fedora Repository LDP integration tests Module .... SUCCESS [0.114s]
[INFO] Fedora Repository RDF integration tests Module .... SUCCESS [0.032s]
[INFO] ------------------------------------------------------------------------
[INFO] BUILD SUCCESS
[INFO] ------------------------------------------------------------------------
[INFO] Total time: 42.891s
[INFO] Finished at: Thu Feb 19 17:36:55 EST 2015
[INFO] Final Memory: 36M/276M
[INFO] ------------------------------------------------------------------------
