Sep 30, 2015 6:01:48 PM org.apache.karaf.main.Main launch
INFO: Installing and starting initial bundles
Sep 30, 2015 6:01:48 PM org.apache.karaf.main.Main launch
INFO: All initial bundles installed and set to start
Sep 30, 2015 6:01:48 PM org.apache.karaf.main.lock.SimpleFileLock lock
INFO: Trying to lock /opt/karaf/apache-karaf-4.0.0/lock
Sep 30, 2015 6:01:48 PM org.apache.karaf.main.lock.SimpleFileLock lock
INFO: Lock acquired
Sep 30, 2015 6:01:48 PM org.apache.karaf.main.Main$KarafLockCallback lockAquired
INFO: Lock acquired. Setting startlevel to 100
2015-09-30 18:01:49,392 | INFO  | FelixStartLevel  | fileinstall                      | 4 - org.apache.felix.fileinstall - 3.5.0 | Creating configuration from org.apache.felix.fileinstall-deploy.cfg
2015-09-30 18:01:49,396 | INFO  | FelixStartLevel  | fileinstall                      | 4 - org.apache.felix.fileinstall - 3.5.0 | Creating configuration from org.ops4j.pax.url.mvn.cfg
2015-09-30 18:01:49,477 | ERROR | pool-1-thread-1  | BootFeaturesInstaller            | 8 - org.apache.karaf.features.core - 4.0.0 | Error installing boot feature repository file:/x1/asf/karaf/k40x/target/checkout/assemblies/apache-karaf/target/assembly/system/org/apache/karaf/features/framework/4.0.0/framework-4.0.0-features.xml
java.io.IOException: /x1/asf/karaf/k40x/target/checkout/assemblies/apache-karaf/target/assembly/system/org/apache/karaf/features/framework/4.0.0/framework-4.0.0-features.xml (No such file or directory) : file:/x1/asf/karaf/k40x/target/checkout/assemblies/apache-karaf/target/assembly/system/org/apache/karaf/features/framework/4.0.0/framework-4.0.0-features.xml
	at org.apache.karaf.features.internal.service.RepositoryImpl.load(RepositoryImpl.java:85)[8:org.apache.karaf.features.core:4.0.0]
	at org.apache.karaf.features.internal.service.FeaturesServiceImpl.loadRepository(FeaturesServiceImpl.java:391)[8:org.apache.karaf.features.core:4.0.0]
	at org.apache.karaf.features.internal.service.FeaturesServiceImpl.addRepository(FeaturesServiceImpl.java:411)[8:org.apache.karaf.features.core:4.0.0]
	at org.apache.karaf.features.internal.service.FeaturesServiceImpl.addRepository(FeaturesServiceImpl.java:402)[8:org.apache.karaf.features.core:4.0.0]
	at org.apache.karaf.features.internal.service.BootFeaturesInstaller.installBootFeatures(BootFeaturesInstaller.java:86)[8:org.apache.karaf.features.core:4.0.0]
	at org.apache.karaf.features.internal.service.BootFeaturesInstaller.start(BootFeaturesInstaller.java:76)[8:org.apache.karaf.features.core:4.0.0]
	at org.apache.karaf.features.internal.osgi.Activator.doStart(Activator.java:257)[8:org.apache.karaf.features.core:4.0.0]
	at org.apache.karaf.util.tracker.BaseActivator.run(BaseActivator.java:233)[8:org.apache.karaf.features.core:4.0.0]
	at java.util.concurrent.Executors$RunnableAdapter.call(Executors.java:511)[:1.8.0_25]
	at java.util.concurrent.FutureTask.run(FutureTask.java:266)[:1.8.0_25]
	at java.util.concurrent.ThreadPoolExecutor.runWorker(ThreadPoolExecutor.java:1142)[:1.8.0_25]
	at java.util.concurrent.ThreadPoolExecutor$Worker.run(ThreadPoolExecutor.java:617)[:1.8.0_25]
	at java.lang.Thread.run(Thread.java:745)[:1.8.0_25]
Caused by: java.io.FileNotFoundException: /x1/asf/karaf/k40x/target/checkout/assemblies/apache-karaf/target/assembly/system/org/apache/karaf/features/framework/4.0.0/framework-4.0.0-features.xml (No such file or directory)
	at java.io.FileInputStream.open(Native Method)[:1.8.0_25]
	at java.io.FileInputStream.<init>(FileInputStream.java:138)[:1.8.0_25]
	at java.io.FileInputStream.<init>(FileInputStream.java:93)[:1.8.0_25]
	at sun.net.www.protocol.file.FileURLConnection.connect(FileURLConnection.java:90)[:1.8.0_25]
	at sun.net.www.protocol.file.FileURLConnection.getInputStream(FileURLConnection.java:188)[:1.8.0_25]
	at java.net.URL.openStream(URL.java:1038)[:1.8.0_25]
	at org.apache.karaf.features.internal.service.RepositoryImpl.load(RepositoryImpl.java:80)[8:org.apache.karaf.features.core:4.0.0]
	... 12 more
2015-09-30 18:01:49,826 | INFO  | pool-1-thread-1  | FeaturesServiceImpl              | 8 - org.apache.karaf.features.core - 4.0.0 | Adding features: instance/[4.0.0,4.0.0], package/[4.0.0,4.0.0], log/[4.0.0,4.0.0], ssh/[4.0.0,4.0.0], aries-blueprint/[4.0.0,4.0.0], system/[4.0.0,4.0.0], feature/[4.0.0,4.0.0], management/[4.0.0,4.0.0], shell/[4.0.0,4.0.0], service/[4.0.0,4.0.0], jaas/[4.0.0,4.0.0], deployer/[4.0.0,4.0.0], diagnostic/[4.0.0,4.0.0], shell-compat/[4.0.0,4.0.0], bundle/[4.0.0,4.0.0], config/[4.0.0,4.0.0], kar/[4.0.0,4.0.0], wrap/[0,0.0.0]
2015-09-30 18:01:50,170 | INFO  | pool-2-thread-1  | FeaturesServiceImpl              | 8 - org.apache.karaf.features.core - 4.0.0 | Changes to perform:
2015-09-30 18:01:50,170 | INFO  | pool-2-thread-1  | FeaturesServiceImpl              | 8 - org.apache.karaf.features.core - 4.0.0 |   Region: root
2015-09-30 18:01:50,170 | INFO  | pool-2-thread-1  | FeaturesServiceImpl              | 8 - org.apache.karaf.features.core - 4.0.0 |     Bundles to install:
2015-09-30 18:01:50,171 | INFO  | pool-2-thread-1  | FeaturesServiceImpl              | 8 - org.apache.karaf.features.core - 4.0.0 |       mvn:jline/jline/2.12.1
2015-09-30 18:01:50,171 | INFO  | pool-2-thread-1  | FeaturesServiceImpl              | 8 - org.apache.karaf.features.core - 4.0.0 |       mvn:org.apache.aries.blueprint/org.apache.aries.blueprint.api/1.0.1
2015-09-30 18:01:50,171 | INFO  | pool-2-thread-1  | FeaturesServiceImpl              | 8 - org.apache.karaf.features.core - 4.0.0 |       mvn:org.apache.aries.blueprint/org.apache.aries.blueprint.cm/1.0.6
2015-09-30 18:01:50,171 | INFO  | pool-2-thread-1  | FeaturesServiceImpl              | 8 - org.apache.karaf.features.core - 4.0.0 |       mvn:org.apache.aries.blueprint/org.apache.aries.blueprint.core/1.4.3
2015-09-30 18:01:50,171 | INFO  | pool-2-thread-1  | FeaturesServiceImpl              | 8 - org.apache.karaf.features.core - 4.0.0 |       mvn:org.apache.aries.blueprint/org.apache.aries.blueprint.core.compatibility/1.0.0
2015-09-30 18:01:50,171 | INFO  | pool-2-thread-1  | FeaturesServiceImpl              | 8 - org.apache.karaf.features.core - 4.0.0 |       mvn:org.apache.aries.jmx/org.apache.aries.jmx.api/1.1.1
2015-09-30 18:01:50,172 | INFO  | pool-2-thread-1  | FeaturesServiceImpl              | 8 - org.apache.karaf.features.core - 4.0.0 |       mvn:org.apache.aries.jmx/org.apache.aries.jmx.blueprint.api/1.1.0
2015-09-30 18:01:50,172 | INFO  | pool-2-thread-1  | FeaturesServiceImpl              | 8 - org.apache.karaf.features.core - 4.0.0 |       mvn:org.apache.aries.jmx/org.apache.aries.jmx.blueprint.core/1.1.0
2015-09-30 18:01:50,172 | INFO  | pool-2-thread-1  | FeaturesServiceImpl              | 8 - org.apache.karaf.features.core - 4.0.0 |       mvn:org.apache.aries.jmx/org.apache.aries.jmx.core/1.1.3
2015-09-30 18:01:50,172 | INFO  | pool-2-thread-1  | FeaturesServiceImpl              | 8 - org.apache.karaf.features.core - 4.0.0 |       mvn:org.apache.aries.jmx/org.apache.aries.jmx.whiteboard/1.0.0
2015-09-30 18:01:50,172 | INFO  | pool-2-thread-1  | FeaturesServiceImpl              | 8 - org.apache.karaf.features.core - 4.0.0 |       mvn:org.apache.aries.proxy/org.apache.aries.proxy.api/1.0.1
2015-09-30 18:01:50,173 | INFO  | pool-2-thread-1  | FeaturesServiceImpl              | 8 - org.apache.karaf.features.core - 4.0.0 |       mvn:org.apache.aries.proxy/org.apache.aries.proxy.impl/1.0.4
2015-09-30 18:01:50,173 | INFO  | pool-2-thread-1  | FeaturesServiceImpl              | 8 - org.apache.karaf.features.core - 4.0.0 |       mvn:org.apache.aries/org.apache.aries.util/1.1.0
2015-09-30 18:01:50,173 | INFO  | pool-2-thread-1  | FeaturesServiceImpl              | 8 - org.apache.karaf.features.core - 4.0.0 |       mvn:org.apache.karaf.bundle/org.apache.karaf.bundle.blueprintstate/4.0.0
2015-09-30 18:01:50,173 | INFO  | pool-2-thread-1  | FeaturesServiceImpl              | 8 - org.apache.karaf.features.core - 4.0.0 |       mvn:org.apache.karaf.bundle/org.apache.karaf.bundle.core/4.0.0
2015-09-30 18:01:50,173 | INFO  | pool-2-thread-1  | FeaturesServiceImpl              | 8 - org.apache.karaf.features.core - 4.0.0 |       mvn:org.apache.karaf.config/org.apache.karaf.config.core/4.0.0
2015-09-30 18:01:50,173 | INFO  | pool-2-thread-1  | FeaturesServiceImpl              | 8 - org.apache.karaf.features.core - 4.0.0 |       mvn:org.apache.karaf.deployer/org.apache.karaf.deployer.blueprint/4.0.0
2015-09-30 18:01:50,173 | INFO  | pool-2-thread-1  | FeaturesServiceImpl              | 8 - org.apache.karaf.features.core - 4.0.0 |       mvn:org.apache.karaf.deployer/org.apache.karaf.deployer.features/4.0.0
2015-09-30 18:01:50,173 | INFO  | pool-2-thread-1  | FeaturesServiceImpl              | 8 - org.apache.karaf.features.core - 4.0.0 |       mvn:org.apache.karaf.deployer/org.apache.karaf.deployer.kar/4.0.0
2015-09-30 18:01:50,174 | INFO  | pool-2-thread-1  | FeaturesServiceImpl              | 8 - org.apache.karaf.features.core - 4.0.0 |       mvn:org.apache.karaf.deployer/org.apache.karaf.deployer.wrap/4.0.0
2015-09-30 18:01:50,174 | INFO  | pool-2-thread-1  | FeaturesServiceImpl              | 8 - org.apache.karaf.features.core - 4.0.0 |       mvn:org.apache.karaf.diagnostic/org.apache.karaf.diagnostic.core/4.0.0
2015-09-30 18:01:50,174 | INFO  | pool-2-thread-1  | FeaturesServiceImpl              | 8 - org.apache.karaf.features.core - 4.0.0 |       mvn:org.apache.karaf.features/org.apache.karaf.features.command/4.0.0
2015-09-30 18:01:50,174 | INFO  | pool-2-thread-1  | FeaturesServiceImpl              | 8 - org.apache.karaf.features.core - 4.0.0 |       mvn:org.apache.karaf.instance/org.apache.karaf.instance.core/4.0.0
2015-09-30 18:01:50,174 | INFO  | pool-2-thread-1  | FeaturesServiceImpl              | 8 - org.apache.karaf.features.core - 4.0.0 |       mvn:org.apache.karaf.jaas.blueprint/org.apache.karaf.jaas.blueprint.config/4.0.0
2015-09-30 18:01:50,174 | INFO  | pool-2-thread-1  | FeaturesServiceImpl              | 8 - org.apache.karaf.features.core - 4.0.0 |       mvn:org.apache.karaf.jaas/org.apache.karaf.jaas.command/4.0.0
2015-09-30 18:01:50,174 | INFO  | pool-2-thread-1  | FeaturesServiceImpl              | 8 - org.apache.karaf.features.core - 4.0.0 |       mvn:org.apache.karaf.jaas/org.apache.karaf.jaas.config/4.0.0
2015-09-30 18:01:50,174 | INFO  | pool-2-thread-1  | FeaturesServiceImpl              | 8 - org.apache.karaf.features.core - 4.0.0 |       mvn:org.apache.karaf.jaas/org.apache.karaf.jaas.modules/4.0.0
2015-09-30 18:01:50,174 | INFO  | pool-2-thread-1  | FeaturesServiceImpl              | 8 - org.apache.karaf.features.core - 4.0.0 |       mvn:org.apache.karaf.kar/org.apache.karaf.kar.core/4.0.0
2015-09-30 18:01:50,174 | INFO  | pool-2-thread-1  | FeaturesServiceImpl              | 8 - org.apache.karaf.features.core - 4.0.0 |       mvn:org.apache.karaf.log/org.apache.karaf.log.core/4.0.0
2015-09-30 18:01:50,175 | INFO  | pool-2-thread-1  | FeaturesServiceImpl              | 8 - org.apache.karaf.features.core - 4.0.0 |       mvn:org.apache.karaf.management/org.apache.karaf.management.server/4.0.0
2015-09-30 18:01:50,175 | INFO  | pool-2-thread-1  | FeaturesServiceImpl              | 8 - org.apache.karaf.features.core - 4.0.0 |       mvn:org.apache.karaf.package/org.apache.karaf.package.core/4.0.0
2015-09-30 18:01:50,175 | INFO  | pool-2-thread-1  | FeaturesServiceImpl              | 8 - org.apache.karaf.features.core - 4.0.0 |       mvn:org.apache.karaf.service/org.apache.karaf.service.core/4.0.0
2015-09-30 18:01:50,175 | INFO  | pool-2-thread-1  | FeaturesServiceImpl              | 8 - org.apache.karaf.features.core - 4.0.0 |       mvn:org.apache.karaf.shell/org.apache.karaf.shell.commands/4.0.0
2015-09-30 18:01:50,175 | INFO  | pool-2-thread-1  | FeaturesServiceImpl              | 8 - org.apache.karaf.features.core - 4.0.0 |       mvn:org.apache.karaf.shell/org.apache.karaf.shell.console/4.0.0
2015-09-30 18:01:50,175 | INFO  | pool-2-thread-1  | FeaturesServiceImpl              | 8 - org.apache.karaf.features.core - 4.0.0 |       mvn:org.apache.karaf.shell/org.apache.karaf.shell.core/4.0.0
2015-09-30 18:01:50,175 | INFO  | pool-2-thread-1  | FeaturesServiceImpl              | 8 - org.apache.karaf.features.core - 4.0.0 |       mvn:org.apache.karaf.shell/org.apache.karaf.shell.ssh/4.0.0
2015-09-30 18:01:50,176 | INFO  | pool-2-thread-1  | FeaturesServiceImpl              | 8 - org.apache.karaf.features.core - 4.0.0 |       mvn:org.apache.karaf.shell/org.apache.karaf.shell.table/4.0.0
2015-09-30 18:01:50,176 | INFO  | pool-2-thread-1  | FeaturesServiceImpl              | 8 - org.apache.karaf.features.core - 4.0.0 |       mvn:org.apache.karaf.system/org.apache.karaf.system.core/4.0.0
2015-09-30 18:01:50,176 | INFO  | pool-2-thread-1  | FeaturesServiceImpl              | 8 - org.apache.karaf.features.core - 4.0.0 |       mvn:org.apache.sshd/sshd-core/0.14.0
2015-09-30 18:01:50,176 | INFO  | pool-2-thread-1  | FeaturesServiceImpl              | 8 - org.apache.karaf.features.core - 4.0.0 |       mvn:org.jledit/core/0.2.1
2015-09-30 18:01:50,176 | INFO  | pool-2-thread-1  | FeaturesServiceImpl              | 8 - org.apache.karaf.features.core - 4.0.0 |       mvn:org.ow2.asm/asm-all/5.0.3
2015-09-30 18:01:50,176 | INFO  | pool-2-thread-1  | FeaturesServiceImpl              | 8 - org.apache.karaf.features.core - 4.0.0 |       mvn:org.ops4j.pax.url/pax-url-wrap/2.4.1/jar/uber
2015-09-30 18:01:50,177 | INFO  | pool-2-thread-1  | FeaturesServiceImpl              | 8 - org.apache.karaf.features.core - 4.0.0 | Installing bundles:
2015-09-30 18:01:50,178 | INFO  | pool-2-thread-1  | FeaturesServiceImpl              | 8 - org.apache.karaf.features.core - 4.0.0 |   mvn:jline/jline/2.12.1
2015-09-30 18:01:50,182 | INFO  | pool-2-thread-1  | FeaturesServiceImpl              | 8 - org.apache.karaf.features.core - 4.0.0 |   mvn:org.apache.aries.blueprint/org.apache.aries.blueprint.api/1.0.1
2015-09-30 18:01:50,184 | INFO  | pool-2-thread-1  | FeaturesServiceImpl              | 8 - org.apache.karaf.features.core - 4.0.0 |   mvn:org.apache.aries.blueprint/org.apache.aries.blueprint.cm/1.0.6
2015-09-30 18:01:50,187 | INFO  | pool-2-thread-1  | FeaturesServiceImpl              | 8 - org.apache.karaf.features.core - 4.0.0 |   mvn:org.apache.aries.blueprint/org.apache.aries.blueprint.core/1.4.3
2015-09-30 18:01:50,191 | INFO  | pool-2-thread-1  | FeaturesServiceImpl              | 8 - org.apache.karaf.features.core - 4.0.0 |   mvn:org.apache.aries.blueprint/org.apache.aries.blueprint.core.compatibility/1.0.0
2015-09-30 18:01:50,193 | INFO  | pool-2-thread-1  | FeaturesServiceImpl              | 8 - org.apache.karaf.features.core - 4.0.0 |   mvn:org.apache.aries.jmx/org.apache.aries.jmx.api/1.1.1
2015-09-30 18:01:50,201 | INFO  | pool-2-thread-1  | FeaturesServiceImpl              | 8 - org.apache.karaf.features.core - 4.0.0 |   mvn:org.apache.aries.jmx/org.apache.aries.jmx.blueprint.api/1.1.0
2015-09-30 18:01:50,202 | INFO  | pool-2-thread-1  | FeaturesServiceImpl              | 8 - org.apache.karaf.features.core - 4.0.0 |   mvn:org.apache.aries.jmx/org.apache.aries.jmx.blueprint.core/1.1.0
2015-09-30 18:01:50,204 | INFO  | pool-2-thread-1  | FeaturesServiceImpl              | 8 - org.apache.karaf.features.core - 4.0.0 |   mvn:org.apache.aries.jmx/org.apache.aries.jmx.core/1.1.3
2015-09-30 18:01:50,208 | INFO  | pool-2-thread-1  | FeaturesServiceImpl              | 8 - org.apache.karaf.features.core - 4.0.0 |   mvn:org.apache.aries.jmx/org.apache.aries.jmx.whiteboard/1.0.0
2015-09-30 18:01:50,211 | INFO  | pool-2-thread-1  | FeaturesServiceImpl              | 8 - org.apache.karaf.features.core - 4.0.0 |   mvn:org.apache.aries.proxy/org.apache.aries.proxy.api/1.0.1
2015-09-30 18:01:50,213 | INFO  | pool-2-thread-1  | FeaturesServiceImpl              | 8 - org.apache.karaf.features.core - 4.0.0 |   mvn:org.apache.aries.proxy/org.apache.aries.proxy.impl/1.0.4
2015-09-30 18:01:50,215 | INFO  | pool-2-thread-1  | FeaturesServiceImpl              | 8 - org.apache.karaf.features.core - 4.0.0 |   mvn:org.apache.aries/org.apache.aries.util/1.1.0
2015-09-30 18:01:50,218 | INFO  | pool-2-thread-1  | FeaturesServiceImpl              | 8 - org.apache.karaf.features.core - 4.0.0 |   mvn:org.apache.karaf.bundle/org.apache.karaf.bundle.blueprintstate/4.0.0
2015-09-30 18:01:50,220 | INFO  | pool-2-thread-1  | FeaturesServiceImpl              | 8 - org.apache.karaf.features.core - 4.0.0 |   mvn:org.apache.karaf.bundle/org.apache.karaf.bundle.core/4.0.0
2015-09-30 18:01:50,224 | INFO  | pool-2-thread-1  | FeaturesServiceImpl              | 8 - org.apache.karaf.features.core - 4.0.0 |   mvn:org.apache.karaf.config/org.apache.karaf.config.core/4.0.0
2015-09-30 18:01:50,227 | INFO  | pool-2-thread-1  | FeaturesServiceImpl              | 8 - org.apache.karaf.features.core - 4.0.0 |   mvn:org.apache.karaf.deployer/org.apache.karaf.deployer.blueprint/4.0.0
2015-09-30 18:01:50,229 | INFO  | pool-2-thread-1  | FeaturesServiceImpl              | 8 - org.apache.karaf.features.core - 4.0.0 |   mvn:org.apache.karaf.deployer/org.apache.karaf.deployer.features/4.0.0
2015-09-30 18:01:50,232 | INFO  | pool-2-thread-1  | FeaturesServiceImpl              | 8 - org.apache.karaf.features.core - 4.0.0 |   mvn:org.apache.karaf.deployer/org.apache.karaf.deployer.kar/4.0.0
2015-09-30 18:01:50,234 | INFO  | pool-2-thread-1  | FeaturesServiceImpl              | 8 - org.apache.karaf.features.core - 4.0.0 |   mvn:org.apache.karaf.deployer/org.apache.karaf.deployer.wrap/4.0.0
2015-09-30 18:01:50,236 | INFO  | pool-2-thread-1  | FeaturesServiceImpl              | 8 - org.apache.karaf.features.core - 4.0.0 |   mvn:org.apache.karaf.diagnostic/org.apache.karaf.diagnostic.core/4.0.0
2015-09-30 18:01:50,238 | INFO  | pool-2-thread-1  | FeaturesServiceImpl              | 8 - org.apache.karaf.features.core - 4.0.0 |   mvn:org.apache.karaf.features/org.apache.karaf.features.command/4.0.0
2015-09-30 18:01:50,240 | INFO  | pool-2-thread-1  | FeaturesServiceImpl              | 8 - org.apache.karaf.features.core - 4.0.0 |   mvn:org.apache.karaf.instance/org.apache.karaf.instance.core/4.0.0
2015-09-30 18:01:50,242 | INFO  | pool-2-thread-1  | FeaturesServiceImpl              | 8 - org.apache.karaf.features.core - 4.0.0 |   mvn:org.apache.karaf.jaas.blueprint/org.apache.karaf.jaas.blueprint.config/4.0.0
2015-09-30 18:01:50,244 | INFO  | pool-2-thread-1  | FeaturesServiceImpl              | 8 - org.apache.karaf.features.core - 4.0.0 |   mvn:org.apache.karaf.jaas/org.apache.karaf.jaas.command/4.0.0
2015-09-30 18:01:50,246 | INFO  | pool-2-thread-1  | FeaturesServiceImpl              | 8 - org.apache.karaf.features.core - 4.0.0 |   mvn:org.apache.karaf.jaas/org.apache.karaf.jaas.config/4.0.0
2015-09-30 18:01:50,247 | INFO  | pool-2-thread-1  | FeaturesServiceImpl              | 8 - org.apache.karaf.features.core - 4.0.0 |   mvn:org.apache.karaf.jaas/org.apache.karaf.jaas.modules/4.0.0
2015-09-30 18:01:50,254 | INFO  | pool-2-thread-1  | FeaturesServiceImpl              | 8 - org.apache.karaf.features.core - 4.0.0 |   mvn:org.apache.karaf.kar/org.apache.karaf.kar.core/4.0.0
2015-09-30 18:01:50,256 | INFO  | pool-2-thread-1  | FeaturesServiceImpl              | 8 - org.apache.karaf.features.core - 4.0.0 |   mvn:org.apache.karaf.log/org.apache.karaf.log.core/4.0.0
2015-09-30 18:01:50,258 | INFO  | pool-2-thread-1  | FeaturesServiceImpl              | 8 - org.apache.karaf.features.core - 4.0.0 |   mvn:org.apache.karaf.management/org.apache.karaf.management.server/4.0.0
2015-09-30 18:01:50,261 | INFO  | pool-2-thread-1  | FeaturesServiceImpl              | 8 - org.apache.karaf.features.core - 4.0.0 |   mvn:org.apache.karaf.package/org.apache.karaf.package.core/4.0.0
2015-09-30 18:01:50,263 | INFO  | pool-2-thread-1  | FeaturesServiceImpl              | 8 - org.apache.karaf.features.core - 4.0.0 |   mvn:org.apache.karaf.service/org.apache.karaf.service.core/4.0.0
2015-09-30 18:01:50,264 | INFO  | pool-2-thread-1  | FeaturesServiceImpl              | 8 - org.apache.karaf.features.core - 4.0.0 |   mvn:org.apache.karaf.shell/org.apache.karaf.shell.commands/4.0.0
2015-09-30 18:01:50,266 | INFO  | pool-2-thread-1  | FeaturesServiceImpl              | 8 - org.apache.karaf.features.core - 4.0.0 |   mvn:org.apache.karaf.shell/org.apache.karaf.shell.console/4.0.0
2015-09-30 18:01:50,270 | INFO  | pool-2-thread-1  | FeaturesServiceImpl              | 8 - org.apache.karaf.features.core - 4.0.0 |   mvn:org.apache.karaf.shell/org.apache.karaf.shell.core/4.0.0
2015-09-30 18:01:50,274 | INFO  | pool-2-thread-1  | FeaturesServiceImpl              | 8 - org.apache.karaf.features.core - 4.0.0 |   mvn:org.apache.karaf.shell/org.apache.karaf.shell.ssh/4.0.0
2015-09-30 18:01:50,276 | INFO  | pool-2-thread-1  | FeaturesServiceImpl              | 8 - org.apache.karaf.features.core - 4.0.0 |   mvn:org.apache.karaf.shell/org.apache.karaf.shell.table/4.0.0
2015-09-30 18:01:50,278 | INFO  | pool-2-thread-1  | FeaturesServiceImpl              | 8 - org.apache.karaf.features.core - 4.0.0 |   mvn:org.apache.karaf.system/org.apache.karaf.system.core/4.0.0
2015-09-30 18:01:50,280 | INFO  | pool-2-thread-1  | FeaturesServiceImpl              | 8 - org.apache.karaf.features.core - 4.0.0 |   mvn:org.apache.sshd/sshd-core/0.14.0
2015-09-30 18:01:50,284 | INFO  | pool-2-thread-1  | FeaturesServiceImpl              | 8 - org.apache.karaf.features.core - 4.0.0 |   mvn:org.jledit/core/0.2.1
2015-09-30 18:01:50,287 | INFO  | pool-2-thread-1  | FeaturesServiceImpl              | 8 - org.apache.karaf.features.core - 4.0.0 |   mvn:org.ow2.asm/asm-all/5.0.3
2015-09-30 18:01:50,290 | INFO  | pool-2-thread-1  | FeaturesServiceImpl              | 8 - org.apache.karaf.features.core - 4.0.0 |   mvn:org.ops4j.pax.url/pax-url-wrap/2.4.1/jar/uber
2015-09-30 18:01:50,401 | INFO  | pool-2-thread-1  | FeaturesServiceImpl              | 8 - org.apache.karaf.features.core - 4.0.0 | Starting bundles:
2015-09-30 18:01:50,403 | INFO  | pool-2-thread-1  | FeaturesServiceImpl              | 8 - org.apache.karaf.features.core - 4.0.0 |   org.ops4j.pax.url.wrap / 2.4.1
2015-09-30 18:01:50,409 | INFO  | pool-2-thread-1  | FeaturesServiceImpl              | 8 - org.apache.karaf.features.core - 4.0.0 |   org.apache.aries.util / 1.1.0
2015-09-30 18:01:50,410 | INFO  | pool-2-thread-1  | FeaturesServiceImpl              | 8 - org.apache.karaf.features.core - 4.0.0 |   org.apache.aries.proxy.api / 1.0.1
2015-09-30 18:01:50,410 | INFO  | pool-2-thread-1  | FeaturesServiceImpl              | 8 - org.apache.karaf.features.core - 4.0.0 |   org.objectweb.asm.all / 5.0.3
2015-09-30 18:01:50,410 | INFO  | pool-2-thread-1  | FeaturesServiceImpl              | 8 - org.apache.karaf.features.core - 4.0.0 |   org.apache.aries.proxy.impl / 1.0.4
2015-09-30 18:01:50,417 | INFO  | pool-2-thread-1  | FeaturesServiceImpl              | 8 - org.apache.karaf.features.core - 4.0.0 |   org.apache.aries.blueprint.api / 1.0.1
2015-09-30 18:01:50,417 | INFO  | pool-2-thread-1  | FeaturesServiceImpl              | 8 - org.apache.karaf.features.core - 4.0.0 |   org.apache.aries.blueprint.core / 1.4.3
2015-09-30 18:01:50,445 | INFO  | pool-2-thread-1  | BlueprintExtender                | 12 - org.apache.aries.blueprint.core - 1.4.3 | No quiesce support is available, so blueprint components will not participate in quiesce operations
2015-09-30 18:01:50,517 | INFO  | pool-2-thread-1  | FeaturesServiceImpl              | 8 - org.apache.karaf.features.core - 4.0.0 |   org.apache.aries.blueprint.cm / 1.0.6
2015-09-30 18:01:50,524 | INFO  | pool-2-thread-1  | FeaturesServiceImpl              | 8 - org.apache.karaf.features.core - 4.0.0 |   org.apache.karaf.deployer.blueprint / 4.0.0
2015-09-30 18:01:50,528 | INFO  | pool-2-thread-1  | FeaturesServiceImpl              | 8 - org.apache.karaf.features.core - 4.0.0 |   org.apache.karaf.deployer.wrap / 4.0.0
2015-09-30 18:01:50,531 | INFO  | pool-2-thread-1  | FeaturesServiceImpl              | 8 - org.apache.karaf.features.core - 4.0.0 |   org.apache.karaf.deployer.kar / 4.0.0
2015-09-30 18:01:50,534 | INFO  | pool-2-thread-1  | FeaturesServiceImpl              | 8 - org.apache.karaf.features.core - 4.0.0 |   org.apache.karaf.deployer.features / 4.0.0
2015-09-30 18:01:50,541 | INFO  | pool-2-thread-1  | FeaturesServiceImpl              | 8 - org.apache.karaf.features.core - 4.0.0 |   org.apache.aries.jmx.whiteboard / 1.0.0
2015-09-30 18:01:50,544 | INFO  | pool-2-thread-1  | FeaturesServiceImpl              | 8 - org.apache.karaf.features.core - 4.0.0 |   org.apache.sshd.core / 0.14.0
2015-09-30 18:01:50,544 | INFO  | pool-2-thread-1  | FeaturesServiceImpl              | 8 - org.apache.karaf.features.core - 4.0.0 |   org.apache.karaf.shell.core / 4.0.0
2015-09-30 18:01:50,572 | INFO  | pool-2-thread-1  | CommandExtension                 | 43 - org.apache.karaf.shell.core - 4.0.0 | Registering commands for bundle org.apache.karaf.deployer.kar/4.0.0
2015-09-30 18:01:50,756 | INFO  | pool-2-thread-1  | FeaturesServiceImpl              | 8 - org.apache.karaf.features.core - 4.0.0 |   org.apache.karaf.jaas.config / 4.0.0
2015-09-30 18:01:50,763 | INFO  | pool-2-thread-1  | FeaturesServiceImpl              | 8 - org.apache.karaf.features.core - 4.0.0 |   org.apache.karaf.jaas.modules / 4.0.0
2015-09-30 18:01:50,779 | INFO  | pool-2-thread-1  | FeaturesServiceImpl              | 8 - org.apache.karaf.features.core - 4.0.0 |   org.apache.aries.jmx.api / 1.1.1
2015-09-30 18:01:50,779 | INFO  | pool-2-thread-1  | FeaturesServiceImpl              | 8 - org.apache.karaf.features.core - 4.0.0 |   org.apache.karaf.features.command / 4.0.0
2015-09-30 18:01:50,811 | INFO  | pool-2-thread-1  | CommandExtension                 | 43 - org.apache.karaf.shell.core - 4.0.0 | Registering commands for bundle org.apache.karaf.features.command/4.0.0
2015-09-30 18:01:50,814 | INFO  | pool-2-thread-1  | FeaturesServiceImpl              | 8 - org.apache.karaf.features.core - 4.0.0 |   org.apache.aries.jmx.blueprint.api / 1.1.0
2015-09-30 18:01:50,815 | INFO  | pool-2-thread-1  | FeaturesServiceImpl              | 8 - org.apache.karaf.features.core - 4.0.0 |   org.apache.aries.jmx.blueprint.core / 1.1.0
2015-09-30 18:01:50,818 | INFO  | pool-2-thread-1  | FeaturesServiceImpl              | 8 - org.apache.karaf.features.core - 4.0.0 |   org.apache.karaf.diagnostic.core / 4.0.0
2015-09-30 18:01:50,827 | INFO  | pool-2-thread-1  | CommandExtension                 | 43 - org.apache.karaf.shell.core - 4.0.0 | Registering commands for bundle org.apache.karaf.diagnostic.core/4.0.0
2015-09-30 18:01:50,828 | INFO  | pool-2-thread-1  | FeaturesServiceImpl              | 8 - org.apache.karaf.features.core - 4.0.0 |   org.apache.karaf.jaas.command / 4.0.0
2015-09-30 18:01:50,847 | INFO  | pool-2-thread-1  | CommandExtension                 | 43 - org.apache.karaf.shell.core - 4.0.0 | Registering commands for bundle org.apache.karaf.jaas.command/4.0.0
2015-09-30 18:01:50,849 | INFO  | pool-2-thread-1  | CommandExtension                 | 43 - org.apache.karaf.shell.core - 4.0.0 | Updating commands for bundle org.apache.karaf.jaas.command/4.0.0
2015-09-30 18:01:50,850 | INFO  | pool-2-thread-1  | CommandExtension                 | 43 - org.apache.karaf.shell.core - 4.0.0 | Updating commands for bundle org.apache.karaf.jaas.command/4.0.0
2015-09-30 18:01:50,851 | INFO  | pool-2-thread-1  | FeaturesServiceImpl              | 8 - org.apache.karaf.features.core - 4.0.0 |   org.apache.karaf.system.core / 4.0.0
2015-09-30 18:01:50,864 | INFO  | pool-2-thread-1  | CommandExtension                 | 43 - org.apache.karaf.shell.core - 4.0.0 | Registering commands for bundle org.apache.karaf.system.core/4.0.0
2015-09-30 18:01:50,865 | INFO  | pool-2-thread-1  | FeaturesServiceImpl              | 8 - org.apache.karaf.features.core - 4.0.0 |   org.apache.karaf.instance.core / 4.0.0
2015-09-30 18:01:50,890 | INFO  | pool-2-thread-1  | CommandExtension                 | 43 - org.apache.karaf.shell.core - 4.0.0 | Registering commands for bundle org.apache.karaf.instance.core/4.0.0
2015-09-30 18:01:50,892 | INFO  | pool-2-thread-1  | FeaturesServiceImpl              | 8 - org.apache.karaf.features.core - 4.0.0 |   org.apache.karaf.config.core / 4.0.0
2015-09-30 18:01:50,905 | INFO  | pool-2-thread-1  | CommandExtension                 | 43 - org.apache.karaf.shell.core - 4.0.0 | Registering commands for bundle org.apache.karaf.config.core/4.0.0
2015-09-30 18:01:50,908 | INFO  | pool-2-thread-1  | FeaturesServiceImpl              | 8 - org.apache.karaf.features.core - 4.0.0 |   org.apache.karaf.shell.ssh / 4.0.0
2015-09-30 18:01:50,935 | INFO  | pool-2-thread-1  | CommandExtension                 | 43 - org.apache.karaf.shell.core - 4.0.0 | Command registration delayed for bundle org.apache.karaf.shell.ssh/4.0.0. Missing dependencies: [org.apache.sshd.SshServer]
2015-09-30 18:01:50,935 | INFO  | pool-2-thread-1  | FeaturesServiceImpl              | 8 - org.apache.karaf.features.core - 4.0.0 |   org.apache.karaf.bundle.core / 4.0.0
2015-09-30 18:01:50,939 | INFO  | pool-17-thread-1 | SecurityUtils                    | 47 - org.apache.sshd.core - 0.14.0 | BouncyCastle not registered, using the default JCE provider
2015-09-30 18:01:50,963 | INFO  | pool-2-thread-1  | CommandExtension                 | 43 - org.apache.karaf.shell.core - 4.0.0 | Registering commands for bundle org.apache.karaf.bundle.core/4.0.0
2015-09-30 18:01:50,964 | INFO  | pool-2-thread-1  | FeaturesServiceImpl              | 8 - org.apache.karaf.features.core - 4.0.0 |   org.apache.karaf.shell.table / 4.0.0
2015-09-30 18:01:50,965 | INFO  | pool-2-thread-1  | FeaturesServiceImpl              | 8 - org.apache.karaf.features.core - 4.0.0 |   org.apache.karaf.log.core / 4.0.0
2015-09-30 18:01:50,985 | INFO  | pool-2-thread-1  | CommandExtension                 | 43 - org.apache.karaf.shell.core - 4.0.0 | Registering commands for bundle org.apache.karaf.log.core/4.0.0
2015-09-30 18:01:50,987 | INFO  | pool-2-thread-1  | FeaturesServiceImpl              | 8 - org.apache.karaf.features.core - 4.0.0 |   org.apache.karaf.service.core / 4.0.0
2015-09-30 18:01:50,995 | INFO  | pool-2-thread-1  | CommandExtension                 | 43 - org.apache.karaf.shell.core - 4.0.0 | Registering commands for bundle org.apache.karaf.service.core/4.0.0
2015-09-30 18:01:50,996 | INFO  | pool-2-thread-1  | FeaturesServiceImpl              | 8 - org.apache.karaf.features.core - 4.0.0 |   org.apache.aries.jmx.core / 1.1.3
2015-09-30 18:01:51,000 | INFO  | pool-2-thread-1  | core                             | 17 - org.apache.aries.jmx.core - 1.1.3 | Starting JMX OSGi agent
2015-09-30 18:01:51,028 | INFO  | pool-2-thread-1  | core                             | 17 - org.apache.aries.jmx.core - 1.1.3 | Registering MBean with ObjectName [osgi.compendium:service=cm,version=1.3,framework=org.apache.felix.framework,uuid=f54708c1-3255-44ac-a5a3-2bdac9f11a98] for service with service.id [14]
2015-09-30 18:01:51,030 | INFO  | pool-2-thread-1  | FeaturesServiceImpl              | 8 - org.apache.karaf.features.core - 4.0.0 |   org.apache.karaf.shell.commands / 4.0.0
2015-09-30 18:01:51,062 | INFO  | pool-2-thread-1  | CommandExtension                 | 43 - org.apache.karaf.shell.core - 4.0.0 | Command registration delayed for bundle org.apache.karaf.shell.commands/4.0.0. Missing dependencies: [org.jledit.EditorFactory]
2015-09-30 18:01:51,063 | INFO  | pool-2-thread-1  | FeaturesServiceImpl              | 8 - org.apache.karaf.features.core - 4.0.0 |   org.apache.karaf.management.server / 4.0.0
2015-09-30 18:01:51,072 | INFO  | pool-2-thread-1  | FeaturesServiceImpl              | 8 - org.apache.karaf.features.core - 4.0.0 |   org.apache.karaf.package.core / 4.0.0
2015-09-30 18:01:51,081 | INFO  | pool-2-thread-1  | CommandExtension                 | 43 - org.apache.karaf.shell.core - 4.0.0 | Registering commands for bundle org.apache.karaf.package.core/4.0.0
2015-09-30 18:01:51,082 | INFO  | pool-2-thread-1  | FeaturesServiceImpl              | 8 - org.apache.karaf.features.core - 4.0.0 |   org.apache.karaf.jaas.blueprint.config / 4.0.0
2015-09-30 18:01:51,092 | INFO  | pool-2-thread-1  | FeaturesServiceImpl              | 8 - org.apache.karaf.features.core - 4.0.0 |   org.apache.karaf.kar.core / 4.0.0
2015-09-30 18:01:51,125 | INFO  | pool-2-thread-1  | CommandExtension                 | 43 - org.apache.karaf.shell.core - 4.0.0 | Registering commands for bundle org.apache.karaf.kar.core/4.0.0
2015-09-30 18:01:51,125 | INFO  | pool-2-thread-1  | FeaturesServiceImpl              | 8 - org.apache.karaf.features.core - 4.0.0 |   jline / 2.12.1
2015-09-30 18:01:51,127 | INFO  | pool-2-thread-1  | FeaturesServiceImpl              | 8 - org.apache.karaf.features.core - 4.0.0 |   org.jledit.core / 0.2.1
2015-09-30 18:01:51,130 | INFO  | pool-2-thread-1  | CommandExtension                 | 43 - org.apache.karaf.shell.core - 4.0.0 | Registering commands for bundle org.apache.karaf.shell.commands/4.0.0
2015-09-30 18:01:51,131 | INFO  | pool-2-thread-1  | FeaturesServiceImpl              | 8 - org.apache.karaf.features.core - 4.0.0 |   org.apache.karaf.bundle.blueprintstate / 4.0.0
2015-09-30 18:01:51,181 | INFO  | pool-2-thread-1  | FeaturesServiceImpl              | 8 - org.apache.karaf.features.core - 4.0.0 | Done.
2015-09-30 18:01:51,202 | INFO  | pool-21-thread-1 | core                             | 17 - org.apache.aries.jmx.core - 1.1.3 | Registering org.osgi.jmx.framework.FrameworkMBean to MBeanServer com.sun.jmx.mbeanserver.JmxMBeanServer@755c42d8 with name osgi.core:type=framework,version=1.7,framework=org.apache.felix.framework,uuid=f54708c1-3255-44ac-a5a3-2bdac9f11a98
2015-09-30 18:01:51,202 | INFO  | pool-21-thread-1 | core                             | 17 - org.apache.aries.jmx.core - 1.1.3 | Registering org.osgi.jmx.service.cm.ConfigurationAdminMBean to MBeanServer com.sun.jmx.mbeanserver.JmxMBeanServer@755c42d8 with name osgi.compendium:service=cm,version=1.3,framework=org.apache.felix.framework,uuid=f54708c1-3255-44ac-a5a3-2bdac9f11a98
2015-09-30 18:01:51,203 | INFO  | pool-21-thread-1 | core                             | 17 - org.apache.aries.jmx.core - 1.1.3 | Registering org.osgi.jmx.framework.PackageStateMBean to MBeanServer com.sun.jmx.mbeanserver.JmxMBeanServer@755c42d8 with name osgi.core:type=packageState,version=1.5,framework=org.apache.felix.framework,uuid=f54708c1-3255-44ac-a5a3-2bdac9f11a98
2015-09-30 18:01:51,204 | INFO  | pool-21-thread-1 | core                             | 17 - org.apache.aries.jmx.core - 1.1.3 | Registering org.osgi.jmx.framework.ServiceStateMBean to MBeanServer com.sun.jmx.mbeanserver.JmxMBeanServer@755c42d8 with name osgi.core:type=serviceState,version=1.7,framework=org.apache.felix.framework,uuid=f54708c1-3255-44ac-a5a3-2bdac9f11a98
2015-09-30 18:01:51,206 | INFO  | pool-21-thread-1 | core                             | 17 - org.apache.aries.jmx.core - 1.1.3 | Registering org.osgi.jmx.framework.BundleStateMBean to MBeanServer com.sun.jmx.mbeanserver.JmxMBeanServer@755c42d8 with name osgi.core:type=bundleState,version=1.7,framework=org.apache.felix.framework,uuid=f54708c1-3255-44ac-a5a3-2bdac9f11a98
2015-09-30 18:01:51,208 | INFO  | pool-21-thread-1 | core                             | 17 - org.apache.aries.jmx.core - 1.1.3 | Registering org.osgi.jmx.framework.wiring.BundleWiringStateMBean to MBeanServer com.sun.jmx.mbeanserver.JmxMBeanServer@755c42d8 with name osgi.core:type=wiringState,version=1.1,framework=org.apache.felix.framework,uuid=f54708c1-3255-44ac-a5a3-2bdac9f11a98
2015-09-30 18:02:35,881 | INFO  | nsole user karaf | FeaturesServiceImpl              | 8 - org.apache.karaf.features.core - 4.0.0 | Adding features: fcrepo-http-api/[4.3.1.SNAPSHOT,4.3.1.SNAPSHOT]
2015-09-30 18:02:41,985 | INFO  | pool-28-thread-1 | FeaturesServiceImpl              | 8 - org.apache.karaf.features.core - 4.0.0 | Changes to perform:
2015-09-30 18:02:41,985 | INFO  | pool-28-thread-1 | FeaturesServiceImpl              | 8 - org.apache.karaf.features.core - 4.0.0 |   Region: root
2015-09-30 18:02:41,986 | INFO  | pool-28-thread-1 | FeaturesServiceImpl              | 8 - org.apache.karaf.features.core - 4.0.0 |     Bundles to install:
2015-09-30 18:02:41,986 | INFO  | pool-28-thread-1 | FeaturesServiceImpl              | 8 - org.apache.karaf.features.core - 4.0.0 |       mvn:com.datastax.cassandra/cassandra-driver-core/2.1.7.1
2015-09-30 18:02:41,986 | INFO  | pool-28-thread-1 | FeaturesServiceImpl              | 8 - org.apache.karaf.features.core - 4.0.0 |       mvn:com.fasterxml.jackson.core/jackson-annotations/2.3.2
2015-09-30 18:02:41,987 | INFO  | pool-28-thread-1 | FeaturesServiceImpl              | 8 - org.apache.karaf.features.core - 4.0.0 |       mvn:com.fasterxml.jackson.core/jackson-annotations/2.5.0
2015-09-30 18:02:41,987 | INFO  | pool-28-thread-1 | FeaturesServiceImpl              | 8 - org.apache.karaf.features.core - 4.0.0 |       mvn:com.fasterxml.jackson.core/jackson-core/2.3.2
2015-09-30 18:02:41,987 | INFO  | pool-28-thread-1 | FeaturesServiceImpl              | 8 - org.apache.karaf.features.core - 4.0.0 |       mvn:com.fasterxml.jackson.core/jackson-core/2.5.0
2015-09-30 18:02:41,987 | INFO  | pool-28-thread-1 | FeaturesServiceImpl              | 8 - org.apache.karaf.features.core - 4.0.0 |       mvn:com.fasterxml.jackson.core/jackson-databind/2.3.2
2015-09-30 18:02:41,987 | INFO  | pool-28-thread-1 | FeaturesServiceImpl              | 8 - org.apache.karaf.features.core - 4.0.0 |       mvn:com.fasterxml.jackson.core/jackson-databind/2.5.0
2015-09-30 18:02:41,987 | INFO  | pool-28-thread-1 | FeaturesServiceImpl              | 8 - org.apache.karaf.features.core - 4.0.0 |       mvn:com.fasterxml.jackson.jaxrs/jackson-jaxrs-base/2.3.2
2015-09-30 18:02:41,987 | INFO  | pool-28-thread-1 | FeaturesServiceImpl              | 8 - org.apache.karaf.features.core - 4.0.0 |       mvn:com.fasterxml.jackson.jaxrs/jackson-jaxrs-json-provider/2.3.2
2015-09-30 18:02:41,987 | INFO  | pool-28-thread-1 | FeaturesServiceImpl              | 8 - org.apache.karaf.features.core - 4.0.0 |       mvn:com.github.jsonld-java/jsonld-java/0.5.1
2015-09-30 18:02:41,987 | INFO  | pool-28-thread-1 | FeaturesServiceImpl              | 8 - org.apache.karaf.features.core - 4.0.0 |       mvn:com.google.guava/guava/18.0
2015-09-30 18:02:41,987 | INFO  | pool-28-thread-1 | FeaturesServiceImpl              | 8 - org.apache.karaf.features.core - 4.0.0 |       mvn:io.dropwizard.metrics/metrics-annotation/3.1.0
2015-09-30 18:02:41,987 | INFO  | pool-28-thread-1 | FeaturesServiceImpl              | 8 - org.apache.karaf.features.core - 4.0.0 |       mvn:io.dropwizard.metrics/metrics-core/3.1.0
2015-09-30 18:02:41,987 | INFO  | pool-28-thread-1 | FeaturesServiceImpl              | 8 - org.apache.karaf.features.core - 4.0.0 |       mvn:io.dropwizard.metrics/metrics-graphite/3.1.0
2015-09-30 18:02:41,988 | INFO  | pool-28-thread-1 | FeaturesServiceImpl              | 8 - org.apache.karaf.features.core - 4.0.0 |       mvn:io.dropwizard.metrics/metrics-healthchecks/3.1.0
2015-09-30 18:02:41,988 | INFO  | pool-28-thread-1 | FeaturesServiceImpl              | 8 - org.apache.karaf.features.core - 4.0.0 |       mvn:io.dropwizard.metrics/metrics-jersey2/3.1.0
2015-09-30 18:02:41,988 | INFO  | pool-28-thread-1 | FeaturesServiceImpl              | 8 - org.apache.karaf.features.core - 4.0.0 |       mvn:io.dropwizard.metrics/metrics-json/3.1.0
2015-09-30 18:02:41,988 | INFO  | pool-28-thread-1 | FeaturesServiceImpl              | 8 - org.apache.karaf.features.core - 4.0.0 |       mvn:io.dropwizard.metrics/metrics-jvm/3.1.0
2015-09-30 18:02:41,988 | INFO  | pool-28-thread-1 | FeaturesServiceImpl              | 8 - org.apache.karaf.features.core - 4.0.0 |       mvn:io.dropwizard.metrics/metrics-servlets/3.1.0
2015-09-30 18:02:41,988 | INFO  | pool-28-thread-1 | FeaturesServiceImpl              | 8 - org.apache.karaf.features.core - 4.0.0 |       mvn:io.netty/netty-buffer/4.0.29.Final
2015-09-30 18:02:41,988 | INFO  | pool-28-thread-1 | FeaturesServiceImpl              | 8 - org.apache.karaf.features.core - 4.0.0 |       mvn:io.netty/netty-codec/4.0.29.Final
2015-09-30 18:02:41,988 | INFO  | pool-28-thread-1 | FeaturesServiceImpl              | 8 - org.apache.karaf.features.core - 4.0.0 |       mvn:io.netty/netty-common/4.0.29.Final
2015-09-30 18:02:41,988 | INFO  | pool-28-thread-1 | FeaturesServiceImpl              | 8 - org.apache.karaf.features.core - 4.0.0 |       mvn:io.netty/netty-handler/4.0.29.Final
2015-09-30 18:02:41,988 | INFO  | pool-28-thread-1 | FeaturesServiceImpl              | 8 - org.apache.karaf.features.core - 4.0.0 |       mvn:io.netty/netty-transport/4.0.29.Final
2015-09-30 18:02:41,988 | INFO  | pool-28-thread-1 | FeaturesServiceImpl              | 8 - org.apache.karaf.features.core - 4.0.0 |       mvn:javax.jcr/jcr/2.0
2015-09-30 18:02:41,988 | INFO  | pool-28-thread-1 | FeaturesServiceImpl              | 8 - org.apache.karaf.features.core - 4.0.0 |       mvn:javax.mail/mail/1.4.4
2015-09-30 18:02:41,989 | INFO  | pool-28-thread-1 | FeaturesServiceImpl              | 8 - org.apache.karaf.features.core - 4.0.0 |       mvn:javax.security.jacc/javax.security.jacc-api/1.5
2015-09-30 18:02:41,989 | INFO  | pool-28-thread-1 | FeaturesServiceImpl              | 8 - org.apache.karaf.features.core - 4.0.0 |       mvn:javax.servlet/javax.servlet-api/3.1.0
2015-09-30 18:02:41,989 | INFO  | pool-28-thread-1 | FeaturesServiceImpl              | 8 - org.apache.karaf.features.core - 4.0.0 |       mvn:javax.validation/validation-api/1.1.0.Final
2015-09-30 18:02:41,989 | INFO  | pool-28-thread-1 | FeaturesServiceImpl              | 8 - org.apache.karaf.features.core - 4.0.0 |       mvn:javax.websocket/javax.websocket-api/1.1
2015-09-30 18:02:41,989 | INFO  | pool-28-thread-1 | FeaturesServiceImpl              | 8 - org.apache.karaf.features.core - 4.0.0 |       mvn:javax.ws.rs/javax.ws.rs-api/2.0.1
2015-09-30 18:02:41,989 | INFO  | pool-28-thread-1 | FeaturesServiceImpl              | 8 - org.apache.karaf.features.core - 4.0.0 |       mvn:joda-time/joda-time/1.6.2
2015-09-30 18:02:41,989 | INFO  | pool-28-thread-1 | FeaturesServiceImpl              | 8 - org.apache.karaf.features.core - 4.0.0 |       mvn:org.apache.aries.transaction/org.apache.aries.transaction.blueprint/1.0.2
2015-09-30 18:02:41,989 | INFO  | pool-28-thread-1 | FeaturesServiceImpl              | 8 - org.apache.karaf.features.core - 4.0.0 |       mvn:org.apache.aries.transaction/org.apache.aries.transaction.blueprint/1.0.2
2015-09-30 18:02:41,989 | INFO  | pool-28-thread-1 | FeaturesServiceImpl              | 8 - org.apache.karaf.features.core - 4.0.0 |       mvn:org.apache.aries.transaction/org.apache.aries.transaction.manager/1.0.1
2015-09-30 18:02:41,989 | INFO  | pool-28-thread-1 | FeaturesServiceImpl              | 8 - org.apache.karaf.features.core - 4.0.0 |       mvn:org.apache.aries.transaction/org.apache.aries.transaction.manager/1.1.1
2015-09-30 18:02:41,989 | INFO  | pool-28-thread-1 | FeaturesServiceImpl              | 8 - org.apache.karaf.features.core - 4.0.0 |       mvn:commons-codec/commons-codec/1.6
2015-09-30 18:02:41,989 | INFO  | pool-28-thread-1 | FeaturesServiceImpl              | 8 - org.apache.karaf.features.core - 4.0.0 |       mvn:commons-collections/commons-collections/3.2.1
2015-09-30 18:02:41,990 | INFO  | pool-28-thread-1 | FeaturesServiceImpl              | 8 - org.apache.karaf.features.core - 4.0.0 |       mvn:org.apache.commons/commons-csv/1.0
2015-09-30 18:02:41,990 | INFO  | pool-28-thread-1 | FeaturesServiceImpl              | 8 - org.apache.karaf.features.core - 4.0.0 |       mvn:commons-io/commons-io/2.4
2015-09-30 18:02:41,990 | INFO  | pool-28-thread-1 | FeaturesServiceImpl              | 8 - org.apache.karaf.features.core - 4.0.0 |       mvn:commons-lang/commons-lang/2.4
2015-09-30 18:02:41,990 | INFO  | pool-28-thread-1 | FeaturesServiceImpl              | 8 - org.apache.karaf.features.core - 4.0.0 |       mvn:org.apache.commons/commons-lang3/3.3.2
2015-09-30 18:02:41,990 | INFO  | pool-28-thread-1 | FeaturesServiceImpl              | 8 - org.apache.karaf.features.core - 4.0.0 |       mvn:org.apache.geronimo.specs/geronimo-jaspic_1.0_spec/1.1
2015-09-30 18:02:41,990 | INFO  | pool-28-thread-1 | FeaturesServiceImpl              | 8 - org.apache.karaf.features.core - 4.0.0 |       mvn:org.apache.httpcomponents/httpclient-osgi/4.3.3
2015-09-30 18:02:41,990 | INFO  | pool-28-thread-1 | FeaturesServiceImpl              | 8 - org.apache.karaf.features.core - 4.0.0 |       mvn:org.apache.httpcomponents/httpcore-osgi/4.3.2
2015-09-30 18:02:41,990 | INFO  | pool-28-thread-1 | FeaturesServiceImpl              | 8 - org.apache.karaf.features.core - 4.0.0 |       mvn:org.apache.jena/jena-osgi/2.13.0
2015-09-30 18:02:41,990 | INFO  | pool-28-thread-1 | FeaturesServiceImpl              | 8 - org.apache.karaf.features.core - 4.0.0 |       mvn:org.apache.karaf.deployer/org.apache.karaf.deployer.spring/4.0.0
2015-09-30 18:02:41,990 | INFO  | pool-28-thread-1 | FeaturesServiceImpl              | 8 - org.apache.karaf.features.core - 4.0.0 |       mvn:org.apache.karaf.http/org.apache.karaf.http.core/4.0.0
2015-09-30 18:02:41,990 | INFO  | pool-28-thread-1 | FeaturesServiceImpl              | 8 - org.apache.karaf.features.core - 4.0.0 |       mvn:org.apache.servicemix.bundles/org.apache.servicemix.bundles.spring-aop/3.2.11.RELEASE_1
2015-09-30 18:02:41,990 | INFO  | pool-28-thread-1 | FeaturesServiceImpl              | 8 - org.apache.karaf.features.core - 4.0.0 |       mvn:org.apache.servicemix.bundles/org.apache.servicemix.bundles.spring-aop/4.0.7.RELEASE_1
2015-09-30 18:02:41,991 | INFO  | pool-28-thread-1 | FeaturesServiceImpl              | 8 - org.apache.karaf.features.core - 4.0.0 |       mvn:org.apache.servicemix.bundles/org.apache.servicemix.bundles.spring-aop/4.1.6.RELEASE_1
2015-09-30 18:02:41,991 | INFO  | pool-28-thread-1 | FeaturesServiceImpl              | 8 - org.apache.karaf.features.core - 4.0.0 |       mvn:org.apache.servicemix.bundles/org.apache.servicemix.bundles.spring-beans/3.2.11.RELEASE_1
2015-09-30 18:02:41,991 | INFO  | pool-28-thread-1 | FeaturesServiceImpl              | 8 - org.apache.karaf.features.core - 4.0.0 |       mvn:org.apache.servicemix.bundles/org.apache.servicemix.bundles.spring-beans/4.0.7.RELEASE_1
2015-09-30 18:02:41,991 | INFO  | pool-28-thread-1 | FeaturesServiceImpl              | 8 - org.apache.karaf.features.core - 4.0.0 |       mvn:org.apache.servicemix.bundles/org.apache.servicemix.bundles.spring-beans/4.1.6.RELEASE_1
2015-09-30 18:02:41,991 | INFO  | pool-28-thread-1 | FeaturesServiceImpl              | 8 - org.apache.karaf.features.core - 4.0.0 |       mvn:org.apache.servicemix.bundles/org.apache.servicemix.bundles.spring-context/3.2.11.RELEASE_1
2015-09-30 18:02:41,991 | INFO  | pool-28-thread-1 | FeaturesServiceImpl              | 8 - org.apache.karaf.features.core - 4.0.0 |       mvn:org.apache.servicemix.bundles/org.apache.servicemix.bundles.spring-context/4.0.7.RELEASE_1
2015-09-30 18:02:41,991 | INFO  | pool-28-thread-1 | FeaturesServiceImpl              | 8 - org.apache.karaf.features.core - 4.0.0 |       mvn:org.apache.servicemix.bundles/org.apache.servicemix.bundles.spring-context/4.1.6.RELEASE_1
2015-09-30 18:02:41,991 | INFO  | pool-28-thread-1 | FeaturesServiceImpl              | 8 - org.apache.karaf.features.core - 4.0.0 |       mvn:org.apache.servicemix.bundles/org.apache.servicemix.bundles.spring-context-support/3.2.11.RELEASE_1
2015-09-30 18:02:41,991 | INFO  | pool-28-thread-1 | FeaturesServiceImpl              | 8 - org.apache.karaf.features.core - 4.0.0 |       mvn:org.apache.servicemix.bundles/org.apache.servicemix.bundles.spring-context-support/4.0.7.RELEASE_1
2015-09-30 18:02:41,991 | INFO  | pool-28-thread-1 | FeaturesServiceImpl              | 8 - org.apache.karaf.features.core - 4.0.0 |       mvn:org.apache.servicemix.bundles/org.apache.servicemix.bundles.spring-context-support/4.1.6.RELEASE_1
2015-09-30 18:02:41,991 | INFO  | pool-28-thread-1 | FeaturesServiceImpl              | 8 - org.apache.karaf.features.core - 4.0.0 |       mvn:org.apache.servicemix.bundles/org.apache.servicemix.bundles.spring-core/3.2.11.RELEASE_1
2015-09-30 18:02:41,992 | INFO  | pool-28-thread-1 | FeaturesServiceImpl              | 8 - org.apache.karaf.features.core - 4.0.0 |       mvn:org.apache.servicemix.bundles/org.apache.servicemix.bundles.spring-core/4.0.7.RELEASE_1
2015-09-30 18:02:41,992 | INFO  | pool-28-thread-1 | FeaturesServiceImpl              | 8 - org.apache.karaf.features.core - 4.0.0 |       mvn:org.apache.servicemix.bundles/org.apache.servicemix.bundles.spring-core/4.1.6.RELEASE_1
2015-09-30 18:02:41,992 | INFO  | pool-28-thread-1 | FeaturesServiceImpl              | 8 - org.apache.karaf.features.core - 4.0.0 |       mvn:org.apache.servicemix.bundles/org.apache.servicemix.bundles.spring-expression/3.2.11.RELEASE_1
2015-09-30 18:02:41,992 | INFO  | pool-28-thread-1 | FeaturesServiceImpl              | 8 - org.apache.karaf.features.core - 4.0.0 |       mvn:org.apache.servicemix.bundles/org.apache.servicemix.bundles.spring-expression/4.0.7.RELEASE_1
2015-09-30 18:02:41,992 | INFO  | pool-28-thread-1 | FeaturesServiceImpl              | 8 - org.apache.karaf.features.core - 4.0.0 |       mvn:org.apache.servicemix.bundles/org.apache.servicemix.bundles.spring-expression/4.1.6.RELEASE_1
2015-09-30 18:02:41,992 | INFO  | pool-28-thread-1 | FeaturesServiceImpl              | 8 - org.apache.karaf.features.core - 4.0.0 |       mvn:org.apache.servicemix.bundles/org.apache.servicemix.bundles.spring-web/4.1.6.RELEASE_1
2015-09-30 18:02:41,992 | INFO  | pool-28-thread-1 | FeaturesServiceImpl              | 8 - org.apache.karaf.features.core - 4.0.0 |       mvn:org.apache.servicemix.bundles/org.apache.servicemix.bundles.spring-webmvc/4.1.6.RELEASE_1
2015-09-30 18:02:41,992 | INFO  | pool-28-thread-1 | FeaturesServiceImpl              | 8 - org.apache.karaf.features.core - 4.0.0 |       mvn:org.apache.thrift/libthrift/0.9.2
2015-09-30 18:02:41,992 | INFO  | pool-28-thread-1 | FeaturesServiceImpl              | 8 - org.apache.karaf.features.core - 4.0.0 |       mvn:org.apache.tika/tika-core/1.6
2015-09-30 18:02:41,992 | INFO  | pool-28-thread-1 | FeaturesServiceImpl              | 8 - org.apache.karaf.features.core - 4.0.0 |       mvn:org.apache.velocity/velocity/1.7
2015-09-30 18:02:41,992 | INFO  | pool-28-thread-1 | FeaturesServiceImpl              | 8 - org.apache.karaf.features.core - 4.0.0 |       mvn:org.apache.xbean/xbean-bundleutils/4.1
2015-09-30 18:02:41,993 | INFO  | pool-28-thread-1 | FeaturesServiceImpl              | 8 - org.apache.karaf.features.core - 4.0.0 |       mvn:org.apache.xbean/xbean-finder/4.1
2015-09-30 18:02:41,993 | INFO  | pool-28-thread-1 | FeaturesServiceImpl              | 8 - org.apache.karaf.features.core - 4.0.0 |       mvn:org.eclipse.jetty/jetty-client/9.2.10.v20150310
2015-09-30 18:02:41,993 | INFO  | pool-28-thread-1 | FeaturesServiceImpl              | 8 - org.apache.karaf.features.core - 4.0.0 |       mvn:org.eclipse.jetty/jetty-continuation/9.2.10.v20150310
2015-09-30 18:02:41,993 | INFO  | pool-28-thread-1 | FeaturesServiceImpl              | 8 - org.apache.karaf.features.core - 4.0.0 |       mvn:org.eclipse.jetty/jetty-http/9.2.10.v20150310
2015-09-30 18:02:41,993 | INFO  | pool-28-thread-1 | FeaturesServiceImpl              | 8 - org.apache.karaf.features.core - 4.0.0 |       mvn:org.eclipse.jetty/jetty-io/9.2.10.v20150310
2015-09-30 18:02:41,993 | INFO  | pool-28-thread-1 | FeaturesServiceImpl              | 8 - org.apache.karaf.features.core - 4.0.0 |       mvn:org.eclipse.jetty/jetty-jaas/9.2.10.v20150310
2015-09-30 18:02:41,993 | INFO  | pool-28-thread-1 | FeaturesServiceImpl              | 8 - org.apache.karaf.features.core - 4.0.0 |       mvn:org.eclipse.jetty/jetty-jaspi/9.2.10.v20150310
2015-09-30 18:02:41,993 | INFO  | pool-28-thread-1 | FeaturesServiceImpl              | 8 - org.apache.karaf.features.core - 4.0.0 |       mvn:org.eclipse.jetty/jetty-jmx/9.2.10.v20150310
2015-09-30 18:02:41,993 | INFO  | pool-28-thread-1 | FeaturesServiceImpl              | 8 - org.apache.karaf.features.core - 4.0.0 |       mvn:org.eclipse.jetty/jetty-jndi/9.2.10.v20150310
2015-09-30 18:02:41,993 | INFO  | pool-28-thread-1 | FeaturesServiceImpl              | 8 - org.apache.karaf.features.core - 4.0.0 |       mvn:org.eclipse.jetty/jetty-plus/9.2.10.v20150310
2015-09-30 18:02:41,993 | INFO  | pool-28-thread-1 | FeaturesServiceImpl              | 8 - org.apache.karaf.features.core - 4.0.0 |       mvn:org.eclipse.jetty/jetty-rewrite/9.2.10.v20150310
2015-09-30 18:02:41,993 | INFO  | pool-28-thread-1 | FeaturesServiceImpl              | 8 - org.apache.karaf.features.core - 4.0.0 |       mvn:org.eclipse.jetty/jetty-security/9.2.10.v20150310
2015-09-30 18:02:41,993 | INFO  | pool-28-thread-1 | FeaturesServiceImpl              | 8 - org.apache.karaf.features.core - 4.0.0 |       mvn:org.eclipse.jetty/jetty-server/9.2.10.v20150310
2015-09-30 18:02:41,993 | INFO  | pool-28-thread-1 | FeaturesServiceImpl              | 8 - org.apache.karaf.features.core - 4.0.0 |       mvn:org.eclipse.jetty/jetty-servlet/9.2.10.v20150310
2015-09-30 18:02:41,994 | INFO  | pool-28-thread-1 | FeaturesServiceImpl              | 8 - org.apache.karaf.features.core - 4.0.0 |       mvn:org.eclipse.jetty/jetty-servlets/9.2.10.v20150310
2015-09-30 18:02:41,994 | INFO  | pool-28-thread-1 | FeaturesServiceImpl              | 8 - org.apache.karaf.features.core - 4.0.0 |       mvn:org.eclipse.jetty/jetty-util/9.2.10.v20150310
2015-09-30 18:02:41,994 | INFO  | pool-28-thread-1 | FeaturesServiceImpl              | 8 - org.apache.karaf.features.core - 4.0.0 |       mvn:org.eclipse.jetty/jetty-util-ajax/9.2.10.v20150310
2015-09-30 18:02:41,994 | INFO  | pool-28-thread-1 | FeaturesServiceImpl              | 8 - org.apache.karaf.features.core - 4.0.0 |       mvn:org.eclipse.jetty/jetty-webapp/9.2.10.v20150310
2015-09-30 18:02:41,994 | INFO  | pool-28-thread-1 | FeaturesServiceImpl              | 8 - org.apache.karaf.features.core - 4.0.0 |       mvn:org.eclipse.jetty.websocket/websocket-api/9.2.10.v20150310
2015-09-30 18:02:41,994 | INFO  | pool-28-thread-1 | FeaturesServiceImpl              | 8 - org.apache.karaf.features.core - 4.0.0 |       mvn:org.eclipse.jetty.websocket/websocket-client/9.2.10.v20150310
2015-09-30 18:02:41,994 | INFO  | pool-28-thread-1 | FeaturesServiceImpl              | 8 - org.apache.karaf.features.core - 4.0.0 |       mvn:org.eclipse.jetty.websocket/websocket-common/9.2.10.v20150310
2015-09-30 18:02:41,994 | INFO  | pool-28-thread-1 | FeaturesServiceImpl              | 8 - org.apache.karaf.features.core - 4.0.0 |       mvn:org.eclipse.jetty.websocket/javax-websocket-client-impl/9.2.10.v20150310
2015-09-30 18:02:41,994 | INFO  | pool-28-thread-1 | FeaturesServiceImpl              | 8 - org.apache.karaf.features.core - 4.0.0 |       mvn:org.eclipse.jetty.websocket/javax-websocket-server-impl/9.2.10.v20150310
2015-09-30 18:02:41,994 | INFO  | pool-28-thread-1 | FeaturesServiceImpl              | 8 - org.apache.karaf.features.core - 4.0.0 |       mvn:org.eclipse.jetty.websocket/websocket-server/9.2.10.v20150310
2015-09-30 18:02:41,994 | INFO  | pool-28-thread-1 | FeaturesServiceImpl              | 8 - org.apache.karaf.features.core - 4.0.0 |       mvn:org.eclipse.jetty.websocket/websocket-servlet/9.2.10.v20150310
2015-09-30 18:02:41,995 | INFO  | pool-28-thread-1 | FeaturesServiceImpl              | 8 - org.apache.karaf.features.core - 4.0.0 |       mvn:org.eclipse.jetty/jetty-xml/9.2.10.v20150310
2015-09-30 18:02:41,995 | INFO  | pool-28-thread-1 | FeaturesServiceImpl              | 8 - org.apache.karaf.features.core - 4.0.0 |       mvn:org.fcrepo/fcrepo-http-api/4.3.1-SNAPSHOT
2015-09-30 18:02:41,995 | INFO  | pool-28-thread-1 | FeaturesServiceImpl              | 8 - org.apache.karaf.features.core - 4.0.0 |       mvn:org.fcrepo/fcrepo-http-commons/4.3.1-SNAPSHOT
2015-09-30 18:02:41,995 | INFO  | pool-28-thread-1 | FeaturesServiceImpl              | 8 - org.apache.karaf.features.core - 4.0.0 |       mvn:org.fcrepo/fcrepo-kernel-api/4.3.1-SNAPSHOT
2015-09-30 18:02:41,995 | INFO  | pool-28-thread-1 | FeaturesServiceImpl              | 8 - org.apache.karaf.features.core - 4.0.0 |       mvn:org.fcrepo/fcrepo-kernel-modeshape/4.3.1-SNAPSHOT
2015-09-30 18:02:41,995 | INFO  | pool-28-thread-1 | FeaturesServiceImpl              | 8 - org.apache.karaf.features.core - 4.0.0 |       mvn:org.fcrepo/fcrepo-metrics/4.3.1-SNAPSHOT
2015-09-30 18:02:41,995 | INFO  | pool-28-thread-1 | FeaturesServiceImpl              | 8 - org.apache.karaf.features.core - 4.0.0 |       mvn:org.fcrepo/fcrepo-mint/4.3.1-SNAPSHOT
2015-09-30 18:02:41,995 | INFO  | pool-28-thread-1 | FeaturesServiceImpl              | 8 - org.apache.karaf.features.core - 4.0.0 |       mvn:org.fcrepo/fcrepo-serialization/4.3.1-SNAPSHOT
2015-09-30 18:02:41,995 | INFO  | pool-28-thread-1 | FeaturesServiceImpl              | 8 - org.apache.karaf.features.core - 4.0.0 |       mvn:org.glassfish.hk2/hk2-api/2.3.0
2015-09-30 18:02:41,995 | INFO  | pool-28-thread-1 | FeaturesServiceImpl              | 8 - org.apache.karaf.features.core - 4.0.0 |       mvn:org.glassfish.hk2.external/aopalliance-repackaged/2.3.0
2015-09-30 18:02:41,995 | INFO  | pool-28-thread-1 | FeaturesServiceImpl              | 8 - org.apache.karaf.features.core - 4.0.0 |       mvn:org.glassfish.hk2.external/javax.inject/2.3.0
2015-09-30 18:02:41,995 | INFO  | pool-28-thread-1 | FeaturesServiceImpl              | 8 - org.apache.karaf.features.core - 4.0.0 |       mvn:org.glassfish.hk2/osgi-resource-locator/1.0.1
2015-09-30 18:02:41,996 | INFO  | pool-28-thread-1 | FeaturesServiceImpl              | 8 - org.apache.karaf.features.core - 4.0.0 |       mvn:org.glassfish.hk2/hk2-utils/2.3.0
2015-09-30 18:02:41,996 | INFO  | pool-28-thread-1 | FeaturesServiceImpl              | 8 - org.apache.karaf.features.core - 4.0.0 |       mvn:org.glassfish.jersey.bundles.repackaged/jersey-guava/2.13
2015-09-30 18:02:41,996 | INFO  | pool-28-thread-1 | FeaturesServiceImpl              | 8 - org.apache.karaf.features.core - 4.0.0 |       mvn:org.glassfish.jersey.core/jersey-client/2.13
2015-09-30 18:02:41,996 | INFO  | pool-28-thread-1 | FeaturesServiceImpl              | 8 - org.apache.karaf.features.core - 4.0.0 |       mvn:org.glassfish.jersey.core/jersey-common/2.13
2015-09-30 18:02:41,996 | INFO  | pool-28-thread-1 | FeaturesServiceImpl              | 8 - org.apache.karaf.features.core - 4.0.0 |       mvn:org.glassfish.jersey.core/jersey-server/2.13
2015-09-30 18:02:41,996 | INFO  | pool-28-thread-1 | FeaturesServiceImpl              | 8 - org.apache.karaf.features.core - 4.0.0 |       mvn:org.glassfish.jersey.media/jersey-media-json-jackson/2.13
2015-09-30 18:02:41,996 | INFO  | pool-28-thread-1 | FeaturesServiceImpl              | 8 - org.apache.karaf.features.core - 4.0.0 |       mvn:org.glassfish.jersey.media/jersey-media-multipart/2.13
2015-09-30 18:02:41,996 | INFO  | pool-28-thread-1 | FeaturesServiceImpl              | 8 - org.apache.karaf.features.core - 4.0.0 |       mvn:org.infinispan/infinispan-commons/6.0.2.Final
2015-09-30 18:02:41,996 | INFO  | pool-28-thread-1 | FeaturesServiceImpl              | 8 - org.apache.karaf.features.core - 4.0.0 |       mvn:org.infinispan/infinispan-core/6.0.2.Final
2015-09-30 18:02:41,996 | INFO  | pool-28-thread-1 | FeaturesServiceImpl              | 8 - org.apache.karaf.features.core - 4.0.0 |       mvn:org.jboss.logging/jboss-logging/3.1.3.GA
2015-09-30 18:02:41,996 | INFO  | pool-28-thread-1 | FeaturesServiceImpl              | 8 - org.apache.karaf.features.core - 4.0.0 |       mvn:org.jgroups/jgroups/3.5.0.Final
2015-09-30 18:02:41,996 | INFO  | pool-28-thread-1 | FeaturesServiceImpl              | 8 - org.apache.karaf.features.core - 4.0.0 |       mvn:org.jvnet.mimepull/mimepull/1.9.3
2015-09-30 18:02:41,996 | INFO  | pool-28-thread-1 | FeaturesServiceImpl              | 8 - org.apache.karaf.features.core - 4.0.0 |       mvn:org.mapdb/mapdb/1.0.6
2015-09-30 18:02:41,996 | INFO  | pool-28-thread-1 | FeaturesServiceImpl              | 8 - org.apache.karaf.features.core - 4.0.0 |       mvn:org.modeshape/modeshape-common/4.2.0.Final
2015-09-30 18:02:41,997 | INFO  | pool-28-thread-1 | FeaturesServiceImpl              | 8 - org.apache.karaf.features.core - 4.0.0 |       mvn:org.modeshape/modeshape-jcr/4.2.0.Final
2015-09-30 18:02:41,997 | INFO  | pool-28-thread-1 | FeaturesServiceImpl              | 8 - org.apache.karaf.features.core - 4.0.0 |       mvn:org.modeshape/modeshape-jcr-api/4.2.0.Final
2015-09-30 18:02:41,997 | INFO  | pool-28-thread-1 | FeaturesServiceImpl              | 8 - org.apache.karaf.features.core - 4.0.0 |       mvn:org.modeshape/modeshape-schematic/4.2.0.Final
2015-09-30 18:02:41,997 | INFO  | pool-28-thread-1 | FeaturesServiceImpl              | 8 - org.apache.karaf.features.core - 4.0.0 |       mvn:org.mongodb/mongo-java-driver/3.0.0
2015-09-30 18:02:41,997 | INFO  | pool-28-thread-1 | FeaturesServiceImpl              | 8 - org.apache.karaf.features.core - 4.0.0 |       mvn:org.ops4j.pax.web/pax-web-api/4.1.4
2015-09-30 18:02:41,997 | INFO  | pool-28-thread-1 | FeaturesServiceImpl              | 8 - org.apache.karaf.features.core - 4.0.0 |       mvn:org.ops4j.pax.web/pax-web-jetty/4.1.4
2015-09-30 18:02:41,997 | INFO  | pool-28-thread-1 | FeaturesServiceImpl              | 8 - org.apache.karaf.features.core - 4.0.0 |       mvn:org.ops4j.pax.web/pax-web-runtime/4.1.4
2015-09-30 18:02:41,997 | INFO  | pool-28-thread-1 | FeaturesServiceImpl              | 8 - org.apache.karaf.features.core - 4.0.0 |       mvn:org.ops4j.pax.web/pax-web-spi/4.1.4
2015-09-30 18:02:41,997 | INFO  | pool-28-thread-1 | FeaturesServiceImpl              | 8 - org.apache.karaf.features.core - 4.0.0 |       mvn:org.springframework/spring-aop/3.1.4.RELEASE
2015-09-30 18:02:41,997 | INFO  | pool-28-thread-1 | FeaturesServiceImpl              | 8 - org.apache.karaf.features.core - 4.0.0 |       mvn:org.springframework/spring-asm/3.1.4.RELEASE
2015-09-30 18:02:41,997 | INFO  | pool-28-thread-1 | FeaturesServiceImpl              | 8 - org.apache.karaf.features.core - 4.0.0 |       mvn:org.springframework/spring-beans/3.1.4.RELEASE
2015-09-30 18:02:41,997 | INFO  | pool-28-thread-1 | FeaturesServiceImpl              | 8 - org.apache.karaf.features.core - 4.0.0 |       mvn:org.springframework/spring-context/3.1.4.RELEASE
2015-09-30 18:02:41,997 | INFO  | pool-28-thread-1 | FeaturesServiceImpl              | 8 - org.apache.karaf.features.core - 4.0.0 |       mvn:org.springframework/spring-context-support/3.1.4.RELEASE
2015-09-30 18:02:41,997 | INFO  | pool-28-thread-1 | FeaturesServiceImpl              | 8 - org.apache.karaf.features.core - 4.0.0 |       mvn:org.springframework/spring-core/3.1.4.RELEASE
2015-09-30 18:02:41,998 | INFO  | pool-28-thread-1 | FeaturesServiceImpl              | 8 - org.apache.karaf.features.core - 4.0.0 |       mvn:org.springframework/spring-expression/3.1.4.RELEASE
2015-09-30 18:02:41,998 | INFO  | pool-28-thread-1 | FeaturesServiceImpl              | 8 - org.apache.karaf.features.core - 4.0.0 |       wrap:mvn:org.apache.velocity/velocity-tools/2.0
2015-09-30 18:02:41,998 | INFO  | pool-28-thread-1 | FeaturesServiceImpl              | 8 - org.apache.karaf.features.core - 4.0.0 |       wrap:mvn:org.jboss.marshalling/jboss-marshalling/1.4.10.Final
2015-09-30 18:02:41,998 | INFO  | pool-28-thread-1 | FeaturesServiceImpl              | 8 - org.apache.karaf.features.core - 4.0.0 |       wrap:mvn:org.openrdf.sesame/sesame-model/2.7.13
2015-09-30 18:02:41,998 | INFO  | pool-28-thread-1 | FeaturesServiceImpl              | 8 - org.apache.karaf.features.core - 4.0.0 |       wrap:mvn:org.openrdf.sesame/sesame-rio-api/2.7.13
2015-09-30 18:02:41,998 | INFO  | pool-28-thread-1 | FeaturesServiceImpl              | 8 - org.apache.karaf.features.core - 4.0.0 |       wrap:mvn:org.openrdf.sesame/sesame-util/2.7.13
2015-09-30 18:02:42,000 | INFO  | pool-28-thread-1 | FeaturesServiceImpl              | 8 - org.apache.karaf.features.core - 4.0.0 | Installing bundles:
2015-09-30 18:02:42,000 | INFO  | pool-28-thread-1 | FeaturesServiceImpl              | 8 - org.apache.karaf.features.core - 4.0.0 |   mvn:com.datastax.cassandra/cassandra-driver-core/2.1.7.1
2015-09-30 18:02:42,005 | INFO  | pool-28-thread-1 | FeaturesServiceImpl              | 8 - org.apache.karaf.features.core - 4.0.0 |   mvn:com.fasterxml.jackson.core/jackson-annotations/2.3.2
2015-09-30 18:02:42,007 | INFO  | pool-28-thread-1 | FeaturesServiceImpl              | 8 - org.apache.karaf.features.core - 4.0.0 |   mvn:com.fasterxml.jackson.core/jackson-annotations/2.5.0
2015-09-30 18:02:42,011 | INFO  | pool-28-thread-1 | FeaturesServiceImpl              | 8 - org.apache.karaf.features.core - 4.0.0 |   mvn:com.fasterxml.jackson.core/jackson-core/2.3.2
2015-09-30 18:02:42,014 | INFO  | pool-28-thread-1 | FeaturesServiceImpl              | 8 - org.apache.karaf.features.core - 4.0.0 |   mvn:com.fasterxml.jackson.core/jackson-core/2.5.0
2015-09-30 18:02:42,015 | INFO  | pool-28-thread-1 | FeaturesServiceImpl              | 8 - org.apache.karaf.features.core - 4.0.0 |   mvn:com.fasterxml.jackson.core/jackson-databind/2.3.2
2015-09-30 18:02:42,019 | INFO  | pool-28-thread-1 | FeaturesServiceImpl              | 8 - org.apache.karaf.features.core - 4.0.0 |   mvn:com.fasterxml.jackson.core/jackson-databind/2.5.0
2015-09-30 18:02:42,027 | INFO  | pool-28-thread-1 | FeaturesServiceImpl              | 8 - org.apache.karaf.features.core - 4.0.0 |   mvn:com.fasterxml.jackson.jaxrs/jackson-jaxrs-base/2.3.2
2015-09-30 18:02:42,029 | INFO  | pool-28-thread-1 | FeaturesServiceImpl              | 8 - org.apache.karaf.features.core - 4.0.0 |   mvn:com.fasterxml.jackson.jaxrs/jackson-jaxrs-json-provider/2.3.2
2015-09-30 18:02:42,031 | INFO  | pool-28-thread-1 | FeaturesServiceImpl              | 8 - org.apache.karaf.features.core - 4.0.0 |   mvn:com.github.jsonld-java/jsonld-java/0.5.1
2015-09-30 18:02:42,033 | INFO  | pool-28-thread-1 | FeaturesServiceImpl              | 8 - org.apache.karaf.features.core - 4.0.0 |   mvn:com.google.guava/guava/18.0
2015-09-30 18:02:42,039 | INFO  | pool-28-thread-1 | FeaturesServiceImpl              | 8 - org.apache.karaf.features.core - 4.0.0 |   mvn:io.dropwizard.metrics/metrics-annotation/3.1.0
2015-09-30 18:02:42,040 | INFO  | pool-28-thread-1 | FeaturesServiceImpl              | 8 - org.apache.karaf.features.core - 4.0.0 |   mvn:io.dropwizard.metrics/metrics-core/3.1.0
2015-09-30 18:02:42,042 | INFO  | pool-28-thread-1 | FeaturesServiceImpl              | 8 - org.apache.karaf.features.core - 4.0.0 |   mvn:io.dropwizard.metrics/metrics-graphite/3.1.0
2015-09-30 18:02:42,045 | INFO  | pool-28-thread-1 | FeaturesServiceImpl              | 8 - org.apache.karaf.features.core - 4.0.0 |   mvn:io.dropwizard.metrics/metrics-healthchecks/3.1.0
2015-09-30 18:02:42,049 | INFO  | pool-28-thread-1 | FeaturesServiceImpl              | 8 - org.apache.karaf.features.core - 4.0.0 |   mvn:io.dropwizard.metrics/metrics-jersey2/3.1.0
2015-09-30 18:02:42,053 | INFO  | pool-28-thread-1 | FeaturesServiceImpl              | 8 - org.apache.karaf.features.core - 4.0.0 |   mvn:io.dropwizard.metrics/metrics-json/3.1.0
2015-09-30 18:02:42,054 | INFO  | pool-28-thread-1 | FeaturesServiceImpl              | 8 - org.apache.karaf.features.core - 4.0.0 |   mvn:io.dropwizard.metrics/metrics-jvm/3.1.0
2015-09-30 18:02:42,056 | INFO  | pool-28-thread-1 | FeaturesServiceImpl              | 8 - org.apache.karaf.features.core - 4.0.0 |   mvn:io.dropwizard.metrics/metrics-servlets/3.1.0
2015-09-30 18:02:42,058 | INFO  | pool-28-thread-1 | FeaturesServiceImpl              | 8 - org.apache.karaf.features.core - 4.0.0 |   mvn:io.netty/netty-buffer/4.0.29.Final
2015-09-30 18:02:42,062 | INFO  | pool-28-thread-1 | FeaturesServiceImpl              | 8 - org.apache.karaf.features.core - 4.0.0 |   mvn:io.netty/netty-codec/4.0.29.Final
2015-09-30 18:02:42,072 | INFO  | pool-28-thread-1 | FeaturesServiceImpl              | 8 - org.apache.karaf.features.core - 4.0.0 |   mvn:io.netty/netty-common/4.0.29.Final
2015-09-30 18:02:42,077 | INFO  | pool-28-thread-1 | FeaturesServiceImpl              | 8 - org.apache.karaf.features.core - 4.0.0 |   mvn:io.netty/netty-handler/4.0.29.Final
2015-09-30 18:02:42,081 | INFO  | pool-28-thread-1 | FeaturesServiceImpl              | 8 - org.apache.karaf.features.core - 4.0.0 |   mvn:io.netty/netty-transport/4.0.29.Final
2015-09-30 18:02:42,084 | INFO  | pool-28-thread-1 | FeaturesServiceImpl              | 8 - org.apache.karaf.features.core - 4.0.0 |   mvn:javax.jcr/jcr/2.0
2015-09-30 18:02:42,087 | INFO  | pool-28-thread-1 | FeaturesServiceImpl              | 8 - org.apache.karaf.features.core - 4.0.0 |   mvn:javax.mail/mail/1.4.4
2015-09-30 18:02:42,094 | INFO  | pool-28-thread-1 | FeaturesServiceImpl              | 8 - org.apache.karaf.features.core - 4.0.0 |   mvn:javax.security.jacc/javax.security.jacc-api/1.5
2015-09-30 18:02:42,096 | INFO  | pool-28-thread-1 | FeaturesServiceImpl              | 8 - org.apache.karaf.features.core - 4.0.0 |   mvn:javax.servlet/javax.servlet-api/3.1.0
2015-09-30 18:02:42,097 | INFO  | pool-28-thread-1 | FeaturesServiceImpl              | 8 - org.apache.karaf.features.core - 4.0.0 |   mvn:javax.validation/validation-api/1.1.0.Final
2015-09-30 18:02:42,099 | INFO  | pool-28-thread-1 | FeaturesServiceImpl              | 8 - org.apache.karaf.features.core - 4.0.0 |   mvn:javax.websocket/javax.websocket-api/1.1
2015-09-30 18:02:42,108 | INFO  | pool-28-thread-1 | FeaturesServiceImpl              | 8 - org.apache.karaf.features.core - 4.0.0 |   mvn:javax.ws.rs/javax.ws.rs-api/2.0.1
2015-09-30 18:02:42,111 | INFO  | pool-28-thread-1 | FeaturesServiceImpl              | 8 - org.apache.karaf.features.core - 4.0.0 |   mvn:joda-time/joda-time/1.6.2
2015-09-30 18:02:42,114 | INFO  | pool-28-thread-1 | FeaturesServiceImpl              | 8 - org.apache.karaf.features.core - 4.0.0 |   mvn:org.apache.aries.transaction/org.apache.aries.transaction.blueprint/1.0.2
2015-09-30 18:02:42,121 | INFO  | pool-28-thread-1 | FeaturesServiceImpl              | 8 - org.apache.karaf.features.core - 4.0.0 |   mvn:org.apache.aries.transaction/org.apache.aries.transaction.blueprint/1.0.2
2015-09-30 18:02:42,121 | INFO  | pool-28-thread-1 | FeaturesServiceImpl              | 8 - org.apache.karaf.features.core - 4.0.0 |   mvn:org.apache.aries.transaction/org.apache.aries.transaction.manager/1.0.1
2015-09-30 18:02:42,123 | INFO  | pool-28-thread-1 | FeaturesServiceImpl              | 8 - org.apache.karaf.features.core - 4.0.0 |   mvn:org.apache.aries.transaction/org.apache.aries.transaction.manager/1.1.1
2015-09-30 18:02:42,134 | INFO  | pool-28-thread-1 | FeaturesServiceImpl              | 8 - org.apache.karaf.features.core - 4.0.0 |   mvn:commons-codec/commons-codec/1.6
2015-09-30 18:02:42,138 | INFO  | pool-28-thread-1 | FeaturesServiceImpl              | 8 - org.apache.karaf.features.core - 4.0.0 |   mvn:commons-collections/commons-collections/3.2.1
2015-09-30 18:02:42,141 | INFO  | pool-28-thread-1 | FeaturesServiceImpl              | 8 - org.apache.karaf.features.core - 4.0.0 |   mvn:org.apache.commons/commons-csv/1.0
2015-09-30 18:02:42,144 | INFO  | pool-28-thread-1 | FeaturesServiceImpl              | 8 - org.apache.karaf.features.core - 4.0.0 |   mvn:commons-io/commons-io/2.4
2015-09-30 18:02:42,146 | INFO  | pool-28-thread-1 | FeaturesServiceImpl              | 8 - org.apache.karaf.features.core - 4.0.0 |   mvn:commons-lang/commons-lang/2.4
2015-09-30 18:02:42,149 | INFO  | pool-28-thread-1 | FeaturesServiceImpl              | 8 - org.apache.karaf.features.core - 4.0.0 |   mvn:org.apache.commons/commons-lang3/3.3.2
2015-09-30 18:02:42,154 | INFO  | pool-28-thread-1 | FeaturesServiceImpl              | 8 - org.apache.karaf.features.core - 4.0.0 |   mvn:org.apache.geronimo.specs/geronimo-jaspic_1.0_spec/1.1
2015-09-30 18:02:42,157 | INFO  | pool-28-thread-1 | FeaturesServiceImpl              | 8 - org.apache.karaf.features.core - 4.0.0 |   mvn:org.apache.httpcomponents/httpclient-osgi/4.3.3
2015-09-30 18:02:42,165 | INFO  | pool-28-thread-1 | FeaturesServiceImpl              | 8 - org.apache.karaf.features.core - 4.0.0 |   mvn:org.apache.httpcomponents/httpcore-osgi/4.3.2
2015-09-30 18:02:42,171 | INFO  | pool-28-thread-1 | FeaturesServiceImpl              | 8 - org.apache.karaf.features.core - 4.0.0 |   mvn:org.apache.jena/jena-osgi/2.13.0
2015-09-30 18:02:42,201 | INFO  | pool-28-thread-1 | FeaturesServiceImpl              | 8 - org.apache.karaf.features.core - 4.0.0 |   mvn:org.apache.karaf.deployer/org.apache.karaf.deployer.spring/4.0.0
2015-09-30 18:02:42,203 | INFO  | pool-28-thread-1 | FeaturesServiceImpl              | 8 - org.apache.karaf.features.core - 4.0.0 |   mvn:org.apache.karaf.http/org.apache.karaf.http.core/4.0.0
2015-09-30 18:02:42,206 | INFO  | pool-28-thread-1 | FeaturesServiceImpl              | 8 - org.apache.karaf.features.core - 4.0.0 |   mvn:org.apache.servicemix.bundles/org.apache.servicemix.bundles.spring-aop/3.2.11.RELEASE_1
2015-09-30 18:02:42,213 | INFO  | pool-28-thread-1 | FeaturesServiceImpl              | 8 - org.apache.karaf.features.core - 4.0.0 |   mvn:org.apache.servicemix.bundles/org.apache.servicemix.bundles.spring-aop/4.0.7.RELEASE_1
2015-09-30 18:02:42,217 | INFO  | pool-28-thread-1 | FeaturesServiceImpl              | 8 - org.apache.karaf.features.core - 4.0.0 |   mvn:org.apache.servicemix.bundles/org.apache.servicemix.bundles.spring-aop/4.1.6.RELEASE_1
2015-09-30 18:02:42,220 | INFO  | pool-28-thread-1 | FeaturesServiceImpl              | 8 - org.apache.karaf.features.core - 4.0.0 |   mvn:org.apache.servicemix.bundles/org.apache.servicemix.bundles.spring-beans/3.2.11.RELEASE_1
2015-09-30 18:02:42,229 | INFO  | pool-28-thread-1 | FeaturesServiceImpl              | 8 - org.apache.karaf.features.core - 4.0.0 |   mvn:org.apache.servicemix.bundles/org.apache.servicemix.bundles.spring-beans/4.0.7.RELEASE_1
2015-09-30 18:02:42,236 | INFO  | pool-28-thread-1 | FeaturesServiceImpl              | 8 - org.apache.karaf.features.core - 4.0.0 |   mvn:org.apache.servicemix.bundles/org.apache.servicemix.bundles.spring-beans/4.1.6.RELEASE_1
2015-09-30 18:02:42,242 | INFO  | pool-28-thread-1 | FeaturesServiceImpl              | 8 - org.apache.karaf.features.core - 4.0.0 |   mvn:org.apache.servicemix.bundles/org.apache.servicemix.bundles.spring-context/3.2.11.RELEASE_1
2015-09-30 18:02:42,250 | INFO  | pool-28-thread-1 | FeaturesServiceImpl              | 8 - org.apache.karaf.features.core - 4.0.0 |   mvn:org.apache.servicemix.bundles/org.apache.servicemix.bundles.spring-context/4.0.7.RELEASE_1
2015-09-30 18:02:42,257 | INFO  | pool-28-thread-1 | FeaturesServiceImpl              | 8 - org.apache.karaf.features.core - 4.0.0 |   mvn:org.apache.servicemix.bundles/org.apache.servicemix.bundles.spring-context/4.1.6.RELEASE_1
2015-09-30 18:02:42,264 | INFO  | pool-28-thread-1 | FeaturesServiceImpl              | 8 - org.apache.karaf.features.core - 4.0.0 |   mvn:org.apache.servicemix.bundles/org.apache.servicemix.bundles.spring-context-support/3.2.11.RELEASE_1
2015-09-30 18:02:42,270 | INFO  | pool-28-thread-1 | FeaturesServiceImpl              | 8 - org.apache.karaf.features.core - 4.0.0 |   mvn:org.apache.servicemix.bundles/org.apache.servicemix.bundles.spring-context-support/4.0.7.RELEASE_1
2015-09-30 18:02:42,273 | INFO  | pool-28-thread-1 | FeaturesServiceImpl              | 8 - org.apache.karaf.features.core - 4.0.0 |   mvn:org.apache.servicemix.bundles/org.apache.servicemix.bundles.spring-context-support/4.1.6.RELEASE_1
2015-09-30 18:02:42,276 | INFO  | pool-28-thread-1 | FeaturesServiceImpl              | 8 - org.apache.karaf.features.core - 4.0.0 |   mvn:org.apache.servicemix.bundles/org.apache.servicemix.bundles.spring-core/3.2.11.RELEASE_1
2015-09-30 18:02:42,283 | INFO  | pool-28-thread-1 | FeaturesServiceImpl              | 8 - org.apache.karaf.features.core - 4.0.0 |   mvn:org.apache.servicemix.bundles/org.apache.servicemix.bundles.spring-core/4.0.7.RELEASE_1
2015-09-30 18:02:42,287 | INFO  | pool-28-thread-1 | FeaturesServiceImpl              | 8 - org.apache.karaf.features.core - 4.0.0 |   mvn:org.apache.servicemix.bundles/org.apache.servicemix.bundles.spring-core/4.1.6.RELEASE_1
2015-09-30 18:02:42,293 | INFO  | pool-28-thread-1 | FeaturesServiceImpl              | 8 - org.apache.karaf.features.core - 4.0.0 |   mvn:org.apache.servicemix.bundles/org.apache.servicemix.bundles.spring-expression/3.2.11.RELEASE_1
2015-09-30 18:02:42,298 | INFO  | pool-28-thread-1 | FeaturesServiceImpl              | 8 - org.apache.karaf.features.core - 4.0.0 |   mvn:org.apache.servicemix.bundles/org.apache.servicemix.bundles.spring-expression/4.0.7.RELEASE_1
2015-09-30 18:02:42,300 | INFO  | pool-28-thread-1 | FeaturesServiceImpl              | 8 - org.apache.karaf.features.core - 4.0.0 |   mvn:org.apache.servicemix.bundles/org.apache.servicemix.bundles.spring-expression/4.1.6.RELEASE_1
2015-09-30 18:02:42,304 | INFO  | pool-28-thread-1 | FeaturesServiceImpl              | 8 - org.apache.karaf.features.core - 4.0.0 |   mvn:org.apache.servicemix.bundles/org.apache.servicemix.bundles.spring-web/4.1.6.RELEASE_1
2015-09-30 18:02:42,311 | INFO  | pool-28-thread-1 | FeaturesServiceImpl              | 8 - org.apache.karaf.features.core - 4.0.0 |   mvn:org.apache.servicemix.bundles/org.apache.servicemix.bundles.spring-webmvc/4.1.6.RELEASE_1
2015-09-30 18:02:42,320 | INFO  | pool-28-thread-1 | FeaturesServiceImpl              | 8 - org.apache.karaf.features.core - 4.0.0 |   mvn:org.apache.thrift/libthrift/0.9.2
2015-09-30 18:02:42,322 | INFO  | pool-28-thread-1 | FeaturesServiceImpl              | 8 - org.apache.karaf.features.core - 4.0.0 |   mvn:org.apache.tika/tika-core/1.6
2015-09-30 18:02:42,324 | INFO  | pool-28-thread-1 | FeaturesServiceImpl              | 8 - org.apache.karaf.features.core - 4.0.0 |   mvn:org.apache.velocity/velocity/1.7
2015-09-30 18:02:42,327 | INFO  | pool-28-thread-1 | FeaturesServiceImpl              | 8 - org.apache.karaf.features.core - 4.0.0 |   mvn:org.apache.xbean/xbean-bundleutils/4.1
2015-09-30 18:02:42,329 | INFO  | pool-28-thread-1 | FeaturesServiceImpl              | 8 - org.apache.karaf.features.core - 4.0.0 |   mvn:org.apache.xbean/xbean-finder/4.1
2015-09-30 18:02:42,332 | INFO  | pool-28-thread-1 | FeaturesServiceImpl              | 8 - org.apache.karaf.features.core - 4.0.0 |   mvn:org.eclipse.jetty/jetty-client/9.2.10.v20150310
2015-09-30 18:02:42,334 | INFO  | pool-28-thread-1 | FeaturesServiceImpl              | 8 - org.apache.karaf.features.core - 4.0.0 |   mvn:org.eclipse.jetty/jetty-continuation/9.2.10.v20150310
2015-09-30 18:02:42,336 | INFO  | pool-28-thread-1 | FeaturesServiceImpl              | 8 - org.apache.karaf.features.core - 4.0.0 |   mvn:org.eclipse.jetty/jetty-http/9.2.10.v20150310
2015-09-30 18:02:42,338 | INFO  | pool-28-thread-1 | FeaturesServiceImpl              | 8 - org.apache.karaf.features.core - 4.0.0 |   mvn:org.eclipse.jetty/jetty-io/9.2.10.v20150310
2015-09-30 18:02:42,340 | INFO  | pool-28-thread-1 | FeaturesServiceImpl              | 8 - org.apache.karaf.features.core - 4.0.0 |   mvn:org.eclipse.jetty/jetty-jaas/9.2.10.v20150310
2015-09-30 18:02:42,343 | INFO  | pool-28-thread-1 | FeaturesServiceImpl              | 8 - org.apache.karaf.features.core - 4.0.0 |   mvn:org.eclipse.jetty/jetty-jaspi/9.2.10.v20150310
2015-09-30 18:02:42,345 | INFO  | pool-28-thread-1 | FeaturesServiceImpl              | 8 - org.apache.karaf.features.core - 4.0.0 |   mvn:org.eclipse.jetty/jetty-jmx/9.2.10.v20150310
2015-09-30 18:02:42,347 | INFO  | pool-28-thread-1 | FeaturesServiceImpl              | 8 - org.apache.karaf.features.core - 4.0.0 |   mvn:org.eclipse.jetty/jetty-jndi/9.2.10.v20150310
2015-09-30 18:02:42,349 | INFO  | pool-28-thread-1 | FeaturesServiceImpl              | 8 - org.apache.karaf.features.core - 4.0.0 |   mvn:org.eclipse.jetty/jetty-plus/9.2.10.v20150310
2015-09-30 18:02:42,351 | INFO  | pool-28-thread-1 | FeaturesServiceImpl              | 8 - org.apache.karaf.features.core - 4.0.0 |   mvn:org.eclipse.jetty/jetty-rewrite/9.2.10.v20150310
2015-09-30 18:02:42,352 | INFO  | pool-28-thread-1 | FeaturesServiceImpl              | 8 - org.apache.karaf.features.core - 4.0.0 |   mvn:org.eclipse.jetty/jetty-security/9.2.10.v20150310
2015-09-30 18:02:42,354 | INFO  | pool-28-thread-1 | FeaturesServiceImpl              | 8 - org.apache.karaf.features.core - 4.0.0 |   mvn:org.eclipse.jetty/jetty-server/9.2.10.v20150310
2015-09-30 18:02:42,357 | INFO  | pool-28-thread-1 | FeaturesServiceImpl              | 8 - org.apache.karaf.features.core - 4.0.0 |   mvn:org.eclipse.jetty/jetty-servlet/9.2.10.v20150310
2015-09-30 18:02:42,360 | INFO  | pool-28-thread-1 | FeaturesServiceImpl              | 8 - org.apache.karaf.features.core - 4.0.0 |   mvn:org.eclipse.jetty/jetty-servlets/9.2.10.v20150310
2015-09-30 18:02:42,362 | INFO  | pool-28-thread-1 | FeaturesServiceImpl              | 8 - org.apache.karaf.features.core - 4.0.0 |   mvn:org.eclipse.jetty/jetty-util/9.2.10.v20150310
2015-09-30 18:02:42,365 | INFO  | pool-28-thread-1 | FeaturesServiceImpl              | 8 - org.apache.karaf.features.core - 4.0.0 |   mvn:org.eclipse.jetty/jetty-util-ajax/9.2.10.v20150310
2015-09-30 18:02:42,367 | INFO  | pool-28-thread-1 | FeaturesServiceImpl              | 8 - org.apache.karaf.features.core - 4.0.0 |   mvn:org.eclipse.jetty/jetty-webapp/9.2.10.v20150310
2015-09-30 18:02:42,370 | INFO  | pool-28-thread-1 | FeaturesServiceImpl              | 8 - org.apache.karaf.features.core - 4.0.0 |   mvn:org.eclipse.jetty.websocket/websocket-api/9.2.10.v20150310
2015-09-30 18:02:42,372 | INFO  | pool-28-thread-1 | FeaturesServiceImpl              | 8 - org.apache.karaf.features.core - 4.0.0 |   mvn:org.eclipse.jetty.websocket/websocket-client/9.2.10.v20150310
2015-09-30 18:02:42,374 | INFO  | pool-28-thread-1 | FeaturesServiceImpl              | 8 - org.apache.karaf.features.core - 4.0.0 |   mvn:org.eclipse.jetty.websocket/websocket-common/9.2.10.v20150310
2015-09-30 18:02:42,376 | INFO  | pool-28-thread-1 | FeaturesServiceImpl              | 8 - org.apache.karaf.features.core - 4.0.0 |   mvn:org.eclipse.jetty.websocket/javax-websocket-client-impl/9.2.10.v20150310
2015-09-30 18:02:42,378 | INFO  | pool-28-thread-1 | FeaturesServiceImpl              | 8 - org.apache.karaf.features.core - 4.0.0 |   mvn:org.eclipse.jetty.websocket/javax-websocket-server-impl/9.2.10.v20150310
2015-09-30 18:02:42,382 | INFO  | pool-28-thread-1 | FeaturesServiceImpl              | 8 - org.apache.karaf.features.core - 4.0.0 |   mvn:org.eclipse.jetty.websocket/websocket-server/9.2.10.v20150310
2015-09-30 18:02:42,384 | INFO  | pool-28-thread-1 | FeaturesServiceImpl              | 8 - org.apache.karaf.features.core - 4.0.0 |   mvn:org.eclipse.jetty.websocket/websocket-servlet/9.2.10.v20150310
2015-09-30 18:02:42,386 | INFO  | pool-28-thread-1 | FeaturesServiceImpl              | 8 - org.apache.karaf.features.core - 4.0.0 |   mvn:org.eclipse.jetty/jetty-xml/9.2.10.v20150310
2015-09-30 18:02:42,387 | INFO  | pool-28-thread-1 | FeaturesServiceImpl              | 8 - org.apache.karaf.features.core - 4.0.0 |   mvn:org.fcrepo/fcrepo-http-api/4.3.1-SNAPSHOT
2015-09-30 18:02:42,389 | INFO  | pool-28-thread-1 | FeaturesServiceImpl              | 8 - org.apache.karaf.features.core - 4.0.0 |   mvn:org.fcrepo/fcrepo-http-commons/4.3.1-SNAPSHOT
2015-09-30 18:02:42,391 | INFO  | pool-28-thread-1 | FeaturesServiceImpl              | 8 - org.apache.karaf.features.core - 4.0.0 |   mvn:org.fcrepo/fcrepo-kernel-api/4.3.1-SNAPSHOT
2015-09-30 18:02:42,394 | INFO  | pool-28-thread-1 | FeaturesServiceImpl              | 8 - org.apache.karaf.features.core - 4.0.0 |   mvn:org.fcrepo/fcrepo-kernel-modeshape/4.3.1-SNAPSHOT
2015-09-30 18:02:42,396 | INFO  | pool-28-thread-1 | FeaturesServiceImpl              | 8 - org.apache.karaf.features.core - 4.0.0 |   mvn:org.fcrepo/fcrepo-metrics/4.3.1-SNAPSHOT
2015-09-30 18:02:42,398 | INFO  | pool-28-thread-1 | FeaturesServiceImpl              | 8 - org.apache.karaf.features.core - 4.0.0 |   mvn:org.fcrepo/fcrepo-mint/4.3.1-SNAPSHOT
2015-09-30 18:02:42,399 | INFO  | pool-28-thread-1 | FeaturesServiceImpl              | 8 - org.apache.karaf.features.core - 4.0.0 |   mvn:org.fcrepo/fcrepo-serialization/4.3.1-SNAPSHOT
2015-09-30 18:02:42,402 | INFO  | pool-28-thread-1 | FeaturesServiceImpl              | 8 - org.apache.karaf.features.core - 4.0.0 |   mvn:org.glassfish.hk2/hk2-api/2.3.0
2015-09-30 18:02:42,405 | INFO  | pool-28-thread-1 | FeaturesServiceImpl              | 8 - org.apache.karaf.features.core - 4.0.0 |   mvn:org.glassfish.hk2.external/aopalliance-repackaged/2.3.0
2015-09-30 18:02:42,407 | INFO  | pool-28-thread-1 | FeaturesServiceImpl              | 8 - org.apache.karaf.features.core - 4.0.0 |   mvn:org.glassfish.hk2.external/javax.inject/2.3.0
2015-09-30 18:02:42,409 | INFO  | pool-28-thread-1 | FeaturesServiceImpl              | 8 - org.apache.karaf.features.core - 4.0.0 |   mvn:org.glassfish.hk2/osgi-resource-locator/1.0.1
2015-09-30 18:02:42,411 | INFO  | pool-28-thread-1 | FeaturesServiceImpl              | 8 - org.apache.karaf.features.core - 4.0.0 |   mvn:org.glassfish.hk2/hk2-utils/2.3.0
2015-09-30 18:02:42,413 | INFO  | pool-28-thread-1 | FeaturesServiceImpl              | 8 - org.apache.karaf.features.core - 4.0.0 |   mvn:org.glassfish.jersey.bundles.repackaged/jersey-guava/2.13
2015-09-30 18:02:42,417 | INFO  | pool-28-thread-1 | FeaturesServiceImpl              | 8 - org.apache.karaf.features.core - 4.0.0 |   mvn:org.glassfish.jersey.core/jersey-client/2.13
2015-09-30 18:02:42,419 | INFO  | pool-28-thread-1 | FeaturesServiceImpl              | 8 - org.apache.karaf.features.core - 4.0.0 |   mvn:org.glassfish.jersey.core/jersey-common/2.13
2015-09-30 18:02:42,423 | INFO  | pool-28-thread-1 | FeaturesServiceImpl              | 8 - org.apache.karaf.features.core - 4.0.0 |   mvn:org.glassfish.jersey.core/jersey-server/2.13
2015-09-30 18:02:42,428 | INFO  | pool-28-thread-1 | FeaturesServiceImpl              | 8 - org.apache.karaf.features.core - 4.0.0 |   mvn:org.glassfish.jersey.media/jersey-media-json-jackson/2.13
2015-09-30 18:02:42,430 | INFO  | pool-28-thread-1 | FeaturesServiceImpl              | 8 - org.apache.karaf.features.core - 4.0.0 |   mvn:org.glassfish.jersey.media/jersey-media-multipart/2.13
2015-09-30 18:02:42,431 | INFO  | pool-28-thread-1 | FeaturesServiceImpl              | 8 - org.apache.karaf.features.core - 4.0.0 |   mvn:org.infinispan/infinispan-commons/6.0.2.Final
2015-09-30 18:02:42,434 | INFO  | pool-28-thread-1 | FeaturesServiceImpl              | 8 - org.apache.karaf.features.core - 4.0.0 |   mvn:org.infinispan/infinispan-core/6.0.2.Final
2015-09-30 18:02:42,441 | INFO  | pool-28-thread-1 | FeaturesServiceImpl              | 8 - org.apache.karaf.features.core - 4.0.0 |   mvn:org.jboss.logging/jboss-logging/3.1.3.GA
2015-09-30 18:02:42,443 | INFO  | pool-28-thread-1 | FeaturesServiceImpl              | 8 - org.apache.karaf.features.core - 4.0.0 |   mvn:org.jgroups/jgroups/3.5.0.Final
2015-09-30 18:02:42,449 | INFO  | pool-28-thread-1 | FeaturesServiceImpl              | 8 - org.apache.karaf.features.core - 4.0.0 |   mvn:org.jvnet.mimepull/mimepull/1.9.3
2015-09-30 18:02:42,451 | INFO  | pool-28-thread-1 | FeaturesServiceImpl              | 8 - org.apache.karaf.features.core - 4.0.0 |   mvn:org.mapdb/mapdb/1.0.6
2015-09-30 18:02:42,453 | INFO  | pool-28-thread-1 | FeaturesServiceImpl              | 8 - org.apache.karaf.features.core - 4.0.0 |   mvn:org.modeshape/modeshape-common/4.2.0.Final
2015-09-30 18:02:42,456 | INFO  | pool-28-thread-1 | FeaturesServiceImpl              | 8 - org.apache.karaf.features.core - 4.0.0 |   mvn:org.modeshape/modeshape-jcr/4.2.0.Final
2015-09-30 18:02:42,463 | INFO  | pool-28-thread-1 | FeaturesServiceImpl              | 8 - org.apache.karaf.features.core - 4.0.0 |   mvn:org.modeshape/modeshape-jcr-api/4.2.0.Final
2015-09-30 18:02:42,465 | INFO  | pool-28-thread-1 | FeaturesServiceImpl              | 8 - org.apache.karaf.features.core - 4.0.0 |   mvn:org.modeshape/modeshape-schematic/4.2.0.Final
2015-09-30 18:02:42,468 | INFO  | pool-28-thread-1 | FeaturesServiceImpl              | 8 - org.apache.karaf.features.core - 4.0.0 |   mvn:org.mongodb/mongo-java-driver/3.0.0
2015-09-30 18:02:42,473 | INFO  | pool-28-thread-1 | FeaturesServiceImpl              | 8 - org.apache.karaf.features.core - 4.0.0 |   mvn:org.ops4j.pax.web/pax-web-api/4.1.4
2015-09-30 18:02:42,475 | INFO  | pool-28-thread-1 | FeaturesServiceImpl              | 8 - org.apache.karaf.features.core - 4.0.0 |   mvn:org.ops4j.pax.web/pax-web-jetty/4.1.4
2015-09-30 18:02:42,478 | INFO  | pool-28-thread-1 | FeaturesServiceImpl              | 8 - org.apache.karaf.features.core - 4.0.0 |   mvn:org.ops4j.pax.web/pax-web-runtime/4.1.4
2015-09-30 18:02:42,480 | INFO  | pool-28-thread-1 | FeaturesServiceImpl              | 8 - org.apache.karaf.features.core - 4.0.0 |   mvn:org.ops4j.pax.web/pax-web-spi/4.1.4
2015-09-30 18:02:42,482 | INFO  | pool-28-thread-1 | FeaturesServiceImpl              | 8 - org.apache.karaf.features.core - 4.0.0 |   mvn:org.springframework/spring-aop/3.1.4.RELEASE
2015-09-30 18:02:42,486 | INFO  | pool-28-thread-1 | FeaturesServiceImpl              | 8 - org.apache.karaf.features.core - 4.0.0 |   mvn:org.springframework/spring-asm/3.1.4.RELEASE
2015-09-30 18:02:42,489 | INFO  | pool-28-thread-1 | FeaturesServiceImpl              | 8 - org.apache.karaf.features.core - 4.0.0 |   mvn:org.springframework/spring-beans/3.1.4.RELEASE
2015-09-30 18:02:42,493 | INFO  | pool-28-thread-1 | FeaturesServiceImpl              | 8 - org.apache.karaf.features.core - 4.0.0 |   mvn:org.springframework/spring-context/3.1.4.RELEASE
2015-09-30 18:02:42,500 | INFO  | pool-28-thread-1 | FeaturesServiceImpl              | 8 - org.apache.karaf.features.core - 4.0.0 |   mvn:org.springframework/spring-context-support/3.1.4.RELEASE
2015-09-30 18:02:42,502 | INFO  | pool-28-thread-1 | FeaturesServiceImpl              | 8 - org.apache.karaf.features.core - 4.0.0 |   mvn:org.springframework/spring-core/3.1.4.RELEASE
2015-09-30 18:02:42,508 | INFO  | pool-28-thread-1 | FeaturesServiceImpl              | 8 - org.apache.karaf.features.core - 4.0.0 |   mvn:org.springframework/spring-expression/3.1.4.RELEASE
2015-09-30 18:02:42,511 | INFO  | pool-28-thread-1 | FeaturesServiceImpl              | 8 - org.apache.karaf.features.core - 4.0.0 |   wrap:mvn:org.apache.velocity/velocity-tools/2.0
2015-09-30 18:02:42,513 | INFO  | pool-28-thread-1 | FeaturesServiceImpl              | 8 - org.apache.karaf.features.core - 4.0.0 |   wrap:mvn:org.jboss.marshalling/jboss-marshalling/1.4.10.Final
2015-09-30 18:02:42,515 | INFO  | pool-28-thread-1 | FeaturesServiceImpl              | 8 - org.apache.karaf.features.core - 4.0.0 |   wrap:mvn:org.openrdf.sesame/sesame-model/2.7.13
2015-09-30 18:02:42,516 | INFO  | pool-28-thread-1 | FeaturesServiceImpl              | 8 - org.apache.karaf.features.core - 4.0.0 |   wrap:mvn:org.openrdf.sesame/sesame-rio-api/2.7.13
2015-09-30 18:02:42,518 | INFO  | pool-28-thread-1 | FeaturesServiceImpl              | 8 - org.apache.karaf.features.core - 4.0.0 |   wrap:mvn:org.openrdf.sesame/sesame-util/2.7.13
2015-09-30 18:02:42,918 | INFO  | pool-28-thread-1 | FeaturesServiceImpl              | 8 - org.apache.karaf.features.core - 4.0.0 | Starting bundles:
2015-09-30 18:02:42,919 | INFO  | pool-28-thread-1 | FeaturesServiceImpl              | 8 - org.apache.karaf.features.core - 4.0.0 |   org.apache.xbean.bundleutils / 4.1.0
2015-09-30 18:02:42,920 | INFO  | pool-28-thread-1 | FeaturesServiceImpl              | 8 - org.apache.karaf.features.core - 4.0.0 |   org.apache.xbean.finder / 4.1.0
2015-09-30 18:02:42,945 | INFO  | pool-28-thread-1 | FeaturesServiceImpl              | 8 - org.apache.karaf.features.core - 4.0.0 |   org.apache.servicemix.bundles.spring-core / 3.2.11.RELEASE_1
2015-09-30 18:02:42,946 | INFO  | pool-28-thread-1 | FeaturesServiceImpl              | 8 - org.apache.karaf.features.core - 4.0.0 |   org.apache.servicemix.bundles.spring-beans / 3.2.11.RELEASE_1
2015-09-30 18:02:42,946 | INFO  | pool-28-thread-1 | FeaturesServiceImpl              | 8 - org.apache.karaf.features.core - 4.0.0 |   org.apache.servicemix.bundles.spring-core / 4.1.6.RELEASE_1
2015-09-30 18:02:42,947 | INFO  | pool-28-thread-1 | FeaturesServiceImpl              | 8 - org.apache.karaf.features.core - 4.0.0 |   org.apache.servicemix.bundles.spring-beans / 4.1.6.RELEASE_1
2015-09-30 18:02:42,947 | INFO  | pool-28-thread-1 | FeaturesServiceImpl              | 8 - org.apache.karaf.features.core - 4.0.0 |   org.apache.servicemix.bundles.spring-aop / 4.1.6.RELEASE_1
2015-09-30 18:02:42,947 | INFO  | pool-28-thread-1 | FeaturesServiceImpl              | 8 - org.apache.karaf.features.core - 4.0.0 |   org.springframework.asm / 3.1.4.RELEASE
2015-09-30 18:02:42,948 | INFO  | pool-28-thread-1 | FeaturesServiceImpl              | 8 - org.apache.karaf.features.core - 4.0.0 |   org.springframework.core / 3.1.4.RELEASE
2015-09-30 18:02:42,948 | INFO  | pool-28-thread-1 | FeaturesServiceImpl              | 8 - org.apache.karaf.features.core - 4.0.0 |   org.springframework.beans / 3.1.4.RELEASE
2015-09-30 18:02:42,948 | INFO  | pool-28-thread-1 | FeaturesServiceImpl              | 8 - org.apache.karaf.features.core - 4.0.0 |   org.apache.servicemix.bundles.spring-aop / 3.2.11.RELEASE_1
2015-09-30 18:02:42,949 | INFO  | pool-28-thread-1 | FeaturesServiceImpl              | 8 - org.apache.karaf.features.core - 4.0.0 |   org.apache.servicemix.bundles.spring-expression / 3.2.11.RELEASE_1
2015-09-30 18:02:42,949 | INFO  | pool-28-thread-1 | FeaturesServiceImpl              | 8 - org.apache.karaf.features.core - 4.0.0 |   org.apache.servicemix.bundles.spring-context / 3.2.11.RELEASE_1
2015-09-30 18:02:42,950 | INFO  | pool-28-thread-1 | FeaturesServiceImpl              | 8 - org.apache.karaf.features.core - 4.0.0 |   org.apache.servicemix.bundles.spring-expression / 4.1.6.RELEASE_1
2015-09-30 18:02:42,950 | INFO  | pool-28-thread-1 | FeaturesServiceImpl              | 8 - org.apache.karaf.features.core - 4.0.0 |   org.apache.servicemix.bundles.spring-context / 4.1.6.RELEASE_1
2015-09-30 18:02:42,950 | INFO  | pool-28-thread-1 | FeaturesServiceImpl              | 8 - org.apache.karaf.features.core - 4.0.0 |   org.apache.servicemix.bundles.spring-core / 4.0.7.RELEASE_1
2015-09-30 18:02:42,951 | INFO  | pool-28-thread-1 | FeaturesServiceImpl              | 8 - org.apache.karaf.features.core - 4.0.0 |   org.apache.servicemix.bundles.spring-beans / 4.0.7.RELEASE_1
2015-09-30 18:02:42,951 | INFO  | pool-28-thread-1 | FeaturesServiceImpl              | 8 - org.apache.karaf.features.core - 4.0.0 |   org.apache.servicemix.bundles.spring-aop / 4.0.7.RELEASE_1
2015-09-30 18:02:42,952 | INFO  | pool-28-thread-1 | FeaturesServiceImpl              | 8 - org.apache.karaf.features.core - 4.0.0 |   org.apache.servicemix.bundles.spring-expression / 4.0.7.RELEASE_1
2015-09-30 18:02:42,952 | INFO  | pool-28-thread-1 | FeaturesServiceImpl              | 8 - org.apache.karaf.features.core - 4.0.0 |   org.apache.servicemix.bundles.spring-context / 4.0.7.RELEASE_1
2015-09-30 18:02:42,953 | INFO  | pool-28-thread-1 | FeaturesServiceImpl              | 8 - org.apache.karaf.features.core - 4.0.0 |   javax.servlet-api / 3.1.0
2015-09-30 18:02:42,953 | INFO  | pool-28-thread-1 | FeaturesServiceImpl              | 8 - org.apache.karaf.features.core - 4.0.0 |   org.eclipse.jetty.util / 9.2.10.v20150310
2015-09-30 18:02:42,953 | INFO  | pool-28-thread-1 | FeaturesServiceImpl              | 8 - org.apache.karaf.features.core - 4.0.0 |   org.eclipse.jetty.io / 9.2.10.v20150310
2015-09-30 18:02:42,954 | INFO  | pool-28-thread-1 | FeaturesServiceImpl              | 8 - org.apache.karaf.features.core - 4.0.0 |   org.eclipse.jetty.websocket.api / 9.2.10.v20150310
2015-09-30 18:02:42,954 | INFO  | pool-28-thread-1 | FeaturesServiceImpl              | 8 - org.apache.karaf.features.core - 4.0.0 |   org.eclipse.jetty.websocket.common / 9.2.10.v20150310
2015-09-30 18:02:42,954 | INFO  | pool-28-thread-1 | FeaturesServiceImpl              | 8 - org.apache.karaf.features.core - 4.0.0 |   org.eclipse.jetty.websocket.client / 9.2.10.v20150310
2015-09-30 18:02:42,954 | INFO  | pool-28-thread-1 | FeaturesServiceImpl              | 8 - org.apache.karaf.features.core - 4.0.0 |   org.apache.aries.transaction.manager / 1.0.1
2015-09-30 18:02:42,969 | INFO  | pool-28-thread-1 | FeaturesServiceImpl              | 8 - org.apache.karaf.features.core - 4.0.0 |   org.apache.aries.transaction.manager / 1.1.1
2015-09-30 18:02:42,987 | INFO  | pool-28-thread-1 | FeaturesServiceImpl              | 8 - org.apache.karaf.features.core - 4.0.0 |   org.apache.servicemix.bundles.spring-web / 4.1.6.RELEASE_1
2015-09-30 18:02:42,988 | INFO  | pool-28-thread-1 | FeaturesServiceImpl              | 8 - org.apache.karaf.features.core - 4.0.0 |   org.springframework.aop / 3.1.4.RELEASE
2015-09-30 18:02:42,988 | INFO  | pool-28-thread-1 | FeaturesServiceImpl              | 8 - org.apache.karaf.features.core - 4.0.0 |   org.springframework.expression / 3.1.4.RELEASE
2015-09-30 18:02:42,988 | INFO  | pool-28-thread-1 | FeaturesServiceImpl              | 8 - org.apache.karaf.features.core - 4.0.0 |   org.springframework.context / 3.1.4.RELEASE
2015-09-30 18:02:42,989 | INFO  | pool-28-thread-1 | FeaturesServiceImpl              | 8 - org.apache.karaf.features.core - 4.0.0 |   javax.websocket-api / 1.1.0
2015-09-30 18:02:42,989 | INFO  | pool-28-thread-1 | FeaturesServiceImpl              | 8 - org.apache.karaf.features.core - 4.0.0 |   org.eclipse.jetty.websocket.javax.websocket / 9.2.10.v20150310
2015-09-30 18:02:42,990 | INFO  | pool-28-thread-1 | FeaturesServiceImpl              | 8 - org.apache.karaf.features.core - 4.0.0 |   org.apache.servicemix.bundles.spring-context-support / 3.2.11.RELEASE_1
2015-09-30 18:02:42,990 | INFO  | pool-28-thread-1 | FeaturesServiceImpl              | 8 - org.apache.karaf.features.core - 4.0.0 |   org.apache.servicemix.bundles.spring-context-support / 4.0.7.RELEASE_1
2015-09-30 18:02:42,990 | INFO  | pool-28-thread-1 | FeaturesServiceImpl              | 8 - org.apache.karaf.features.core - 4.0.0 |   org.eclipse.jetty.http / 9.2.10.v20150310
2015-09-30 18:02:42,991 | INFO  | pool-28-thread-1 | FeaturesServiceImpl              | 8 - org.apache.karaf.features.core - 4.0.0 |   org.eclipse.jetty.jmx / 9.2.10.v20150310
2015-09-30 18:02:42,991 | INFO  | pool-28-thread-1 | FeaturesServiceImpl              | 8 - org.apache.karaf.features.core - 4.0.0 |   org.eclipse.jetty.server / 9.2.10.v20150310
2015-09-30 18:02:42,991 | INFO  | pool-28-thread-1 | FeaturesServiceImpl              | 8 - org.apache.karaf.features.core - 4.0.0 |   org.eclipse.jetty.security / 9.2.10.v20150310
2015-09-30 18:02:42,992 | INFO  | pool-28-thread-1 | FeaturesServiceImpl              | 8 - org.apache.karaf.features.core - 4.0.0 |   org.eclipse.jetty.servlet / 9.2.10.v20150310
2015-09-30 18:02:42,992 | INFO  | pool-28-thread-1 | FeaturesServiceImpl              | 8 - org.apache.karaf.features.core - 4.0.0 |   org.eclipse.jetty.jndi / 9.2.10.v20150310
2015-09-30 18:02:42,992 | INFO  | pool-28-thread-1 | FeaturesServiceImpl              | 8 - org.apache.karaf.features.core - 4.0.0 |   org.apache.servicemix.bundles.spring-context-support / 4.1.6.RELEASE_1
2015-09-30 18:02:42,993 | INFO  | pool-28-thread-1 | FeaturesServiceImpl              | 8 - org.apache.karaf.features.core - 4.0.0 |   org.apache.servicemix.bundles.spring-webmvc / 4.1.6.RELEASE_1
2015-09-30 18:02:42,993 | INFO  | pool-28-thread-1 | FeaturesServiceImpl              | 8 - org.apache.karaf.features.core - 4.0.0 |   org.ops4j.pax.web.pax-web-api / 4.1.4
2015-09-30 18:02:42,993 | INFO  | pool-28-thread-1 | FeaturesServiceImpl              | 8 - org.apache.karaf.features.core - 4.0.0 |   org.ops4j.pax.web.pax-web-spi / 4.1.4
2015-09-30 18:02:42,994 | INFO  | pool-28-thread-1 | FeaturesServiceImpl              | 8 - org.apache.karaf.features.core - 4.0.0 |   org.eclipse.jetty.xml / 9.2.10.v20150310
2015-09-30 18:02:42,994 | INFO  | pool-28-thread-1 | FeaturesServiceImpl              | 8 - org.apache.karaf.features.core - 4.0.0 |   org.eclipse.jetty.websocket.servlet / 9.2.10.v20150310
2015-09-30 18:02:42,994 | INFO  | pool-28-thread-1 | FeaturesServiceImpl              | 8 - org.apache.karaf.features.core - 4.0.0 |   org.eclipse.jetty.websocket.server / 9.2.10.v20150310
2015-09-30 18:02:42,995 | INFO  | pool-28-thread-1 | FeaturesServiceImpl              | 8 - org.apache.karaf.features.core - 4.0.0 |   org.eclipse.jetty.websocket.javax.websocket.server / 9.2.10.v20150310
2015-09-30 18:02:42,995 | INFO  | pool-28-thread-1 | FeaturesServiceImpl              | 8 - org.apache.karaf.features.core - 4.0.0 |   org.eclipse.jetty.jaas / 9.2.10.v20150310
2015-09-30 18:02:42,995 | INFO  | pool-28-thread-1 | FeaturesServiceImpl              | 8 - org.apache.karaf.features.core - 4.0.0 |   org.eclipse.jetty.webapp / 9.2.10.v20150310
2015-09-30 18:02:42,996 | INFO  | pool-28-thread-1 | FeaturesServiceImpl              | 8 - org.apache.karaf.features.core - 4.0.0 |   org.eclipse.jetty.plus / 9.2.10.v20150310
2015-09-30 18:02:42,996 | INFO  | pool-28-thread-1 | FeaturesServiceImpl              | 8 - org.apache.karaf.features.core - 4.0.0 |   org.eclipse.jetty.client / 9.2.10.v20150310
2015-09-30 18:02:42,996 | INFO  | pool-28-thread-1 | FeaturesServiceImpl              | 8 - org.apache.karaf.features.core - 4.0.0 |   org.eclipse.jetty.servlets / 9.2.10.v20150310
2015-09-30 18:02:42,997 | INFO  | pool-28-thread-1 | FeaturesServiceImpl              | 8 - org.apache.karaf.features.core - 4.0.0 |   org.eclipse.jetty.util.ajax / 9.2.10.v20150310
2015-09-30 18:02:42,997 | INFO  | pool-28-thread-1 | FeaturesServiceImpl              | 8 - org.apache.karaf.features.core - 4.0.0 |   org.apache.geronimo.specs.geronimo-jaspic_1.0_spec / 1.1.0
2015-09-30 18:02:42,999 | INFO  | pool-28-thread-1 | FeaturesServiceImpl              | 8 - org.apache.karaf.features.core - 4.0.0 |   org.eclipse.jetty.jaspi / 9.2.10.v20150310
2015-09-30 18:02:42,999 | INFO  | pool-28-thread-1 | FeaturesServiceImpl              | 8 - org.apache.karaf.features.core - 4.0.0 |   org.eclipse.jetty.rewrite / 9.2.10.v20150310
2015-09-30 18:02:43,000 | INFO  | pool-28-thread-1 | FeaturesServiceImpl              | 8 - org.apache.karaf.features.core - 4.0.0 |   org.eclipse.jetty.continuation / 9.2.10.v20150310
2015-09-30 18:02:43,000 | INFO  | pool-28-thread-1 | FeaturesServiceImpl              | 8 - org.apache.karaf.features.core - 4.0.0 |   org.ops4j.pax.web.pax-web-jetty / 4.1.4
2015-09-30 18:02:43,004 | INFO  | pool-28-thread-1 | FeaturesServiceImpl              | 8 - org.apache.karaf.features.core - 4.0.0 |   org.ops4j.pax.web.pax-web-runtime / 4.1.4
2015-09-30 18:02:43,015 | INFO  | pool-28-thread-1 | Activator                        | 179 - org.ops4j.pax.web.pax-web-runtime - 4.1.4 | EventAdmin support enabled, servlet events will be postet to topics.
2015-09-30 18:02:43,018 | INFO  | pool-28-thread-1 | Activator                        | 179 - org.ops4j.pax.web.pax-web-runtime - 4.1.4 | LogService support enabled, log events will be created.
2015-09-30 18:02:43,019 | INFO  | pool-28-thread-1 | Activator                        | 179 - org.ops4j.pax.web.pax-web-runtime - 4.1.4 | Pax Web started
2015-09-30 18:02:43,019 | INFO  | pool-28-thread-1 | FeaturesServiceImpl              | 8 - org.apache.karaf.features.core - 4.0.0 |   org.springframework.context.support / 3.1.4.RELEASE
2015-09-30 18:02:43,019 | INFO  | pool-28-thread-1 | FeaturesServiceImpl              | 8 - org.apache.karaf.features.core - 4.0.0 |   org.apache.aries.transaction.blueprint / 1.0.2
2015-09-30 18:02:43,097 | INFO  | pool-28-thread-1 | FeaturesServiceImpl              | 8 - org.apache.karaf.features.core - 4.0.0 |   org.apache.karaf.http.core / 4.0.0
2015-09-30 18:02:43,108 | INFO  | pool-28-thread-1 | CommandExtension                 | 43 - org.apache.karaf.shell.core - 4.0.0 | Registering commands for bundle org.apache.karaf.http.core/4.0.0
2015-09-30 18:02:43,108 | INFO  | pool-28-thread-1 | FeaturesServiceImpl              | 8 - org.apache.karaf.features.core - 4.0.0 |   javax.mail / 1.4.4
2015-09-30 18:02:43,109 | INFO  | pool-28-thread-1 | FeaturesServiceImpl              | 8 - org.apache.karaf.features.core - 4.0.0 |   org.apache.karaf.deployer.spring / 4.0.0
2015-09-30 18:02:43,138 | INFO  | pool-28-thread-1 | FeaturesServiceImpl              | 8 - org.apache.karaf.features.core - 4.0.0 |   io.netty.common / 4.0.29.Final
2015-09-30 18:02:43,138 | INFO  | pool-28-thread-1 | FeaturesServiceImpl              | 8 - org.apache.karaf.features.core - 4.0.0 |   io.netty.buffer / 4.0.29.Final
2015-09-30 18:02:43,139 | INFO  | pool-28-thread-1 | FeaturesServiceImpl              | 8 - org.apache.karaf.features.core - 4.0.0 |   io.netty.transport / 4.0.29.Final
2015-09-30 18:02:43,139 | INFO  | pool-28-thread-1 | FeaturesServiceImpl              | 8 - org.apache.karaf.features.core - 4.0.0 |   wrap_file__home_awoods_.m2_repository_org_jboss_marshalling_jboss-marshalling_1.4.10.Final_jboss-marshalling-1.4.10.Final.jar / 0.0.0
2015-09-30 18:02:43,140 | INFO  | pool-28-thread-1 | FeaturesServiceImpl              | 8 - org.apache.karaf.features.core - 4.0.0 |   io.netty.codec / 4.0.29.Final
2015-09-30 18:02:43,140 | INFO  | pool-28-thread-1 | FeaturesServiceImpl              | 8 - org.apache.karaf.features.core - 4.0.0 |   com.fasterxml.jackson.core.jackson-annotations / 2.5.0
2015-09-30 18:02:43,140 | INFO  | pool-28-thread-1 | FeaturesServiceImpl              | 8 - org.apache.karaf.features.core - 4.0.0 |   com.fasterxml.jackson.core.jackson-core / 2.5.0
2015-09-30 18:02:43,140 | INFO  | pool-28-thread-1 | FeaturesServiceImpl              | 8 - org.apache.karaf.features.core - 4.0.0 |   com.fasterxml.jackson.core.jackson-databind / 2.5.0
2015-09-30 18:02:43,141 | INFO  | pool-28-thread-1 | FeaturesServiceImpl              | 8 - org.apache.karaf.features.core - 4.0.0 |   org.jvnet.mimepull / 1.9.3
2015-09-30 18:02:43,141 | INFO  | pool-28-thread-1 | FeaturesServiceImpl              | 8 - org.apache.karaf.features.core - 4.0.0 |   org.glassfish.hk2.osgi-resource-locator / 1.0.1
2015-09-30 18:02:43,156 | INFO  | pool-28-thread-1 | FeaturesServiceImpl              | 8 - org.apache.karaf.features.core - 4.0.0 |   org.mapdb.mapdb / 1.0.6
2015-09-30 18:02:43,157 | INFO  | pool-28-thread-1 | FeaturesServiceImpl              | 8 - org.apache.karaf.features.core - 4.0.0 |   org.jboss.logging.jboss-logging / 3.1.3.GA
2015-09-30 18:02:43,157 | INFO  | pool-28-thread-1 | FeaturesServiceImpl              | 8 - org.apache.karaf.features.core - 4.0.0 |   org.infinispan.commons / 6.0.2.Final
2015-09-30 18:02:43,158 | INFO  | pool-28-thread-1 | FeaturesServiceImpl              | 8 - org.apache.karaf.features.core - 4.0.0 |   org.jgroups / 3.5.0.Final
2015-09-30 18:02:43,158 | INFO  | pool-28-thread-1 | FeaturesServiceImpl              | 8 - org.apache.karaf.features.core - 4.0.0 |   org.infinispan.core / 6.0.2.Final
2015-09-30 18:02:43,159 | INFO  | pool-28-thread-1 | FeaturesServiceImpl              | 8 - org.apache.karaf.features.core - 4.0.0 |   org.modeshape.schematic / 4.2.0.Final
2015-09-30 18:02:43,159 | INFO  | pool-28-thread-1 | FeaturesServiceImpl              | 8 - org.apache.karaf.features.core - 4.0.0 |   javax.jcr / 2.0.0
2015-09-30 18:02:43,159 | INFO  | pool-28-thread-1 | FeaturesServiceImpl              | 8 - org.apache.karaf.features.core - 4.0.0 |   com.google.guava / 18.0.0
2015-09-30 18:02:43,160 | INFO  | pool-28-thread-1 | FeaturesServiceImpl              | 8 - org.apache.karaf.features.core - 4.0.0 |   com.fasterxml.jackson.core.jackson-core / 2.3.2
2015-09-30 18:02:43,160 | INFO  | pool-28-thread-1 | FeaturesServiceImpl              | 8 - org.apache.karaf.features.core - 4.0.0 |   com.fasterxml.jackson.core.jackson-annotations / 2.3.2
2015-09-30 18:02:43,160 | INFO  | pool-28-thread-1 | FeaturesServiceImpl              | 8 - org.apache.karaf.features.core - 4.0.0 |   com.fasterxml.jackson.core.jackson-databind / 2.3.2
2015-09-30 18:02:43,161 | INFO  | pool-28-thread-1 | FeaturesServiceImpl              | 8 - org.apache.karaf.features.core - 4.0.0 |   org.apache.httpcomponents.httpcore / 4.3.2
2015-09-30 18:02:43,161 | INFO  | pool-28-thread-1 | FeaturesServiceImpl              | 8 - org.apache.karaf.features.core - 4.0.0 |   org.apache.httpcomponents.httpclient / 4.3.3
2015-09-30 18:02:43,171 | INFO  | pool-28-thread-1 | FeaturesServiceImpl              | 8 - org.apache.karaf.features.core - 4.0.0 |   com.github.jsonld-java / 0.5.1
2015-09-30 18:02:43,171 | INFO  | pool-28-thread-1 | FeaturesServiceImpl              | 8 - org.apache.karaf.features.core - 4.0.0 |   org.apache.commons.csv / 1.0.0
2015-09-30 18:02:43,172 | INFO  | pool-28-thread-1 | FeaturesServiceImpl              | 8 - org.apache.karaf.features.core - 4.0.0 |   org.apache.commons.lang3 / 3.3.2
2015-09-30 18:02:43,172 | INFO  | pool-28-thread-1 | FeaturesServiceImpl              | 8 - org.apache.karaf.features.core - 4.0.0 |   org.apache.thrift / 0.9.2
2015-09-30 18:02:43,172 | INFO  | pool-28-thread-1 | FeaturesServiceImpl              | 8 - org.apache.karaf.features.core - 4.0.0 |   org.apache.jena.osgi / 2.13.0
2015-09-30 18:02:43,174 | INFO  | pool-28-thread-1 | FeaturesServiceImpl              | 8 - org.apache.karaf.features.core - 4.0.0 |   org.modeshape.jcr-api / 4.2.0.Final
2015-09-30 18:02:43,174 | INFO  | pool-28-thread-1 | FeaturesServiceImpl              | 8 - org.apache.karaf.features.core - 4.0.0 |   org.apache.commons.codec / 1.6.0
2015-09-30 18:02:43,174 | INFO  | pool-28-thread-1 | FeaturesServiceImpl              | 8 - org.apache.karaf.features.core - 4.0.0 |   org.fcrepo.fcrepo-kernel-api / 4.3.1.SNAPSHOT
2015-09-30 18:02:43,175 | INFO  | pool-28-thread-1 | FeaturesServiceImpl              | 8 - org.apache.karaf.features.core - 4.0.0 |   io.dropwizard.metrics.core / 3.1.0
2015-09-30 18:02:43,175 | INFO  | pool-28-thread-1 | FeaturesServiceImpl              | 8 - org.apache.karaf.features.core - 4.0.0 |   io.dropwizard.metrics.graphite / 3.1.0
2015-09-30 18:02:43,175 | INFO  | pool-28-thread-1 | FeaturesServiceImpl              | 8 - org.apache.karaf.features.core - 4.0.0 |   io.dropwizard.metrics.jvm / 3.1.0
2015-09-30 18:02:43,175 | INFO  | pool-28-thread-1 | FeaturesServiceImpl              | 8 - org.apache.karaf.features.core - 4.0.0 |   io.dropwizard.metrics.healthchecks / 3.1.0
2015-09-30 18:02:43,176 | INFO  | pool-28-thread-1 | FeaturesServiceImpl              | 8 - org.apache.karaf.features.core - 4.0.0 |   io.dropwizard.metrics.json / 3.1.0
2015-09-30 18:02:43,176 | INFO  | pool-28-thread-1 | FeaturesServiceImpl              | 8 - org.apache.karaf.features.core - 4.0.0 |   io.dropwizard.metrics.servlets / 3.1.0
2015-09-30 18:02:43,176 | INFO  | pool-28-thread-1 | FeaturesServiceImpl              | 8 - org.apache.karaf.features.core - 4.0.0 |   org.fcrepo.fcrepo-metrics / 4.3.1.SNAPSHOT
2015-09-30 18:02:43,177 | INFO  | pool-28-thread-1 | FeaturesServiceImpl              | 8 - org.apache.karaf.features.core - 4.0.0 |   org.glassfish.hk2.external.javax.inject / 2.3.0
2015-09-30 18:02:43,177 | INFO  | pool-28-thread-1 | FeaturesServiceImpl              | 8 - org.apache.karaf.features.core - 4.0.0 |   org.apache.commons.io / 2.4.0
2015-09-30 18:02:43,177 | INFO  | pool-28-thread-1 | FeaturesServiceImpl              | 8 - org.apache.karaf.features.core - 4.0.0 |   io.netty.handler / 4.0.29.Final
2015-09-30 18:02:43,177 | INFO  | pool-28-thread-1 | FeaturesServiceImpl              | 8 - org.apache.karaf.features.core - 4.0.0 |   com.datastax.driver.core / 2.1.7.1
2015-09-30 18:02:43,178 | INFO  | pool-28-thread-1 | FeaturesServiceImpl              | 8 - org.apache.karaf.features.core - 4.0.0 |   org.mongodb.mongo-java-driver / 3.0.0
2015-09-30 18:02:43,178 | INFO  | pool-28-thread-1 | FeaturesServiceImpl              | 8 - org.apache.karaf.features.core - 4.0.0 |   javax.security.jacc-api / 1.5.0
2015-09-30 18:02:43,178 | INFO  | pool-28-thread-1 | FeaturesServiceImpl              | 8 - org.apache.karaf.features.core - 4.0.0 |   org.apache.tika.core / 1.6.0
2015-09-30 18:02:43,180 | INFO  | pool-28-thread-1 | FeaturesServiceImpl              | 8 - org.apache.karaf.features.core - 4.0.0 |   joda-time / 1.6.2
2015-09-30 18:02:43,180 | INFO  | pool-28-thread-1 | FeaturesServiceImpl              | 8 - org.apache.karaf.features.core - 4.0.0 |   org.modeshape.common / 4.2.0.Final
2015-09-30 18:02:43,181 | INFO  | pool-28-thread-1 | FeaturesServiceImpl              | 8 - org.apache.karaf.features.core - 4.0.0 |   org.modeshape.jcr / 4.2.0.Final
2015-09-30 18:02:43,181 | INFO  | pool-28-thread-1 | FeaturesServiceImpl              | 8 - org.apache.karaf.features.core - 4.0.0 |   org.fcrepo.fcrepo-kernel-modeshape / 4.3.1.SNAPSHOT
2015-09-30 18:02:43,181 | INFO  | pool-28-thread-1 | FeaturesServiceImpl              | 8 - org.apache.karaf.features.core - 4.0.0 |   org.fcrepo.fcrepo-serialization / 4.3.1.SNAPSHOT
2015-09-30 18:02:43,182 | INFO  | pool-28-thread-1 | FeaturesServiceImpl              | 8 - org.apache.karaf.features.core - 4.0.0 |   org.apache.commons.collections / 3.2.1
2015-09-30 18:02:43,182 | INFO  | pool-28-thread-1 | FeaturesServiceImpl              | 8 - org.apache.karaf.features.core - 4.0.0 |   org.apache.commons.lang / 2.4.0
2015-09-30 18:02:43,182 | INFO  | pool-28-thread-1 | FeaturesServiceImpl              | 8 - org.apache.karaf.features.core - 4.0.0 |   org.apache.velocity / 1.7.0
2015-09-30 18:02:43,183 | INFO  | pool-28-thread-1 | FeaturesServiceImpl              | 8 - org.apache.karaf.features.core - 4.0.0 |   javax.validation.api / 1.1.0.Final
2015-09-30 18:02:43,183 | INFO  | pool-28-thread-1 | FeaturesServiceImpl              | 8 - org.apache.karaf.features.core - 4.0.0 |   org.glassfish.jersey.bundles.repackaged.jersey-guava / 2.13.0
2015-09-30 18:02:43,183 | INFO  | pool-28-thread-1 | FeaturesServiceImpl              | 8 - org.apache.karaf.features.core - 4.0.0 |   org.glassfish.hk2.external.aopalliance-repackaged / 2.3.0
2015-09-30 18:02:43,184 | INFO  | pool-28-thread-1 | FeaturesServiceImpl              | 8 - org.apache.karaf.features.core - 4.0.0 |   org.glassfish.hk2.utils / 2.3.0
2015-09-30 18:02:43,184 | INFO  | pool-28-thread-1 | FeaturesServiceImpl              | 8 - org.apache.karaf.features.core - 4.0.0 |   org.glassfish.hk2.api / 2.3.0
2015-09-30 18:02:43,184 | INFO  | pool-28-thread-1 | FeaturesServiceImpl              | 8 - org.apache.karaf.features.core - 4.0.0 |   org.glassfish.jersey.core.jersey-common / 2.13.0
2015-09-30 18:02:43,185 | INFO  | pool-28-thread-1 | FeaturesServiceImpl              | 8 - org.apache.karaf.features.core - 4.0.0 |   org.glassfish.jersey.core.jersey-client / 2.13.0
2015-09-30 18:02:43,185 | INFO  | pool-28-thread-1 | FeaturesServiceImpl              | 8 - org.apache.karaf.features.core - 4.0.0 |   org.glassfish.jersey.core.jersey-server / 2.13.0
2015-09-30 18:02:43,185 | INFO  | pool-28-thread-1 | FeaturesServiceImpl              | 8 - org.apache.karaf.features.core - 4.0.0 |   wrap_file__home_awoods_.m2_repository_org_apache_velocity_velocity-tools_2.0_velocity-tools-2.0.jar / 0.0.0
2015-09-30 18:02:43,186 | INFO  | pool-28-thread-1 | FeaturesServiceImpl              | 8 - org.apache.karaf.features.core - 4.0.0 |   org.glassfish.jersey.media.jersey-media-multipart / 2.13.0
2015-09-30 18:02:43,186 | INFO  | pool-28-thread-1 | FeaturesServiceImpl              | 8 - org.apache.karaf.features.core - 4.0.0 |   io.dropwizard.metrics.annotation / 3.1.0
2015-09-30 18:02:43,186 | INFO  | pool-28-thread-1 | FeaturesServiceImpl              | 8 - org.apache.karaf.features.core - 4.0.0 |   org.fcrepo.fcrepo-mint / 4.3.1.SNAPSHOT
2015-09-30 18:02:43,186 | INFO  | pool-28-thread-1 | FeaturesServiceImpl              | 8 - org.apache.karaf.features.core - 4.0.0 |   org.fcrepo.fcrepo-http-api / 4.3.1.SNAPSHOT
2015-09-30 18:02:43,187 | INFO  | pool-28-thread-1 | FeaturesServiceImpl              | 8 - org.apache.karaf.features.core - 4.0.0 |   com.fasterxml.jackson.jaxrs.jackson-jaxrs-base / 2.3.2
2015-09-30 18:02:43,187 | INFO  | pool-28-thread-1 | FeaturesServiceImpl              | 8 - org.apache.karaf.features.core - 4.0.0 |   com.fasterxml.jackson.jaxrs.jackson-jaxrs-json-provider / 2.3.2
2015-09-30 18:02:43,187 | INFO  | pool-28-thread-1 | FeaturesServiceImpl              | 8 - org.apache.karaf.features.core - 4.0.0 |   org.glassfish.jersey.media.jersey-media-json-jackson / 2.13.0
2015-09-30 18:02:43,188 | INFO  | pool-28-thread-1 | FeaturesServiceImpl              | 8 - org.apache.karaf.features.core - 4.0.0 |   wrap_file__home_awoods_.m2_repository_org_openrdf_sesame_sesame-util_2.7.13_sesame-util-2.7.13.jar / 0.0.0
2015-09-30 18:02:43,188 | INFO  | pool-28-thread-1 | FeaturesServiceImpl              | 8 - org.apache.karaf.features.core - 4.0.0 |   wrap_file__home_awoods_.m2_repository_org_openrdf_sesame_sesame-model_2.7.13_sesame-model-2.7.13.jar / 0.0.0
2015-09-30 18:02:43,188 | INFO  | pool-28-thread-1 | FeaturesServiceImpl              | 8 - org.apache.karaf.features.core - 4.0.0 |   wrap_file__home_awoods_.m2_repository_org_openrdf_sesame_sesame-rio-api_2.7.13_sesame-rio-api-2.7.13.jar / 0.0.0
2015-09-30 18:02:43,188 | INFO  | pool-28-thread-1 | FeaturesServiceImpl              | 8 - org.apache.karaf.features.core - 4.0.0 |   io.dropwizard.metrics.jersey2 / 3.1.0
2015-09-30 18:02:43,189 | INFO  | pool-28-thread-1 | FeaturesServiceImpl              | 8 - org.apache.karaf.features.core - 4.0.0 |   javax.ws.rs-api / 2.0.1
2015-09-30 18:02:43,189 | INFO  | pool-28-thread-1 | FeaturesServiceImpl              | 8 - org.apache.karaf.features.core - 4.0.0 |   org.fcrepo.fcrepo-http-commons / 4.3.1.SNAPSHOT
2015-09-30 18:02:43,190 | INFO  | pool-28-thread-1 | FeaturesServiceImpl              | 8 - org.apache.karaf.features.core - 4.0.0 | Done.
2015-09-30 18:02:43,383 | INFO  | pool-31-thread-1 | JettyFactoryImpl                 | 178 - org.ops4j.pax.web.pax-web-jetty - 4.1.4 | SPDY not available, creating standard ServerConnector for Http
2015-09-30 18:02:43,396 | INFO  | pool-31-thread-1 | JettyServerImpl                  | 178 - org.ops4j.pax.web.pax-web-jetty - 4.1.4 | Pax Web available at [0.0.0.0]:[8181]
