Apache Maven 3.1.1 (0728685237757ffbf44136acec0402957f723d9a; 2013-09-17 11:22:22-0400)
Maven home: /home/nianma/applications/apache-maven-3.1.1
Java version: 1.7.0_45, vendor: Oracle Corporation
Java home: /N/oak/home/nianma/applications/jdk1.7.0_45/jre
Default locale: en_US, platform encoding: UTF-8
OS name: "linux", version: "2.6.32-279.1.1.el6.x86_64", arch: "amd64", family: "unix"
[INFO] Error stacktraces are turned on.
[DEBUG] Reading global settings from /home/nianma/applications/apache-maven-3.1.1/conf/settings.xml
[DEBUG] Reading user settings from /home/nianma/.m2/settings.xml
[DEBUG] Using local repository at /home/nianma/.m2/repository
[DEBUG] Using manager EnhancedLocalRepositoryManager with priority 10.0 for /home/nianma/.m2/repository
[INFO] Scanning for projects...
[DEBUG] Extension realms for project org.fcrepo.migration:migration-utils:jar:4.1.2-SNAPSHOT: (none)
[DEBUG] Looking up lifecyle mappings for packaging jar from ClassRealm[plexus.core, parent: null]
[WARNING] 
[WARNING] Some problems were encountered while building the effective model for org.fcrepo.migration:migration-utils:jar:4.1.2-SNAPSHOT
[WARNING] 'build.plugins.plugin.version' for org.apache.maven.plugins:maven-compiler-plugin is missing. @ line 124, column 15
[WARNING] 
[WARNING] It is highly recommended to fix these problems because they threaten the stability of your build.
[WARNING] 
[WARNING] For this reason, future Maven versions might no longer support building such malformed projects.
[WARNING] 
[DEBUG] Resolving plugin prefix exec from [org.apache.maven.plugins, org.codehaus.mojo]
[DEBUG] Could not find metadata org.apache.maven.plugins/maven-metadata.xml in local (/home/nianma/.m2/repository)
[DEBUG] Skipped remote update check for org.apache.maven.plugins/maven-metadata.xml, locally cached metadata up-to-date.
[DEBUG] Could not find metadata org.codehaus.mojo/maven-metadata.xml in local (/home/nianma/.m2/repository)
[DEBUG] Skipped remote update check for org.codehaus.mojo/maven-metadata.xml, locally cached metadata up-to-date.
[DEBUG] Resolved plugin prefix exec to org.codehaus.mojo:exec-maven-plugin from repository central
[DEBUG] Resolving plugin version for org.codehaus.mojo:exec-maven-plugin
[DEBUG] Could not find metadata org.codehaus.mojo:exec-maven-plugin/maven-metadata.xml in local (/home/nianma/.m2/repository)
[DEBUG] Skipped remote update check for org.codehaus.mojo:exec-maven-plugin/maven-metadata.xml, locally cached metadata up-to-date.
[DEBUG] Resolved plugin version for org.codehaus.mojo:exec-maven-plugin to 1.4.0 from repository central (http://repo.maven.apache.org/maven2, releases)
[DEBUG] === REACTOR BUILD PLAN ================================================
[DEBUG] Project: org.fcrepo.migration:migration-utils:jar:4.1.2-SNAPSHOT
[DEBUG] Tasks:   [clean, compile, exec:java]
[DEBUG] Style:   Regular
[DEBUG] =======================================================================
[INFO]                                                                         
[INFO] ------------------------------------------------------------------------
[INFO] Building migration-utils 4.1.2-SNAPSHOT
[INFO] ------------------------------------------------------------------------
[DEBUG] Lifecycle default -> [validate, initialize, generate-sources, process-sources, generate-resources, process-resources, compile, process-classes, generate-test-sources, process-test-sources, generate-test-resources, process-test-resources, test-compile, process-test-classes, test, prepare-package, package, pre-integration-test, integration-test, post-integration-test, verify, install, deploy]
[DEBUG] Lifecycle clean -> [pre-clean, clean, post-clean]
[DEBUG] Lifecycle site -> [pre-site, site, post-site, site-deploy]
[DEBUG] Lifecycle default -> [validate, initialize, generate-sources, process-sources, generate-resources, process-resources, compile, process-classes, generate-test-sources, process-test-sources, generate-test-resources, process-test-resources, test-compile, process-test-classes, test, prepare-package, package, pre-integration-test, integration-test, post-integration-test, verify, install, deploy]
[DEBUG] Lifecycle clean -> [pre-clean, clean, post-clean]
[DEBUG] Lifecycle site -> [pre-site, site, post-site, site-deploy]
[DEBUG] Resolving plugin prefix exec from [org.apache.maven.plugins, org.codehaus.mojo]
[DEBUG] Could not find metadata org.apache.maven.plugins/maven-metadata.xml in local (/home/nianma/.m2/repository)
[DEBUG] Skipped remote update check for org.apache.maven.plugins/maven-metadata.xml, locally cached metadata up-to-date.
[DEBUG] Could not find metadata org.codehaus.mojo/maven-metadata.xml in local (/home/nianma/.m2/repository)
[DEBUG] Skipped remote update check for org.codehaus.mojo/maven-metadata.xml, locally cached metadata up-to-date.
[DEBUG] Resolved plugin prefix exec to org.codehaus.mojo:exec-maven-plugin from repository central
[DEBUG] Resolving plugin version for org.codehaus.mojo:exec-maven-plugin
[DEBUG] Could not find metadata org.codehaus.mojo:exec-maven-plugin/maven-metadata.xml in local (/home/nianma/.m2/repository)
[DEBUG] Skipped remote update check for org.codehaus.mojo:exec-maven-plugin/maven-metadata.xml, locally cached metadata up-to-date.
[DEBUG] Resolved plugin version for org.codehaus.mojo:exec-maven-plugin to 1.4.0 from repository central (http://repo.maven.apache.org/maven2, releases)
[DEBUG] Lifecycle default -> [validate, initialize, generate-sources, process-sources, generate-resources, process-resources, compile, process-classes, generate-test-sources, process-test-sources, generate-test-resources, process-test-resources, test-compile, process-test-classes, test, prepare-package, package, pre-integration-test, integration-test, post-integration-test, verify, install, deploy]
[DEBUG] Lifecycle clean -> [pre-clean, clean, post-clean]
[DEBUG] Lifecycle site -> [pre-site, site, post-site, site-deploy]
[DEBUG] Lifecycle default -> [validate, initialize, generate-sources, process-sources, generate-resources, process-resources, compile, process-classes, generate-test-sources, process-test-sources, generate-test-resources, process-test-resources, test-compile, process-test-classes, test, prepare-package, package, pre-integration-test, integration-test, post-integration-test, verify, install, deploy]
[DEBUG] Lifecycle clean -> [pre-clean, clean, post-clean]
[DEBUG] Lifecycle site -> [pre-site, site, post-site, site-deploy]
[DEBUG] Lifecycle default -> [validate, initialize, generate-sources, process-sources, generate-resources, process-resources, compile, process-classes, generate-test-sources, process-test-sources, generate-test-resources, process-test-resources, test-compile, process-test-classes, test, prepare-package, package, pre-integration-test, integration-test, post-integration-test, verify, install, deploy]
[DEBUG] Lifecycle clean -> [pre-clean, clean, post-clean]
[DEBUG] Lifecycle site -> [pre-site, site, post-site, site-deploy]
[DEBUG] Lifecycle default -> [validate, initialize, generate-sources, process-sources, generate-resources, process-resources, compile, process-classes, generate-test-sources, process-test-sources, generate-test-resources, process-test-resources, test-compile, process-test-classes, test, prepare-package, package, pre-integration-test, integration-test, post-integration-test, verify, install, deploy]
[DEBUG] Lifecycle clean -> [pre-clean, clean, post-clean]
[DEBUG] Lifecycle site -> [pre-site, site, post-site, site-deploy]
[DEBUG] === PROJECT BUILD PLAN ================================================
[DEBUG] Project:       org.fcrepo.migration:migration-utils:4.1.2-SNAPSHOT
[DEBUG] Dependencies (collect): []
[DEBUG] Dependencies (resolve): [compile, test]
[DEBUG] Repositories (dependencies): [sonatype-nexus-snapshots (https://oss.sonatype.org/content/repositories/snapshots, snapshots), central (http://repo.maven.apache.org/maven2, releases)]
[DEBUG] Repositories (plugins)     : [central (http://repo.maven.apache.org/maven2, releases)]
[DEBUG] -----------------------------------------------------------------------
[DEBUG] Goal:          org.apache.maven.plugins:maven-clean-plugin:2.5:clean (default-clean)
[DEBUG] Style:         Regular
[DEBUG] Configuration: <?xml version="1.0" encoding="UTF-8"?>
<configuration>
  <directory default-value="${project.build.directory}"/>
  <excludeDefaultDirectories default-value="false">${clean.excludeDefaultDirectories}</excludeDefaultDirectories>
  <failOnError default-value="true">${maven.clean.failOnError}</failOnError>
  <followSymLinks default-value="false">${clean.followSymLinks}</followSymLinks>
  <outputDirectory default-value="${project.build.outputDirectory}"/>
  <reportDirectory default-value="${project.reporting.outputDirectory}"/>
  <retryOnError default-value="true">${maven.clean.retryOnError}</retryOnError>
  <skip default-value="false">${clean.skip}</skip>
  <testOutputDirectory default-value="${project.build.testOutputDirectory}"/>
  <verbose>${clean.verbose}</verbose>
</configuration>
[DEBUG] -----------------------------------------------------------------------
[DEBUG] Goal:          org.apache.maven.plugins:maven-resources-plugin:2.6:resources (default-resources)
[DEBUG] Style:         Regular
[DEBUG] Configuration: <?xml version="1.0" encoding="UTF-8"?>
<configuration>
  <buildFilters default-value="${project.build.filters}"/>
  <encoding default-value="${project.build.sourceEncoding}">${encoding}</encoding>
  <escapeString>${maven.resources.escapeString}</escapeString>
  <escapeWindowsPaths default-value="true">${maven.resources.escapeWindowsPaths}</escapeWindowsPaths>
  <includeEmptyDirs default-value="false">${maven.resources.includeEmptyDirs}</includeEmptyDirs>
  <outputDirectory default-value="${project.build.outputDirectory}"/>
  <overwrite default-value="false">${maven.resources.overwrite}</overwrite>
  <project default-value="${project}"/>
  <resources default-value="${project.resources}"/>
  <session default-value="${session}"/>
  <supportMultiLineFiltering default-value="false">${maven.resources.supportMultiLineFiltering}</supportMultiLineFiltering>
  <useBuildFilters default-value="true"/>
  <useDefaultDelimiters default-value="true"/>
</configuration>
[DEBUG] -----------------------------------------------------------------------
[DEBUG] Goal:          org.apache.maven.plugins:maven-compiler-plugin:2.5.1:compile (default-compile)
[DEBUG] Style:         Regular
[DEBUG] Configuration: <?xml version="1.0" encoding="UTF-8"?>
<configuration>
  <basedir default-value="${basedir}"/>
  <buildDirectory default-value="${project.build.directory}"/>
  <classpathElements default-value="${project.compileClasspathElements}"/>
  <compileSourceRoots default-value="${project.compileSourceRoots}"/>
  <compilerId default-value="javac">${maven.compiler.compilerId}</compilerId>
  <compilerReuseStrategy default-value="${reuseCreated}">${maven.compiler.compilerReuseStrategy}</compilerReuseStrategy>
  <compilerVersion>${maven.compiler.compilerVersion}</compilerVersion>
  <debug default-value="true">${maven.compiler.debug}</debug>
  <debuglevel>${maven.compiler.debuglevel}</debuglevel>
  <encoding default-value="${project.build.sourceEncoding}">${encoding}</encoding>
  <executable>${maven.compiler.executable}</executable>
  <failOnError default-value="true">${maven.compiler.failOnError}</failOnError>
  <fork default-value="false">${maven.compiler.fork}</fork>
  <generatedSourcesDirectory default-value="${project.build.directory}/generated-sources/annotations"/>
  <maxmem>${maven.compiler.maxmem}</maxmem>
  <meminitial>${maven.compiler.meminitial}</meminitial>
  <optimize default-value="false">${maven.compiler.optimize}</optimize>
  <outputDirectory default-value="${project.build.outputDirectory}"/>
  <outputFileName>${project.build.finalName}</outputFileName>
  <projectArtifact default-value="${project.artifact}"/>
  <session default-value="${session}"/>
  <showDeprecation default-value="false">${maven.compiler.showDeprecation}</showDeprecation>
  <showWarnings default-value="false">${maven.compiler.showWarnings}</showWarnings>
  <skipMultiThreadWarning default-value="${false}">${maven.compiler.skipMultiThreadWarning}</skipMultiThreadWarning>
  <source default-value="1.5">1.7</source>
  <staleMillis default-value="0">${lastModGranularityMs}</staleMillis>
  <target default-value="1.5">1.7</target>
  <verbose default-value="false">${maven.compiler.verbose}</verbose>
</configuration>
[DEBUG] -----------------------------------------------------------------------
[DEBUG] Goal:          org.codehaus.mojo:exec-maven-plugin:1.4.0:java (default-cli)
[DEBUG] Style:         Regular
[DEBUG] Configuration: <?xml version="1.0" encoding="UTF-8"?>
<configuration>
  <arguments>${exec.arguments}</arguments>
  <classpathScope default-value="runtime">${exec.classpathScope}</classpathScope>
  <cleanupDaemonThreads default-value="true">${exec.cleanupDaemonThreads}</cleanupDaemonThreads>
  <commandlineArgs>${exec.args}</commandlineArgs>
  <daemonThreadJoinTimeout default-value="15000">${exec.daemonThreadJoinTimeout}</daemonThreadJoinTimeout>
  <includePluginDependencies default-value="false">${exec.includePluginsDependencies}</includePluginDependencies>
  <includeProjectDependencies default-value="true">${exec.includeProjectDependencies}</includeProjectDependencies>
  <keepAlive default-value="false">${exec.keepAlive}</keepAlive>
  <killAfter default-value="-1">${exec.killAfter}</killAfter>
  <localRepository default-value="${localRepository}"/>
  <mainClass>${exec.mainClass}</mainClass>
  <pluginDependencies default-value="${plugin.artifacts}"/>
  <project default-value="${project}"/>
  <remoteRepositories default-value="${project.remoteArtifactRepositories}"/>
  <skip default-value="false">${exec.skip}</skip>
  <sourceRoot>${sourceRoot}</sourceRoot>
  <stopUnresponsiveDaemonThreads default-value="false">${exec.stopUnresponsiveDaemonThreads}</stopUnresponsiveDaemonThreads>
  <testSourceRoot>${testSourceRoot}</testSourceRoot>
</configuration>
[DEBUG] =======================================================================
[DEBUG] Could not find metadata org.fcrepo:fcrepo-client-impl:4.1.2-SNAPSHOT/maven-metadata.xml in local (/home/nianma/.m2/repository)
[DEBUG] Skipped remote update check for org.fcrepo:fcrepo-client-impl:4.1.2-SNAPSHOT/maven-metadata.xml, locally cached metadata up-to-date.
[DEBUG] Could not find metadata org.fcrepo:fcrepo-client-impl:4.1.2-SNAPSHOT/maven-metadata.xml in local (/home/nianma/.m2/repository)
[DEBUG] Skipped remote update check for org.fcrepo:fcrepo-client-impl:4.1.2-SNAPSHOT/maven-metadata.xml, locally cached metadata up-to-date.
[DEBUG] Could not find metadata org.fcrepo:fcrepo4-client:4.1.2-SNAPSHOT/maven-metadata.xml in local (/home/nianma/.m2/repository)
[DEBUG] Skipped remote update check for org.fcrepo:fcrepo4-client:4.1.2-SNAPSHOT/maven-metadata.xml, locally cached metadata up-to-date.
[DEBUG] Could not find metadata org.fcrepo:fcrepo:4.1.2-SNAPSHOT/maven-metadata.xml in local (/home/nianma/.m2/repository)
[DEBUG] Skipped remote update check for org.fcrepo:fcrepo:4.1.2-SNAPSHOT/maven-metadata.xml, locally cached metadata up-to-date.
[DEBUG] Skipped remote update check for org.fcrepo:fcrepo:4.1.2-SNAPSHOT/maven-metadata.xml, locally cached metadata up-to-date.
[DEBUG] Could not find metadata org.fcrepo:fcrepo4-bom:4.1.2-SNAPSHOT/maven-metadata.xml in local (/home/nianma/.m2/repository)
[DEBUG] Skipped remote update check for org.fcrepo:fcrepo4-bom:4.1.2-SNAPSHOT/maven-metadata.xml, locally cached metadata up-to-date.
[DEBUG] Skipped remote update check for org.fcrepo:fcrepo4-bom:4.1.2-SNAPSHOT/maven-metadata.xml, locally cached metadata up-to-date.
[DEBUG] Failure to find org.fcrepo:fcrepo4-bom:4.1.2-SNAPSHOT/maven-metadata.xml in http://maven.fcrepo.org/nexus/content/repositories/snapshots/ was cached in the local repository, resolution will not be reattempted until the update interval of fcrepo-snapshot has elapsed or updates are forced
[DEBUG] Failure to find org.fcrepo:fcrepo4-bom:4.1.2-SNAPSHOT/maven-metadata.xml in http://snapshots.jboss.org/maven2/ was cached in the local repository, resolution will not be reattempted until the update interval of jboss-public-repository-group-snapshot has elapsed or updates are forced
[DEBUG] Failure to find org.fcrepo:fcrepo4-bom:4.1.2-SNAPSHOT/maven-metadata.xml in http://repository.apache.org/snapshots/ was cached in the local repository, resolution will not be reattempted until the update interval of apache-snapshot has elapsed or updates are forced
[DEBUG] Failure to find org.fcrepo:fcrepo4-bom:4.1.2-SNAPSHOT/maven-metadata.xml in https://repo.eclipse.org/content/repositories/egit-releases/ was cached in the local repository, resolution will not be reattempted until the update interval of egit has elapsed or updates are forced
[DEBUG] Could not find metadata org.fcrepo:fcrepo-client:4.1.2-SNAPSHOT/maven-metadata.xml in local (/home/nianma/.m2/repository)
[DEBUG] Skipped remote update check for org.fcrepo:fcrepo-client:4.1.2-SNAPSHOT/maven-metadata.xml, locally cached metadata up-to-date.
[DEBUG] Skipped remote update check for org.fcrepo:fcrepo-client:4.1.2-SNAPSHOT/maven-metadata.xml, locally cached metadata up-to-date.
[DEBUG] Failure to find org.fcrepo:fcrepo-client:4.1.2-SNAPSHOT/maven-metadata.xml in http://maven.fcrepo.org/nexus/content/repositories/snapshots/ was cached in the local repository, resolution will not be reattempted until the update interval of fcrepo-snapshot has elapsed or updates are forced
[DEBUG] Failure to find org.fcrepo:fcrepo-client:4.1.2-SNAPSHOT/maven-metadata.xml in http://snapshots.jboss.org/maven2/ was cached in the local repository, resolution will not be reattempted until the update interval of jboss-public-repository-group-snapshot has elapsed or updates are forced
[DEBUG] Failure to find org.fcrepo:fcrepo-client:4.1.2-SNAPSHOT/maven-metadata.xml in http://repository.apache.org/snapshots/ was cached in the local repository, resolution will not be reattempted until the update interval of apache-snapshot has elapsed or updates are forced
[DEBUG] Failure to find org.fcrepo:fcrepo-client:4.1.2-SNAPSHOT/maven-metadata.xml in https://repo.eclipse.org/content/repositories/egit-releases/ was cached in the local repository, resolution will not be reattempted until the update interval of egit has elapsed or updates are forced
[DEBUG] Could not find metadata org.fcrepo:fcrepo-client:4.1.2-SNAPSHOT/maven-metadata.xml in local (/home/nianma/.m2/repository)
[DEBUG] Skipped remote update check for org.fcrepo:fcrepo-client:4.1.2-SNAPSHOT/maven-metadata.xml, locally cached metadata up-to-date.
[DEBUG] Skipped remote update check for org.fcrepo:fcrepo-client:4.1.2-SNAPSHOT/maven-metadata.xml, locally cached metadata up-to-date.
[DEBUG] Failure to find org.fcrepo:fcrepo-client:4.1.2-SNAPSHOT/maven-metadata.xml in http://maven.fcrepo.org/nexus/content/repositories/snapshots/ was cached in the local repository, resolution will not be reattempted until the update interval of fcrepo-snapshot has elapsed or updates are forced
[DEBUG] Failure to find org.fcrepo:fcrepo-client:4.1.2-SNAPSHOT/maven-metadata.xml in http://snapshots.jboss.org/maven2/ was cached in the local repository, resolution will not be reattempted until the update interval of jboss-public-repository-group-snapshot has elapsed or updates are forced
[DEBUG] Failure to find org.fcrepo:fcrepo-client:4.1.2-SNAPSHOT/maven-metadata.xml in http://repository.apache.org/snapshots/ was cached in the local repository, resolution will not be reattempted until the update interval of apache-snapshot has elapsed or updates are forced
[DEBUG] Failure to find org.fcrepo:fcrepo-client:4.1.2-SNAPSHOT/maven-metadata.xml in https://repo.eclipse.org/content/repositories/egit-releases/ was cached in the local repository, resolution will not be reattempted until the update interval of egit has elapsed or updates are forced
[DEBUG] Could not find metadata org.fcrepo:fcrepo-kernel:4.1.2-SNAPSHOT/maven-metadata.xml in local (/home/nianma/.m2/repository)
[DEBUG] Skipped remote update check for org.fcrepo:fcrepo-kernel:4.1.2-SNAPSHOT/maven-metadata.xml, locally cached metadata up-to-date.
[DEBUG] Skipped remote update check for org.fcrepo:fcrepo-kernel:4.1.2-SNAPSHOT/maven-metadata.xml, locally cached metadata up-to-date.
[DEBUG] Failure to find org.fcrepo:fcrepo-kernel:4.1.2-SNAPSHOT/maven-metadata.xml in http://maven.fcrepo.org/nexus/content/repositories/snapshots/ was cached in the local repository, resolution will not be reattempted until the update interval of fcrepo-snapshot has elapsed or updates are forced
[DEBUG] Failure to find org.fcrepo:fcrepo-kernel:4.1.2-SNAPSHOT/maven-metadata.xml in http://snapshots.jboss.org/maven2/ was cached in the local repository, resolution will not be reattempted until the update interval of jboss-public-repository-group-snapshot has elapsed or updates are forced
[DEBUG] Failure to find org.fcrepo:fcrepo-kernel:4.1.2-SNAPSHOT/maven-metadata.xml in http://repository.apache.org/snapshots/ was cached in the local repository, resolution will not be reattempted until the update interval of apache-snapshot has elapsed or updates are forced
[DEBUG] Failure to find org.fcrepo:fcrepo-kernel:4.1.2-SNAPSHOT/maven-metadata.xml in https://repo.eclipse.org/content/repositories/egit-releases/ was cached in the local repository, resolution will not be reattempted until the update interval of egit has elapsed or updates are forced
[DEBUG] Could not find metadata org.fcrepo:fcrepo-kernel:4.1.2-SNAPSHOT/maven-metadata.xml in local (/home/nianma/.m2/repository)
[DEBUG] Skipped remote update check for org.fcrepo:fcrepo-kernel:4.1.2-SNAPSHOT/maven-metadata.xml, locally cached metadata up-to-date.
[DEBUG] Skipped remote update check for org.fcrepo:fcrepo-kernel:4.1.2-SNAPSHOT/maven-metadata.xml, locally cached metadata up-to-date.
[DEBUG] Failure to find org.fcrepo:fcrepo-kernel:4.1.2-SNAPSHOT/maven-metadata.xml in http://maven.fcrepo.org/nexus/content/repositories/snapshots/ was cached in the local repository, resolution will not be reattempted until the update interval of fcrepo-snapshot has elapsed or updates are forced
[DEBUG] Failure to find org.fcrepo:fcrepo-kernel:4.1.2-SNAPSHOT/maven-metadata.xml in http://snapshots.jboss.org/maven2/ was cached in the local repository, resolution will not be reattempted until the update interval of jboss-public-repository-group-snapshot has elapsed or updates are forced
[DEBUG] Failure to find org.fcrepo:fcrepo-kernel:4.1.2-SNAPSHOT/maven-metadata.xml in http://repository.apache.org/snapshots/ was cached in the local repository, resolution will not be reattempted until the update interval of apache-snapshot has elapsed or updates are forced
[DEBUG] Failure to find org.fcrepo:fcrepo-kernel:4.1.2-SNAPSHOT/maven-metadata.xml in https://repo.eclipse.org/content/repositories/egit-releases/ was cached in the local repository, resolution will not be reattempted until the update interval of egit has elapsed or updates are forced
[DEBUG] Could not find metadata org.fcrepo:fcrepo-jcr-bom:4.1.2-SNAPSHOT/maven-metadata.xml in local (/home/nianma/.m2/repository)
[DEBUG] Skipped remote update check for org.fcrepo:fcrepo-jcr-bom:4.1.2-SNAPSHOT/maven-metadata.xml, locally cached metadata up-to-date.
[DEBUG] Skipped remote update check for org.fcrepo:fcrepo-jcr-bom:4.1.2-SNAPSHOT/maven-metadata.xml, locally cached metadata up-to-date.
[DEBUG] Failure to find org.fcrepo:fcrepo-jcr-bom:4.1.2-SNAPSHOT/maven-metadata.xml in http://maven.fcrepo.org/nexus/content/repositories/snapshots/ was cached in the local repository, resolution will not be reattempted until the update interval of fcrepo-snapshot has elapsed or updates are forced
[DEBUG] Failure to find org.fcrepo:fcrepo-jcr-bom:4.1.2-SNAPSHOT/maven-metadata.xml in http://snapshots.jboss.org/maven2/ was cached in the local repository, resolution will not be reattempted until the update interval of jboss-public-repository-group-snapshot has elapsed or updates are forced
[DEBUG] Failure to find org.fcrepo:fcrepo-jcr-bom:4.1.2-SNAPSHOT/maven-metadata.xml in http://repository.apache.org/snapshots/ was cached in the local repository, resolution will not be reattempted until the update interval of apache-snapshot has elapsed or updates are forced
[DEBUG] Failure to find org.fcrepo:fcrepo-jcr-bom:4.1.2-SNAPSHOT/maven-metadata.xml in https://repo.eclipse.org/content/repositories/egit-releases/ was cached in the local repository, resolution will not be reattempted until the update interval of egit has elapsed or updates are forced
[DEBUG] Dependency collection stats: {ConflictMarker.analyzeTime=1, ConflictMarker.markTime=0, ConflictMarker.nodeCount=97, ConflictIdSorter.graphTime=1, ConflictIdSorter.topsortTime=1, ConflictIdSorter.conflictIdCount=40, ConflictIdSorter.conflictIdCycleCount=0, ConflictResolver.totalTime=10, ConflictResolver.conflictItemCount=62, DefaultDependencyCollector.collectTime=672, DefaultDependencyCollector.transformTime=15}
[DEBUG] org.fcrepo.migration:migration-utils:jar:4.1.2-SNAPSHOT
[DEBUG]    commons-io:commons-io:jar:2.4:compile
[DEBUG]    commons-codec:commons-codec:jar:1.10:compile
[DEBUG]    org.apache.lucene:lucene-core:jar:4.10.3:compile
[DEBUG]    org.apache.lucene:lucene-analyzers-common:jar:4.10.3:compile
[DEBUG]    org.apache.httpcomponents:httpclient:jar:4.3.6:compile
[DEBUG]       org.apache.httpcomponents:httpcore:jar:4.3.3:compile
[DEBUG]       commons-logging:commons-logging:jar:1.1.3:compile
[DEBUG]    org.springframework:spring-core:jar:4.1.1.RELEASE:compile
[DEBUG]    org.springframework:spring-context:jar:4.1.1.RELEASE:compile
[DEBUG]       org.springframework:spring-aop:jar:4.1.1.RELEASE:compile
[DEBUG]          aopalliance:aopalliance:jar:1.0:compile
[DEBUG]       org.springframework:spring-beans:jar:4.1.1.RELEASE:compile
[DEBUG]       org.springframework:spring-expression:jar:4.1.1.RELEASE:compile
[DEBUG]    org.apache.jena:jena-core:jar:2.12.1:compile
[DEBUG]       org.slf4j:slf4j-api:jar:1.7.6:compile
[DEBUG]       org.apache.jena:jena-iri:jar:1.1.1:compile
[DEBUG]       xerces:xercesImpl:jar:2.11.0:compile
[DEBUG]          xml-apis:xml-apis:jar:1.4.01:compile
[DEBUG]    org.fcrepo:fcrepo-client-impl:jar:4.1.2-SNAPSHOT:compile
[DEBUG]       org.apache.jena:jena-arq:jar:2.12.1:compile
[DEBUG]          com.github.jsonld-java:jsonld-java:jar:0.5.0:compile
[DEBUG]             com.fasterxml.jackson.core:jackson-core:jar:2.3.3:compile
[DEBUG]             com.fasterxml.jackson.core:jackson-databind:jar:2.3.3:compile
[DEBUG]                com.fasterxml.jackson.core:jackson-annotations:jar:2.3.0:compile
[DEBUG]          org.apache.httpcomponents:httpclient-cache:jar:4.2.6:compile
[DEBUG]          org.apache.thrift:libthrift:jar:0.9.1:compile
[DEBUG]          org.apache.commons:commons-csv:jar:1.0:compile
[DEBUG]       org.apache.commons:commons-lang3:jar:3.1:compile
[DEBUG]       ch.qos.logback:logback-classic:jar:1.0.13:compile
[DEBUG]          ch.qos.logback:logback-core:jar:1.0.13:compile
[DEBUG]       org.slf4j:jcl-over-slf4j:jar:1.7.7:runtime
[DEBUG]       org.fcrepo:fcrepo-kernel:jar:4.1.2-SNAPSHOT:compile
[DEBUG]          com.google.guava:guava:jar:18.0:compile
[DEBUG]          org.modeshape:modeshape-jcr-api:jar:4.2.0.Final:compile
[DEBUG]             javax.jcr:jcr:jar:2.0:compile
[DEBUG]    org.fcrepo:fcrepo-client:jar:4.1.2-SNAPSHOT:compile
[DEBUG]    junit:junit:jar:4.8.1:test
[DEBUG]    org.mockito:mockito-core:jar:1.9.5:test
[DEBUG]       org.hamcrest:hamcrest-core:jar:1.1:test
[DEBUG]       org.objenesis:objenesis:jar:1.0:test
[DEBUG] Could not find metadata org.fcrepo:fcrepo-client:4.1.2-SNAPSHOT/maven-metadata.xml in local (/home/nianma/.m2/repository)
[DEBUG] Skipped remote update check for org.fcrepo:fcrepo-client:4.1.2-SNAPSHOT/maven-metadata.xml, locally cached metadata up-to-date.
[INFO] 
[INFO] --- maven-clean-plugin:2.5:clean (default-clean) @ migration-utils ---
[DEBUG] Created new class realm maven.api
[DEBUG] Importing foreign packages into class realm maven.api
[DEBUG]   Imported: org.apache.maven.wagon.events < plexus.core
[DEBUG]   Imported: org.eclipse.aether.impl < plexus.core
[DEBUG]   Imported: org.apache.maven.exception < plexus.core
[DEBUG]   Imported: org.codehaus.plexus.util.xml.Xpp3Dom < plexus.core
[DEBUG]   Imported: org.eclipse.aether.version < plexus.core
[DEBUG]   Imported: org.eclipse.aether.metadata < plexus.core
[DEBUG]   Imported: org.eclipse.aether.collection < plexus.core
[DEBUG]   Imported: org.apache.maven.monitor < plexus.core
[DEBUG]   Imported: org.apache.maven.wagon.repository < plexus.core
[DEBUG]   Imported: org.apache.maven.repository < plexus.core
[DEBUG]   Imported: org.apache.maven.wagon.resource < plexus.core
[DEBUG]   Imported: org.codehaus.plexus.logging < plexus.core
[DEBUG]   Imported: org.apache.maven.profiles < plexus.core
[DEBUG]   Imported: org.apache.maven.classrealm < plexus.core
[DEBUG]   Imported: org.eclipse.aether.artifact < plexus.core
[DEBUG]   Imported: org.apache.maven.execution < plexus.core
[DEBUG]   Imported: org.apache.maven.reporting < plexus.core
[DEBUG]   Imported: org.apache.maven.usability < plexus.core
[DEBUG]   Imported: org.codehaus.plexus.container < plexus.core
[DEBUG]   Imported: org.codehaus.plexus.component < plexus.core
[DEBUG]   Imported: org.eclipse.aether.transfer < plexus.core
[DEBUG]   Imported: org.apache.maven.wagon.authentication < plexus.core
[DEBUG]   Imported: org.codehaus.plexus.util.xml.pull.XmlSerializer < plexus.core
[DEBUG]   Imported: org.apache.maven.lifecycle < plexus.core
[DEBUG]   Imported: org.eclipse.aether.* < plexus.core
[DEBUG]   Imported: org.eclipse.aether.graph < plexus.core
[DEBUG]   Imported: org.codehaus.plexus.classworlds < plexus.core
[DEBUG]   Imported: org.eclipse.aether.internal.impl < plexus.core
[DEBUG]   Imported: org.eclipse.aether.repository < plexus.core
[DEBUG]   Imported: org.eclipse.aether.resolution < plexus.core
[DEBUG]   Imported: javax.inject.* < plexus.core
[DEBUG]   Imported: org.apache.maven.settings < plexus.core
[DEBUG]   Imported: org.codehaus.classworlds < plexus.core
[DEBUG]   Imported: org.apache.maven.wagon.* < plexus.core
[DEBUG]   Imported: org.apache.maven.toolchain < plexus.core
[DEBUG]   Imported: org.eclipse.aether.spi < plexus.core
[DEBUG]   Imported: org.apache.maven.wagon.observers < plexus.core
[DEBUG]   Imported: org.codehaus.plexus.util.xml.pull.XmlPullParserException < plexus.core
[DEBUG]   Imported: org.codehaus.plexus.util.xml.pull.XmlPullParser < plexus.core
[DEBUG]   Imported: org.apache.maven.configuration < plexus.core
[DEBUG]   Imported: org.apache.maven.cli < plexus.core
[DEBUG]   Imported: org.codehaus.plexus.context < plexus.core
[DEBUG]   Imported: org.apache.maven.wagon.authorization < plexus.core
[DEBUG]   Imported: org.apache.maven.project < plexus.core
[DEBUG]   Imported: org.eclipse.aether.installation < plexus.core
[DEBUG]   Imported: org.eclipse.aether.deployment < plexus.core
[DEBUG]   Imported: org.codehaus.plexus.lifecycle < plexus.core
[DEBUG]   Imported: org.apache.maven.rtinfo < plexus.core
[DEBUG]   Imported: org.codehaus.plexus.configuration < plexus.core
[DEBUG]   Imported: org.apache.maven.artifact < plexus.core
[DEBUG]   Imported: org.apache.maven.model < plexus.core
[DEBUG]   Imported: org.slf4j.* < plexus.core
[DEBUG]   Imported: javax.enterprise.inject.* < plexus.core
[DEBUG]   Imported: org.apache.maven.* < plexus.core
[DEBUG]   Imported: org.apache.maven.wagon.proxy < plexus.core
[DEBUG]   Imported: org.apache.maven.plugin < plexus.core
[DEBUG]   Imported: org.codehaus.plexus.* < plexus.core
[DEBUG]   Imported: org.codehaus.plexus.personality < plexus.core
[DEBUG] Populating class realm maven.api
[DEBUG] Dependency collection stats: {ConflictMarker.analyzeTime=0, ConflictMarker.markTime=0, ConflictMarker.nodeCount=3, ConflictIdSorter.graphTime=0, ConflictIdSorter.topsortTime=0, ConflictIdSorter.conflictIdCount=3, ConflictIdSorter.conflictIdCycleCount=0, ConflictResolver.totalTime=0, ConflictResolver.conflictItemCount=3, DefaultDependencyCollector.collectTime=36, DefaultDependencyCollector.transformTime=0}
[DEBUG] org.apache.maven.plugins:maven-clean-plugin:jar:2.5:
[DEBUG]    org.apache.maven:maven-plugin-api:jar:2.0.6:compile
[DEBUG]    org.codehaus.plexus:plexus-utils:jar:3.0:compile
[DEBUG] Created new class realm plugin>org.apache.maven.plugins:maven-clean-plugin:2.5
[DEBUG] Importing foreign packages into class realm plugin>org.apache.maven.plugins:maven-clean-plugin:2.5
[DEBUG]   Imported:  < maven.api
[DEBUG] Populating class realm plugin>org.apache.maven.plugins:maven-clean-plugin:2.5
[DEBUG]   Included: org.apache.maven.plugins:maven-clean-plugin:jar:2.5
[DEBUG]   Included: org.codehaus.plexus:plexus-utils:jar:3.0
[DEBUG]   Excluded: org.apache.maven:maven-plugin-api:jar:2.0.6
[DEBUG] Configuring mojo org.apache.maven.plugins:maven-clean-plugin:2.5:clean from plugin realm ClassRealm[plugin>org.apache.maven.plugins:maven-clean-plugin:2.5, parent: sun.misc.Launcher$AppClassLoader@5a74b10b]
[DEBUG] Configuring mojo 'org.apache.maven.plugins:maven-clean-plugin:2.5:clean' with basic configurator -->
[DEBUG]   (f) directory = /N/oak/home/nianma/fedora4/test/migration-utils/target
[DEBUG]   (f) excludeDefaultDirectories = false
[DEBUG]   (f) failOnError = true
[DEBUG]   (f) followSymLinks = false
[DEBUG]   (f) outputDirectory = /N/oak/home/nianma/fedora4/test/migration-utils/target/classes
[DEBUG]   (f) reportDirectory = /N/oak/home/nianma/fedora4/test/migration-utils/target/site
[DEBUG]   (f) retryOnError = true
[DEBUG]   (f) skip = false
[DEBUG]   (f) testOutputDirectory = /N/oak/home/nianma/fedora4/test/migration-utils/target/test-classes
[DEBUG] -- end configuration --
[INFO] Deleting /N/oak/home/nianma/fedora4/test/migration-utils/target
[INFO] Deleting directory /N/oak/home/nianma/fedora4/test/migration-utils/target/generated-sources/annotations
[INFO] Deleting directory /N/oak/home/nianma/fedora4/test/migration-utils/target/generated-sources
[INFO] Deleting file /N/oak/home/nianma/fedora4/test/migration-utils/target/classes/spring/migration-bean.xml.bk
[INFO] Deleting file /N/oak/home/nianma/fedora4/test/migration-utils/target/classes/spring/migration-bean.xml
[INFO] Deleting directory /N/oak/home/nianma/fedora4/test/migration-utils/target/classes/spring
[INFO] Deleting file /N/oak/home/nianma/fedora4/test/migration-utils/target/classes/org/fcrepo/migration/ObjectProperty.class
[INFO] Deleting file /N/oak/home/nianma/fedora4/test/migration-utils/target/classes/org/fcrepo/migration/ObjectReference.class
[INFO] Deleting file /N/oak/home/nianma/fedora4/test/migration-utils/target/classes/org/fcrepo/migration/handlers/ObjectAbstractionStreamingFedoraObjectHandler$1.class
[INFO] Deleting file /N/oak/home/nianma/fedora4/test/migration-utils/target/classes/org/fcrepo/migration/handlers/VersionAbstractionFedoraObjectHandler.class
[INFO] Deleting file /N/oak/home/nianma/fedora4/test/migration-utils/target/classes/org/fcrepo/migration/handlers/BasicObjectVersionHandler.class
[INFO] Deleting file /N/oak/home/nianma/fedora4/test/migration-utils/target/classes/org/fcrepo/migration/handlers/ObjectAbstractionStreamingFedoraObjectHandler.class
[INFO] Deleting file /N/oak/home/nianma/fedora4/test/migration-utils/target/classes/org/fcrepo/migration/handlers/VersionAbstractionFedoraObjectHandler$1.class
[INFO] Deleting file /N/oak/home/nianma/fedora4/test/migration-utils/target/classes/org/fcrepo/migration/handlers/ConsoleLoggingStreamingFedoraObjectHandler.class
[INFO] Deleting directory /N/oak/home/nianma/fedora4/test/migration-utils/target/classes/org/fcrepo/migration/handlers
[INFO] Deleting file /N/oak/home/nianma/fedora4/test/migration-utils/target/classes/org/fcrepo/migration/FedoraObjectVersionHandler.class
[INFO] Deleting file /N/oak/home/nianma/fedora4/test/migration-utils/target/classes/org/fcrepo/migration/ObjectProperties.class
[INFO] Deleting file /N/oak/home/nianma/fedora4/test/migration-utils/target/classes/org/fcrepo/migration/FedoraObjectHandler.class
[INFO] Deleting file /N/oak/home/nianma/fedora4/test/migration-utils/target/classes/org/fcrepo/migration/idmapers/SimpleIDMapper.class
[INFO] Deleting directory /N/oak/home/nianma/fedora4/test/migration-utils/target/classes/org/fcrepo/migration/idmapers
[INFO] Deleting file /N/oak/home/nianma/fedora4/test/migration-utils/target/classes/org/fcrepo/migration/Migrator.class
[INFO] Deleting file /N/oak/home/nianma/fedora4/test/migration-utils/target/classes/org/fcrepo/migration/foxml11/InternalIDResolver.class
[INFO] Deleting file /N/oak/home/nianma/fedora4/test/migration-utils/target/classes/org/fcrepo/migration/foxml11/URLCachedContent.class
[INFO] Deleting file /N/oak/home/nianma/fedora4/test/migration-utils/target/classes/org/fcrepo/migration/foxml11/CachedContent.class
[INFO] Deleting file /N/oak/home/nianma/fedora4/test/migration-utils/target/classes/org/fcrepo/migration/foxml11/Foxml11InputStreamFedoraObjectProcessor$Foxml11DatastreamInfo.class
[INFO] Deleting file /N/oak/home/nianma/fedora4/test/migration-utils/target/classes/org/fcrepo/migration/foxml11/Foxml11ObjectProperties.class
[INFO] Deleting file /N/oak/home/nianma/fedora4/test/migration-utils/target/classes/org/fcrepo/migration/foxml11/Foxml11InputStreamFedoraObjectProcessor.class
[INFO] Deleting file /N/oak/home/nianma/fedora4/test/migration-utils/target/classes/org/fcrepo/migration/foxml11/MemoryCachedContent.class
[INFO] Deleting file /N/oak/home/nianma/fedora4/test/migration-utils/target/classes/org/fcrepo/migration/foxml11/URLFetcher.class
[INFO] Deleting file /N/oak/home/nianma/fedora4/test/migration-utils/target/classes/org/fcrepo/migration/foxml11/Foxml11ObjectProperty.class
[INFO] Deleting file /N/oak/home/nianma/fedora4/test/migration-utils/target/classes/org/fcrepo/migration/foxml11/FoxmlDirectoryDFSIterator.class
[INFO] Deleting file /N/oak/home/nianma/fedora4/test/migration-utils/target/classes/org/fcrepo/migration/foxml11/HttpClientURLFetcher.class
[INFO] Deleting file /N/oak/home/nianma/fedora4/test/migration-utils/target/classes/org/fcrepo/migration/foxml11/DirectoryScanningIDResolver.class
[INFO] Deleting file /N/oak/home/nianma/fedora4/test/migration-utils/target/classes/org/fcrepo/migration/foxml11/FileCachedContent.class
[INFO] Deleting file /N/oak/home/nianma/fedora4/test/migration-utils/target/classes/org/fcrepo/migration/foxml11/DC.class
[INFO] Deleting file /N/oak/home/nianma/fedora4/test/migration-utils/target/classes/org/fcrepo/migration/foxml11/ArchiveExportedFoxmlDirectoryObjectSource.class
[INFO] Deleting file /N/oak/home/nianma/fedora4/test/migration-utils/target/classes/org/fcrepo/migration/foxml11/NativeFoxmlDirectoryObjectSource.class
[INFO] Deleting file /N/oak/home/nianma/fedora4/test/migration-utils/target/classes/org/fcrepo/migration/foxml11/Foxml11InputStreamFedoraObjectProcessor$Foxml11DatastreamVersion.class
[INFO] Deleting directory /N/oak/home/nianma/fedora4/test/migration-utils/target/classes/org/fcrepo/migration/foxml11
[INFO] Deleting file /N/oak/home/nianma/fedora4/test/migration-utils/target/classes/org/fcrepo/migration/FedoraObjectProcessor.class
[INFO] Deleting file /N/oak/home/nianma/fedora4/test/migration-utils/target/classes/org/fcrepo/migration/DefaultObjectInfo.class
[INFO] Deleting file /N/oak/home/nianma/fedora4/test/migration-utils/target/classes/org/fcrepo/migration/ObjectVersionReference.class
[INFO] Deleting file /N/oak/home/nianma/fedora4/test/migration-utils/target/classes/org/fcrepo/migration/DatastreamVersion.class
[INFO] Deleting file /N/oak/home/nianma/fedora4/test/migration-utils/target/classes/org/fcrepo/migration/MigrationIDMapper.class
[INFO] Deleting file /N/oak/home/nianma/fedora4/test/migration-utils/target/classes/org/fcrepo/migration/ObjectSource.class
[INFO] Deleting file /N/oak/home/nianma/fedora4/test/migration-utils/target/classes/org/fcrepo/migration/ContentDigest.class
[INFO] Deleting file /N/oak/home/nianma/fedora4/test/migration-utils/target/classes/org/fcrepo/migration/DatastreamInfo.class
[INFO] Deleting file /N/oak/home/nianma/fedora4/test/migration-utils/target/classes/org/fcrepo/migration/ObjectInfo.class
[INFO] Deleting file /N/oak/home/nianma/fedora4/test/migration-utils/target/classes/org/fcrepo/migration/DefaultContentDigest.class
[INFO] Deleting file /N/oak/home/nianma/fedora4/test/migration-utils/target/classes/org/fcrepo/migration/StreamingFedoraObjectHandler.class
[INFO] Deleting directory /N/oak/home/nianma/fedora4/test/migration-utils/target/classes/org/fcrepo/migration
[INFO] Deleting directory /N/oak/home/nianma/fedora4/test/migration-utils/target/classes/org/fcrepo
[INFO] Deleting directory /N/oak/home/nianma/fedora4/test/migration-utils/target/classes/org
[INFO] Deleting file /N/oak/home/nianma/fedora4/test/migration-utils/target/classes/logback.xml
[INFO] Deleting directory /N/oak/home/nianma/fedora4/test/migration-utils/target/classes
[INFO] Deleting file /N/oak/home/nianma/fedora4/test/migration-utils/target/work/index/_d_Lucene41_0.tim
[INFO] Deleting file /N/oak/home/nianma/fedora4/test/migration-utils/target/work/index/_d.fdt
[INFO] Deleting file /N/oak/home/nianma/fedora4/test/migration-utils/target/work/index/_1l.fnm
[INFO] Deleting file /N/oak/home/nianma/fedora4/test/migration-utils/target/work/index/_1m.cfs
[INFO] Deleting file /N/oak/home/nianma/fedora4/test/migration-utils/target/work/index/_1l.fdt
[INFO] Deleting file /N/oak/home/nianma/fedora4/test/migration-utils/target/work/index/_2t_Lucene41_0.tip
[INFO] Deleting file /N/oak/home/nianma/fedora4/test/migration-utils/target/work/index/_2s.cfe
[INFO] Deleting file /N/oak/home/nianma/fedora4/test/migration-utils/target/work/index/_27_Lucene41_0.tip
[INFO] Deleting file /N/oak/home/nianma/fedora4/test/migration-utils/target/work/index/_1k.cfe
[INFO] Deleting file /N/oak/home/nianma/fedora4/test/migration-utils/target/work/index/_1w.si
[INFO] Deleting file /N/oak/home/nianma/fedora4/test/migration-utils/target/work/index/_d.fnm
[INFO] Deleting file /N/oak/home/nianma/fedora4/test/migration-utils/target/work/index/_27.fnm
[INFO] Deleting file /N/oak/home/nianma/fedora4/test/migration-utils/target/work/index/_1k.cfs
[INFO] Deleting file /N/oak/home/nianma/fedora4/test/migration-utils/target/work/index/_1a.si
[INFO] Deleting file /N/oak/home/nianma/fedora4/test/migration-utils/target/work/index/_27.fdt
[INFO] Deleting file /N/oak/home/nianma/fedora4/test/migration-utils/target/work/index/_1a.fdx
[INFO] Deleting file /N/oak/home/nianma/fedora4/test/migration-utils/target/work/index/_1l_Lucene41_0.doc
[INFO] Deleting file /N/oak/home/nianma/fedora4/test/migration-utils/target/work/index/_2i.fdt
[INFO] Deleting file /N/oak/home/nianma/fedora4/test/migration-utils/target/work/index/_1a.fdt
[INFO] Deleting file /N/oak/home/nianma/fedora4/test/migration-utils/target/work/index/_o.fdt
[INFO] Deleting file /N/oak/home/nianma/fedora4/test/migration-utils/target/work/index/_2t.fdt
[INFO] Deleting file /N/oak/home/nianma/fedora4/test/migration-utils/target/work/index/segments.gen
[INFO] Deleting file /N/oak/home/nianma/fedora4/test/migration-utils/target/work/index/_2i_Lucene41_0.tim
[INFO] Deleting file /N/oak/home/nianma/fedora4/test/migration-utils/target/work/index/_2t.si
[INFO] Deleting file /N/oak/home/nianma/fedora4/test/migration-utils/target/work/index/_2i.fnm
[INFO] Deleting file /N/oak/home/nianma/fedora4/test/migration-utils/target/work/index/_1l_Lucene41_0.tip
[INFO] Deleting file /N/oak/home/nianma/fedora4/test/migration-utils/target/work/index/_o.si
[INFO] Deleting file /N/oak/home/nianma/fedora4/test/migration-utils/target/work/index/_1a.fnm
[INFO] Deleting file /N/oak/home/nianma/fedora4/test/migration-utils/target/work/index/_z_Lucene41_0.tim
[INFO] Deleting file /N/oak/home/nianma/fedora4/test/migration-utils/target/work/index/_1w_Lucene41_0.doc
[INFO] Deleting file /N/oak/home/nianma/fedora4/test/migration-utils/target/work/index/_1l_Lucene41_0.tim
[INFO] Deleting file /N/oak/home/nianma/fedora4/test/migration-utils/target/work/index/write.lock
[INFO] Deleting file /N/oak/home/nianma/fedora4/test/migration-utils/target/work/index/_o_Lucene41_0.doc
[INFO] Deleting file /N/oak/home/nianma/fedora4/test/migration-utils/target/work/index/_1l.si
[INFO] Deleting file /N/oak/home/nianma/fedora4/test/migration-utils/target/work/index/_z_Lucene41_0.tip
[INFO] Deleting file /N/oak/home/nianma/fedora4/test/migration-utils/target/work/index/_2i_Lucene41_0.doc
[INFO] Deleting file /N/oak/home/nianma/fedora4/test/migration-utils/target/work/index/_z.fdx
[INFO] Deleting file /N/oak/home/nianma/fedora4/test/migration-utils/target/work/index/_d.si
[INFO] Deleting file /N/oak/home/nianma/fedora4/test/migration-utils/target/work/index/_1w.fnm
[INFO] Deleting file /N/oak/home/nianma/fedora4/test/migration-utils/target/work/index/_1m.cfe
[INFO] Deleting file /N/oak/home/nianma/fedora4/test/migration-utils/target/work/index/_z_Lucene41_0.doc
[INFO] Deleting file /N/oak/home/nianma/fedora4/test/migration-utils/target/work/index/_d_Lucene41_0.doc
[INFO] Deleting file /N/oak/home/nianma/fedora4/test/migration-utils/target/work/index/_27.si
[INFO] Deleting file /N/oak/home/nianma/fedora4/test/migration-utils/target/work/index/_o.fdx
[INFO] Deleting file /N/oak/home/nianma/fedora4/test/migration-utils/target/work/index/_d.fdx
[INFO] Deleting file /N/oak/home/nianma/fedora4/test/migration-utils/target/work/index/_1w_Lucene41_0.tip
[INFO] Deleting file /N/oak/home/nianma/fedora4/test/migration-utils/target/work/index/_27_Lucene41_0.tim
[INFO] Deleting file /N/oak/home/nianma/fedora4/test/migration-utils/target/work/index/_27.fdx
[INFO] Deleting file /N/oak/home/nianma/fedora4/test/migration-utils/target/work/index/_2t_Lucene41_0.doc
[INFO] Deleting file /N/oak/home/nianma/fedora4/test/migration-utils/target/work/index/_2i.si
[INFO] Deleting file /N/oak/home/nianma/fedora4/test/migration-utils/target/work/index/_1a_Lucene41_0.doc
[INFO] Deleting file /N/oak/home/nianma/fedora4/test/migration-utils/target/work/index/_2s.cfs
[INFO] Deleting file /N/oak/home/nianma/fedora4/test/migration-utils/target/work/index/_2t.fdx
[INFO] Deleting file /N/oak/home/nianma/fedora4/test/migration-utils/target/work/index/_2t_Lucene41_0.tim
[INFO] Deleting file /N/oak/home/nianma/fedora4/test/migration-utils/target/work/index/_d_Lucene41_0.tip
[INFO] Deleting file /N/oak/home/nianma/fedora4/test/migration-utils/target/work/index/_1w.fdx
[INFO] Deleting file /N/oak/home/nianma/fedora4/test/migration-utils/target/work/index/_o.fnm
[INFO] Deleting file /N/oak/home/nianma/fedora4/test/migration-utils/target/work/index/_1l.fdx
[INFO] Deleting file /N/oak/home/nianma/fedora4/test/migration-utils/target/work/index/_2i_Lucene41_0.tip
[INFO] Deleting file /N/oak/home/nianma/fedora4/test/migration-utils/target/work/index/_1w.fdt
[INFO] Deleting file /N/oak/home/nianma/fedora4/test/migration-utils/target/work/index/_2s.si
[INFO] Deleting file /N/oak/home/nianma/fedora4/test/migration-utils/target/work/index/_2i.fdx
[INFO] Deleting file /N/oak/home/nianma/fedora4/test/migration-utils/target/work/index/_z.fnm
[INFO] Deleting file /N/oak/home/nianma/fedora4/test/migration-utils/target/work/index/_1w_Lucene41_0.tim
[INFO] Deleting file /N/oak/home/nianma/fedora4/test/migration-utils/target/work/index/_1m.si
[INFO] Deleting file /N/oak/home/nianma/fedora4/test/migration-utils/target/work/index/_z.si
[INFO] Deleting file /N/oak/home/nianma/fedora4/test/migration-utils/target/work/index/segments_2
[INFO] Deleting file /N/oak/home/nianma/fedora4/test/migration-utils/target/work/index/_1a_Lucene41_0.tip
[INFO] Deleting file /N/oak/home/nianma/fedora4/test/migration-utils/target/work/index/_1k.si
[INFO] Deleting file /N/oak/home/nianma/fedora4/test/migration-utils/target/work/index/_o_Lucene41_0.tip
[INFO] Deleting file /N/oak/home/nianma/fedora4/test/migration-utils/target/work/index/_1a_Lucene41_0.tim
[INFO] Deleting file /N/oak/home/nianma/fedora4/test/migration-utils/target/work/index/_o_Lucene41_0.tim
[INFO] Deleting file /N/oak/home/nianma/fedora4/test/migration-utils/target/work/index/_27_Lucene41_0.doc
[INFO] Deleting file /N/oak/home/nianma/fedora4/test/migration-utils/target/work/index/_z.fdt
[INFO] Deleting file /N/oak/home/nianma/fedora4/test/migration-utils/target/work/index/_2t.fnm
[INFO] Deleting directory /N/oak/home/nianma/fedora4/test/migration-utils/target/work/index
[INFO] Deleting directory /N/oak/home/nianma/fedora4/test/migration-utils/target/work
[INFO] Deleting directory /N/oak/home/nianma/fedora4/test/migration-utils/target
[DEBUG] Skipping non-existing directory /N/oak/home/nianma/fedora4/test/migration-utils/target/classes
[DEBUG] Skipping non-existing directory /N/oak/home/nianma/fedora4/test/migration-utils/target/test-classes
[DEBUG] Skipping non-existing directory /N/oak/home/nianma/fedora4/test/migration-utils/target/site
[INFO] 
[INFO] --- maven-resources-plugin:2.6:resources (default-resources) @ migration-utils ---
[DEBUG] Dependency collection stats: {ConflictMarker.analyzeTime=0, ConflictMarker.markTime=1, ConflictMarker.nodeCount=77, ConflictIdSorter.graphTime=0, ConflictIdSorter.topsortTime=0, ConflictIdSorter.conflictIdCount=26, ConflictIdSorter.conflictIdCycleCount=0, ConflictResolver.totalTime=3, ConflictResolver.conflictItemCount=74, DefaultDependencyCollector.collectTime=283, DefaultDependencyCollector.transformTime=4}
[DEBUG] org.apache.maven.plugins:maven-resources-plugin:jar:2.6:
[DEBUG]    org.apache.maven:maven-plugin-api:jar:2.0.6:compile
[DEBUG]    org.apache.maven:maven-project:jar:2.0.6:compile
[DEBUG]       org.apache.maven:maven-profile:jar:2.0.6:compile
[DEBUG]       org.apache.maven:maven-artifact-manager:jar:2.0.6:compile
[DEBUG]       org.apache.maven:maven-plugin-registry:jar:2.0.6:compile
[DEBUG]    org.apache.maven:maven-core:jar:2.0.6:compile
[DEBUG]       org.apache.maven:maven-plugin-parameter-documenter:jar:2.0.6:compile
[DEBUG]       org.apache.maven.reporting:maven-reporting-api:jar:2.0.6:compile
[DEBUG]          org.apache.maven.doxia:doxia-sink-api:jar:1.0-alpha-7:compile
[DEBUG]       org.apache.maven:maven-repository-metadata:jar:2.0.6:compile
[DEBUG]       org.apache.maven:maven-error-diagnostics:jar:2.0.6:compile
[DEBUG]       commons-cli:commons-cli:jar:1.0:compile
[DEBUG]       org.apache.maven:maven-plugin-descriptor:jar:2.0.6:compile
[DEBUG]       org.codehaus.plexus:plexus-interactivity-api:jar:1.0-alpha-4:compile
[DEBUG]       classworlds:classworlds:jar:1.1:compile
[DEBUG]    org.apache.maven:maven-artifact:jar:2.0.6:compile
[DEBUG]    org.apache.maven:maven-settings:jar:2.0.6:compile
[DEBUG]    org.apache.maven:maven-model:jar:2.0.6:compile
[DEBUG]    org.apache.maven:maven-monitor:jar:2.0.6:compile
[DEBUG]    org.codehaus.plexus:plexus-container-default:jar:1.0-alpha-9-stable-1:compile
[DEBUG]       junit:junit:jar:3.8.1:compile
[DEBUG]    org.codehaus.plexus:plexus-utils:jar:2.0.5:compile
[DEBUG]    org.apache.maven.shared:maven-filtering:jar:1.1:compile
[DEBUG]       org.sonatype.plexus:plexus-build-api:jar:0.0.4:compile
[DEBUG]    org.codehaus.plexus:plexus-interpolation:jar:1.13:compile
[DEBUG] Created new class realm plugin>org.apache.maven.plugins:maven-resources-plugin:2.6
[DEBUG] Importing foreign packages into class realm plugin>org.apache.maven.plugins:maven-resources-plugin:2.6
[DEBUG]   Imported:  < maven.api
[DEBUG] Populating class realm plugin>org.apache.maven.plugins:maven-resources-plugin:2.6
[DEBUG]   Included: org.apache.maven.plugins:maven-resources-plugin:jar:2.6
[DEBUG]   Included: org.apache.maven.reporting:maven-reporting-api:jar:2.0.6
[DEBUG]   Included: org.apache.maven.doxia:doxia-sink-api:jar:1.0-alpha-7
[DEBUG]   Included: commons-cli:commons-cli:jar:1.0
[DEBUG]   Included: org.codehaus.plexus:plexus-interactivity-api:jar:1.0-alpha-4
[DEBUG]   Included: junit:junit:jar:3.8.1
[DEBUG]   Included: org.codehaus.plexus:plexus-utils:jar:2.0.5
[DEBUG]   Included: org.apache.maven.shared:maven-filtering:jar:1.1
[DEBUG]   Included: org.sonatype.plexus:plexus-build-api:jar:0.0.4
[DEBUG]   Included: org.codehaus.plexus:plexus-interpolation:jar:1.13
[DEBUG]   Excluded: org.apache.maven:maven-plugin-api:jar:2.0.6
[DEBUG]   Excluded: org.apache.maven:maven-project:jar:2.0.6
[DEBUG]   Excluded: org.apache.maven:maven-profile:jar:2.0.6
[DEBUG]   Excluded: org.apache.maven:maven-artifact-manager:jar:2.0.6
[DEBUG]   Excluded: org.apache.maven:maven-plugin-registry:jar:2.0.6
[DEBUG]   Excluded: org.apache.maven:maven-core:jar:2.0.6
[DEBUG]   Excluded: org.apache.maven:maven-plugin-parameter-documenter:jar:2.0.6
[DEBUG]   Excluded: org.apache.maven:maven-repository-metadata:jar:2.0.6
[DEBUG]   Excluded: org.apache.maven:maven-error-diagnostics:jar:2.0.6
[DEBUG]   Excluded: org.apache.maven:maven-plugin-descriptor:jar:2.0.6
[DEBUG]   Excluded: classworlds:classworlds:jar:1.1
[DEBUG]   Excluded: org.apache.maven:maven-artifact:jar:2.0.6
[DEBUG]   Excluded: org.apache.maven:maven-settings:jar:2.0.6
[DEBUG]   Excluded: org.apache.maven:maven-model:jar:2.0.6
[DEBUG]   Excluded: org.apache.maven:maven-monitor:jar:2.0.6
[DEBUG]   Excluded: org.codehaus.plexus:plexus-container-default:jar:1.0-alpha-9-stable-1
[DEBUG] Configuring mojo org.apache.maven.plugins:maven-resources-plugin:2.6:resources from plugin realm ClassRealm[plugin>org.apache.maven.plugins:maven-resources-plugin:2.6, parent: sun.misc.Launcher$AppClassLoader@5a74b10b]
[DEBUG] Configuring mojo 'org.apache.maven.plugins:maven-resources-plugin:2.6:resources' with basic configurator -->
[DEBUG]   (f) buildFilters = []
[DEBUG]   (f) encoding = UTF-8
[DEBUG]   (f) escapeWindowsPaths = true
[DEBUG]   (s) includeEmptyDirs = false
[DEBUG]   (s) outputDirectory = /N/oak/home/nianma/fedora4/test/migration-utils/target/classes
[DEBUG]   (s) overwrite = false
[DEBUG]   (f) project = MavenProject: org.fcrepo.migration:migration-utils:4.1.2-SNAPSHOT @ /N/oak/home/nianma/fedora4/test/migration-utils/pom.xml
[DEBUG]   (s) resources = [Resource {targetPath: null, filtering: false, FileSet {directory: /N/oak/home/nianma/fedora4/test/migration-utils/src/main/resources, PatternSet [includes: {}, excludes: {}]}}]
[DEBUG]   (f) session = org.apache.maven.execution.MavenSession@5460492a
[DEBUG]   (f) supportMultiLineFiltering = false
[DEBUG]   (f) useBuildFilters = true
[DEBUG]   (s) useDefaultDelimiters = true
[DEBUG] -- end configuration --
[DEBUG] properties used {java.vendor=Oracle Corporation, env.SELINUX_USE_CURRENT_RANGE=, env.LESSOPEN=||/usr/bin/lesspipe.sh %s, exec.mainClass=org.fcrepo.migration.Migrator, sun.java.launcher=SUN_STANDARD, sun.management.compiler=HotSpot 64-Bit Tiered Compilers, os.name=Linux, sun.boot.class.path=/N/oak/home/nianma/applications/jdk1.7.0_45/jre/lib/resources.jar:/N/oak/home/nianma/applications/jdk1.7.0_45/jre/lib/rt.jar:/N/oak/home/nianma/applications/jdk1.7.0_45/jre/lib/sunrsasign.jar:/N/oak/home/nianma/applications/jdk1.7.0_45/jre/lib/jsse.jar:/N/oak/home/nianma/applications/jdk1.7.0_45/jre/lib/jce.jar:/N/oak/home/nianma/applications/jdk1.7.0_45/jre/lib/charsets.jar:/N/oak/home/nianma/applications/jdk1.7.0_45/jre/lib/jfr.jar:/N/oak/home/nianma/applications/jdk1.7.0_45/jre/classes, env.PWD=/home/nianma/fedora4/test/migration-utils, env.LANG=en_US.UTF-8, java.vm.specification.vendor=Oracle Corporation, java.runtime.version=1.7.0_45-b18, env.HISTSIZE=1000, project.build.sourceEncoding=UTF-8, user.name=nianma, maven.build.version=Apache Maven 3.1.1 (0728685237757ffbf44136acec0402957f723d9a; 2013-09-17 11:22:22-0400), env.USER=nianma, env.HISTCONTROL=ignoredups, env.SHELL=/bin/bash, env.QTLIB=/usr/lib64/qt-3.3/lib, env.SSH_TTY=/dev/pts/0, env.NLSPATH=/usr/dt/lib/nls/msg/%L/%N.cat, env.PATH=/usr/lib64/qt-3.3/bin:/usr/local/bin:/bin:/usr/bin:/usr/local/sbin:/usr/sbin:/sbin:/home/nianma/bin:/home/nianma/applications/apache-ant-1.8.1//bin:/home/nianma/applications/apache-maven-3.1.1//bin:/home/nianma/applications/java/bin, user.language=en, sun.boot.library.path=/N/oak/home/nianma/applications/jdk1.7.0_45/jre/lib/amd64, classworlds.conf=/home/nianma/applications/apache-maven-3.1.1//bin/m2.conf, env.SSH_CONNECTION=129.79.34.124 60924 156.56.241.85 22, java.version=1.7.0_45, env.SSH_CLIENT=129.79.34.124 60924 22, user.timezone=America/Indianapolis, sun.arch.data.model=64, env.SELINUX_ROLE_REQUESTED=, java.endorsed.dirs=/N/oak/home/nianma/applications/jdk1.7.0_45/jre/lib/endorsed, sun.cpu.isalist=, sun.jnu.encoding=UTF-8, file.encoding.pkg=sun.io, env.SHLVL=1, file.separator=/, env.HOSTNAME=redbud.dlib.indiana.edu, java.specification.name=Java Platform API Specification, env.QTDIR=/usr/lib64/qt-3.3, java.class.version=51.0, org.slf4j.simpleLogger.defaultLogLevel=debug, user.country=US, java.home=/N/oak/home/nianma/applications/jdk1.7.0_45/jre, java.vm.info=mixed mode, env.KRB5CCNAME=FILE:/tmp/krb5cc_714388_DHIWZ6, env.LOGNAME=nianma, os.version=2.6.32-279.1.1.el6.x86_64, project_name=migration-utils, env.G_BROKEN_FILENAMES=1, path.separator=:, java.vm.version=24.45-b08, env.QTINC=/usr/lib64/qt-3.3/include, env.JAVA_HOME=/home/nianma/applications/java, java.awt.printerjob=sun.print.PSPrinterJob, env.TERM=xterm, sun.io.unicode.encoding=UnicodeLittle, awt.toolkit=sun.awt.X11.XToolkit, env.XMODIFIERS=@im=none, user.home=/home/nianma, java.specification.vendor=Oracle Corporation, env.M2_HOME=/home/nianma/applications/apache-maven-3.1.1/, java.library.path=/usr/java/packages/lib/amd64:/usr/lib64:/lib64:/lib:/usr/lib, java.vendor.url=http://java.oracle.com/, java.vm.vendor=Oracle Corporation, maven.home=/home/nianma/applications/apache-maven-3.1.1, java.runtime.name=Java(TM) SE Runtime Environment, sun.java.command=org.codehaus.plexus.classworlds.launcher.Launcher clean compile exec:java -X -Dexec.mainClass=org.fcrepo.migration.Migrator, java.class.path=/home/nianma/applications/apache-maven-3.1.1//boot/plexus-classworlds-2.5.1.jar, jena.version=2.12.1, maven.version=3.1.1, env.CVS_RSH=ssh, env.XFILESEARCHPATH=/usr/dt/app-defaults/%L/Dt, java.vm.specification.name=Java Virtual Machine Specification, java.vm.specification.version=1.7, sun.cpu.endian=little, sun.os.patch.level=unknown, env.HOME=/home/nianma, env.ANT_HOME=/home/nianma/applications/apache-ant-1.8.1/, env.LS_COLORS=rs=0:di=01;34:ln=01;36:mh=00:pi=40;33:so=01;35:do=01;35:bd=40;33;01:cd=40;33;01:or=40;31;01:mi=01;05;37;41:su=37;41:sg=30;43:ca=30;41:tw=30;42:ow=34;42:st=37;44:ex=01;32:*.tar=01;31:*.tgz=01;31:*.arj=01;31:*.taz=01;31:*.lzh=01;31:*.lzma=01;31:*.tlz=01;31:*.txz=01;31:*.zip=01;31:*.z=01;31:*.Z=01;31:*.dz=01;31:*.gz=01;31:*.lz=01;31:*.xz=01;31:*.bz2=01;31:*.tbz=01;31:*.tbz2=01;31:*.bz=01;31:*.tz=01;31:*.deb=01;31:*.rpm=01;31:*.jar=01;31:*.rar=01;31:*.ace=01;31:*.zoo=01;31:*.cpio=01;31:*.7z=01;31:*.rz=01;31:*.jpg=01;35:*.jpeg=01;35:*.gif=01;35:*.bmp=01;35:*.pbm=01;35:*.pgm=01;35:*.ppm=01;35:*.tga=01;35:*.xbm=01;35:*.xpm=01;35:*.tif=01;35:*.tiff=01;35:*.png=01;35:*.svg=01;35:*.svgz=01;35:*.mng=01;35:*.pcx=01;35:*.mov=01;35:*.mpg=01;35:*.mpeg=01;35:*.m2v=01;35:*.mkv=01;35:*.ogm=01;35:*.mp4=01;35:*.m4v=01;35:*.mp4v=01;35:*.vob=01;35:*.qt=01;35:*.nuv=01;35:*.wmv=01;35:*.asf=01;35:*.rm=01;35:*.rmvb=01;35:*.flc=01;35:*.avi=01;35:*.fli=01;35:*.flv=01;35:*.gl=01;35:*.dl=01;35:*.xcf=01;35:*.xwd=01;35:*.yuv=01;35:*.cgm=01;35:*.emf=01;35:*.axv=01;35:*.anx=01;35:*.ogv=01;35:*.ogx=01;35:*.aac=01;36:*.au=01;36:*.flac=01;36:*.mid=01;36:*.midi=01;36:*.mka=01;36:*.mp3=01;36:*.mpc=01;36:*.ogg=01;36:*.ra=01;36:*.wav=01;36:*.axa=01;36:*.oga=01;36:*.spx=01;36:*.xspf=01;36:, java.io.tmpdir=/tmp, java.vendor.url.bug=http://bugreport.sun.com/bugreport/, env.MAVEN_OPTS=-Xmx512m -XX:MaxPermSize=256m, os.arch=amd64, java.awt.graphicsenv=sun.awt.X11GraphicsEnvironment, java.ext.dirs=/N/oak/home/nianma/applications/jdk1.7.0_45/jre/lib/ext:/usr/java/packages/lib/ext, user.dir=/N/oak/home/nianma/fedora4/test/migration-utils, line.separator=
, java.vm.name=Java HotSpot(TM) 64-Bit Server VM, env.SELINUX_LEVEL_REQUESTED=, spring.version=4.1.1.RELEASE, env.MAIL=/var/spool/mail/nianma, file.encoding=UTF-8, java.specification.version=1.7, env.SSH_ASKPASS=/usr/libexec/openssh/gnome-ssh-askpass}
[INFO] Using 'UTF-8' encoding to copy filtered resources.
[DEBUG] resource with targetPath null
directory /N/oak/home/nianma/fedora4/test/migration-utils/src/main/resources
excludes []
includes []
[DEBUG] ignoreDelta true
[INFO] Copying 3 resources
[DEBUG] file logback.xml has a filtered file extension
[DEBUG] copy /N/oak/home/nianma/fedora4/test/migration-utils/src/main/resources/logback.xml to /N/oak/home/nianma/fedora4/test/migration-utils/target/classes/logback.xml
[DEBUG] file migration-bean.xml has a filtered file extension
[DEBUG] copy /N/oak/home/nianma/fedora4/test/migration-utils/src/main/resources/spring/migration-bean.xml to /N/oak/home/nianma/fedora4/test/migration-utils/target/classes/spring/migration-bean.xml
[DEBUG] file migration-bean.xml.bk has a filtered file extension
[DEBUG] copy /N/oak/home/nianma/fedora4/test/migration-utils/src/main/resources/spring/migration-bean.xml.bk to /N/oak/home/nianma/fedora4/test/migration-utils/target/classes/spring/migration-bean.xml.bk
[DEBUG] no use filter components
[INFO] 
[INFO] --- maven-compiler-plugin:2.5.1:compile (default-compile) @ migration-utils ---
[DEBUG] Dependency collection stats: {ConflictMarker.analyzeTime=1, ConflictMarker.markTime=0, ConflictMarker.nodeCount=106, ConflictIdSorter.graphTime=1, ConflictIdSorter.topsortTime=0, ConflictIdSorter.conflictIdCount=27, ConflictIdSorter.conflictIdCycleCount=0, ConflictResolver.totalTime=2, ConflictResolver.conflictItemCount=53, DefaultDependencyCollector.collectTime=141, DefaultDependencyCollector.transformTime=4}
[DEBUG] org.apache.maven.plugins:maven-compiler-plugin:jar:2.5.1:
[DEBUG]    org.apache.maven:maven-plugin-api:jar:2.0.9:compile
[DEBUG]    org.apache.maven:maven-artifact:jar:2.0.9:compile
[DEBUG]    org.apache.maven:maven-core:jar:2.0.9:compile
[DEBUG]       org.apache.maven:maven-settings:jar:2.0.9:compile
[DEBUG]       org.apache.maven:maven-plugin-parameter-documenter:jar:2.0.9:compile
[DEBUG]       org.apache.maven:maven-profile:jar:2.0.9:compile
[DEBUG]       org.apache.maven:maven-model:jar:2.0.9:compile
[DEBUG]       org.apache.maven:maven-repository-metadata:jar:2.0.9:compile
[DEBUG]       org.apache.maven:maven-error-diagnostics:jar:2.0.9:compile
[DEBUG]       org.apache.maven:maven-project:jar:2.0.9:compile
[DEBUG]          org.apache.maven:maven-plugin-registry:jar:2.0.9:compile
[DEBUG]       org.apache.maven:maven-plugin-descriptor:jar:2.0.9:compile
[DEBUG]       org.apache.maven:maven-artifact-manager:jar:2.0.9:compile
[DEBUG]       org.apache.maven:maven-monitor:jar:2.0.9:compile
[DEBUG]    org.apache.maven:maven-toolchain:jar:1.0:compile
[DEBUG]    org.codehaus.plexus:plexus-utils:jar:3.0:compile
[DEBUG]    org.codehaus.plexus:plexus-compiler-api:jar:1.9.1:compile
[DEBUG]    org.codehaus.plexus:plexus-compiler-manager:jar:1.9.1:compile
[DEBUG]    org.codehaus.plexus:plexus-compiler-javac:jar:1.9.1:runtime
[DEBUG]    org.codehaus.plexus:plexus-container-default:jar:1.0-alpha-9-stable-1:compile
[DEBUG]       junit:junit:jar:3.8.1:compile
[DEBUG]       classworlds:classworlds:jar:1.1-alpha-2:compile
[DEBUG] Created new class realm plugin>org.apache.maven.plugins:maven-compiler-plugin:2.5.1
[DEBUG] Importing foreign packages into class realm plugin>org.apache.maven.plugins:maven-compiler-plugin:2.5.1
[DEBUG]   Imported:  < maven.api
[DEBUG] Populating class realm plugin>org.apache.maven.plugins:maven-compiler-plugin:2.5.1
[DEBUG]   Included: org.apache.maven.plugins:maven-compiler-plugin:jar:2.5.1
[DEBUG]   Included: org.codehaus.plexus:plexus-utils:jar:3.0
[DEBUG]   Included: org.codehaus.plexus:plexus-compiler-api:jar:1.9.1
[DEBUG]   Included: org.codehaus.plexus:plexus-compiler-manager:jar:1.9.1
[DEBUG]   Included: org.codehaus.plexus:plexus-compiler-javac:jar:1.9.1
[DEBUG]   Included: junit:junit:jar:3.8.1
[DEBUG]   Excluded: org.apache.maven:maven-plugin-api:jar:2.0.9
[DEBUG]   Excluded: org.apache.maven:maven-artifact:jar:2.0.9
[DEBUG]   Excluded: org.apache.maven:maven-core:jar:2.0.9
[DEBUG]   Excluded: org.apache.maven:maven-settings:jar:2.0.9
[DEBUG]   Excluded: org.apache.maven:maven-plugin-parameter-documenter:jar:2.0.9
[DEBUG]   Excluded: org.apache.maven:maven-profile:jar:2.0.9
[DEBUG]   Excluded: org.apache.maven:maven-model:jar:2.0.9
[DEBUG]   Excluded: org.apache.maven:maven-repository-metadata:jar:2.0.9
[DEBUG]   Excluded: org.apache.maven:maven-error-diagnostics:jar:2.0.9
[DEBUG]   Excluded: org.apache.maven:maven-project:jar:2.0.9
[DEBUG]   Excluded: org.apache.maven:maven-plugin-registry:jar:2.0.9
[DEBUG]   Excluded: org.apache.maven:maven-plugin-descriptor:jar:2.0.9
[DEBUG]   Excluded: org.apache.maven:maven-artifact-manager:jar:2.0.9
[DEBUG]   Excluded: org.apache.maven:maven-monitor:jar:2.0.9
[DEBUG]   Excluded: org.apache.maven:maven-toolchain:jar:1.0
[DEBUG]   Excluded: org.codehaus.plexus:plexus-container-default:jar:1.0-alpha-9-stable-1
[DEBUG]   Excluded: classworlds:classworlds:jar:1.1-alpha-2
[DEBUG] Configuring mojo org.apache.maven.plugins:maven-compiler-plugin:2.5.1:compile from plugin realm ClassRealm[plugin>org.apache.maven.plugins:maven-compiler-plugin:2.5.1, parent: sun.misc.Launcher$AppClassLoader@5a74b10b]
[DEBUG] Configuring mojo 'org.apache.maven.plugins:maven-compiler-plugin:2.5.1:compile' with basic configurator -->
[DEBUG]   (f) basedir = /N/oak/home/nianma/fedora4/test/migration-utils
[DEBUG]   (f) buildDirectory = /N/oak/home/nianma/fedora4/test/migration-utils/target
[DEBUG]   (f) classpathElements = [/N/oak/home/nianma/fedora4/test/migration-utils/target/classes, /home/nianma/.m2/repository/commons-io/commons-io/2.4/commons-io-2.4.jar, /home/nianma/.m2/repository/commons-codec/commons-codec/1.10/commons-codec-1.10.jar, /home/nianma/.m2/repository/org/apache/lucene/lucene-core/4.10.3/lucene-core-4.10.3.jar, /home/nianma/.m2/repository/org/apache/lucene/lucene-analyzers-common/4.10.3/lucene-analyzers-common-4.10.3.jar, /home/nianma/.m2/repository/org/apache/httpcomponents/httpclient/4.3.6/httpclient-4.3.6.jar, /home/nianma/.m2/repository/org/apache/httpcomponents/httpcore/4.3.3/httpcore-4.3.3.jar, /home/nianma/.m2/repository/commons-logging/commons-logging/1.1.3/commons-logging-1.1.3.jar, /home/nianma/.m2/repository/org/springframework/spring-core/4.1.1.RELEASE/spring-core-4.1.1.RELEASE.jar, /home/nianma/.m2/repository/org/springframework/spring-context/4.1.1.RELEASE/spring-context-4.1.1.RELEASE.jar, /home/nianma/.m2/repository/org/springframework/spring-aop/4.1.1.RELEASE/spring-aop-4.1.1.RELEASE.jar, /home/nianma/.m2/repository/aopalliance/aopalliance/1.0/aopalliance-1.0.jar, /home/nianma/.m2/repository/org/springframework/spring-beans/4.1.1.RELEASE/spring-beans-4.1.1.RELEASE.jar, /home/nianma/.m2/repository/org/springframework/spring-expression/4.1.1.RELEASE/spring-expression-4.1.1.RELEASE.jar, /home/nianma/.m2/repository/org/apache/jena/jena-core/2.12.1/jena-core-2.12.1.jar, /home/nianma/.m2/repository/org/slf4j/slf4j-api/1.7.6/slf4j-api-1.7.6.jar, /home/nianma/.m2/repository/org/apache/jena/jena-iri/1.1.1/jena-iri-1.1.1.jar, /home/nianma/.m2/repository/xerces/xercesImpl/2.11.0/xercesImpl-2.11.0.jar, /home/nianma/.m2/repository/xml-apis/xml-apis/1.4.01/xml-apis-1.4.01.jar, /home/nianma/.m2/repository/org/fcrepo/fcrepo-client-impl/4.1.2-SNAPSHOT/fcrepo-client-impl-4.1.2-SNAPSHOT.jar, /home/nianma/.m2/repository/org/apache/jena/jena-arq/2.12.1/jena-arq-2.12.1.jar, /home/nianma/.m2/repository/com/github/jsonld-java/jsonld-java/0.5.0/jsonld-java-0.5.0.jar, /home/nianma/.m2/repository/com/fasterxml/jackson/core/jackson-core/2.3.3/jackson-core-2.3.3.jar, /home/nianma/.m2/repository/com/fasterxml/jackson/core/jackson-databind/2.3.3/jackson-databind-2.3.3.jar, /home/nianma/.m2/repository/com/fasterxml/jackson/core/jackson-annotations/2.3.0/jackson-annotations-2.3.0.jar, /home/nianma/.m2/repository/org/apache/httpcomponents/httpclient-cache/4.2.6/httpclient-cache-4.2.6.jar, /home/nianma/.m2/repository/org/apache/thrift/libthrift/0.9.1/libthrift-0.9.1.jar, /home/nianma/.m2/repository/org/apache/commons/commons-csv/1.0/commons-csv-1.0.jar, /home/nianma/.m2/repository/org/apache/commons/commons-lang3/3.1/commons-lang3-3.1.jar, /home/nianma/.m2/repository/ch/qos/logback/logback-classic/1.0.13/logback-classic-1.0.13.jar, /home/nianma/.m2/repository/ch/qos/logback/logback-core/1.0.13/logback-core-1.0.13.jar, /home/nianma/.m2/repository/org/fcrepo/fcrepo-kernel/4.1.2-SNAPSHOT/fcrepo-kernel-4.1.2-SNAPSHOT.jar, /home/nianma/.m2/repository/com/google/guava/guava/18.0/guava-18.0.jar, /home/nianma/.m2/repository/org/modeshape/modeshape-jcr-api/4.2.0.Final/modeshape-jcr-api-4.2.0.Final.jar, /home/nianma/.m2/repository/javax/jcr/jcr/2.0/jcr-2.0.jar, /home/nianma/.m2/repository/org/fcrepo/fcrepo-client/4.1.2-SNAPSHOT/fcrepo-client-4.1.2-SNAPSHOT.jar]
[DEBUG]   (f) compileSourceRoots = [/N/oak/home/nianma/fedora4/test/migration-utils/src/main/java]
[DEBUG]   (f) compilerId = javac
[DEBUG]   (f) debug = true
[DEBUG]   (f) encoding = UTF-8
[DEBUG]   (f) failOnError = true
[DEBUG]   (f) fork = false
[DEBUG]   (f) generatedSourcesDirectory = /N/oak/home/nianma/fedora4/test/migration-utils/target/generated-sources/annotations
[DEBUG]   (f) optimize = false
[DEBUG]   (f) outputDirectory = /N/oak/home/nianma/fedora4/test/migration-utils/target/classes
[DEBUG]   (f) outputFileName = migration-utils-4.1.2-SNAPSHOT
[DEBUG]   (f) projectArtifact = org.fcrepo.migration:migration-utils:jar:4.1.2-SNAPSHOT
[DEBUG]   (f) session = org.apache.maven.execution.MavenSession@5460492a
[DEBUG]   (f) showDeprecation = false
[DEBUG]   (f) showWarnings = false
[DEBUG]   (f) source = 1.7
[DEBUG]   (f) staleMillis = 0
[DEBUG]   (f) target = 1.7
[DEBUG]   (f) verbose = false
[DEBUG] -- end configuration --
[DEBUG] Using compiler 'javac'.
[DEBUG] Source directories: [/N/oak/home/nianma/fedora4/test/migration-utils/src/main/java]
[DEBUG] Classpath: [/N/oak/home/nianma/fedora4/test/migration-utils/target/classes
 /home/nianma/.m2/repository/commons-io/commons-io/2.4/commons-io-2.4.jar
 /home/nianma/.m2/repository/commons-codec/commons-codec/1.10/commons-codec-1.10.jar
 /home/nianma/.m2/repository/org/apache/lucene/lucene-core/4.10.3/lucene-core-4.10.3.jar
 /home/nianma/.m2/repository/org/apache/lucene/lucene-analyzers-common/4.10.3/lucene-analyzers-common-4.10.3.jar
 /home/nianma/.m2/repository/org/apache/httpcomponents/httpclient/4.3.6/httpclient-4.3.6.jar
 /home/nianma/.m2/repository/org/apache/httpcomponents/httpcore/4.3.3/httpcore-4.3.3.jar
 /home/nianma/.m2/repository/commons-logging/commons-logging/1.1.3/commons-logging-1.1.3.jar
 /home/nianma/.m2/repository/org/springframework/spring-core/4.1.1.RELEASE/spring-core-4.1.1.RELEASE.jar
 /home/nianma/.m2/repository/org/springframework/spring-context/4.1.1.RELEASE/spring-context-4.1.1.RELEASE.jar
 /home/nianma/.m2/repository/org/springframework/spring-aop/4.1.1.RELEASE/spring-aop-4.1.1.RELEASE.jar
 /home/nianma/.m2/repository/aopalliance/aopalliance/1.0/aopalliance-1.0.jar
 /home/nianma/.m2/repository/org/springframework/spring-beans/4.1.1.RELEASE/spring-beans-4.1.1.RELEASE.jar
 /home/nianma/.m2/repository/org/springframework/spring-expression/4.1.1.RELEASE/spring-expression-4.1.1.RELEASE.jar
 /home/nianma/.m2/repository/org/apache/jena/jena-core/2.12.1/jena-core-2.12.1.jar
 /home/nianma/.m2/repository/org/slf4j/slf4j-api/1.7.6/slf4j-api-1.7.6.jar
 /home/nianma/.m2/repository/org/apache/jena/jena-iri/1.1.1/jena-iri-1.1.1.jar
 /home/nianma/.m2/repository/xerces/xercesImpl/2.11.0/xercesImpl-2.11.0.jar
 /home/nianma/.m2/repository/xml-apis/xml-apis/1.4.01/xml-apis-1.4.01.jar
 /home/nianma/.m2/repository/org/fcrepo/fcrepo-client-impl/4.1.2-SNAPSHOT/fcrepo-client-impl-4.1.2-SNAPSHOT.jar
 /home/nianma/.m2/repository/org/apache/jena/jena-arq/2.12.1/jena-arq-2.12.1.jar
 /home/nianma/.m2/repository/com/github/jsonld-java/jsonld-java/0.5.0/jsonld-java-0.5.0.jar
 /home/nianma/.m2/repository/com/fasterxml/jackson/core/jackson-core/2.3.3/jackson-core-2.3.3.jar
 /home/nianma/.m2/repository/com/fasterxml/jackson/core/jackson-databind/2.3.3/jackson-databind-2.3.3.jar
 /home/nianma/.m2/repository/com/fasterxml/jackson/core/jackson-annotations/2.3.0/jackson-annotations-2.3.0.jar
 /home/nianma/.m2/repository/org/apache/httpcomponents/httpclient-cache/4.2.6/httpclient-cache-4.2.6.jar
 /home/nianma/.m2/repository/org/apache/thrift/libthrift/0.9.1/libthrift-0.9.1.jar
 /home/nianma/.m2/repository/org/apache/commons/commons-csv/1.0/commons-csv-1.0.jar
 /home/nianma/.m2/repository/org/apache/commons/commons-lang3/3.1/commons-lang3-3.1.jar
 /home/nianma/.m2/repository/ch/qos/logback/logback-classic/1.0.13/logback-classic-1.0.13.jar
 /home/nianma/.m2/repository/ch/qos/logback/logback-core/1.0.13/logback-core-1.0.13.jar
 /home/nianma/.m2/repository/org/fcrepo/fcrepo-kernel/4.1.2-SNAPSHOT/fcrepo-kernel-4.1.2-SNAPSHOT.jar
 /home/nianma/.m2/repository/com/google/guava/guava/18.0/guava-18.0.jar
 /home/nianma/.m2/repository/org/modeshape/modeshape-jcr-api/4.2.0.Final/modeshape-jcr-api-4.2.0.Final.jar
 /home/nianma/.m2/repository/javax/jcr/jcr/2.0/jcr-2.0.jar
 /home/nianma/.m2/repository/org/fcrepo/fcrepo-client/4.1.2-SNAPSHOT/fcrepo-client-4.1.2-SNAPSHOT.jar]
[DEBUG] Output directory: /N/oak/home/nianma/fedora4/test/migration-utils/target/classes
[DEBUG] CompilerReuseStrategy: reuseCreated
[DEBUG] Classpath:
[DEBUG]  /N/oak/home/nianma/fedora4/test/migration-utils/target/classes
[DEBUG]  /home/nianma/.m2/repository/commons-io/commons-io/2.4/commons-io-2.4.jar
[DEBUG]  /home/nianma/.m2/repository/commons-codec/commons-codec/1.10/commons-codec-1.10.jar
[DEBUG]  /home/nianma/.m2/repository/org/apache/lucene/lucene-core/4.10.3/lucene-core-4.10.3.jar
[DEBUG]  /home/nianma/.m2/repository/org/apache/lucene/lucene-analyzers-common/4.10.3/lucene-analyzers-common-4.10.3.jar
[DEBUG]  /home/nianma/.m2/repository/org/apache/httpcomponents/httpclient/4.3.6/httpclient-4.3.6.jar
[DEBUG]  /home/nianma/.m2/repository/org/apache/httpcomponents/httpcore/4.3.3/httpcore-4.3.3.jar
[DEBUG]  /home/nianma/.m2/repository/commons-logging/commons-logging/1.1.3/commons-logging-1.1.3.jar
[DEBUG]  /home/nianma/.m2/repository/org/springframework/spring-core/4.1.1.RELEASE/spring-core-4.1.1.RELEASE.jar
[DEBUG]  /home/nianma/.m2/repository/org/springframework/spring-context/4.1.1.RELEASE/spring-context-4.1.1.RELEASE.jar
[DEBUG]  /home/nianma/.m2/repository/org/springframework/spring-aop/4.1.1.RELEASE/spring-aop-4.1.1.RELEASE.jar
[DEBUG]  /home/nianma/.m2/repository/aopalliance/aopalliance/1.0/aopalliance-1.0.jar
[DEBUG]  /home/nianma/.m2/repository/org/springframework/spring-beans/4.1.1.RELEASE/spring-beans-4.1.1.RELEASE.jar
[DEBUG]  /home/nianma/.m2/repository/org/springframework/spring-expression/4.1.1.RELEASE/spring-expression-4.1.1.RELEASE.jar
[DEBUG]  /home/nianma/.m2/repository/org/apache/jena/jena-core/2.12.1/jena-core-2.12.1.jar
[DEBUG]  /home/nianma/.m2/repository/org/slf4j/slf4j-api/1.7.6/slf4j-api-1.7.6.jar
[DEBUG]  /home/nianma/.m2/repository/org/apache/jena/jena-iri/1.1.1/jena-iri-1.1.1.jar
[DEBUG]  /home/nianma/.m2/repository/xerces/xercesImpl/2.11.0/xercesImpl-2.11.0.jar
[DEBUG]  /home/nianma/.m2/repository/xml-apis/xml-apis/1.4.01/xml-apis-1.4.01.jar
[DEBUG]  /home/nianma/.m2/repository/org/fcrepo/fcrepo-client-impl/4.1.2-SNAPSHOT/fcrepo-client-impl-4.1.2-SNAPSHOT.jar
[DEBUG]  /home/nianma/.m2/repository/org/apache/jena/jena-arq/2.12.1/jena-arq-2.12.1.jar
[DEBUG]  /home/nianma/.m2/repository/com/github/jsonld-java/jsonld-java/0.5.0/jsonld-java-0.5.0.jar
[DEBUG]  /home/nianma/.m2/repository/com/fasterxml/jackson/core/jackson-core/2.3.3/jackson-core-2.3.3.jar
[DEBUG]  /home/nianma/.m2/repository/com/fasterxml/jackson/core/jackson-databind/2.3.3/jackson-databind-2.3.3.jar
[DEBUG]  /home/nianma/.m2/repository/com/fasterxml/jackson/core/jackson-annotations/2.3.0/jackson-annotations-2.3.0.jar
[DEBUG]  /home/nianma/.m2/repository/org/apache/httpcomponents/httpclient-cache/4.2.6/httpclient-cache-4.2.6.jar
[DEBUG]  /home/nianma/.m2/repository/org/apache/thrift/libthrift/0.9.1/libthrift-0.9.1.jar
[DEBUG]  /home/nianma/.m2/repository/org/apache/commons/commons-csv/1.0/commons-csv-1.0.jar
[DEBUG]  /home/nianma/.m2/repository/org/apache/commons/commons-lang3/3.1/commons-lang3-3.1.jar
[DEBUG]  /home/nianma/.m2/repository/ch/qos/logback/logback-classic/1.0.13/logback-classic-1.0.13.jar
[DEBUG]  /home/nianma/.m2/repository/ch/qos/logback/logback-core/1.0.13/logback-core-1.0.13.jar
[DEBUG]  /home/nianma/.m2/repository/org/fcrepo/fcrepo-kernel/4.1.2-SNAPSHOT/fcrepo-kernel-4.1.2-SNAPSHOT.jar
[DEBUG]  /home/nianma/.m2/repository/com/google/guava/guava/18.0/guava-18.0.jar
[DEBUG]  /home/nianma/.m2/repository/org/modeshape/modeshape-jcr-api/4.2.0.Final/modeshape-jcr-api-4.2.0.Final.jar
[DEBUG]  /home/nianma/.m2/repository/javax/jcr/jcr/2.0/jcr-2.0.jar
[DEBUG]  /home/nianma/.m2/repository/org/fcrepo/fcrepo-client/4.1.2-SNAPSHOT/fcrepo-client-4.1.2-SNAPSHOT.jar
[DEBUG] Source roots:
[DEBUG]  /N/oak/home/nianma/fedora4/test/migration-utils/src/main/java
[DEBUG] Command line options:
[DEBUG] -d /N/oak/home/nianma/fedora4/test/migration-utils/target/classes -classpath /N/oak/home/nianma/fedora4/test/migration-utils/target/classes:/home/nianma/.m2/repository/commons-io/commons-io/2.4/commons-io-2.4.jar:/home/nianma/.m2/repository/commons-codec/commons-codec/1.10/commons-codec-1.10.jar:/home/nianma/.m2/repository/org/apache/lucene/lucene-core/4.10.3/lucene-core-4.10.3.jar:/home/nianma/.m2/repository/org/apache/lucene/lucene-analyzers-common/4.10.3/lucene-analyzers-common-4.10.3.jar:/home/nianma/.m2/repository/org/apache/httpcomponents/httpclient/4.3.6/httpclient-4.3.6.jar:/home/nianma/.m2/repository/org/apache/httpcomponents/httpcore/4.3.3/httpcore-4.3.3.jar:/home/nianma/.m2/repository/commons-logging/commons-logging/1.1.3/commons-logging-1.1.3.jar:/home/nianma/.m2/repository/org/springframework/spring-core/4.1.1.RELEASE/spring-core-4.1.1.RELEASE.jar:/home/nianma/.m2/repository/org/springframework/spring-context/4.1.1.RELEASE/spring-context-4.1.1.RELEASE.jar:/home/nianma/.m2/repository/org/springframework/spring-aop/4.1.1.RELEASE/spring-aop-4.1.1.RELEASE.jar:/home/nianma/.m2/repository/aopalliance/aopalliance/1.0/aopalliance-1.0.jar:/home/nianma/.m2/repository/org/springframework/spring-beans/4.1.1.RELEASE/spring-beans-4.1.1.RELEASE.jar:/home/nianma/.m2/repository/org/springframework/spring-expression/4.1.1.RELEASE/spring-expression-4.1.1.RELEASE.jar:/home/nianma/.m2/repository/org/apache/jena/jena-core/2.12.1/jena-core-2.12.1.jar:/home/nianma/.m2/repository/org/slf4j/slf4j-api/1.7.6/slf4j-api-1.7.6.jar:/home/nianma/.m2/repository/org/apache/jena/jena-iri/1.1.1/jena-iri-1.1.1.jar:/home/nianma/.m2/repository/xerces/xercesImpl/2.11.0/xercesImpl-2.11.0.jar:/home/nianma/.m2/repository/xml-apis/xml-apis/1.4.01/xml-apis-1.4.01.jar:/home/nianma/.m2/repository/org/fcrepo/fcrepo-client-impl/4.1.2-SNAPSHOT/fcrepo-client-impl-4.1.2-SNAPSHOT.jar:/home/nianma/.m2/repository/org/apache/jena/jena-arq/2.12.1/jena-arq-2.12.1.jar:/home/nianma/.m2/repository/com/github/jsonld-java/jsonld-java/0.5.0/jsonld-java-0.5.0.jar:/home/nianma/.m2/repository/com/fasterxml/jackson/core/jackson-core/2.3.3/jackson-core-2.3.3.jar:/home/nianma/.m2/repository/com/fasterxml/jackson/core/jackson-databind/2.3.3/jackson-databind-2.3.3.jar:/home/nianma/.m2/repository/com/fasterxml/jackson/core/jackson-annotations/2.3.0/jackson-annotations-2.3.0.jar:/home/nianma/.m2/repository/org/apache/httpcomponents/httpclient-cache/4.2.6/httpclient-cache-4.2.6.jar:/home/nianma/.m2/repository/org/apache/thrift/libthrift/0.9.1/libthrift-0.9.1.jar:/home/nianma/.m2/repository/org/apache/commons/commons-csv/1.0/commons-csv-1.0.jar:/home/nianma/.m2/repository/org/apache/commons/commons-lang3/3.1/commons-lang3-3.1.jar:/home/nianma/.m2/repository/ch/qos/logback/logback-classic/1.0.13/logback-classic-1.0.13.jar:/home/nianma/.m2/repository/ch/qos/logback/logback-core/1.0.13/logback-core-1.0.13.jar:/home/nianma/.m2/repository/org/fcrepo/fcrepo-kernel/4.1.2-SNAPSHOT/fcrepo-kernel-4.1.2-SNAPSHOT.jar:/home/nianma/.m2/repository/com/google/guava/guava/18.0/guava-18.0.jar:/home/nianma/.m2/repository/org/modeshape/modeshape-jcr-api/4.2.0.Final/modeshape-jcr-api-4.2.0.Final.jar:/home/nianma/.m2/repository/javax/jcr/jcr/2.0/jcr-2.0.jar:/home/nianma/.m2/repository/org/fcrepo/fcrepo-client/4.1.2-SNAPSHOT/fcrepo-client-4.1.2-SNAPSHOT.jar: -sourcepath /N/oak/home/nianma/fedora4/test/migration-utils/src/main/java: /N/oak/home/nianma/fedora4/test/migration-utils/src/main/java/org/fcrepo/migration/DefaultContentDigest.java /N/oak/home/nianma/fedora4/test/migration-utils/src/main/java/org/fcrepo/migration/foxml11/Foxml11ObjectProperties.java /N/oak/home/nianma/fedora4/test/migration-utils/src/main/java/org/fcrepo/migration/FedoraObjectVersionHandler.java /N/oak/home/nianma/fedora4/test/migration-utils/src/main/java/org/fcrepo/migration/handlers/BasicObjectVersionHandler.java /N/oak/home/nianma/fedora4/test/migration-utils/src/main/java/org/fcrepo/migration/handlers/ConsoleLoggingStreamingFedoraObjectHandler.java /N/oak/home/nianma/fedora4/test/migration-utils/src/main/java/org/fcrepo/migration/foxml11/Foxml11InputStreamFedoraObjectProcessor.java /N/oak/home/nianma/fedora4/test/migration-utils/src/main/java/org/fcrepo/migration/DatastreamVersion.java /N/oak/home/nianma/fedora4/test/migration-utils/src/main/java/org/fcrepo/migration/ObjectVersionReference.java /N/oak/home/nianma/fedora4/test/migration-utils/src/main/java/org/fcrepo/migration/ObjectReference.java /N/oak/home/nianma/fedora4/test/migration-utils/src/main/java/org/fcrepo/migration/foxml11/MemoryCachedContent.java /N/oak/home/nianma/fedora4/test/migration-utils/src/main/java/org/fcrepo/migration/foxml11/InternalIDResolver.java /N/oak/home/nianma/fedora4/test/migration-utils/src/main/java/org/fcrepo/migration/foxml11/URLCachedContent.java /N/oak/home/nianma/fedora4/test/migration-utils/src/main/java/org/fcrepo/migration/foxml11/CachedContent.java /N/oak/home/nianma/fedora4/test/migration-utils/src/main/java/org/fcrepo/migration/StreamingFedoraObjectHandler.java /N/oak/home/nianma/fedora4/test/migration-utils/src/main/java/org/fcrepo/migration/foxml11/URLFetcher.java /N/oak/home/nianma/fedora4/test/migration-utils/src/main/java/org/fcrepo/migration/ObjectInfo.java /N/oak/home/nianma/fedora4/test/migration-utils/src/main/java/org/fcrepo/migration/foxml11/FileCachedContent.java /N/oak/home/nianma/fedora4/test/migration-utils/src/main/java/org/fcrepo/migration/FedoraObjectProcessor.java /N/oak/home/nianma/fedora4/test/migration-utils/src/main/java/org/fcrepo/migration/Migrator.java /N/oak/home/nianma/fedora4/test/migration-utils/src/main/java/org/fcrepo/migration/DefaultObjectInfo.java /N/oak/home/nianma/fedora4/test/migration-utils/src/main/java/org/fcrepo/migration/idmapers/SimpleIDMapper.java /N/oak/home/nianma/fedora4/test/migration-utils/src/main/java/org/fcrepo/migration/ObjectSource.java /N/oak/home/nianma/fedora4/test/migration-utils/src/main/java/org/fcrepo/migration/foxml11/Foxml11ObjectProperty.java /N/oak/home/nianma/fedora4/test/migration-utils/src/main/java/org/fcrepo/migration/ObjectProperty.java /N/oak/home/nianma/fedora4/test/migration-utils/src/main/java/org/fcrepo/migration/handlers/VersionAbstractionFedoraObjectHandler.java /N/oak/home/nianma/fedora4/test/migration-utils/src/main/java/org/fcrepo/migration/foxml11/FoxmlDirectoryDFSIterator.java /N/oak/home/nianma/fedora4/test/migration-utils/src/main/java/org/fcrepo/migration/foxml11/NativeFoxmlDirectoryObjectSource.java /N/oak/home/nianma/fedora4/test/migration-utils/src/main/java/org/fcrepo/migration/MigrationIDMapper.java /N/oak/home/nianma/fedora4/test/migration-utils/src/main/java/org/fcrepo/migration/ObjectProperties.java /N/oak/home/nianma/fedora4/test/migration-utils/src/main/java/org/fcrepo/migration/FedoraObjectHandler.java /N/oak/home/nianma/fedora4/test/migration-utils/src/main/java/org/fcrepo/migration/foxml11/DC.java /N/oak/home/nianma/fedora4/test/migration-utils/src/main/java/org/fcrepo/migration/foxml11/ArchiveExportedFoxmlDirectoryObjectSource.java /N/oak/home/nianma/fedora4/test/migration-utils/src/main/java/org/fcrepo/migration/foxml11/DirectoryScanningIDResolver.java /N/oak/home/nianma/fedora4/test/migration-utils/src/main/java/org/fcrepo/migration/ContentDigest.java /N/oak/home/nianma/fedora4/test/migration-utils/src/main/java/org/fcrepo/migration/handlers/ObjectAbstractionStreamingFedoraObjectHandler.java /N/oak/home/nianma/fedora4/test/migration-utils/src/main/java/org/fcrepo/migration/DatastreamInfo.java /N/oak/home/nianma/fedora4/test/migration-utils/src/main/java/org/fcrepo/migration/foxml11/HttpClientURLFetcher.java -s /N/oak/home/nianma/fedora4/test/migration-utils/target/generated-sources/annotations -g -nowarn -target 1.7 -source 1.7 -encoding UTF-8
[INFO] Compiling 37 source files to /N/oak/home/nianma/fedora4/test/migration-utils/target/classes
[INFO] 
[INFO] --- exec-maven-plugin:1.4.0:java (default-cli) @ migration-utils ---
[DEBUG] Dependency collection stats: {ConflictMarker.analyzeTime=1, ConflictMarker.markTime=0, ConflictMarker.nodeCount=136, ConflictIdSorter.graphTime=0, ConflictIdSorter.topsortTime=0, ConflictIdSorter.conflictIdCount=35, ConflictIdSorter.conflictIdCycleCount=0, ConflictResolver.totalTime=5, ConflictResolver.conflictItemCount=78, DefaultDependencyCollector.collectTime=257, DefaultDependencyCollector.transformTime=6}
[DEBUG] org.codehaus.mojo:exec-maven-plugin:jar:1.4.0:
[DEBUG]    org.apache.maven:maven-toolchain:jar:1.0:compile
[DEBUG]    org.apache.maven:maven-project:jar:2.2.1:compile
[DEBUG]       org.apache.maven:maven-settings:jar:2.2.1:compile
[DEBUG]       org.apache.maven:maven-profile:jar:2.2.1:compile
[DEBUG]       org.apache.maven:maven-plugin-registry:jar:2.2.1:compile
[DEBUG]       org.codehaus.plexus:plexus-interpolation:jar:1.11:compile
[DEBUG]       org.codehaus.plexus:plexus-container-default:jar:1.0-alpha-9-stable-1:compile
[DEBUG]          junit:junit:jar:4.11:test
[DEBUG]             org.hamcrest:hamcrest-core:jar:1.3:test
[DEBUG]    org.apache.maven:maven-model:jar:2.2.1:compile
[DEBUG]    org.apache.maven:maven-artifact:jar:2.2.1:compile
[DEBUG]    org.apache.maven:maven-artifact-manager:jar:2.2.1:compile
[DEBUG]       org.apache.maven:maven-repository-metadata:jar:2.2.1:compile
[DEBUG]       backport-util-concurrent:backport-util-concurrent:jar:3.1:compile
[DEBUG]    org.apache.maven:maven-core:jar:2.2.1:compile
[DEBUG]       org.apache.maven:maven-plugin-parameter-documenter:jar:2.2.1:compile
[DEBUG]       org.slf4j:slf4j-jdk14:jar:1.5.6:runtime
[DEBUG]          org.slf4j:slf4j-api:jar:1.5.6:runtime
[DEBUG]       org.slf4j:jcl-over-slf4j:jar:1.5.6:runtime
[DEBUG]       org.apache.maven.reporting:maven-reporting-api:jar:2.2.1:compile
[DEBUG]          org.apache.maven.doxia:doxia-sink-api:jar:1.1:compile
[DEBUG]          org.apache.maven.doxia:doxia-logging-api:jar:1.1:compile
[DEBUG]       org.apache.maven:maven-error-diagnostics:jar:2.2.1:compile
[DEBUG]       commons-cli:commons-cli:jar:1.2:compile
[DEBUG]       org.apache.maven:maven-plugin-descriptor:jar:2.2.1:compile
[DEBUG]       org.codehaus.plexus:plexus-interactivity-api:jar:1.0-alpha-4:compile
[DEBUG]       org.apache.maven:maven-monitor:jar:2.2.1:compile
[DEBUG]       classworlds:classworlds:jar:1.1:compile
[DEBUG]       org.sonatype.plexus:plexus-sec-dispatcher:jar:1.3:compile
[DEBUG]          org.sonatype.plexus:plexus-cipher:jar:1.4:compile
[DEBUG]    org.apache.maven:maven-plugin-api:jar:2.2.1:compile
[DEBUG]    org.codehaus.plexus:plexus-utils:jar:3.0.20:compile
[DEBUG]    org.apache.commons:commons-exec:jar:1.3:compile
[DEBUG] Created new class realm plugin>org.codehaus.mojo:exec-maven-plugin:1.4.0
[DEBUG] Importing foreign packages into class realm plugin>org.codehaus.mojo:exec-maven-plugin:1.4.0
[DEBUG]   Imported:  < maven.api
[DEBUG] Populating class realm plugin>org.codehaus.mojo:exec-maven-plugin:1.4.0
[DEBUG]   Included: org.codehaus.mojo:exec-maven-plugin:jar:1.4.0
[DEBUG]   Included: org.codehaus.plexus:plexus-interpolation:jar:1.11
[DEBUG]   Included: backport-util-concurrent:backport-util-concurrent:jar:3.1
[DEBUG]   Included: org.slf4j:slf4j-jdk14:jar:1.5.6
[DEBUG]   Included: org.slf4j:slf4j-api:jar:1.5.6
[DEBUG]   Included: org.slf4j:jcl-over-slf4j:jar:1.5.6
[DEBUG]   Included: org.apache.maven.reporting:maven-reporting-api:jar:2.2.1
[DEBUG]   Included: org.apache.maven.doxia:doxia-sink-api:jar:1.1
[DEBUG]   Included: org.apache.maven.doxia:doxia-logging-api:jar:1.1
[DEBUG]   Included: commons-cli:commons-cli:jar:1.2
[DEBUG]   Included: org.codehaus.plexus:plexus-interactivity-api:jar:1.0-alpha-4
[DEBUG]   Included: org.sonatype.plexus:plexus-sec-dispatcher:jar:1.3
[DEBUG]   Included: org.sonatype.plexus:plexus-cipher:jar:1.4
[DEBUG]   Included: org.codehaus.plexus:plexus-utils:jar:3.0.20
[DEBUG]   Included: org.apache.commons:commons-exec:jar:1.3
[DEBUG]   Excluded: org.apache.maven:maven-toolchain:jar:1.0
[DEBUG]   Excluded: org.apache.maven:maven-project:jar:2.2.1
[DEBUG]   Excluded: org.apache.maven:maven-settings:jar:2.2.1
[DEBUG]   Excluded: org.apache.maven:maven-profile:jar:2.2.1
[DEBUG]   Excluded: org.apache.maven:maven-plugin-registry:jar:2.2.1
[DEBUG]   Excluded: org.codehaus.plexus:plexus-container-default:jar:1.0-alpha-9-stable-1
[DEBUG]   Excluded: junit:junit:jar:4.11
[DEBUG]   Excluded: org.hamcrest:hamcrest-core:jar:1.3
[DEBUG]   Excluded: org.apache.maven:maven-model:jar:2.2.1
[DEBUG]   Excluded: org.apache.maven:maven-artifact:jar:2.2.1
[DEBUG]   Excluded: org.apache.maven:maven-artifact-manager:jar:2.2.1
[DEBUG]   Excluded: org.apache.maven:maven-repository-metadata:jar:2.2.1
[DEBUG]   Excluded: org.apache.maven:maven-core:jar:2.2.1
[DEBUG]   Excluded: org.apache.maven:maven-plugin-parameter-documenter:jar:2.2.1
[DEBUG]   Excluded: org.apache.maven:maven-error-diagnostics:jar:2.2.1
[DEBUG]   Excluded: org.apache.maven:maven-plugin-descriptor:jar:2.2.1
[DEBUG]   Excluded: org.apache.maven:maven-monitor:jar:2.2.1
[DEBUG]   Excluded: classworlds:classworlds:jar:1.1
[DEBUG]   Excluded: org.apache.maven:maven-plugin-api:jar:2.2.1
[DEBUG] Configuring mojo org.codehaus.mojo:exec-maven-plugin:1.4.0:java from plugin realm ClassRealm[plugin>org.codehaus.mojo:exec-maven-plugin:1.4.0, parent: sun.misc.Launcher$AppClassLoader@5a74b10b]
[DEBUG] Configuring mojo 'org.codehaus.mojo:exec-maven-plugin:1.4.0:java' with basic configurator -->
[DEBUG]   (f) arguments = []
[DEBUG]   (f) classpathScope = runtime
[DEBUG]   (f) cleanupDaemonThreads = true
[DEBUG]   (f) daemonThreadJoinTimeout = 15000
[DEBUG]   (f) includePluginDependencies = false
[DEBUG]   (f) includeProjectDependencies = true
[DEBUG]   (f) keepAlive = false
[DEBUG]   (f) killAfter = -1
[DEBUG]   (f) localRepository =        id: local
      url: file:///home/nianma/.m2/repository/
   layout: none

[DEBUG]   (f) mainClass = org.fcrepo.migration.Migrator
[DEBUG]   (f) pluginDependencies = [org.codehaus.mojo:exec-maven-plugin:maven-plugin:1.4.0:, org.codehaus.plexus:plexus-interpolation:jar:1.11:compile, backport-util-concurrent:backport-util-concurrent:jar:3.1:compile, org.slf4j:slf4j-jdk14:jar:1.5.6:runtime, org.slf4j:slf4j-api:jar:1.5.6:runtime, org.slf4j:jcl-over-slf4j:jar:1.5.6:runtime, org.apache.maven.reporting:maven-reporting-api:jar:2.2.1:compile, org.apache.maven.doxia:doxia-sink-api:jar:1.1:compile, org.apache.maven.doxia:doxia-logging-api:jar:1.1:compile, commons-cli:commons-cli:jar:1.2:compile, org.codehaus.plexus:plexus-interactivity-api:jar:1.0-alpha-4:compile, org.sonatype.plexus:plexus-sec-dispatcher:jar:1.3:compile, org.sonatype.plexus:plexus-cipher:jar:1.4:compile, org.codehaus.plexus:plexus-utils:jar:3.0.20:compile, org.apache.commons:commons-exec:jar:1.3:compile]
[DEBUG]   (f) project = MavenProject: org.fcrepo.migration:migration-utils:4.1.2-SNAPSHOT @ /N/oak/home/nianma/fedora4/test/migration-utils/pom.xml
[DEBUG]   (f) remoteRepositories = [       id: sonatype-nexus-snapshots
      url: https://oss.sonatype.org/content/repositories/snapshots
   layout: default
snapshots: [enabled => true, update => daily]
 releases: [enabled => false, update => daily]
,        id: central
      url: http://repo.maven.apache.org/maven2
   layout: default
snapshots: [enabled => false, update => daily]
 releases: [enabled => true, update => daily]
]
[DEBUG]   (f) skip = false
[DEBUG]   (f) stopUnresponsiveDaemonThreads = false
[DEBUG] -- end configuration --
[DEBUG] Invoking : org.fcrepo.migration.Migrator.main()
[DEBUG] Plugin Dependencies will be excluded.
[DEBUG] Project Dependencies will be included.
[DEBUG] Collected project artifacts [commons-io:commons-io:jar:2.4:compile, commons-codec:commons-codec:jar:1.10:compile, org.apache.lucene:lucene-core:jar:4.10.3:compile, org.apache.lucene:lucene-analyzers-common:jar:4.10.3:compile, org.apache.httpcomponents:httpclient:jar:4.3.6:compile, org.apache.httpcomponents:httpcore:jar:4.3.3:compile, commons-logging:commons-logging:jar:1.1.3:compile, org.springframework:spring-core:jar:4.1.1.RELEASE:compile, org.springframework:spring-context:jar:4.1.1.RELEASE:compile, org.springframework:spring-aop:jar:4.1.1.RELEASE:compile, aopalliance:aopalliance:jar:1.0:compile, org.springframework:spring-beans:jar:4.1.1.RELEASE:compile, org.springframework:spring-expression:jar:4.1.1.RELEASE:compile, org.apache.jena:jena-core:jar:2.12.1:compile, org.slf4j:slf4j-api:jar:1.7.6:compile, org.apache.jena:jena-iri:jar:1.1.1:compile, xerces:xercesImpl:jar:2.11.0:compile, xml-apis:xml-apis:jar:1.4.01:compile, org.fcrepo:fcrepo-client-impl:jar:4.1.2-SNAPSHOT:compile, org.apache.jena:jena-arq:jar:2.12.1:compile, com.github.jsonld-java:jsonld-java:jar:0.5.0:compile, com.fasterxml.jackson.core:jackson-core:jar:2.3.3:compile, com.fasterxml.jackson.core:jackson-databind:jar:2.3.3:compile, com.fasterxml.jackson.core:jackson-annotations:jar:2.3.0:compile, org.apache.httpcomponents:httpclient-cache:jar:4.2.6:compile, org.apache.thrift:libthrift:jar:0.9.1:compile, org.apache.commons:commons-csv:jar:1.0:compile, org.apache.commons:commons-lang3:jar:3.1:compile, ch.qos.logback:logback-classic:jar:1.0.13:compile, ch.qos.logback:logback-core:jar:1.0.13:compile, org.slf4j:jcl-over-slf4j:jar:1.7.7:runtime, org.fcrepo:fcrepo-kernel:jar:4.1.2-SNAPSHOT:compile, com.google.guava:guava:jar:18.0:compile, org.modeshape:modeshape-jcr-api:jar:4.2.0.Final:compile, javax.jcr:jcr:jar:2.0:compile, org.fcrepo:fcrepo-client:jar:4.1.2-SNAPSHOT:compile]
[DEBUG] Collected project classpath [/N/oak/home/nianma/fedora4/test/migration-utils/target/classes]
[DEBUG] Adding to classpath : file:/N/oak/home/nianma/fedora4/test/migration-utils/target/classes/
[DEBUG] Adding project dependency artifact: commons-io to classpath
[DEBUG] Adding project dependency artifact: commons-codec to classpath
[DEBUG] Adding project dependency artifact: lucene-core to classpath
[DEBUG] Adding project dependency artifact: lucene-analyzers-common to classpath
[DEBUG] Adding project dependency artifact: httpclient to classpath
[DEBUG] Adding project dependency artifact: httpcore to classpath
[DEBUG] Adding project dependency artifact: commons-logging to classpath
[DEBUG] Adding project dependency artifact: spring-core to classpath
[DEBUG] Adding project dependency artifact: spring-context to classpath
[DEBUG] Adding project dependency artifact: spring-aop to classpath
[DEBUG] Adding project dependency artifact: aopalliance to classpath
[DEBUG] Adding project dependency artifact: spring-beans to classpath
[DEBUG] Adding project dependency artifact: spring-expression to classpath
[DEBUG] Adding project dependency artifact: jena-core to classpath
[DEBUG] Adding project dependency artifact: slf4j-api to classpath
[DEBUG] Adding project dependency artifact: jena-iri to classpath
[DEBUG] Adding project dependency artifact: xercesImpl to classpath
[DEBUG] Adding project dependency artifact: xml-apis to classpath
[DEBUG] Adding project dependency artifact: fcrepo-client-impl to classpath
[DEBUG] Adding project dependency artifact: jena-arq to classpath
[DEBUG] Adding project dependency artifact: jsonld-java to classpath
[DEBUG] Adding project dependency artifact: jackson-core to classpath
[DEBUG] Adding project dependency artifact: jackson-databind to classpath
[DEBUG] Adding project dependency artifact: jackson-annotations to classpath
[DEBUG] Adding project dependency artifact: httpclient-cache to classpath
[DEBUG] Adding project dependency artifact: libthrift to classpath
[DEBUG] Adding project dependency artifact: commons-csv to classpath
[DEBUG] Adding project dependency artifact: commons-lang3 to classpath
[DEBUG] Adding project dependency artifact: logback-classic to classpath
[DEBUG] Adding project dependency artifact: logback-core to classpath
[DEBUG] Adding project dependency artifact: jcl-over-slf4j to classpath
[DEBUG] Adding project dependency artifact: fcrepo-kernel to classpath
[DEBUG] Adding project dependency artifact: guava to classpath
[DEBUG] Adding project dependency artifact: modeshape-jcr-api to classpath
[DEBUG] Adding project dependency artifact: jcr to classpath
[DEBUG] Adding project dependency artifact: fcrepo-client to classpath
[DEBUG] joining on thread Thread[org.fcrepo.migration.Migrator.main(),5,org.fcrepo.migration.Migrator]
[DEBUG] Setting accessibility to true in order to invoke main().
INFO 11:15:17.934 (InternalIDResolver) Builidng an index of all the datastreams in "/srv/fedora/datastreams"...
INFO 11:19:02.010 (Migrator) Processing "iudl:1135374"...
[WARNING] 
java.lang.reflect.InvocationTargetException
	at sun.reflect.NativeMethodAccessorImpl.invoke0(Native Method)
	at sun.reflect.NativeMethodAccessorImpl.invoke(NativeMethodAccessorImpl.java:57)
	at sun.reflect.DelegatingMethodAccessorImpl.invoke(DelegatingMethodAccessorImpl.java:43)
	at java.lang.reflect.Method.invoke(Method.java:606)
	at org.codehaus.mojo.exec.ExecJavaMojo$1.run(ExecJavaMojo.java:293)
	at java.lang.Thread.run(Thread.java:744)
Caused by: java.lang.RuntimeException: Unable to resolve internal ID "iudl:1135374+METADATA+METADATA.0"!
	at org.fcrepo.migration.foxml11.DirectoryScanningIDResolver.resolveInternalID(DirectoryScanningIDResolver.java:69)
	at org.fcrepo.migration.foxml11.Foxml11InputStreamFedoraObjectProcessor$Foxml11DatastreamVersion.<init>(Foxml11InputStreamFedoraObjectProcessor.java:283)
	at org.fcrepo.migration.foxml11.Foxml11InputStreamFedoraObjectProcessor.processObject(Foxml11InputStreamFedoraObjectProcessor.java:106)
	at org.fcrepo.migration.Migrator.run(Migrator.java:69)
	at org.fcrepo.migration.Migrator.main(Migrator.java:29)
	... 6 more
[INFO] ------------------------------------------------------------------------
[INFO] BUILD FAILURE
[INFO] ------------------------------------------------------------------------
[INFO] Total time: 3:49.313s
[INFO] Finished at: Tue Apr 21 11:19:02 EDT 2015
[INFO] Final Memory: 22M/367M
[INFO] ------------------------------------------------------------------------
[ERROR] Failed to execute goal org.codehaus.mojo:exec-maven-plugin:1.4.0:java (default-cli) on project migration-utils: An exception occured while executing the Java class. null: InvocationTargetException: Unable to resolve internal ID "iudl:1135374+METADATA+METADATA.0"! -> [Help 1]
org.apache.maven.lifecycle.LifecycleExecutionException: Failed to execute goal org.codehaus.mojo:exec-maven-plugin:1.4.0:java (default-cli) on project migration-utils: An exception occured while executing the Java class. null
	at org.apache.maven.lifecycle.internal.MojoExecutor.execute(MojoExecutor.java:216)
	at org.apache.maven.lifecycle.internal.MojoExecutor.execute(MojoExecutor.java:153)
	at org.apache.maven.lifecycle.internal.MojoExecutor.execute(MojoExecutor.java:145)
	at org.apache.maven.lifecycle.internal.LifecycleModuleBuilder.buildProject(LifecycleModuleBuilder.java:84)
	at org.apache.maven.lifecycle.internal.LifecycleModuleBuilder.buildProject(LifecycleModuleBuilder.java:59)
	at org.apache.maven.lifecycle.internal.LifecycleStarter.singleThreadedBuild(LifecycleStarter.java:183)
	at org.apache.maven.lifecycle.internal.LifecycleStarter.execute(LifecycleStarter.java:161)
	at org.apache.maven.DefaultMaven.doExecute(DefaultMaven.java:317)
	at org.apache.maven.DefaultMaven.execute(DefaultMaven.java:152)
	at org.apache.maven.cli.MavenCli.execute(MavenCli.java:555)
	at org.apache.maven.cli.MavenCli.doMain(MavenCli.java:214)
	at org.apache.maven.cli.MavenCli.main(MavenCli.java:158)
	at sun.reflect.NativeMethodAccessorImpl.invoke0(Native Method)
	at sun.reflect.NativeMethodAccessorImpl.invoke(NativeMethodAccessorImpl.java:57)
	at sun.reflect.DelegatingMethodAccessorImpl.invoke(DelegatingMethodAccessorImpl.java:43)
	at java.lang.reflect.Method.invoke(Method.java:606)
	at org.codehaus.plexus.classworlds.launcher.Launcher.launchEnhanced(Launcher.java:289)
	at org.codehaus.plexus.classworlds.launcher.Launcher.launch(Launcher.java:229)
	at org.codehaus.plexus.classworlds.launcher.Launcher.mainWithExitCode(Launcher.java:415)
	at org.codehaus.plexus.classworlds.launcher.Launcher.main(Launcher.java:356)
Caused by: org.apache.maven.plugin.MojoExecutionException: An exception occured while executing the Java class. null
	at org.codehaus.mojo.exec.ExecJavaMojo.execute(ExecJavaMojo.java:345)
	at org.apache.maven.plugin.DefaultBuildPluginManager.executeMojo(DefaultBuildPluginManager.java:106)
	at org.apache.maven.lifecycle.internal.MojoExecutor.execute(MojoExecutor.java:208)
	... 19 more
Caused by: java.lang.reflect.InvocationTargetException
	at sun.reflect.NativeMethodAccessorImpl.invoke0(Native Method)
	at sun.reflect.NativeMethodAccessorImpl.invoke(NativeMethodAccessorImpl.java:57)
	at sun.reflect.DelegatingMethodAccessorImpl.invoke(DelegatingMethodAccessorImpl.java:43)
	at java.lang.reflect.Method.invoke(Method.java:606)
	at org.codehaus.mojo.exec.ExecJavaMojo$1.run(ExecJavaMojo.java:293)
	at java.lang.Thread.run(Thread.java:744)
Caused by: java.lang.RuntimeException: Unable to resolve internal ID "iudl:1135374+METADATA+METADATA.0"!
	at org.fcrepo.migration.foxml11.DirectoryScanningIDResolver.resolveInternalID(DirectoryScanningIDResolver.java:69)
	at org.fcrepo.migration.foxml11.Foxml11InputStreamFedoraObjectProcessor$Foxml11DatastreamVersion.<init>(Foxml11InputStreamFedoraObjectProcessor.java:283)
	at org.fcrepo.migration.foxml11.Foxml11InputStreamFedoraObjectProcessor.processObject(Foxml11InputStreamFedoraObjectProcessor.java:106)
	at org.fcrepo.migration.Migrator.run(Migrator.java:69)
	at org.fcrepo.migration.Migrator.main(Migrator.java:29)
	... 6 more
[ERROR] 
[ERROR] 
[ERROR] For more information about the errors and possible solutions, please read the following articles:
[ERROR] [Help 1] http://cwiki.apache.org/confluence/display/MAVEN/MojoExecutionException
