INFO|2017-02-27 09:31:00,063|__main__|Loaded repo configuration from config/fcrepo.yml
INFO|2017-02-27 09:31:00,064|__main__|Loaded batch configuration from config/batch_prod.yml
INFO|2017-02-27 09:31:00,064|__main__|Initializing data handler
INFO|2017-02-27 09:31:00,084|__main__|Loaded "ndnp" handler
DEBUG|2017-02-27 09:31:00,084|classes.pcdm.Repository|GET https://fcrepo.lib.umd.edu/fcrepo/rest/pcdm/d0/cc/8d/08/d0cc8d08-47af-47ec-a5c6-f57a89905107
DEBUG|2017-02-27 09:31:00,645|classes.pcdm.Repository|200 OK
INFO|2017-02-27 09:31:00,686|handler.ndnp.Batch|Batch contains 19 reels
INFO|2017-02-27 09:31:00,686|handler.ndnp.Batch|1. Reel aggregation file 'logs/reels/7653.csv' exists; skipping
INFO|2017-02-27 09:31:00,686|handler.ndnp.Batch|2. Reel aggregation file 'logs/reels/7645.csv' exists; skipping
INFO|2017-02-27 09:31:00,686|handler.ndnp.Batch|3. Reel aggregation file 'logs/reels/7651.csv' exists; skipping
INFO|2017-02-27 09:31:00,686|handler.ndnp.Batch|4. Reel aggregation file 'logs/reels/7649.csv' exists; skipping
INFO|2017-02-27 09:31:00,687|handler.ndnp.Batch|5. Reel aggregation file 'logs/reels/7655.csv' exists; skipping
INFO|2017-02-27 09:31:00,687|handler.ndnp.Batch|6. Reel aggregation file 'logs/reels/7672.csv' exists; skipping
INFO|2017-02-27 09:31:00,687|handler.ndnp.Batch|7. Reel aggregation file 'logs/reels/7676.csv' exists; skipping
INFO|2017-02-27 09:31:00,687|handler.ndnp.Batch|8. Reel aggregation file 'logs/reels/7686.csv' exists; skipping
INFO|2017-02-27 09:31:00,687|handler.ndnp.Batch|9. Reel aggregation file 'logs/reels/7639.csv' exists; skipping
INFO|2017-02-27 09:31:00,687|handler.ndnp.Batch|10. Reel aggregation file 'logs/reels/7674.csv' exists; skipping
INFO|2017-02-27 09:31:00,687|handler.ndnp.Batch|11. Reel aggregation file 'logs/reels/7638.csv' exists; skipping
INFO|2017-02-27 09:31:00,687|handler.ndnp.Batch|12. Reel aggregation file 'logs/reels/7636.csv' exists; skipping
INFO|2017-02-27 09:31:00,687|handler.ndnp.Batch|13. Reel aggregation file 'logs/reels/7640.csv' exists; skipping
INFO|2017-02-27 09:31:00,687|handler.ndnp.Batch|14. Reel aggregation file 'logs/reels/7650.csv' exists; skipping
INFO|2017-02-27 09:31:00,687|handler.ndnp.Batch|15. Reel aggregation file 'logs/reels/7656.csv' exists; skipping
INFO|2017-02-27 09:31:00,687|handler.ndnp.Batch|16. Reel aggregation file 'logs/reels/7673.csv' exists; skipping
INFO|2017-02-27 09:31:00,687|handler.ndnp.Batch|17. Reel aggregation file 'logs/reels/7654.csv' exists; skipping
INFO|2017-02-27 09:31:00,687|handler.ndnp.Batch|18. Reel aggregation file 'logs/reels/7675.csv' exists; skipping
INFO|2017-02-27 09:31:00,688|handler.ndnp.Batch|19. Reel aggregation file 'logs/reels/7637.csv' exists; skipping
INFO|2017-02-27 09:31:00,688|handler.ndnp.Batch|Batch contains 3503 items.
DEBUG|2017-02-27 09:31:00,691|__main__|fcrepo.endpoint = https://fcrepo.lib.umd.edu/fcrepo/rest/pcdm
DEBUG|2017-02-27 09:31:00,691|__main__|fcrepo.relpath = https://fcrepo.lib.umd.edu/fcrepo/rest/pcdm
DEBUG|2017-02-27 09:31:00,691|__main__|fcrepo.fullpath = https://fcrepo.lib.umd.edu/fcrepo/rest/pcdm
INFO|2017-02-27 09:31:00,691|__main__|Testing connection to https://fcrepo.lib.umd.edu/fcrepo/rest/pcdm
DEBUG|2017-02-27 09:31:00,691|classes.pcdm.Repository|HEAD https://fcrepo.lib.umd.edu/fcrepo/rest/pcdm
DEBUG|2017-02-27 09:31:00,813|classes.pcdm.Repository|200 OK
INFO|2017-02-27 09:31:00,816|__main__|Connection successful.
INFO|2017-02-27 09:31:00,816|__main__|Writing data for 1 existing items to mapfile.
INFO|2017-02-27 09:31:00,817|__main__|Processing item 2/3503...
INFO|2017-02-27 09:31:00,817|__main__|Loading item 2
INFO|2017-02-27 09:31:00,817|__main__|Reading item data
INFO|2017-02-27 09:31:01,643|__main__|Opening transaction
INFO|2017-02-27 09:31:01,643|classes.pcdm.Repository|Creating transaction
DEBUG|2017-02-27 09:31:01,643|classes.pcdm.Repository|POST https://fcrepo.lib.umd.edu/fcrepo/rest/fcr:tx
DEBUG|2017-02-27 09:31:01,756|classes.pcdm.Repository|201 Created
INFO|2017-02-27 09:31:01,756|classes.pcdm.Repository|Created transaction https://fcrepo.lib.umd.edu/fcrepo/rest/tx:905b3709-33d7-42de-94ce-e743e401c7e1
INFO|2017-02-27 09:31:01,756|__main__|Creating item
INFO|2017-02-27 09:31:01,756|classes.pcdm.Issue|Creating The triangle (College Park, Md.), 1910-01-15...
DEBUG|2017-02-27 09:31:01,756|classes.pcdm.Repository|POST https://fcrepo.lib.umd.edu/fcrepo/rest/tx:905b3709-33d7-42de-94ce-e743e401c7e1/pcdm
DEBUG|2017-02-27 09:31:01,880|classes.pcdm.Repository|201 Created
INFO|2017-02-27 09:31:01,880|classes.pcdm.Issue|Created The triangle (College Park, Md.), 1910-01-15
INFO|2017-02-27 09:31:01,880|classes.pcdm.Issue|URI: https://fcrepo.lib.umd.edu/fcrepo/rest/pcdm/42/6b/d5/d1/426bd5d1-beb2-496c-ab03-543c36daf6cd / UUID: 426bd5d1-beb2-496c-ab03-543c36daf6cd
INFO|2017-02-27 09:31:01,880|classes.pcdm.Page|Creating The triangle (College Park, Md.), 1910-01-15, page 1...
DEBUG|2017-02-27 09:31:01,880|classes.pcdm.Repository|POST https://fcrepo.lib.umd.edu/fcrepo/rest/tx:905b3709-33d7-42de-94ce-e743e401c7e1/pcdm
DEBUG|2017-02-27 09:31:02,003|classes.pcdm.Repository|201 Created
INFO|2017-02-27 09:31:02,003|classes.pcdm.Page|Created The triangle (College Park, Md.), 1910-01-15, page 1
INFO|2017-02-27 09:31:02,003|classes.pcdm.Page|URI: https://fcrepo.lib.umd.edu/fcrepo/rest/pcdm/4c/e6/4d/f1/4ce64df1-aa8b-4d07-8778-d9adb5285732 / UUID: 4ce64df1-aa8b-4d07-8778-d9adb5285732
INFO|2017-02-27 09:31:02,345|classes.pcdm.File|Loading 0006.tif
DEBUG|2017-02-27 09:31:02,362|classes.pcdm.Repository|POST https://fcrepo.lib.umd.edu/fcrepo/rest/tx:905b3709-33d7-42de-94ce-e743e401c7e1/pcdm
DEBUG|2017-02-27 09:31:04,166|classes.pcdm.Repository|201 Created
INFO|2017-02-27 09:31:04,215|classes.pcdm.File|Loading 0006.jp2
DEBUG|2017-02-27 09:31:04,218|classes.pcdm.Repository|POST https://fcrepo.lib.umd.edu/fcrepo/rest/tx:905b3709-33d7-42de-94ce-e743e401c7e1/pcdm
DEBUG|2017-02-27 09:31:04,565|classes.pcdm.Repository|201 Created
INFO|2017-02-27 09:31:04,578|classes.pcdm.File|Loading 0006.pdf
DEBUG|2017-02-27 09:31:04,580|classes.pcdm.Repository|POST https://fcrepo.lib.umd.edu/fcrepo/rest/tx:905b3709-33d7-42de-94ce-e743e401c7e1/pcdm
DEBUG|2017-02-27 09:31:04,807|classes.pcdm.Repository|201 Created
INFO|2017-02-27 09:31:04,810|classes.pcdm.File|Loading 0006.xml
DEBUG|2017-02-27 09:31:04,810|classes.pcdm.Repository|POST https://fcrepo.lib.umd.edu/fcrepo/rest/tx:905b3709-33d7-42de-94ce-e743e401c7e1/pcdm
DEBUG|2017-02-27 09:31:04,882|classes.pcdm.Repository|201 Created
INFO|2017-02-27 09:31:04,882|classes.pcdm.Page|Creating The triangle (College Park, Md.), 1910-01-15, page 2...
DEBUG|2017-02-27 09:31:04,882|classes.pcdm.Repository|POST https://fcrepo.lib.umd.edu/fcrepo/rest/tx:905b3709-33d7-42de-94ce-e743e401c7e1/pcdm
DEBUG|2017-02-27 09:31:04,949|classes.pcdm.Repository|201 Created
INFO|2017-02-27 09:31:04,949|classes.pcdm.Page|Created The triangle (College Park, Md.), 1910-01-15, page 2
INFO|2017-02-27 09:31:04,949|classes.pcdm.Page|URI: https://fcrepo.lib.umd.edu/fcrepo/rest/pcdm/c7/ba/e7/a0/c7bae7a0-3051-4807-bb14-a534fdb1d81d / UUID: c7bae7a0-3051-4807-bb14-a534fdb1d81d
INFO|2017-02-27 09:31:05,265|classes.pcdm.File|Loading 0007.tif
DEBUG|2017-02-27 09:31:05,275|classes.pcdm.Repository|POST https://fcrepo.lib.umd.edu/fcrepo/rest/tx:905b3709-33d7-42de-94ce-e743e401c7e1/pcdm
DEBUG|2017-02-27 09:31:06,992|classes.pcdm.Repository|201 Created
INFO|2017-02-27 09:31:07,037|classes.pcdm.File|Loading 0007.jp2
DEBUG|2017-02-27 09:31:07,038|classes.pcdm.Repository|POST https://fcrepo.lib.umd.edu/fcrepo/rest/tx:905b3709-33d7-42de-94ce-e743e401c7e1/pcdm
DEBUG|2017-02-27 09:31:07,583|classes.pcdm.Repository|201 Created
INFO|2017-02-27 09:31:07,596|classes.pcdm.File|Loading 0007.pdf
DEBUG|2017-02-27 09:31:07,598|classes.pcdm.Repository|POST https://fcrepo.lib.umd.edu/fcrepo/rest/tx:905b3709-33d7-42de-94ce-e743e401c7e1/pcdm
DEBUG|2017-02-27 09:31:07,848|classes.pcdm.Repository|201 Created
INFO|2017-02-27 09:31:07,851|classes.pcdm.File|Loading 0007.xml
DEBUG|2017-02-27 09:31:07,851|classes.pcdm.Repository|POST https://fcrepo.lib.umd.edu/fcrepo/rest/tx:905b3709-33d7-42de-94ce-e743e401c7e1/pcdm
DEBUG|2017-02-27 09:31:07,927|classes.pcdm.Repository|201 Created
INFO|2017-02-27 09:31:07,927|classes.pcdm.Page|Creating The triangle (College Park, Md.), 1910-01-15, page 3...
DEBUG|2017-02-27 09:31:07,927|classes.pcdm.Repository|POST https://fcrepo.lib.umd.edu/fcrepo/rest/tx:905b3709-33d7-42de-94ce-e743e401c7e1/pcdm
DEBUG|2017-02-27 09:31:07,962|classes.pcdm.Repository|201 Created
INFO|2017-02-27 09:31:07,963|classes.pcdm.Page|Created The triangle (College Park, Md.), 1910-01-15, page 3
INFO|2017-02-27 09:31:07,963|classes.pcdm.Page|URI: https://fcrepo.lib.umd.edu/fcrepo/rest/pcdm/8d/d2/d9/f9/8dd2d9f9-f23a-4f49-aa9f-50465c662c06 / UUID: 8dd2d9f9-f23a-4f49-aa9f-50465c662c06
INFO|2017-02-27 09:31:08,282|classes.pcdm.File|Loading 0008.tif
DEBUG|2017-02-27 09:31:08,301|classes.pcdm.Repository|POST https://fcrepo.lib.umd.edu/fcrepo/rest/tx:905b3709-33d7-42de-94ce-e743e401c7e1/pcdm
DEBUG|2017-02-27 09:31:09,814|classes.pcdm.Repository|201 Created
INFO|2017-02-27 09:31:09,860|classes.pcdm.File|Loading 0008.jp2
DEBUG|2017-02-27 09:31:09,863|classes.pcdm.Repository|POST https://fcrepo.lib.umd.edu/fcrepo/rest/tx:905b3709-33d7-42de-94ce-e743e401c7e1/pcdm
DEBUG|2017-02-27 09:31:10,187|classes.pcdm.Repository|201 Created
INFO|2017-02-27 09:31:10,199|classes.pcdm.File|Loading 0008.pdf
DEBUG|2017-02-27 09:31:10,200|classes.pcdm.Repository|POST https://fcrepo.lib.umd.edu/fcrepo/rest/tx:905b3709-33d7-42de-94ce-e743e401c7e1/pcdm
DEBUG|2017-02-27 09:31:10,529|classes.pcdm.Repository|201 Created
INFO|2017-02-27 09:31:10,532|classes.pcdm.File|Loading 0008.xml
DEBUG|2017-02-27 09:31:10,532|classes.pcdm.Repository|POST https://fcrepo.lib.umd.edu/fcrepo/rest/tx:905b3709-33d7-42de-94ce-e743e401c7e1/pcdm
DEBUG|2017-02-27 09:31:10,614|classes.pcdm.Repository|201 Created
INFO|2017-02-27 09:31:10,615|classes.pcdm.Page|Creating The triangle (College Park, Md.), 1910-01-15, page 4...
DEBUG|2017-02-27 09:31:10,615|classes.pcdm.Repository|POST https://fcrepo.lib.umd.edu/fcrepo/rest/tx:905b3709-33d7-42de-94ce-e743e401c7e1/pcdm
DEBUG|2017-02-27 09:31:10,665|classes.pcdm.Repository|201 Created
INFO|2017-02-27 09:31:10,665|classes.pcdm.Page|Created The triangle (College Park, Md.), 1910-01-15, page 4
INFO|2017-02-27 09:31:10,665|classes.pcdm.Page|URI: https://fcrepo.lib.umd.edu/fcrepo/rest/pcdm/bf/a3/48/3a/bfa3483a-ac12-4a69-99d4-e6fecd36d36d / UUID: bfa3483a-ac12-4a69-99d4-e6fecd36d36d
INFO|2017-02-27 09:31:10,970|classes.pcdm.File|Loading 0009.tif
DEBUG|2017-02-27 09:31:10,981|classes.pcdm.Repository|POST https://fcrepo.lib.umd.edu/fcrepo/rest/tx:905b3709-33d7-42de-94ce-e743e401c7e1/pcdm
DEBUG|2017-02-27 09:31:12,163|classes.pcdm.Repository|201 Created
INFO|2017-02-27 09:31:12,210|classes.pcdm.File|Loading 0009.jp2
DEBUG|2017-02-27 09:31:12,211|classes.pcdm.Repository|POST https://fcrepo.lib.umd.edu/fcrepo/rest/tx:905b3709-33d7-42de-94ce-e743e401c7e1/pcdm
DEBUG|2017-02-27 09:31:12,394|classes.pcdm.Repository|201 Created
INFO|2017-02-27 09:31:12,407|classes.pcdm.File|Loading 0009.pdf
DEBUG|2017-02-27 09:31:12,409|classes.pcdm.Repository|POST https://fcrepo.lib.umd.edu/fcrepo/rest/tx:905b3709-33d7-42de-94ce-e743e401c7e1/pcdm
DEBUG|2017-02-27 09:31:12,520|classes.pcdm.Repository|201 Created
INFO|2017-02-27 09:31:12,524|classes.pcdm.File|Loading 0009.xml
DEBUG|2017-02-27 09:31:12,524|classes.pcdm.Repository|POST https://fcrepo.lib.umd.edu/fcrepo/rest/tx:905b3709-33d7-42de-94ce-e743e401c7e1/pcdm
DEBUG|2017-02-27 09:31:12,574|classes.pcdm.Repository|201 Created
INFO|2017-02-27 09:31:12,574|classes.pcdm.Article|Creating triangle...
DEBUG|2017-02-27 09:31:12,574|classes.pcdm.Repository|POST https://fcrepo.lib.umd.edu/fcrepo/rest/tx:905b3709-33d7-42de-94ce-e743e401c7e1/pcdm
DEBUG|2017-02-27 09:31:12,609|classes.pcdm.Repository|201 Created
INFO|2017-02-27 09:31:12,609|classes.pcdm.Article|Created triangle
INFO|2017-02-27 09:31:12,609|classes.pcdm.Article|URI: https://fcrepo.lib.umd.edu/fcrepo/rest/pcdm/76/6d/cc/c5/766dccc5-4432-4a56-bece-8e95ffe1355a / UUID: 766dccc5-4432-4a56-bece-8e95ffe1355a
INFO|2017-02-27 09:31:12,610|classes.pcdm.Article|Creating triangle...
DEBUG|2017-02-27 09:31:12,610|classes.pcdm.Repository|POST https://fcrepo.lib.umd.edu/fcrepo/rest/tx:905b3709-33d7-42de-94ce-e743e401c7e1/pcdm
DEBUG|2017-02-27 09:31:12,647|classes.pcdm.Repository|201 Created
INFO|2017-02-27 09:31:12,648|classes.pcdm.Article|Created triangle
INFO|2017-02-27 09:31:12,648|classes.pcdm.Article|URI: https://fcrepo.lib.umd.edu/fcrepo/rest/pcdm/50/d4/32/c0/50d432c0-ad3c-42a7-9a73-751bfba13339 / UUID: 50d432c0-ad3c-42a7-9a73-751bfba13339
INFO|2017-02-27 09:31:12,648|classes.pcdm.Article|Creating LOCAL NEWS...
DEBUG|2017-02-27 09:31:12,649|classes.pcdm.Repository|POST https://fcrepo.lib.umd.edu/fcrepo/rest/tx:905b3709-33d7-42de-94ce-e743e401c7e1/pcdm
DEBUG|2017-02-27 09:31:12,684|classes.pcdm.Repository|201 Created
INFO|2017-02-27 09:31:12,685|classes.pcdm.Article|Created LOCAL NEWS
INFO|2017-02-27 09:31:12,685|classes.pcdm.Article|URI: https://fcrepo.lib.umd.edu/fcrepo/rest/pcdm/62/41/56/66/62415666-39fd-4d4f-87fa-3edd3ff3a419 / UUID: 62415666-39fd-4d4f-87fa-3edd3ff3a419
INFO|2017-02-27 09:31:12,685|classes.pcdm.Article|Creating ATHLETICS...
DEBUG|2017-02-27 09:31:12,685|classes.pcdm.Repository|POST https://fcrepo.lib.umd.edu/fcrepo/rest/tx:905b3709-33d7-42de-94ce-e743e401c7e1/pcdm
DEBUG|2017-02-27 09:31:12,724|classes.pcdm.Repository|201 Created
INFO|2017-02-27 09:31:12,724|classes.pcdm.Article|Created ATHLETICS
INFO|2017-02-27 09:31:12,724|classes.pcdm.Article|URI: https://fcrepo.lib.umd.edu/fcrepo/rest/pcdm/64/0f/38/ab/640f38ab-bc1e-4d8e-bfca-01a85719c5d6 / UUID: 640f38ab-bc1e-4d8e-bfca-01a85719c5d6
INFO|2017-02-27 09:31:12,724|classes.pcdm.Article|Creating TRIANGLE...
DEBUG|2017-02-27 09:31:12,724|classes.pcdm.Repository|POST https://fcrepo.lib.umd.edu/fcrepo/rest/tx:905b3709-33d7-42de-94ce-e743e401c7e1/pcdm
DEBUG|2017-02-27 09:31:12,763|classes.pcdm.Repository|201 Created
INFO|2017-02-27 09:31:12,763|classes.pcdm.Article|Created TRIANGLE
INFO|2017-02-27 09:31:12,763|classes.pcdm.Article|URI: https://fcrepo.lib.umd.edu/fcrepo/rest/pcdm/eb/fe/8e/c9/ebfe8ec9-ef24-4a0d-8e4e-aa141f5e7ef0 / UUID: ebfe8ec9-ef24-4a0d-8e4e-aa141f5e7ef0
INFO|2017-02-27 09:31:12,763|classes.pcdm.Article|Creating EDITORIAL...
DEBUG|2017-02-27 09:31:12,764|classes.pcdm.Repository|POST https://fcrepo.lib.umd.edu/fcrepo/rest/tx:905b3709-33d7-42de-94ce-e743e401c7e1/pcdm
DEBUG|2017-02-27 09:31:12,807|classes.pcdm.Repository|201 Created
INFO|2017-02-27 09:31:12,807|classes.pcdm.Article|Created EDITORIAL
INFO|2017-02-27 09:31:12,807|classes.pcdm.Article|URI: https://fcrepo.lib.umd.edu/fcrepo/rest/pcdm/90/0e/6c/c1/900e6cc1-a245-41a5-a9e1-b1fe7123c247 / UUID: 900e6cc1-a245-41a5-a9e1-b1fe7123c247
INFO|2017-02-27 09:31:12,807|classes.pcdm.Article|Creating LITERARY SOCIETIES...
DEBUG|2017-02-27 09:31:12,807|classes.pcdm.Repository|POST https://fcrepo.lib.umd.edu/fcrepo/rest/tx:905b3709-33d7-42de-94ce-e743e401c7e1/pcdm
DEBUG|2017-02-27 09:31:12,857|classes.pcdm.Repository|201 Created
INFO|2017-02-27 09:31:12,857|classes.pcdm.Article|Created LITERARY SOCIETIES
INFO|2017-02-27 09:31:12,858|classes.pcdm.Article|URI: https://fcrepo.lib.umd.edu/fcrepo/rest/pcdm/09/0b/f3/36/090bf336-d51e-43e9-917d-191195451709 / UUID: 090bf336-d51e-43e9-917d-191195451709
INFO|2017-02-27 09:31:12,858|classes.pcdm.Article|Creating Y. M. C. A. NOTES...
DEBUG|2017-02-27 09:31:12,858|classes.pcdm.Repository|POST https://fcrepo.lib.umd.edu/fcrepo/rest/tx:905b3709-33d7-42de-94ce-e743e401c7e1/pcdm
DEBUG|2017-02-27 09:31:12,911|classes.pcdm.Repository|201 Created
INFO|2017-02-27 09:31:12,911|classes.pcdm.Article|Created Y. M. C. A. NOTES
INFO|2017-02-27 09:31:12,911|classes.pcdm.Article|URI: https://fcrepo.lib.umd.edu/fcrepo/rest/pcdm/1b/18/bd/0f/1b18bd0f-8819-4c6a-918a-5dac6c472f39 / UUID: 1b18bd0f-8819-4c6a-918a-5dac6c472f39
INFO|2017-02-27 09:31:12,911|classes.pcdm.Article|Creating ALUMNI...
DEBUG|2017-02-27 09:31:12,911|classes.pcdm.Repository|POST https://fcrepo.lib.umd.edu/fcrepo/rest/tx:905b3709-33d7-42de-94ce-e743e401c7e1/pcdm
DEBUG|2017-02-27 09:31:12,960|classes.pcdm.Repository|201 Created
INFO|2017-02-27 09:31:12,961|classes.pcdm.Article|Created ALUMNI
INFO|2017-02-27 09:31:12,961|classes.pcdm.Article|URI: https://fcrepo.lib.umd.edu/fcrepo/rest/pcdm/c5/09/05/a8/c50905a8-929f-4bb9-80dc-e5c372d15c5e / UUID: c50905a8-929f-4bb9-80dc-e5c372d15c5e
INFO|2017-02-27 09:31:12,961|classes.pcdm.IssueMetadata|Creating The triangle (College Park, Md.), 1910-01-15, issue METS metadata...
DEBUG|2017-02-27 09:31:12,961|classes.pcdm.Repository|POST https://fcrepo.lib.umd.edu/fcrepo/rest/tx:905b3709-33d7-42de-94ce-e743e401c7e1/pcdm
DEBUG|2017-02-27 09:31:13,009|classes.pcdm.Repository|201 Created
INFO|2017-02-27 09:31:13,009|classes.pcdm.IssueMetadata|Created The triangle (College Park, Md.), 1910-01-15, issue METS metadata
INFO|2017-02-27 09:31:13,009|classes.pcdm.IssueMetadata|URI: https://fcrepo.lib.umd.edu/fcrepo/rest/pcdm/5f/cd/d2/98/5fcdd298-a956-49ce-8c71-2a9aaa62b0e8 / UUID: 5fcdd298-a956-49ce-8c71-2a9aaa62b0e8
INFO|2017-02-27 09:31:13,010|classes.pcdm.MetadataFile|Loading 1910011501_1.xml
DEBUG|2017-02-27 09:31:13,010|classes.pcdm.Repository|POST https://fcrepo.lib.umd.edu/fcrepo/rest/tx:905b3709-33d7-42de-94ce-e743e401c7e1/pcdm
DEBUG|2017-02-27 09:31:13,065|classes.pcdm.Repository|201 Created
INFO|2017-02-27 09:31:13,065|classes.pcdm.IssueMetadata|Creating The triangle (College Park, Md.), 1910-01-15, article METS metadata...
DEBUG|2017-02-27 09:31:13,065|classes.pcdm.Repository|POST https://fcrepo.lib.umd.edu/fcrepo/rest/tx:905b3709-33d7-42de-94ce-e743e401c7e1/pcdm
DEBUG|2017-02-27 09:31:13,117|classes.pcdm.Repository|201 Created
INFO|2017-02-27 09:31:13,118|classes.pcdm.IssueMetadata|Created The triangle (College Park, Md.), 1910-01-15, article METS metadata
INFO|2017-02-27 09:31:13,118|classes.pcdm.IssueMetadata|URI: https://fcrepo.lib.umd.edu/fcrepo/rest/pcdm/d1/7f/6d/c2/d17f6dc2-0852-494f-bb17-f903a530dcdb / UUID: d17f6dc2-0852-494f-bb17-f903a530dcdb
INFO|2017-02-27 09:31:13,118|classes.pcdm.MetadataFile|Loading 1910011501.xml
DEBUG|2017-02-27 09:31:13,118|classes.pcdm.Repository|POST https://fcrepo.lib.umd.edu/fcrepo/rest/tx:905b3709-33d7-42de-94ce-e743e401c7e1/pcdm
DEBUG|2017-02-27 09:31:13,173|classes.pcdm.Repository|201 Created
INFO|2017-02-27 09:31:13,173|__main__|Creating ordering proxies
INFO|2017-02-27 09:31:13,174|classes.pcdm.Proxy|Creating Proxy for Page 1 in The triangle (College Park, Md.), 1910-01-15...
DEBUG|2017-02-27 09:31:13,174|classes.pcdm.Repository|PUT https://fcrepo.lib.umd.edu/fcrepo/rest/tx:905b3709-33d7-42de-94ce-e743e401c7e1/pcdm/4c/e6/4d/f1/4ce64df1-aa8b-4d07-8778-d9adb5285732/426bd5d1-beb2-496c-ab03-543c36daf6cd
DEBUG|2017-02-27 09:31:13,222|classes.pcdm.Repository|201 Created
INFO|2017-02-27 09:31:13,222|classes.pcdm.Proxy|Created Proxy for Page 1 in The triangle (College Park, Md.), 1910-01-15
INFO|2017-02-27 09:31:13,223|classes.pcdm.Proxy|URI: https://fcrepo.lib.umd.edu/fcrepo/rest/pcdm/4c/e6/4d/f1/4ce64df1-aa8b-4d07-8778-d9adb5285732/426bd5d1-beb2-496c-ab03-543c36daf6cd / UUID: 426bd5d1-beb2-496c-ab03-543c36daf6cd
INFO|2017-02-27 09:31:13,223|classes.pcdm.Proxy|Creating Proxy for Page 2 in The triangle (College Park, Md.), 1910-01-15...
DEBUG|2017-02-27 09:31:13,223|classes.pcdm.Repository|PUT https://fcrepo.lib.umd.edu/fcrepo/rest/tx:905b3709-33d7-42de-94ce-e743e401c7e1/pcdm/c7/ba/e7/a0/c7bae7a0-3051-4807-bb14-a534fdb1d81d/426bd5d1-beb2-496c-ab03-543c36daf6cd
DEBUG|2017-02-27 09:31:13,278|classes.pcdm.Repository|201 Created
INFO|2017-02-27 09:31:13,279|classes.pcdm.Proxy|Created Proxy for Page 2 in The triangle (College Park, Md.), 1910-01-15
INFO|2017-02-27 09:31:13,279|classes.pcdm.Proxy|URI: https://fcrepo.lib.umd.edu/fcrepo/rest/pcdm/c7/ba/e7/a0/c7bae7a0-3051-4807-bb14-a534fdb1d81d/426bd5d1-beb2-496c-ab03-543c36daf6cd / UUID: 426bd5d1-beb2-496c-ab03-543c36daf6cd
INFO|2017-02-27 09:31:13,279|classes.pcdm.Proxy|Creating Proxy for Page 3 in The triangle (College Park, Md.), 1910-01-15...
DEBUG|2017-02-27 09:31:13,279|classes.pcdm.Repository|PUT https://fcrepo.lib.umd.edu/fcrepo/rest/tx:905b3709-33d7-42de-94ce-e743e401c7e1/pcdm/8d/d2/d9/f9/8dd2d9f9-f23a-4f49-aa9f-50465c662c06/426bd5d1-beb2-496c-ab03-543c36daf6cd
DEBUG|2017-02-27 09:31:13,319|classes.pcdm.Repository|201 Created
INFO|2017-02-27 09:31:13,319|classes.pcdm.Proxy|Created Proxy for Page 3 in The triangle (College Park, Md.), 1910-01-15
INFO|2017-02-27 09:31:13,320|classes.pcdm.Proxy|URI: https://fcrepo.lib.umd.edu/fcrepo/rest/pcdm/8d/d2/d9/f9/8dd2d9f9-f23a-4f49-aa9f-50465c662c06/426bd5d1-beb2-496c-ab03-543c36daf6cd / UUID: 426bd5d1-beb2-496c-ab03-543c36daf6cd
INFO|2017-02-27 09:31:13,320|classes.pcdm.Proxy|Creating Proxy for Page 4 in The triangle (College Park, Md.), 1910-01-15...
DEBUG|2017-02-27 09:31:13,320|classes.pcdm.Repository|PUT https://fcrepo.lib.umd.edu/fcrepo/rest/tx:905b3709-33d7-42de-94ce-e743e401c7e1/pcdm/bf/a3/48/3a/bfa3483a-ac12-4a69-99d4-e6fecd36d36d/426bd5d1-beb2-496c-ab03-543c36daf6cd
DEBUG|2017-02-27 09:31:13,354|classes.pcdm.Repository|201 Created
INFO|2017-02-27 09:31:13,354|classes.pcdm.Proxy|Created Proxy for Page 4 in The triangle (College Park, Md.), 1910-01-15
INFO|2017-02-27 09:31:13,354|classes.pcdm.Proxy|URI: https://fcrepo.lib.umd.edu/fcrepo/rest/pcdm/bf/a3/48/3a/bfa3483a-ac12-4a69-99d4-e6fecd36d36d/426bd5d1-beb2-496c-ab03-543c36daf6cd / UUID: 426bd5d1-beb2-496c-ab03-543c36daf6cd
INFO|2017-02-27 09:31:13,356|classes.pcdm.Proxy|Updating Proxy for Page 1 in The triangle (College Park, Md.), 1910-01-15
DEBUG|2017-02-27 09:31:13,356|classes.pcdm.Repository|PATCH https://fcrepo.lib.umd.edu/fcrepo/rest/tx:905b3709-33d7-42de-94ce-e743e401c7e1/pcdm/4c/e6/4d/f1/4ce64df1-aa8b-4d07-8778-d9adb5285732/426bd5d1-beb2-496c-ab03-543c36daf6cd
DEBUG|2017-02-27 09:31:13,391|classes.pcdm.Repository|204 No Content
INFO|2017-02-27 09:31:13,391|classes.pcdm.Proxy|Updated Proxy for Page 1 in The triangle (College Park, Md.), 1910-01-15
INFO|2017-02-27 09:31:13,392|classes.pcdm.Proxy|Updating Proxy for Page 2 in The triangle (College Park, Md.), 1910-01-15
DEBUG|2017-02-27 09:31:13,392|classes.pcdm.Repository|PATCH https://fcrepo.lib.umd.edu/fcrepo/rest/tx:905b3709-33d7-42de-94ce-e743e401c7e1/pcdm/c7/ba/e7/a0/c7bae7a0-3051-4807-bb14-a534fdb1d81d/426bd5d1-beb2-496c-ab03-543c36daf6cd
DEBUG|2017-02-27 09:31:13,430|classes.pcdm.Repository|204 No Content
INFO|2017-02-27 09:31:13,430|classes.pcdm.Proxy|Updated Proxy for Page 2 in The triangle (College Park, Md.), 1910-01-15
INFO|2017-02-27 09:31:13,431|classes.pcdm.Proxy|Updating Proxy for Page 3 in The triangle (College Park, Md.), 1910-01-15
DEBUG|2017-02-27 09:31:13,432|classes.pcdm.Repository|PATCH https://fcrepo.lib.umd.edu/fcrepo/rest/tx:905b3709-33d7-42de-94ce-e743e401c7e1/pcdm/8d/d2/d9/f9/8dd2d9f9-f23a-4f49-aa9f-50465c662c06/426bd5d1-beb2-496c-ab03-543c36daf6cd
DEBUG|2017-02-27 09:31:13,469|classes.pcdm.Repository|204 No Content
INFO|2017-02-27 09:31:13,469|classes.pcdm.Proxy|Updated Proxy for Page 3 in The triangle (College Park, Md.), 1910-01-15
INFO|2017-02-27 09:31:13,470|classes.pcdm.Proxy|Updating Proxy for Page 4 in The triangle (College Park, Md.), 1910-01-15
DEBUG|2017-02-27 09:31:13,470|classes.pcdm.Repository|PATCH https://fcrepo.lib.umd.edu/fcrepo/rest/tx:905b3709-33d7-42de-94ce-e743e401c7e1/pcdm/bf/a3/48/3a/bfa3483a-ac12-4a69-99d4-e6fecd36d36d/426bd5d1-beb2-496c-ab03-543c36daf6cd
DEBUG|2017-02-27 09:31:13,505|classes.pcdm.Repository|204 No Content
INFO|2017-02-27 09:31:13,505|classes.pcdm.Proxy|Updated Proxy for Page 4 in The triangle (College Park, Md.), 1910-01-15
INFO|2017-02-27 09:31:13,505|__main__|Updating relationship triples
INFO|2017-02-27 09:31:13,509|__main__|Updating item and components
INFO|2017-02-27 09:31:13,511|classes.pcdm.Issue|Updating The triangle (College Park, Md.), 1910-01-15
DEBUG|2017-02-27 09:31:13,511|classes.pcdm.Repository|PATCH https://fcrepo.lib.umd.edu/fcrepo/rest/tx:905b3709-33d7-42de-94ce-e743e401c7e1/pcdm/42/6b/d5/d1/426bd5d1-beb2-496c-ab03-543c36daf6cd
DEBUG|2017-02-27 09:31:13,555|classes.pcdm.Repository|204 No Content
INFO|2017-02-27 09:31:13,555|classes.pcdm.Issue|Updated The triangle (College Park, Md.), 1910-01-15
INFO|2017-02-27 09:31:13,556|classes.pcdm.Page|Updating The triangle (College Park, Md.), 1910-01-15, page 1
DEBUG|2017-02-27 09:31:13,556|classes.pcdm.Repository|PATCH https://fcrepo.lib.umd.edu/fcrepo/rest/tx:905b3709-33d7-42de-94ce-e743e401c7e1/pcdm/4c/e6/4d/f1/4ce64df1-aa8b-4d07-8778-d9adb5285732
DEBUG|2017-02-27 09:31:13,599|classes.pcdm.Repository|204 No Content
INFO|2017-02-27 09:31:13,599|classes.pcdm.Page|Updated The triangle (College Park, Md.), 1910-01-15, page 1
INFO|2017-02-27 09:31:13,600|classes.pcdm.File|Updating 0006.tif (master)
DEBUG|2017-02-27 09:31:13,600|classes.pcdm.Repository|PATCH https://fcrepo.lib.umd.edu/fcrepo/rest/tx:905b3709-33d7-42de-94ce-e743e401c7e1/pcdm/f5/e1/df/85/f5e1df85-407f-4554-af45-8ef3cb3e77ad/fcr:metadata
DEBUG|2017-02-27 09:31:13,636|classes.pcdm.Repository|204 No Content
INFO|2017-02-27 09:31:13,637|classes.pcdm.File|Updated 0006.tif (master)
INFO|2017-02-27 09:31:13,637|classes.pcdm.File|Updating 0006.jp2 (service)
DEBUG|2017-02-27 09:31:13,637|classes.pcdm.Repository|PATCH https://fcrepo.lib.umd.edu/fcrepo/rest/tx:905b3709-33d7-42de-94ce-e743e401c7e1/pcdm/06/56/28/15/06562815-77f9-4c6b-87cc-6bec8c284e24/fcr:metadata
DEBUG|2017-02-27 09:31:13,673|classes.pcdm.Repository|204 No Content
INFO|2017-02-27 09:31:13,674|classes.pcdm.File|Updated 0006.jp2 (service)
INFO|2017-02-27 09:31:13,675|classes.pcdm.File|Updating 0006.pdf (derivative)
DEBUG|2017-02-27 09:31:13,675|classes.pcdm.Repository|PATCH https://fcrepo.lib.umd.edu/fcrepo/rest/tx:905b3709-33d7-42de-94ce-e743e401c7e1/pcdm/b8/e6/5d/83/b8e65d83-c8ee-43c2-ac20-f2b786dc5b1a/fcr:metadata
DEBUG|2017-02-27 09:31:13,712|classes.pcdm.Repository|204 No Content
INFO|2017-02-27 09:31:13,713|classes.pcdm.File|Updated 0006.pdf (derivative)
INFO|2017-02-27 09:31:13,713|classes.pcdm.File|Updating 0006.xml (ocr)
DEBUG|2017-02-27 09:31:13,713|classes.pcdm.Repository|PATCH https://fcrepo.lib.umd.edu/fcrepo/rest/tx:905b3709-33d7-42de-94ce-e743e401c7e1/pcdm/0f/93/8c/8a/0f938c8a-cd54-46fe-90eb-80fdc98ac09f/fcr:metadata
DEBUG|2017-02-27 09:31:13,749|classes.pcdm.Repository|204 No Content
INFO|2017-02-27 09:31:13,749|classes.pcdm.File|Updated 0006.xml (ocr)
INFO|2017-02-27 09:31:13,751|classes.pcdm.Page|Updating The triangle (College Park, Md.), 1910-01-15, page 2
DEBUG|2017-02-27 09:31:13,751|classes.pcdm.Repository|PATCH https://fcrepo.lib.umd.edu/fcrepo/rest/tx:905b3709-33d7-42de-94ce-e743e401c7e1/pcdm/c7/ba/e7/a0/c7bae7a0-3051-4807-bb14-a534fdb1d81d
DEBUG|2017-02-27 09:31:13,790|classes.pcdm.Repository|204 No Content
INFO|2017-02-27 09:31:13,790|classes.pcdm.Page|Updated The triangle (College Park, Md.), 1910-01-15, page 2
INFO|2017-02-27 09:31:13,791|classes.pcdm.File|Updating 0007.tif (master)
DEBUG|2017-02-27 09:31:13,791|classes.pcdm.Repository|PATCH https://fcrepo.lib.umd.edu/fcrepo/rest/tx:905b3709-33d7-42de-94ce-e743e401c7e1/pcdm/4a/84/39/b6/4a8439b6-9994-4722-9074-46185375ba9e/fcr:metadata
DEBUG|2017-02-27 09:31:13,829|classes.pcdm.Repository|204 No Content
INFO|2017-02-27 09:31:13,829|classes.pcdm.File|Updated 0007.tif (master)
INFO|2017-02-27 09:31:13,830|classes.pcdm.File|Updating 0007.jp2 (service)
DEBUG|2017-02-27 09:31:13,830|classes.pcdm.Repository|PATCH https://fcrepo.lib.umd.edu/fcrepo/rest/tx:905b3709-33d7-42de-94ce-e743e401c7e1/pcdm/29/ce/7d/5e/29ce7d5e-5178-40c5-8ec1-5f86fec32f03/fcr:metadata
DEBUG|2017-02-27 09:31:13,867|classes.pcdm.Repository|204 No Content
INFO|2017-02-27 09:31:13,867|classes.pcdm.File|Updated 0007.jp2 (service)
INFO|2017-02-27 09:31:13,868|classes.pcdm.File|Updating 0007.pdf (derivative)
DEBUG|2017-02-27 09:31:13,868|classes.pcdm.Repository|PATCH https://fcrepo.lib.umd.edu/fcrepo/rest/tx:905b3709-33d7-42de-94ce-e743e401c7e1/pcdm/3b/5b/15/76/3b5b1576-f3dd-48a8-9ebf-9659ddbb6547/fcr:metadata
DEBUG|2017-02-27 09:31:13,904|classes.pcdm.Repository|204 No Content
INFO|2017-02-27 09:31:13,904|classes.pcdm.File|Updated 0007.pdf (derivative)
INFO|2017-02-27 09:31:13,905|classes.pcdm.File|Updating 0007.xml (ocr)
DEBUG|2017-02-27 09:31:13,905|classes.pcdm.Repository|PATCH https://fcrepo.lib.umd.edu/fcrepo/rest/tx:905b3709-33d7-42de-94ce-e743e401c7e1/pcdm/a6/e5/8d/ac/a6e58dac-66b8-44f2-a20e-63ca0d489c69/fcr:metadata
DEBUG|2017-02-27 09:31:13,943|classes.pcdm.Repository|204 No Content
INFO|2017-02-27 09:31:13,943|classes.pcdm.File|Updated 0007.xml (ocr)
INFO|2017-02-27 09:31:13,944|classes.pcdm.Page|Updating The triangle (College Park, Md.), 1910-01-15, page 3
DEBUG|2017-02-27 09:31:13,944|classes.pcdm.Repository|PATCH https://fcrepo.lib.umd.edu/fcrepo/rest/tx:905b3709-33d7-42de-94ce-e743e401c7e1/pcdm/8d/d2/d9/f9/8dd2d9f9-f23a-4f49-aa9f-50465c662c06
DEBUG|2017-02-27 09:31:13,982|classes.pcdm.Repository|204 No Content
INFO|2017-02-27 09:31:13,982|classes.pcdm.Page|Updated The triangle (College Park, Md.), 1910-01-15, page 3
INFO|2017-02-27 09:31:13,983|classes.pcdm.File|Updating 0008.tif (master)
DEBUG|2017-02-27 09:31:13,983|classes.pcdm.Repository|PATCH https://fcrepo.lib.umd.edu/fcrepo/rest/tx:905b3709-33d7-42de-94ce-e743e401c7e1/pcdm/b5/67/f2/e4/b567f2e4-a60c-46dc-a41c-3691eb510fd8/fcr:metadata
DEBUG|2017-02-27 09:31:14,030|classes.pcdm.Repository|204 No Content
INFO|2017-02-27 09:31:14,031|classes.pcdm.File|Updated 0008.tif (master)
INFO|2017-02-27 09:31:14,031|classes.pcdm.File|Updating 0008.jp2 (service)
DEBUG|2017-02-27 09:31:14,031|classes.pcdm.Repository|PATCH https://fcrepo.lib.umd.edu/fcrepo/rest/tx:905b3709-33d7-42de-94ce-e743e401c7e1/pcdm/04/3c/b4/a7/043cb4a7-3d23-4929-a9f2-a6a55b6e220c/fcr:metadata
DEBUG|2017-02-27 09:31:14,074|classes.pcdm.Repository|204 No Content
INFO|2017-02-27 09:31:14,074|classes.pcdm.File|Updated 0008.jp2 (service)
INFO|2017-02-27 09:31:14,075|classes.pcdm.File|Updating 0008.pdf (derivative)
DEBUG|2017-02-27 09:31:14,075|classes.pcdm.Repository|PATCH https://fcrepo.lib.umd.edu/fcrepo/rest/tx:905b3709-33d7-42de-94ce-e743e401c7e1/pcdm/7e/44/02/6d/7e44026d-1c87-4abc-ad94-c1c78d084686/fcr:metadata
DEBUG|2017-02-27 09:31:14,118|classes.pcdm.Repository|204 No Content
INFO|2017-02-27 09:31:14,118|classes.pcdm.File|Updated 0008.pdf (derivative)
INFO|2017-02-27 09:31:14,118|classes.pcdm.File|Updating 0008.xml (ocr)
DEBUG|2017-02-27 09:31:14,118|classes.pcdm.Repository|PATCH https://fcrepo.lib.umd.edu/fcrepo/rest/tx:905b3709-33d7-42de-94ce-e743e401c7e1/pcdm/ef/ed/1e/f9/efed1ef9-b60c-4b10-9728-f929e0a5fab4/fcr:metadata
DEBUG|2017-02-27 09:31:14,165|classes.pcdm.Repository|204 No Content
INFO|2017-02-27 09:31:14,166|classes.pcdm.File|Updated 0008.xml (ocr)
INFO|2017-02-27 09:31:14,167|classes.pcdm.Page|Updating The triangle (College Park, Md.), 1910-01-15, page 4
DEBUG|2017-02-27 09:31:14,167|classes.pcdm.Repository|PATCH https://fcrepo.lib.umd.edu/fcrepo/rest/tx:905b3709-33d7-42de-94ce-e743e401c7e1/pcdm/bf/a3/48/3a/bfa3483a-ac12-4a69-99d4-e6fecd36d36d
DEBUG|2017-02-27 09:31:14,224|classes.pcdm.Repository|204 No Content
INFO|2017-02-27 09:31:14,224|classes.pcdm.Page|Updated The triangle (College Park, Md.), 1910-01-15, page 4
INFO|2017-02-27 09:31:14,225|classes.pcdm.File|Updating 0009.tif (master)
DEBUG|2017-02-27 09:31:14,225|classes.pcdm.Repository|PATCH https://fcrepo.lib.umd.edu/fcrepo/rest/tx:905b3709-33d7-42de-94ce-e743e401c7e1/pcdm/b1/ea/44/c8/b1ea44c8-2d50-454d-a634-1d3d0e2d916b/fcr:metadata
DEBUG|2017-02-27 09:31:14,269|classes.pcdm.Repository|204 No Content
INFO|2017-02-27 09:31:14,269|classes.pcdm.File|Updated 0009.tif (master)
INFO|2017-02-27 09:31:14,270|classes.pcdm.File|Updating 0009.jp2 (service)
DEBUG|2017-02-27 09:31:14,270|classes.pcdm.Repository|PATCH https://fcrepo.lib.umd.edu/fcrepo/rest/tx:905b3709-33d7-42de-94ce-e743e401c7e1/pcdm/a1/39/c4/48/a139c448-43a9-43fd-bc64-89ebac23ad6d/fcr:metadata
DEBUG|2017-02-27 09:31:14,307|classes.pcdm.Repository|204 No Content
INFO|2017-02-27 09:31:14,307|classes.pcdm.File|Updated 0009.jp2 (service)
INFO|2017-02-27 09:31:14,307|classes.pcdm.File|Updating 0009.pdf (derivative)
DEBUG|2017-02-27 09:31:14,308|classes.pcdm.Repository|PATCH https://fcrepo.lib.umd.edu/fcrepo/rest/tx:905b3709-33d7-42de-94ce-e743e401c7e1/pcdm/38/ed/17/f2/38ed17f2-3fd4-4c33-be93-5e0e0b40f83e/fcr:metadata
DEBUG|2017-02-27 09:31:14,343|classes.pcdm.Repository|204 No Content
INFO|2017-02-27 09:31:14,344|classes.pcdm.File|Updated 0009.pdf (derivative)
INFO|2017-02-27 09:31:14,345|classes.pcdm.File|Updating 0009.xml (ocr)
DEBUG|2017-02-27 09:31:14,345|classes.pcdm.Repository|PATCH https://fcrepo.lib.umd.edu/fcrepo/rest/tx:905b3709-33d7-42de-94ce-e743e401c7e1/pcdm/c8/6d/8a/3f/c86d8a3f-7f5d-496a-8319-5428e10849cf/fcr:metadata
DEBUG|2017-02-27 09:31:14,383|classes.pcdm.Repository|204 No Content
INFO|2017-02-27 09:31:14,383|classes.pcdm.File|Updated 0009.xml (ocr)
INFO|2017-02-27 09:31:14,384|classes.pcdm.Article|Updating triangle
DEBUG|2017-02-27 09:31:14,384|classes.pcdm.Repository|PATCH https://fcrepo.lib.umd.edu/fcrepo/rest/tx:905b3709-33d7-42de-94ce-e743e401c7e1/pcdm/76/6d/cc/c5/766dccc5-4432-4a56-bece-8e95ffe1355a
DEBUG|2017-02-27 09:31:14,420|classes.pcdm.Repository|204 No Content
INFO|2017-02-27 09:31:14,421|classes.pcdm.Article|Updated triangle
INFO|2017-02-27 09:31:14,421|classes.pcdm.Article|Updating triangle
DEBUG|2017-02-27 09:31:14,421|classes.pcdm.Repository|PATCH https://fcrepo.lib.umd.edu/fcrepo/rest/tx:905b3709-33d7-42de-94ce-e743e401c7e1/pcdm/50/d4/32/c0/50d432c0-ad3c-42a7-9a73-751bfba13339
DEBUG|2017-02-27 09:31:14,458|classes.pcdm.Repository|204 No Content
INFO|2017-02-27 09:31:14,458|classes.pcdm.Article|Updated triangle
INFO|2017-02-27 09:31:14,459|classes.pcdm.Article|Updating LOCAL NEWS
DEBUG|2017-02-27 09:31:14,459|classes.pcdm.Repository|PATCH https://fcrepo.lib.umd.edu/fcrepo/rest/tx:905b3709-33d7-42de-94ce-e743e401c7e1/pcdm/62/41/56/66/62415666-39fd-4d4f-87fa-3edd3ff3a419
DEBUG|2017-02-27 09:31:14,492|classes.pcdm.Repository|204 No Content
INFO|2017-02-27 09:31:14,492|classes.pcdm.Article|Updated LOCAL NEWS
INFO|2017-02-27 09:31:14,493|classes.pcdm.Article|Updating ATHLETICS
DEBUG|2017-02-27 09:31:14,493|classes.pcdm.Repository|PATCH https://fcrepo.lib.umd.edu/fcrepo/rest/tx:905b3709-33d7-42de-94ce-e743e401c7e1/pcdm/64/0f/38/ab/640f38ab-bc1e-4d8e-bfca-01a85719c5d6
DEBUG|2017-02-27 09:31:14,528|classes.pcdm.Repository|204 No Content
INFO|2017-02-27 09:31:14,528|classes.pcdm.Article|Updated ATHLETICS
INFO|2017-02-27 09:31:14,529|classes.pcdm.Article|Updating TRIANGLE
DEBUG|2017-02-27 09:31:14,529|classes.pcdm.Repository|PATCH https://fcrepo.lib.umd.edu/fcrepo/rest/tx:905b3709-33d7-42de-94ce-e743e401c7e1/pcdm/eb/fe/8e/c9/ebfe8ec9-ef24-4a0d-8e4e-aa141f5e7ef0
DEBUG|2017-02-27 09:31:14,566|classes.pcdm.Repository|204 No Content
INFO|2017-02-27 09:31:14,566|classes.pcdm.Article|Updated TRIANGLE
INFO|2017-02-27 09:31:14,567|classes.pcdm.Article|Updating EDITORIAL
DEBUG|2017-02-27 09:31:14,567|classes.pcdm.Repository|PATCH https://fcrepo.lib.umd.edu/fcrepo/rest/tx:905b3709-33d7-42de-94ce-e743e401c7e1/pcdm/90/0e/6c/c1/900e6cc1-a245-41a5-a9e1-b1fe7123c247
DEBUG|2017-02-27 09:31:14,604|classes.pcdm.Repository|204 No Content
INFO|2017-02-27 09:31:14,604|classes.pcdm.Article|Updated EDITORIAL
INFO|2017-02-27 09:31:14,604|classes.pcdm.Article|Updating LITERARY SOCIETIES
DEBUG|2017-02-27 09:31:14,605|classes.pcdm.Repository|PATCH https://fcrepo.lib.umd.edu/fcrepo/rest/tx:905b3709-33d7-42de-94ce-e743e401c7e1/pcdm/09/0b/f3/36/090bf336-d51e-43e9-917d-191195451709
DEBUG|2017-02-27 09:31:14,639|classes.pcdm.Repository|204 No Content
INFO|2017-02-27 09:31:14,639|classes.pcdm.Article|Updated LITERARY SOCIETIES
INFO|2017-02-27 09:31:14,639|classes.pcdm.Article|Updating Y. M. C. A. NOTES
DEBUG|2017-02-27 09:31:14,640|classes.pcdm.Repository|PATCH https://fcrepo.lib.umd.edu/fcrepo/rest/tx:905b3709-33d7-42de-94ce-e743e401c7e1/pcdm/1b/18/bd/0f/1b18bd0f-8819-4c6a-918a-5dac6c472f39
DEBUG|2017-02-27 09:31:14,675|classes.pcdm.Repository|204 No Content
INFO|2017-02-27 09:31:14,675|classes.pcdm.Article|Updated Y. M. C. A. NOTES
INFO|2017-02-27 09:31:14,676|classes.pcdm.Article|Updating ALUMNI
DEBUG|2017-02-27 09:31:14,676|classes.pcdm.Repository|PATCH https://fcrepo.lib.umd.edu/fcrepo/rest/tx:905b3709-33d7-42de-94ce-e743e401c7e1/pcdm/c5/09/05/a8/c50905a8-929f-4bb9-80dc-e5c372d15c5e
DEBUG|2017-02-27 09:31:14,712|classes.pcdm.Repository|204 No Content
INFO|2017-02-27 09:31:14,713|classes.pcdm.Article|Updated ALUMNI
INFO|2017-02-27 09:31:14,713|classes.pcdm.IssueMetadata|Updating The triangle (College Park, Md.), 1910-01-15, issue METS metadata
DEBUG|2017-02-27 09:31:14,714|classes.pcdm.Repository|PATCH https://fcrepo.lib.umd.edu/fcrepo/rest/tx:905b3709-33d7-42de-94ce-e743e401c7e1/pcdm/5f/cd/d2/98/5fcdd298-a956-49ce-8c71-2a9aaa62b0e8
DEBUG|2017-02-27 09:31:14,750|classes.pcdm.Repository|204 No Content
INFO|2017-02-27 09:31:14,750|classes.pcdm.IssueMetadata|Updated The triangle (College Park, Md.), 1910-01-15, issue METS metadata
INFO|2017-02-27 09:31:14,751|classes.pcdm.MetadataFile|Updating 1910011501_1.xml
DEBUG|2017-02-27 09:31:14,751|classes.pcdm.Repository|PATCH https://fcrepo.lib.umd.edu/fcrepo/rest/tx:905b3709-33d7-42de-94ce-e743e401c7e1/pcdm/9b/c0/95/5b/9bc0955b-6a6a-4e81-b9c1-94a42ec445c8/fcr:metadata
DEBUG|2017-02-27 09:31:14,789|classes.pcdm.Repository|204 No Content
INFO|2017-02-27 09:31:14,789|classes.pcdm.MetadataFile|Updated 1910011501_1.xml
INFO|2017-02-27 09:31:14,790|classes.pcdm.IssueMetadata|Updating The triangle (College Park, Md.), 1910-01-15, article METS metadata
DEBUG|2017-02-27 09:31:14,790|classes.pcdm.Repository|PATCH https://fcrepo.lib.umd.edu/fcrepo/rest/tx:905b3709-33d7-42de-94ce-e743e401c7e1/pcdm/d1/7f/6d/c2/d17f6dc2-0852-494f-bb17-f903a530dcdb
DEBUG|2017-02-27 09:31:14,825|classes.pcdm.Repository|204 No Content
INFO|2017-02-27 09:31:14,825|classes.pcdm.IssueMetadata|Updated The triangle (College Park, Md.), 1910-01-15, article METS metadata
INFO|2017-02-27 09:31:14,827|classes.pcdm.MetadataFile|Updating 1910011501.xml
DEBUG|2017-02-27 09:31:14,827|classes.pcdm.Repository|PATCH https://fcrepo.lib.umd.edu/fcrepo/rest/tx:905b3709-33d7-42de-94ce-e743e401c7e1/pcdm/bf/79/eb/78/bf79eb78-869a-4077-bba8-3e857b5eb177/fcr:metadata
DEBUG|2017-02-27 09:31:14,864|classes.pcdm.Repository|204 No Content
INFO|2017-02-27 09:31:14,864|classes.pcdm.MetadataFile|Updated 1910011501.xml
INFO|2017-02-27 09:31:14,865|__main__|Committing transaction
INFO|2017-02-27 09:31:14,865|classes.pcdm.Repository|Committing transaction https://fcrepo.lib.umd.edu/fcrepo/rest/tx:905b3709-33d7-42de-94ce-e743e401c7e1
DEBUG|2017-02-27 09:31:14,865|classes.pcdm.Repository|POST https://fcrepo.lib.umd.edu/fcrepo/rest/tx:905b3709-33d7-42de-94ce-e743e401c7e1/fcr:tx/fcr:commit
DEBUG|2017-02-27 09:31:14,977|classes.pcdm.Repository|204 No Content
INFO|2017-02-27 09:31:14,977|classes.pcdm.Repository|Committed transaction https://fcrepo.lib.umd.edu/fcrepo/rest/tx:905b3709-33d7-42de-94ce-e743e401c7e1
INFO|2017-02-27 09:31:14,977|__main__|Performing post-creation actions
INFO|2017-02-27 09:31:14,979|classes.pcdm.Issue|Completed post-creation actions
INFO|2017-02-27 09:31:14,980|__main__|Processing item 3/3503...
INFO|2017-02-27 09:31:14,980|__main__|Loading item 3
INFO|2017-02-27 09:31:14,980|__main__|Reading item data
INFO|2017-02-27 09:31:15,020|__main__|Opening transaction
INFO|2017-02-27 09:31:15,020|classes.pcdm.Repository|Creating transaction
DEBUG|2017-02-27 09:31:15,020|classes.pcdm.Repository|POST https://fcrepo.lib.umd.edu/fcrepo/rest/fcr:tx
DEBUG|2017-02-27 09:31:15,050|classes.pcdm.Repository|201 Created
INFO|2017-02-27 09:31:15,050|classes.pcdm.Repository|Created transaction https://fcrepo.lib.umd.edu/fcrepo/rest/tx:aec35a3e-26d3-4bf6-a61a-797c8b679d25
INFO|2017-02-27 09:31:15,050|__main__|Creating item
INFO|2017-02-27 09:31:15,050|classes.pcdm.Issue|Creating The triangle (College Park, Md.), 1910-02-01...
DEBUG|2017-02-27 09:31:15,050|classes.pcdm.Repository|POST https://fcrepo.lib.umd.edu/fcrepo/rest/tx:aec35a3e-26d3-4bf6-a61a-797c8b679d25/pcdm
DEBUG|2017-02-27 09:31:15,088|classes.pcdm.Repository|201 Created
INFO|2017-02-27 09:31:15,088|classes.pcdm.Issue|Created The triangle (College Park, Md.), 1910-02-01
INFO|2017-02-27 09:31:15,088|classes.pcdm.Issue|URI: https://fcrepo.lib.umd.edu/fcrepo/rest/pcdm/e7/ec/1b/86/e7ec1b86-6c20-4021-9d73-7797e32f737f / UUID: e7ec1b86-6c20-4021-9d73-7797e32f737f
INFO|2017-02-27 09:31:15,088|classes.pcdm.Page|Creating The triangle (College Park, Md.), 1910-02-01, page 1...
DEBUG|2017-02-27 09:31:15,088|classes.pcdm.Repository|POST https://fcrepo.lib.umd.edu/fcrepo/rest/tx:aec35a3e-26d3-4bf6-a61a-797c8b679d25/pcdm
DEBUG|2017-02-27 09:31:15,126|classes.pcdm.Repository|201 Created
INFO|2017-02-27 09:31:15,126|classes.pcdm.Page|Created The triangle (College Park, Md.), 1910-02-01, page 1
INFO|2017-02-27 09:31:15,126|classes.pcdm.Page|URI: https://fcrepo.lib.umd.edu/fcrepo/rest/pcdm/76/93/6d/57/76936d57-e8ea-4747-9f80-c96bfebd115a / UUID: 76936d57-e8ea-4747-9f80-c96bfebd115a
INFO|2017-02-27 09:31:15,436|classes.pcdm.File|Loading 0010.tif
DEBUG|2017-02-27 09:31:15,446|classes.pcdm.Repository|POST https://fcrepo.lib.umd.edu/fcrepo/rest/tx:aec35a3e-26d3-4bf6-a61a-797c8b679d25/pcdm
DEBUG|2017-02-27 09:31:17,009|classes.pcdm.Repository|201 Created
INFO|2017-02-27 09:31:17,055|classes.pcdm.File|Loading 0010.jp2
DEBUG|2017-02-27 09:31:17,056|classes.pcdm.Repository|POST https://fcrepo.lib.umd.edu/fcrepo/rest/tx:aec35a3e-26d3-4bf6-a61a-797c8b679d25/pcdm
DEBUG|2017-02-27 09:31:17,530|classes.pcdm.Repository|201 Created
INFO|2017-02-27 09:31:17,542|classes.pcdm.File|Loading 0010.pdf
DEBUG|2017-02-27 09:31:17,543|classes.pcdm.Repository|POST https://fcrepo.lib.umd.edu/fcrepo/rest/tx:aec35a3e-26d3-4bf6-a61a-797c8b679d25/pcdm
DEBUG|2017-02-27 09:31:17,705|classes.pcdm.Repository|201 Created
INFO|2017-02-27 09:31:17,708|classes.pcdm.File|Loading 0010.xml
DEBUG|2017-02-27 09:31:17,708|classes.pcdm.Repository|POST https://fcrepo.lib.umd.edu/fcrepo/rest/tx:aec35a3e-26d3-4bf6-a61a-797c8b679d25/pcdm
DEBUG|2017-02-27 09:31:17,769|classes.pcdm.Repository|201 Created
INFO|2017-02-27 09:31:17,769|classes.pcdm.Page|Creating The triangle (College Park, Md.), 1910-02-01, page 2...
DEBUG|2017-02-27 09:31:17,770|classes.pcdm.Repository|POST https://fcrepo.lib.umd.edu/fcrepo/rest/tx:aec35a3e-26d3-4bf6-a61a-797c8b679d25/pcdm
DEBUG|2017-02-27 09:31:17,882|classes.pcdm.Repository|201 Created
INFO|2017-02-27 09:31:17,882|classes.pcdm.Page|Created The triangle (College Park, Md.), 1910-02-01, page 2
INFO|2017-02-27 09:31:17,882|classes.pcdm.Page|URI: https://fcrepo.lib.umd.edu/fcrepo/rest/pcdm/51/5d/9c/69/515d9c69-6600-4425-a40b-6cd749bf1a43 / UUID: 515d9c69-6600-4425-a40b-6cd749bf1a43
INFO|2017-02-27 09:31:18,192|classes.pcdm.File|Loading 0011.tif
DEBUG|2017-02-27 09:31:18,202|classes.pcdm.Repository|POST https://fcrepo.lib.umd.edu/fcrepo/rest/tx:aec35a3e-26d3-4bf6-a61a-797c8b679d25/pcdm
DEBUG|2017-02-27 09:31:19,612|classes.pcdm.Repository|201 Created
INFO|2017-02-27 09:31:19,662|classes.pcdm.File|Loading 0011.jp2
DEBUG|2017-02-27 09:31:19,663|classes.pcdm.Repository|POST https://fcrepo.lib.umd.edu/fcrepo/rest/tx:aec35a3e-26d3-4bf6-a61a-797c8b679d25/pcdm
DEBUG|2017-02-27 09:31:20,001|classes.pcdm.Repository|201 Created
INFO|2017-02-27 09:31:20,014|classes.pcdm.File|Loading 0011.pdf
DEBUG|2017-02-27 09:31:20,015|classes.pcdm.Repository|POST https://fcrepo.lib.umd.edu/fcrepo/rest/tx:aec35a3e-26d3-4bf6-a61a-797c8b679d25/pcdm
DEBUG|2017-02-27 09:31:20,207|classes.pcdm.Repository|201 Created
INFO|2017-02-27 09:31:20,209|classes.pcdm.File|Loading 0011.xml
DEBUG|2017-02-27 09:31:20,210|classes.pcdm.Repository|POST https://fcrepo.lib.umd.edu/fcrepo/rest/tx:aec35a3e-26d3-4bf6-a61a-797c8b679d25/pcdm
DEBUG|2017-02-27 09:31:20,279|classes.pcdm.Repository|201 Created
INFO|2017-02-27 09:31:20,279|classes.pcdm.Page|Creating The triangle (College Park, Md.), 1910-02-01, page 3...
DEBUG|2017-02-27 09:31:20,279|classes.pcdm.Repository|POST https://fcrepo.lib.umd.edu/fcrepo/rest/tx:aec35a3e-26d3-4bf6-a61a-797c8b679d25/pcdm
DEBUG|2017-02-27 09:31:20,325|classes.pcdm.Repository|201 Created
INFO|2017-02-27 09:31:20,325|classes.pcdm.Page|Created The triangle (College Park, Md.), 1910-02-01, page 3
INFO|2017-02-27 09:31:20,325|classes.pcdm.Page|URI: https://fcrepo.lib.umd.edu/fcrepo/rest/pcdm/a7/b7/e6/c4/a7b7e6c4-f263-4132-9219-75229015609c / UUID: a7b7e6c4-f263-4132-9219-75229015609c
INFO|2017-02-27 09:31:20,645|classes.pcdm.File|Loading 0012.tif
DEBUG|2017-02-27 09:31:20,655|classes.pcdm.Repository|POST https://fcrepo.lib.umd.edu/fcrepo/rest/tx:aec35a3e-26d3-4bf6-a61a-797c8b679d25/pcdm
DEBUG|2017-02-27 09:31:22,323|classes.pcdm.Repository|201 Created
INFO|2017-02-27 09:31:22,376|classes.pcdm.File|Loading 0012.jp2
DEBUG|2017-02-27 09:31:22,377|classes.pcdm.Repository|POST https://fcrepo.lib.umd.edu/fcrepo/rest/tx:aec35a3e-26d3-4bf6-a61a-797c8b679d25/pcdm
DEBUG|2017-02-27 09:31:22,577|classes.pcdm.Repository|201 Created
INFO|2017-02-27 09:31:22,591|classes.pcdm.File|Loading 0012.pdf
DEBUG|2017-02-27 09:31:22,591|classes.pcdm.Repository|POST https://fcrepo.lib.umd.edu/fcrepo/rest/tx:aec35a3e-26d3-4bf6-a61a-797c8b679d25/pcdm
DEBUG|2017-02-27 09:31:22,724|classes.pcdm.Repository|201 Created
INFO|2017-02-27 09:31:22,727|classes.pcdm.File|Loading 0012.xml
DEBUG|2017-02-27 09:31:22,728|classes.pcdm.Repository|POST https://fcrepo.lib.umd.edu/fcrepo/rest/tx:aec35a3e-26d3-4bf6-a61a-797c8b679d25/pcdm
DEBUG|2017-02-27 09:31:22,781|classes.pcdm.Repository|201 Created
INFO|2017-02-27 09:31:22,781|classes.pcdm.Page|Creating The triangle (College Park, Md.), 1910-02-01, page 4...
DEBUG|2017-02-27 09:31:22,781|classes.pcdm.Repository|POST https://fcrepo.lib.umd.edu/fcrepo/rest/tx:aec35a3e-26d3-4bf6-a61a-797c8b679d25/pcdm
DEBUG|2017-02-27 09:31:22,822|classes.pcdm.Repository|201 Created
INFO|2017-02-27 09:31:22,822|classes.pcdm.Page|Created The triangle (College Park, Md.), 1910-02-01, page 4
INFO|2017-02-27 09:31:22,823|classes.pcdm.Page|URI: https://fcrepo.lib.umd.edu/fcrepo/rest/pcdm/01/69/22/6a/0169226a-c89a-471c-bfcc-bcc1b3f59940 / UUID: 0169226a-c89a-471c-bfcc-bcc1b3f59940
INFO|2017-02-27 09:31:23,146|classes.pcdm.File|Loading 0013.tif
DEBUG|2017-02-27 09:31:23,157|classes.pcdm.Repository|POST https://fcrepo.lib.umd.edu/fcrepo/rest/tx:aec35a3e-26d3-4bf6-a61a-797c8b679d25/pcdm
DEBUG|2017-02-27 09:31:24,413|classes.pcdm.Repository|201 Created
INFO|2017-02-27 09:31:24,463|classes.pcdm.File|Loading 0013.jp2
DEBUG|2017-02-27 09:31:24,465|classes.pcdm.Repository|POST https://fcrepo.lib.umd.edu/fcrepo/rest/tx:aec35a3e-26d3-4bf6-a61a-797c8b679d25/pcdm
DEBUG|2017-02-27 09:31:24,649|classes.pcdm.Repository|201 Created
INFO|2017-02-27 09:31:24,661|classes.pcdm.File|Loading 0013.pdf
DEBUG|2017-02-27 09:31:24,662|classes.pcdm.Repository|POST https://fcrepo.lib.umd.edu/fcrepo/rest/tx:aec35a3e-26d3-4bf6-a61a-797c8b679d25/pcdm
DEBUG|2017-02-27 09:31:24,772|classes.pcdm.Repository|201 Created
INFO|2017-02-27 09:31:24,776|classes.pcdm.File|Loading 0013.xml
DEBUG|2017-02-27 09:31:24,776|classes.pcdm.Repository|POST https://fcrepo.lib.umd.edu/fcrepo/rest/tx:aec35a3e-26d3-4bf6-a61a-797c8b679d25/pcdm
DEBUG|2017-02-27 09:31:24,824|classes.pcdm.Repository|201 Created
INFO|2017-02-27 09:31:24,824|classes.pcdm.Article|Creating triangle...
DEBUG|2017-02-27 09:31:24,824|classes.pcdm.Repository|POST https://fcrepo.lib.umd.edu/fcrepo/rest/tx:aec35a3e-26d3-4bf6-a61a-797c8b679d25/pcdm
DEBUG|2017-02-27 09:31:24,858|classes.pcdm.Repository|201 Created
INFO|2017-02-27 09:31:24,858|classes.pcdm.Article|Created triangle
INFO|2017-02-27 09:31:24,858|classes.pcdm.Article|URI: https://fcrepo.lib.umd.edu/fcrepo/rest/pcdm/c1/e0/9b/b7/c1e09bb7-7d33-4e2e-9f97-9b6fec2c4b8c / UUID: c1e09bb7-7d33-4e2e-9f97-9b6fec2c4b8c
INFO|2017-02-27 09:31:24,858|classes.pcdm.Article|Creating triangle...
DEBUG|2017-02-27 09:31:24,858|classes.pcdm.Repository|POST https://fcrepo.lib.umd.edu/fcrepo/rest/tx:aec35a3e-26d3-4bf6-a61a-797c8b679d25/pcdm
DEBUG|2017-02-27 09:31:24,895|classes.pcdm.Repository|201 Created
INFO|2017-02-27 09:31:24,895|classes.pcdm.Article|Created triangle
INFO|2017-02-27 09:31:24,895|classes.pcdm.Article|URI: https://fcrepo.lib.umd.edu/fcrepo/rest/pcdm/95/30/f6/9e/9530f69e-a453-49b6-bf8c-d819685b2079 / UUID: 9530f69e-a453-49b6-bf8c-d819685b2079
INFO|2017-02-27 09:31:24,895|classes.pcdm.Article|Creating LOCAL NEWS...
DEBUG|2017-02-27 09:31:24,895|classes.pcdm.Repository|POST https://fcrepo.lib.umd.edu/fcrepo/rest/tx:aec35a3e-26d3-4bf6-a61a-797c8b679d25/pcdm
DEBUG|2017-02-27 09:31:24,928|classes.pcdm.Repository|201 Created
INFO|2017-02-27 09:31:24,928|classes.pcdm.Article|Created LOCAL NEWS
INFO|2017-02-27 09:31:24,928|classes.pcdm.Article|URI: https://fcrepo.lib.umd.edu/fcrepo/rest/pcdm/0e/a4/99/28/0ea49928-d2fc-4531-b838-4ea7938f238a / UUID: 0ea49928-d2fc-4531-b838-4ea7938f238a
INFO|2017-02-27 09:31:24,928|classes.pcdm.Article|Creating SCIENTISTS MEET...
DEBUG|2017-02-27 09:31:24,928|classes.pcdm.Repository|POST https://fcrepo.lib.umd.edu/fcrepo/rest/tx:aec35a3e-26d3-4bf6-a61a-797c8b679d25/pcdm
DEBUG|2017-02-27 09:31:24,961|classes.pcdm.Repository|201 Created
INFO|2017-02-27 09:31:24,961|classes.pcdm.Article|Created SCIENTISTS MEET
INFO|2017-02-27 09:31:24,961|classes.pcdm.Article|URI: https://fcrepo.lib.umd.edu/fcrepo/rest/pcdm/8a/d4/4a/92/8ad44a92-7d97-490d-afae-a7095aa8e4e1 / UUID: 8ad44a92-7d97-490d-afae-a7095aa8e4e1
INFO|2017-02-27 09:31:24,961|classes.pcdm.Article|Creating ATHLETICS...
DEBUG|2017-02-27 09:31:24,962|classes.pcdm.Repository|POST https://fcrepo.lib.umd.edu/fcrepo/rest/tx:aec35a3e-26d3-4bf6-a61a-797c8b679d25/pcdm
DEBUG|2017-02-27 09:31:24,994|classes.pcdm.Repository|201 Created
INFO|2017-02-27 09:31:24,994|classes.pcdm.Article|Created ATHLETICS
INFO|2017-02-27 09:31:24,994|classes.pcdm.Article|URI: https://fcrepo.lib.umd.edu/fcrepo/rest/pcdm/a8/83/3c/21/a8833c21-a5c4-4bd5-9460-85c631da7813 / UUID: a8833c21-a5c4-4bd5-9460-85c631da7813
INFO|2017-02-27 09:31:24,995|classes.pcdm.Article|Creating TRIANGLE...
DEBUG|2017-02-27 09:31:24,995|classes.pcdm.Repository|POST https://fcrepo.lib.umd.edu/fcrepo/rest/tx:aec35a3e-26d3-4bf6-a61a-797c8b679d25/pcdm
DEBUG|2017-02-27 09:31:25,040|classes.pcdm.Repository|201 Created
INFO|2017-02-27 09:31:25,040|classes.pcdm.Article|Created TRIANGLE
INFO|2017-02-27 09:31:25,041|classes.pcdm.Article|URI: https://fcrepo.lib.umd.edu/fcrepo/rest/pcdm/c7/ed/33/92/c7ed3392-4447-4b76-8c1f-b9a6d14f9c59 / UUID: c7ed3392-4447-4b76-8c1f-b9a6d14f9c59
INFO|2017-02-27 09:31:25,041|classes.pcdm.Article|Creating EDITORIAL...
DEBUG|2017-02-27 09:31:25,041|classes.pcdm.Repository|POST https://fcrepo.lib.umd.edu/fcrepo/rest/tx:aec35a3e-26d3-4bf6-a61a-797c8b679d25/pcdm
DEBUG|2017-02-27 09:31:25,080|classes.pcdm.Repository|201 Created
INFO|2017-02-27 09:31:25,080|classes.pcdm.Article|Created EDITORIAL
INFO|2017-02-27 09:31:25,081|classes.pcdm.Article|URI: https://fcrepo.lib.umd.edu/fcrepo/rest/pcdm/e5/f4/36/05/e5f43605-fc95-4d32-96af-6febc200bf43 / UUID: e5f43605-fc95-4d32-96af-6febc200bf43
INFO|2017-02-27 09:31:25,081|classes.pcdm.Article|Creating LITERARY SOCIETIES...
DEBUG|2017-02-27 09:31:25,081|classes.pcdm.Repository|POST https://fcrepo.lib.umd.edu/fcrepo/rest/tx:aec35a3e-26d3-4bf6-a61a-797c8b679d25/pcdm
DEBUG|2017-02-27 09:31:25,114|classes.pcdm.Repository|201 Created
INFO|2017-02-27 09:31:25,114|classes.pcdm.Article|Created LITERARY SOCIETIES
INFO|2017-02-27 09:31:25,114|classes.pcdm.Article|URI: https://fcrepo.lib.umd.edu/fcrepo/rest/pcdm/97/d0/01/20/97d00120-25c1-432c-9029-7e0907d62864 / UUID: 97d00120-25c1-432c-9029-7e0907d62864
INFO|2017-02-27 09:31:25,115|classes.pcdm.Article|Creating MILITARY NOTES...
DEBUG|2017-02-27 09:31:25,115|classes.pcdm.Repository|POST https://fcrepo.lib.umd.edu/fcrepo/rest/tx:aec35a3e-26d3-4bf6-a61a-797c8b679d25/pcdm
DEBUG|2017-02-27 09:31:25,149|classes.pcdm.Repository|201 Created
INFO|2017-02-27 09:31:25,149|classes.pcdm.Article|Created MILITARY NOTES
INFO|2017-02-27 09:31:25,149|classes.pcdm.Article|URI: https://fcrepo.lib.umd.edu/fcrepo/rest/pcdm/33/a6/ea/ca/33a6eaca-512a-4122-ba29-86308e7f901f / UUID: 33a6eaca-512a-4122-ba29-86308e7f901f
INFO|2017-02-27 09:31:25,150|classes.pcdm.Article|Creating DU. U. W. SILVESTER...
DEBUG|2017-02-27 09:31:25,150|classes.pcdm.Repository|POST https://fcrepo.lib.umd.edu/fcrepo/rest/tx:aec35a3e-26d3-4bf6-a61a-797c8b679d25/pcdm
DEBUG|2017-02-27 09:31:25,183|classes.pcdm.Repository|201 Created
INFO|2017-02-27 09:31:25,183|classes.pcdm.Article|Created DU. U. W. SILVESTER
INFO|2017-02-27 09:31:25,183|classes.pcdm.Article|URI: https://fcrepo.lib.umd.edu/fcrepo/rest/pcdm/5d/fd/f1/72/5dfdf172-0ca9-4267-b9e0-a1c46637f40c / UUID: 5dfdf172-0ca9-4267-b9e0-a1c46637f40c
INFO|2017-02-27 09:31:25,183|classes.pcdm.Article|Creating STATE'S GOOD SHOWING...
DEBUG|2017-02-27 09:31:25,184|classes.pcdm.Repository|POST https://fcrepo.lib.umd.edu/fcrepo/rest/tx:aec35a3e-26d3-4bf6-a61a-797c8b679d25/pcdm
DEBUG|2017-02-27 09:31:25,217|classes.pcdm.Repository|201 Created
INFO|2017-02-27 09:31:25,218|classes.pcdm.Article|Created STATE'S GOOD SHOWING
INFO|2017-02-27 09:31:25,218|classes.pcdm.Article|URI: https://fcrepo.lib.umd.edu/fcrepo/rest/pcdm/9a/70/12/ce/9a7012ce-dfef-4b3c-bea1-37c5472d082e / UUID: 9a7012ce-dfef-4b3c-bea1-37c5472d082e
INFO|2017-02-27 09:31:25,218|classes.pcdm.Article|Creating ALUMNI...
DEBUG|2017-02-27 09:31:25,218|classes.pcdm.Repository|POST https://fcrepo.lib.umd.edu/fcrepo/rest/tx:aec35a3e-26d3-4bf6-a61a-797c8b679d25/pcdm
DEBUG|2017-02-27 09:31:25,251|classes.pcdm.Repository|201 Created
INFO|2017-02-27 09:31:25,251|classes.pcdm.Article|Created ALUMNI
INFO|2017-02-27 09:31:25,251|classes.pcdm.Article|URI: https://fcrepo.lib.umd.edu/fcrepo/rest/pcdm/b1/13/20/57/b1132057-7976-495b-87d1-b3cd9d3b8d41 / UUID: b1132057-7976-495b-87d1-b3cd9d3b8d41
INFO|2017-02-27 09:31:25,251|classes.pcdm.IssueMetadata|Creating The triangle (College Park, Md.), 1910-02-01, issue METS metadata...
DEBUG|2017-02-27 09:31:25,251|classes.pcdm.Repository|POST https://fcrepo.lib.umd.edu/fcrepo/rest/tx:aec35a3e-26d3-4bf6-a61a-797c8b679d25/pcdm
DEBUG|2017-02-27 09:31:25,284|classes.pcdm.Repository|201 Created
INFO|2017-02-27 09:31:25,284|classes.pcdm.IssueMetadata|Created The triangle (College Park, Md.), 1910-02-01, issue METS metadata
INFO|2017-02-27 09:31:25,284|classes.pcdm.IssueMetadata|URI: https://fcrepo.lib.umd.edu/fcrepo/rest/pcdm/a1/1c/d0/9d/a11cd09d-0a85-435b-aabb-baf175a68ec2 / UUID: a11cd09d-0a85-435b-aabb-baf175a68ec2
INFO|2017-02-27 09:31:25,284|classes.pcdm.MetadataFile|Loading 1910020101_1.xml
DEBUG|2017-02-27 09:31:25,284|classes.pcdm.Repository|POST https://fcrepo.lib.umd.edu/fcrepo/rest/tx:aec35a3e-26d3-4bf6-a61a-797c8b679d25/pcdm
DEBUG|2017-02-27 09:31:25,322|classes.pcdm.Repository|201 Created
INFO|2017-02-27 09:31:25,322|classes.pcdm.IssueMetadata|Creating The triangle (College Park, Md.), 1910-02-01, article METS metadata...
DEBUG|2017-02-27 09:31:25,322|classes.pcdm.Repository|POST https://fcrepo.lib.umd.edu/fcrepo/rest/tx:aec35a3e-26d3-4bf6-a61a-797c8b679d25/pcdm
DEBUG|2017-02-27 09:31:25,357|classes.pcdm.Repository|201 Created
INFO|2017-02-27 09:31:25,358|classes.pcdm.IssueMetadata|Created The triangle (College Park, Md.), 1910-02-01, article METS metadata
INFO|2017-02-27 09:31:25,358|classes.pcdm.IssueMetadata|URI: https://fcrepo.lib.umd.edu/fcrepo/rest/pcdm/32/cd/da/43/32cdda43-02a7-4a59-a112-7cb574f2ef9c / UUID: 32cdda43-02a7-4a59-a112-7cb574f2ef9c
INFO|2017-02-27 09:31:25,358|classes.pcdm.MetadataFile|Loading 1910020101.xml
DEBUG|2017-02-27 09:31:25,358|classes.pcdm.Repository|POST https://fcrepo.lib.umd.edu/fcrepo/rest/tx:aec35a3e-26d3-4bf6-a61a-797c8b679d25/pcdm
DEBUG|2017-02-27 09:31:25,395|classes.pcdm.Repository|201 Created
INFO|2017-02-27 09:31:25,395|__main__|Creating ordering proxies
INFO|2017-02-27 09:31:25,396|classes.pcdm.Proxy|Creating Proxy for Page 1 in The triangle (College Park, Md.), 1910-02-01...
DEBUG|2017-02-27 09:31:25,397|classes.pcdm.Repository|PUT https://fcrepo.lib.umd.edu/fcrepo/rest/tx:aec35a3e-26d3-4bf6-a61a-797c8b679d25/pcdm/76/93/6d/57/76936d57-e8ea-4747-9f80-c96bfebd115a/e7ec1b86-6c20-4021-9d73-7797e32f737f
DEBUG|2017-02-27 09:31:25,430|classes.pcdm.Repository|201 Created
INFO|2017-02-27 09:31:25,430|classes.pcdm.Proxy|Created Proxy for Page 1 in The triangle (College Park, Md.), 1910-02-01
INFO|2017-02-27 09:31:25,430|classes.pcdm.Proxy|URI: https://fcrepo.lib.umd.edu/fcrepo/rest/pcdm/76/93/6d/57/76936d57-e8ea-4747-9f80-c96bfebd115a/e7ec1b86-6c20-4021-9d73-7797e32f737f / UUID: e7ec1b86-6c20-4021-9d73-7797e32f737f
INFO|2017-02-27 09:31:25,430|classes.pcdm.Proxy|Creating Proxy for Page 2 in The triangle (College Park, Md.), 1910-02-01...
DEBUG|2017-02-27 09:31:25,430|classes.pcdm.Repository|PUT https://fcrepo.lib.umd.edu/fcrepo/rest/tx:aec35a3e-26d3-4bf6-a61a-797c8b679d25/pcdm/51/5d/9c/69/515d9c69-6600-4425-a40b-6cd749bf1a43/e7ec1b86-6c20-4021-9d73-7797e32f737f
DEBUG|2017-02-27 09:31:25,466|classes.pcdm.Repository|201 Created
INFO|2017-02-27 09:31:25,466|classes.pcdm.Proxy|Created Proxy for Page 2 in The triangle (College Park, Md.), 1910-02-01
INFO|2017-02-27 09:31:25,466|classes.pcdm.Proxy|URI: https://fcrepo.lib.umd.edu/fcrepo/rest/pcdm/51/5d/9c/69/515d9c69-6600-4425-a40b-6cd749bf1a43/e7ec1b86-6c20-4021-9d73-7797e32f737f / UUID: e7ec1b86-6c20-4021-9d73-7797e32f737f
INFO|2017-02-27 09:31:25,466|classes.pcdm.Proxy|Creating Proxy for Page 3 in The triangle (College Park, Md.), 1910-02-01...
DEBUG|2017-02-27 09:31:25,466|classes.pcdm.Repository|PUT https://fcrepo.lib.umd.edu/fcrepo/rest/tx:aec35a3e-26d3-4bf6-a61a-797c8b679d25/pcdm/a7/b7/e6/c4/a7b7e6c4-f263-4132-9219-75229015609c/e7ec1b86-6c20-4021-9d73-7797e32f737f
DEBUG|2017-02-27 09:31:25,499|classes.pcdm.Repository|201 Created
INFO|2017-02-27 09:31:25,499|classes.pcdm.Proxy|Created Proxy for Page 3 in The triangle (College Park, Md.), 1910-02-01
INFO|2017-02-27 09:31:25,499|classes.pcdm.Proxy|URI: https://fcrepo.lib.umd.edu/fcrepo/rest/pcdm/a7/b7/e6/c4/a7b7e6c4-f263-4132-9219-75229015609c/e7ec1b86-6c20-4021-9d73-7797e32f737f / UUID: e7ec1b86-6c20-4021-9d73-7797e32f737f
INFO|2017-02-27 09:31:25,499|classes.pcdm.Proxy|Creating Proxy for Page 4 in The triangle (College Park, Md.), 1910-02-01...
DEBUG|2017-02-27 09:31:25,499|classes.pcdm.Repository|PUT https://fcrepo.lib.umd.edu/fcrepo/rest/tx:aec35a3e-26d3-4bf6-a61a-797c8b679d25/pcdm/01/69/22/6a/0169226a-c89a-471c-bfcc-bcc1b3f59940/e7ec1b86-6c20-4021-9d73-7797e32f737f
DEBUG|2017-02-27 09:31:25,532|classes.pcdm.Repository|201 Created
INFO|2017-02-27 09:31:25,532|classes.pcdm.Proxy|Created Proxy for Page 4 in The triangle (College Park, Md.), 1910-02-01
INFO|2017-02-27 09:31:25,532|classes.pcdm.Proxy|URI: https://fcrepo.lib.umd.edu/fcrepo/rest/pcdm/01/69/22/6a/0169226a-c89a-471c-bfcc-bcc1b3f59940/e7ec1b86-6c20-4021-9d73-7797e32f737f / UUID: e7ec1b86-6c20-4021-9d73-7797e32f737f
INFO|2017-02-27 09:31:25,533|classes.pcdm.Proxy|Updating Proxy for Page 1 in The triangle (College Park, Md.), 1910-02-01
DEBUG|2017-02-27 09:31:25,533|classes.pcdm.Repository|PATCH https://fcrepo.lib.umd.edu/fcrepo/rest/tx:aec35a3e-26d3-4bf6-a61a-797c8b679d25/pcdm/76/93/6d/57/76936d57-e8ea-4747-9f80-c96bfebd115a/e7ec1b86-6c20-4021-9d73-7797e32f737f
DEBUG|2017-02-27 09:31:25,568|classes.pcdm.Repository|204 No Content
INFO|2017-02-27 09:31:25,569|classes.pcdm.Proxy|Updated Proxy for Page 1 in The triangle (College Park, Md.), 1910-02-01
INFO|2017-02-27 09:31:25,570|classes.pcdm.Proxy|Updating Proxy for Page 2 in The triangle (College Park, Md.), 1910-02-01
DEBUG|2017-02-27 09:31:25,570|classes.pcdm.Repository|PATCH https://fcrepo.lib.umd.edu/fcrepo/rest/tx:aec35a3e-26d3-4bf6-a61a-797c8b679d25/pcdm/51/5d/9c/69/515d9c69-6600-4425-a40b-6cd749bf1a43/e7ec1b86-6c20-4021-9d73-7797e32f737f
DEBUG|2017-02-27 09:31:25,604|classes.pcdm.Repository|204 No Content
INFO|2017-02-27 09:31:25,605|classes.pcdm.Proxy|Updated Proxy for Page 2 in The triangle (College Park, Md.), 1910-02-01
INFO|2017-02-27 09:31:25,606|classes.pcdm.Proxy|Updating Proxy for Page 3 in The triangle (College Park, Md.), 1910-02-01
DEBUG|2017-02-27 09:31:25,606|classes.pcdm.Repository|PATCH https://fcrepo.lib.umd.edu/fcrepo/rest/tx:aec35a3e-26d3-4bf6-a61a-797c8b679d25/pcdm/a7/b7/e6/c4/a7b7e6c4-f263-4132-9219-75229015609c/e7ec1b86-6c20-4021-9d73-7797e32f737f
DEBUG|2017-02-27 09:31:25,640|classes.pcdm.Repository|204 No Content
INFO|2017-02-27 09:31:25,640|classes.pcdm.Proxy|Updated Proxy for Page 3 in The triangle (College Park, Md.), 1910-02-01
INFO|2017-02-27 09:31:25,641|classes.pcdm.Proxy|Updating Proxy for Page 4 in The triangle (College Park, Md.), 1910-02-01
DEBUG|2017-02-27 09:31:25,641|classes.pcdm.Repository|PATCH https://fcrepo.lib.umd.edu/fcrepo/rest/tx:aec35a3e-26d3-4bf6-a61a-797c8b679d25/pcdm/01/69/22/6a/0169226a-c89a-471c-bfcc-bcc1b3f59940/e7ec1b86-6c20-4021-9d73-7797e32f737f
DEBUG|2017-02-27 09:31:25,677|classes.pcdm.Repository|204 No Content
INFO|2017-02-27 09:31:25,678|classes.pcdm.Proxy|Updated Proxy for Page 4 in The triangle (College Park, Md.), 1910-02-01
INFO|2017-02-27 09:31:25,678|__main__|Updating relationship triples
INFO|2017-02-27 09:31:25,681|__main__|Updating item and components
INFO|2017-02-27 09:31:25,683|classes.pcdm.Issue|Updating The triangle (College Park, Md.), 1910-02-01
DEBUG|2017-02-27 09:31:25,683|classes.pcdm.Repository|PATCH https://fcrepo.lib.umd.edu/fcrepo/rest/tx:aec35a3e-26d3-4bf6-a61a-797c8b679d25/pcdm/e7/ec/1b/86/e7ec1b86-6c20-4021-9d73-7797e32f737f
DEBUG|2017-02-27 09:31:25,723|classes.pcdm.Repository|204 No Content
INFO|2017-02-27 09:31:25,724|classes.pcdm.Issue|Updated The triangle (College Park, Md.), 1910-02-01
INFO|2017-02-27 09:31:25,724|classes.pcdm.Page|Updating The triangle (College Park, Md.), 1910-02-01, page 1
DEBUG|2017-02-27 09:31:25,724|classes.pcdm.Repository|PATCH https://fcrepo.lib.umd.edu/fcrepo/rest/tx:aec35a3e-26d3-4bf6-a61a-797c8b679d25/pcdm/76/93/6d/57/76936d57-e8ea-4747-9f80-c96bfebd115a
DEBUG|2017-02-27 09:31:25,761|classes.pcdm.Repository|204 No Content
INFO|2017-02-27 09:31:25,762|classes.pcdm.Page|Updated The triangle (College Park, Md.), 1910-02-01, page 1
INFO|2017-02-27 09:31:25,762|classes.pcdm.File|Updating 0010.tif (master)
DEBUG|2017-02-27 09:31:25,762|classes.pcdm.Repository|PATCH https://fcrepo.lib.umd.edu/fcrepo/rest/tx:aec35a3e-26d3-4bf6-a61a-797c8b679d25/pcdm/28/34/ea/41/2834ea41-9659-4acc-8ace-cb23d1b92301/fcr:metadata
DEBUG|2017-02-27 09:31:25,799|classes.pcdm.Repository|204 No Content
INFO|2017-02-27 09:31:25,799|classes.pcdm.File|Updated 0010.tif (master)
INFO|2017-02-27 09:31:25,800|classes.pcdm.File|Updating 0010.jp2 (service)
DEBUG|2017-02-27 09:31:25,801|classes.pcdm.Repository|PATCH https://fcrepo.lib.umd.edu/fcrepo/rest/tx:aec35a3e-26d3-4bf6-a61a-797c8b679d25/pcdm/74/d2/1c/6b/74d21c6b-62e2-472e-8c11-5d466547909c/fcr:metadata
DEBUG|2017-02-27 09:31:25,837|classes.pcdm.Repository|204 No Content
INFO|2017-02-27 09:31:25,837|classes.pcdm.File|Updated 0010.jp2 (service)
INFO|2017-02-27 09:31:25,838|classes.pcdm.File|Updating 0010.pdf (derivative)
DEBUG|2017-02-27 09:31:25,838|classes.pcdm.Repository|PATCH https://fcrepo.lib.umd.edu/fcrepo/rest/tx:aec35a3e-26d3-4bf6-a61a-797c8b679d25/pcdm/1d/43/56/db/1d4356db-49d8-42d4-bc37-33ab6ef7f143/fcr:metadata
DEBUG|2017-02-27 09:31:25,873|classes.pcdm.Repository|204 No Content
INFO|2017-02-27 09:31:25,873|classes.pcdm.File|Updated 0010.pdf (derivative)
INFO|2017-02-27 09:31:25,874|classes.pcdm.File|Updating 0010.xml (ocr)
DEBUG|2017-02-27 09:31:25,874|classes.pcdm.Repository|PATCH https://fcrepo.lib.umd.edu/fcrepo/rest/tx:aec35a3e-26d3-4bf6-a61a-797c8b679d25/pcdm/a6/17/a2/20/a617a220-d25f-414c-94c6-30a139e37ba4/fcr:metadata
DEBUG|2017-02-27 09:31:25,911|classes.pcdm.Repository|204 No Content
INFO|2017-02-27 09:31:25,911|classes.pcdm.File|Updated 0010.xml (ocr)
INFO|2017-02-27 09:31:25,912|classes.pcdm.Page|Updating The triangle (College Park, Md.), 1910-02-01, page 2
DEBUG|2017-02-27 09:31:25,912|classes.pcdm.Repository|PATCH https://fcrepo.lib.umd.edu/fcrepo/rest/tx:aec35a3e-26d3-4bf6-a61a-797c8b679d25/pcdm/51/5d/9c/69/515d9c69-6600-4425-a40b-6cd749bf1a43
DEBUG|2017-02-27 09:31:25,957|classes.pcdm.Repository|204 No Content
INFO|2017-02-27 09:31:25,957|classes.pcdm.Page|Updated The triangle (College Park, Md.), 1910-02-01, page 2
INFO|2017-02-27 09:31:25,957|classes.pcdm.File|Updating 0011.tif (master)
DEBUG|2017-02-27 09:31:25,957|classes.pcdm.Repository|PATCH https://fcrepo.lib.umd.edu/fcrepo/rest/tx:aec35a3e-26d3-4bf6-a61a-797c8b679d25/pcdm/a6/3b/bc/14/a63bbc14-15af-4a67-ab65-5bdc32e71a08/fcr:metadata
DEBUG|2017-02-27 09:31:25,998|classes.pcdm.Repository|204 No Content
INFO|2017-02-27 09:31:25,998|classes.pcdm.File|Updated 0011.tif (master)
INFO|2017-02-27 09:31:25,999|classes.pcdm.File|Updating 0011.jp2 (service)
DEBUG|2017-02-27 09:31:25,999|classes.pcdm.Repository|PATCH https://fcrepo.lib.umd.edu/fcrepo/rest/tx:aec35a3e-26d3-4bf6-a61a-797c8b679d25/pcdm/b1/e2/20/34/b1e22034-c05e-4ce4-a20c-3111298da522/fcr:metadata
DEBUG|2017-02-27 09:31:26,035|classes.pcdm.Repository|204 No Content
INFO|2017-02-27 09:31:26,035|classes.pcdm.File|Updated 0011.jp2 (service)
INFO|2017-02-27 09:31:26,036|classes.pcdm.File|Updating 0011.pdf (derivative)
DEBUG|2017-02-27 09:31:26,036|classes.pcdm.Repository|PATCH https://fcrepo.lib.umd.edu/fcrepo/rest/tx:aec35a3e-26d3-4bf6-a61a-797c8b679d25/pcdm/cf/22/cb/7f/cf22cb7f-07f5-4d20-a901-b0aec458abc7/fcr:metadata
DEBUG|2017-02-27 09:31:26,069|classes.pcdm.Repository|204 No Content
INFO|2017-02-27 09:31:26,069|classes.pcdm.File|Updated 0011.pdf (derivative)
INFO|2017-02-27 09:31:26,069|classes.pcdm.File|Updating 0011.xml (ocr)
DEBUG|2017-02-27 09:31:26,069|classes.pcdm.Repository|PATCH https://fcrepo.lib.umd.edu/fcrepo/rest/tx:aec35a3e-26d3-4bf6-a61a-797c8b679d25/pcdm/3f/75/39/cb/3f7539cb-7944-40fc-9799-30d644715b46/fcr:metadata
DEBUG|2017-02-27 09:31:26,106|classes.pcdm.Repository|204 No Content
INFO|2017-02-27 09:31:26,106|classes.pcdm.File|Updated 0011.xml (ocr)
INFO|2017-02-27 09:31:26,106|classes.pcdm.Page|Updating The triangle (College Park, Md.), 1910-02-01, page 3
DEBUG|2017-02-27 09:31:26,106|classes.pcdm.Repository|PATCH https://fcrepo.lib.umd.edu/fcrepo/rest/tx:aec35a3e-26d3-4bf6-a61a-797c8b679d25/pcdm/a7/b7/e6/c4/a7b7e6c4-f263-4132-9219-75229015609c
DEBUG|2017-02-27 09:31:26,138|classes.pcdm.Repository|204 No Content
INFO|2017-02-27 09:31:26,138|classes.pcdm.Page|Updated The triangle (College Park, Md.), 1910-02-01, page 3
INFO|2017-02-27 09:31:26,139|classes.pcdm.File|Updating 0012.tif (master)
DEBUG|2017-02-27 09:31:26,139|classes.pcdm.Repository|PATCH https://fcrepo.lib.umd.edu/fcrepo/rest/tx:aec35a3e-26d3-4bf6-a61a-797c8b679d25/pcdm/e3/c6/08/88/e3c60888-e1f1-4858-8db5-21283c2ddf22/fcr:metadata
DEBUG|2017-02-27 09:31:26,173|classes.pcdm.Repository|204 No Content
INFO|2017-02-27 09:31:26,173|classes.pcdm.File|Updated 0012.tif (master)
INFO|2017-02-27 09:31:26,174|classes.pcdm.File|Updating 0012.jp2 (service)
DEBUG|2017-02-27 09:31:26,174|classes.pcdm.Repository|PATCH https://fcrepo.lib.umd.edu/fcrepo/rest/tx:aec35a3e-26d3-4bf6-a61a-797c8b679d25/pcdm/07/63/78/9c/0763789c-0c4b-4008-a7a8-85f367aa3918/fcr:metadata
DEBUG|2017-02-27 09:31:26,210|classes.pcdm.Repository|204 No Content
INFO|2017-02-27 09:31:26,210|classes.pcdm.File|Updated 0012.jp2 (service)
INFO|2017-02-27 09:31:26,211|classes.pcdm.File|Updating 0012.pdf (derivative)
DEBUG|2017-02-27 09:31:26,211|classes.pcdm.Repository|PATCH https://fcrepo.lib.umd.edu/fcrepo/rest/tx:aec35a3e-26d3-4bf6-a61a-797c8b679d25/pcdm/02/e8/fc/ac/02e8fcac-8bae-486c-9097-457d133b489f/fcr:metadata
DEBUG|2017-02-27 09:31:26,246|classes.pcdm.Repository|204 No Content
INFO|2017-02-27 09:31:26,246|classes.pcdm.File|Updated 0012.pdf (derivative)
INFO|2017-02-27 09:31:26,246|classes.pcdm.File|Updating 0012.xml (ocr)
DEBUG|2017-02-27 09:31:26,247|classes.pcdm.Repository|PATCH https://fcrepo.lib.umd.edu/fcrepo/rest/tx:aec35a3e-26d3-4bf6-a61a-797c8b679d25/pcdm/53/e7/92/dd/53e792dd-4000-4781-bffd-24cf9b1a2402/fcr:metadata
DEBUG|2017-02-27 09:31:26,282|classes.pcdm.Repository|204 No Content
INFO|2017-02-27 09:31:26,283|classes.pcdm.File|Updated 0012.xml (ocr)
INFO|2017-02-27 09:31:26,283|classes.pcdm.Page|Updating The triangle (College Park, Md.), 1910-02-01, page 4
DEBUG|2017-02-27 09:31:26,284|classes.pcdm.Repository|PATCH https://fcrepo.lib.umd.edu/fcrepo/rest/tx:aec35a3e-26d3-4bf6-a61a-797c8b679d25/pcdm/01/69/22/6a/0169226a-c89a-471c-bfcc-bcc1b3f59940
DEBUG|2017-02-27 09:31:26,340|classes.pcdm.Repository|204 No Content
INFO|2017-02-27 09:31:26,340|classes.pcdm.Page|Updated The triangle (College Park, Md.), 1910-02-01, page 4
INFO|2017-02-27 09:31:26,341|classes.pcdm.File|Updating 0013.tif (master)
DEBUG|2017-02-27 09:31:26,341|classes.pcdm.Repository|PATCH https://fcrepo.lib.umd.edu/fcrepo/rest/tx:aec35a3e-26d3-4bf6-a61a-797c8b679d25/pcdm/5b/dc/2b/75/5bdc2b75-3689-446d-ba9e-83d15993b839/fcr:metadata
DEBUG|2017-02-27 09:31:26,397|classes.pcdm.Repository|204 No Content
INFO|2017-02-27 09:31:26,397|classes.pcdm.File|Updated 0013.tif (master)
INFO|2017-02-27 09:31:26,398|classes.pcdm.File|Updating 0013.jp2 (service)
DEBUG|2017-02-27 09:31:26,398|classes.pcdm.Repository|PATCH https://fcrepo.lib.umd.edu/fcrepo/rest/tx:aec35a3e-26d3-4bf6-a61a-797c8b679d25/pcdm/30/ce/f6/8e/30cef68e-416f-4319-a379-e0377844ad23/fcr:metadata
DEBUG|2017-02-27 09:31:26,451|classes.pcdm.Repository|204 No Content
INFO|2017-02-27 09:31:26,451|classes.pcdm.File|Updated 0013.jp2 (service)
INFO|2017-02-27 09:31:26,451|classes.pcdm.File|Updating 0013.pdf (derivative)
DEBUG|2017-02-27 09:31:26,451|classes.pcdm.Repository|PATCH https://fcrepo.lib.umd.edu/fcrepo/rest/tx:aec35a3e-26d3-4bf6-a61a-797c8b679d25/pcdm/80/80/3d/e2/80803de2-0be8-4a7b-b803-c73c97452247/fcr:metadata
DEBUG|2017-02-27 09:31:26,506|classes.pcdm.Repository|204 No Content
INFO|2017-02-27 09:31:26,506|classes.pcdm.File|Updated 0013.pdf (derivative)
INFO|2017-02-27 09:31:26,507|classes.pcdm.File|Updating 0013.xml (ocr)
DEBUG|2017-02-27 09:31:26,507|classes.pcdm.Repository|PATCH https://fcrepo.lib.umd.edu/fcrepo/rest/tx:aec35a3e-26d3-4bf6-a61a-797c8b679d25/pcdm/40/17/bc/d1/4017bcd1-4ca0-4b10-9c07-6063a46a83e7/fcr:metadata
DEBUG|2017-02-27 09:31:26,562|classes.pcdm.Repository|204 No Content
INFO|2017-02-27 09:31:26,562|classes.pcdm.File|Updated 0013.xml (ocr)
INFO|2017-02-27 09:31:26,563|classes.pcdm.Article|Updating triangle
DEBUG|2017-02-27 09:31:26,563|classes.pcdm.Repository|PATCH https://fcrepo.lib.umd.edu/fcrepo/rest/tx:aec35a3e-26d3-4bf6-a61a-797c8b679d25/pcdm/c1/e0/9b/b7/c1e09bb7-7d33-4e2e-9f97-9b6fec2c4b8c
DEBUG|2017-02-27 09:31:26,616|classes.pcdm.Repository|204 No Content
INFO|2017-02-27 09:31:26,617|classes.pcdm.Article|Updated triangle
INFO|2017-02-27 09:31:26,617|classes.pcdm.Article|Updating triangle
DEBUG|2017-02-27 09:31:26,617|classes.pcdm.Repository|PATCH https://fcrepo.lib.umd.edu/fcrepo/rest/tx:aec35a3e-26d3-4bf6-a61a-797c8b679d25/pcdm/95/30/f6/9e/9530f69e-a453-49b6-bf8c-d819685b2079
DEBUG|2017-02-27 09:31:26,669|classes.pcdm.Repository|204 No Content
INFO|2017-02-27 09:31:26,669|classes.pcdm.Article|Updated triangle
INFO|2017-02-27 09:31:26,670|classes.pcdm.Article|Updating LOCAL NEWS
DEBUG|2017-02-27 09:31:26,670|classes.pcdm.Repository|PATCH https://fcrepo.lib.umd.edu/fcrepo/rest/tx:aec35a3e-26d3-4bf6-a61a-797c8b679d25/pcdm/0e/a4/99/28/0ea49928-d2fc-4531-b838-4ea7938f238a
DEBUG|2017-02-27 09:31:26,725|classes.pcdm.Repository|204 No Content
INFO|2017-02-27 09:31:26,725|classes.pcdm.Article|Updated LOCAL NEWS
INFO|2017-02-27 09:31:26,726|classes.pcdm.Article|Updating SCIENTISTS MEET
DEBUG|2017-02-27 09:31:26,726|classes.pcdm.Repository|PATCH https://fcrepo.lib.umd.edu/fcrepo/rest/tx:aec35a3e-26d3-4bf6-a61a-797c8b679d25/pcdm/8a/d4/4a/92/8ad44a92-7d97-490d-afae-a7095aa8e4e1
DEBUG|2017-02-27 09:31:26,780|classes.pcdm.Repository|204 No Content
INFO|2017-02-27 09:31:26,780|classes.pcdm.Article|Updated SCIENTISTS MEET
INFO|2017-02-27 09:31:26,780|classes.pcdm.Article|Updating ATHLETICS
DEBUG|2017-02-27 09:31:26,780|classes.pcdm.Repository|PATCH https://fcrepo.lib.umd.edu/fcrepo/rest/tx:aec35a3e-26d3-4bf6-a61a-797c8b679d25/pcdm/a8/83/3c/21/a8833c21-a5c4-4bd5-9460-85c631da7813
DEBUG|2017-02-27 09:31:26,832|classes.pcdm.Repository|204 No Content
INFO|2017-02-27 09:31:26,832|classes.pcdm.Article|Updated ATHLETICS
INFO|2017-02-27 09:31:26,833|classes.pcdm.Article|Updating TRIANGLE
DEBUG|2017-02-27 09:31:26,833|classes.pcdm.Repository|PATCH https://fcrepo.lib.umd.edu/fcrepo/rest/tx:aec35a3e-26d3-4bf6-a61a-797c8b679d25/pcdm/c7/ed/33/92/c7ed3392-4447-4b76-8c1f-b9a6d14f9c59
DEBUG|2017-02-27 09:31:26,887|classes.pcdm.Repository|204 No Content
INFO|2017-02-27 09:31:26,887|classes.pcdm.Article|Updated TRIANGLE
INFO|2017-02-27 09:31:26,887|classes.pcdm.Article|Updating EDITORIAL
DEBUG|2017-02-27 09:31:26,888|classes.pcdm.Repository|PATCH https://fcrepo.lib.umd.edu/fcrepo/rest/tx:aec35a3e-26d3-4bf6-a61a-797c8b679d25/pcdm/e5/f4/36/05/e5f43605-fc95-4d32-96af-6febc200bf43
DEBUG|2017-02-27 09:31:26,942|classes.pcdm.Repository|204 No Content
INFO|2017-02-27 09:31:26,942|classes.pcdm.Article|Updated EDITORIAL
INFO|2017-02-27 09:31:26,943|classes.pcdm.Article|Updating LITERARY SOCIETIES
DEBUG|2017-02-27 09:31:26,943|classes.pcdm.Repository|PATCH https://fcrepo.lib.umd.edu/fcrepo/rest/tx:aec35a3e-26d3-4bf6-a61a-797c8b679d25/pcdm/97/d0/01/20/97d00120-25c1-432c-9029-7e0907d62864
DEBUG|2017-02-27 09:31:26,994|classes.pcdm.Repository|204 No Content
INFO|2017-02-27 09:31:26,994|classes.pcdm.Article|Updated LITERARY SOCIETIES
INFO|2017-02-27 09:31:26,995|classes.pcdm.Article|Updating MILITARY NOTES
DEBUG|2017-02-27 09:31:26,995|classes.pcdm.Repository|PATCH https://fcrepo.lib.umd.edu/fcrepo/rest/tx:aec35a3e-26d3-4bf6-a61a-797c8b679d25/pcdm/33/a6/ea/ca/33a6eaca-512a-4122-ba29-86308e7f901f
DEBUG|2017-02-27 09:31:27,048|classes.pcdm.Repository|204 No Content
INFO|2017-02-27 09:31:27,048|classes.pcdm.Article|Updated MILITARY NOTES
INFO|2017-02-27 09:31:27,049|classes.pcdm.Article|Updating DU. U. W. SILVESTER
DEBUG|2017-02-27 09:31:27,049|classes.pcdm.Repository|PATCH https://fcrepo.lib.umd.edu/fcrepo/rest/tx:aec35a3e-26d3-4bf6-a61a-797c8b679d25/pcdm/5d/fd/f1/72/5dfdf172-0ca9-4267-b9e0-a1c46637f40c
DEBUG|2017-02-27 09:31:27,101|classes.pcdm.Repository|204 No Content
INFO|2017-02-27 09:31:27,101|classes.pcdm.Article|Updated DU. U. W. SILVESTER
INFO|2017-02-27 09:31:27,101|classes.pcdm.Article|Updating STATE'S GOOD SHOWING
DEBUG|2017-02-27 09:31:27,101|classes.pcdm.Repository|PATCH https://fcrepo.lib.umd.edu/fcrepo/rest/tx:aec35a3e-26d3-4bf6-a61a-797c8b679d25/pcdm/9a/70/12/ce/9a7012ce-dfef-4b3c-bea1-37c5472d082e
DEBUG|2017-02-27 09:31:27,151|classes.pcdm.Repository|204 No Content
INFO|2017-02-27 09:31:27,152|classes.pcdm.Article|Updated STATE'S GOOD SHOWING
INFO|2017-02-27 09:31:27,153|classes.pcdm.Article|Updating ALUMNI
DEBUG|2017-02-27 09:31:27,153|classes.pcdm.Repository|PATCH https://fcrepo.lib.umd.edu/fcrepo/rest/tx:aec35a3e-26d3-4bf6-a61a-797c8b679d25/pcdm/b1/13/20/57/b1132057-7976-495b-87d1-b3cd9d3b8d41
DEBUG|2017-02-27 09:31:27,205|classes.pcdm.Repository|204 No Content
INFO|2017-02-27 09:31:27,205|classes.pcdm.Article|Updated ALUMNI
INFO|2017-02-27 09:31:27,206|classes.pcdm.IssueMetadata|Updating The triangle (College Park, Md.), 1910-02-01, issue METS metadata
DEBUG|2017-02-27 09:31:27,206|classes.pcdm.Repository|PATCH https://fcrepo.lib.umd.edu/fcrepo/rest/tx:aec35a3e-26d3-4bf6-a61a-797c8b679d25/pcdm/a1/1c/d0/9d/a11cd09d-0a85-435b-aabb-baf175a68ec2
DEBUG|2017-02-27 09:31:27,261|classes.pcdm.Repository|204 No Content
INFO|2017-02-27 09:31:27,261|classes.pcdm.IssueMetadata|Updated The triangle (College Park, Md.), 1910-02-01, issue METS metadata
INFO|2017-02-27 09:31:27,262|classes.pcdm.MetadataFile|Updating 1910020101_1.xml
DEBUG|2017-02-27 09:31:27,262|classes.pcdm.Repository|PATCH https://fcrepo.lib.umd.edu/fcrepo/rest/tx:aec35a3e-26d3-4bf6-a61a-797c8b679d25/pcdm/01/14/1a/0e/01141a0e-8d0b-43ac-920d-943fe16845c2/fcr:metadata
DEBUG|2017-02-27 09:31:27,303|classes.pcdm.Repository|204 No Content
INFO|2017-02-27 09:31:27,303|classes.pcdm.MetadataFile|Updated 1910020101_1.xml
INFO|2017-02-27 09:31:27,304|classes.pcdm.IssueMetadata|Updating The triangle (College Park, Md.), 1910-02-01, article METS metadata
DEBUG|2017-02-27 09:31:27,304|classes.pcdm.Repository|PATCH https://fcrepo.lib.umd.edu/fcrepo/rest/tx:aec35a3e-26d3-4bf6-a61a-797c8b679d25/pcdm/32/cd/da/43/32cdda43-02a7-4a59-a112-7cb574f2ef9c
DEBUG|2017-02-27 09:31:27,339|classes.pcdm.Repository|204 No Content
INFO|2017-02-27 09:31:27,339|classes.pcdm.IssueMetadata|Updated The triangle (College Park, Md.), 1910-02-01, article METS metadata
INFO|2017-02-27 09:31:27,339|classes.pcdm.MetadataFile|Updating 1910020101.xml
DEBUG|2017-02-27 09:31:27,340|classes.pcdm.Repository|PATCH https://fcrepo.lib.umd.edu/fcrepo/rest/tx:aec35a3e-26d3-4bf6-a61a-797c8b679d25/pcdm/b3/09/29/4e/b309294e-cf62-45ed-ae78-f0242ecd4091/fcr:metadata
DEBUG|2017-02-27 09:31:27,372|classes.pcdm.Repository|204 No Content
INFO|2017-02-27 09:31:27,372|classes.pcdm.MetadataFile|Updated 1910020101.xml
INFO|2017-02-27 09:31:27,372|__main__|Committing transaction
INFO|2017-02-27 09:31:27,372|classes.pcdm.Repository|Committing transaction https://fcrepo.lib.umd.edu/fcrepo/rest/tx:aec35a3e-26d3-4bf6-a61a-797c8b679d25
DEBUG|2017-02-27 09:31:27,372|classes.pcdm.Repository|POST https://fcrepo.lib.umd.edu/fcrepo/rest/tx:aec35a3e-26d3-4bf6-a61a-797c8b679d25/fcr:tx/fcr:commit
DEBUG|2017-02-27 09:31:27,510|classes.pcdm.Repository|204 No Content
INFO|2017-02-27 09:31:27,510|classes.pcdm.Repository|Committed transaction https://fcrepo.lib.umd.edu/fcrepo/rest/tx:aec35a3e-26d3-4bf6-a61a-797c8b679d25
INFO|2017-02-27 09:31:27,510|__main__|Performing post-creation actions
INFO|2017-02-27 09:31:27,512|classes.pcdm.Issue|Completed post-creation actions
INFO|2017-02-27 09:31:27,513|__main__|Processing item 4/3503...
INFO|2017-02-27 09:31:27,513|__main__|Loading item 4
INFO|2017-02-27 09:31:27,513|__main__|Reading item data
INFO|2017-02-27 09:31:27,553|__main__|Opening transaction
INFO|2017-02-27 09:31:27,553|classes.pcdm.Repository|Creating transaction
DEBUG|2017-02-27 09:31:27,553|classes.pcdm.Repository|POST https://fcrepo.lib.umd.edu/fcrepo/rest/fcr:tx
DEBUG|2017-02-27 09:31:27,584|classes.pcdm.Repository|201 Created
INFO|2017-02-27 09:31:27,584|classes.pcdm.Repository|Created transaction https://fcrepo.lib.umd.edu/fcrepo/rest/tx:b09d0637-b97a-412f-a3b8-512c6429743d
INFO|2017-02-27 09:31:27,584|__main__|Creating item
INFO|2017-02-27 09:31:27,584|classes.pcdm.Issue|Creating The triangle (College Park, Md.), 1910-02-15...
DEBUG|2017-02-27 09:31:27,584|classes.pcdm.Repository|POST https://fcrepo.lib.umd.edu/fcrepo/rest/tx:b09d0637-b97a-412f-a3b8-512c6429743d/pcdm
DEBUG|2017-02-27 09:31:27,620|classes.pcdm.Repository|201 Created
INFO|2017-02-27 09:31:27,620|classes.pcdm.Issue|Created The triangle (College Park, Md.), 1910-02-15
INFO|2017-02-27 09:31:27,620|classes.pcdm.Issue|URI: https://fcrepo.lib.umd.edu/fcrepo/rest/pcdm/d8/06/aa/02/d806aa02-09be-4197-a269-4737dbb5da95 / UUID: d806aa02-09be-4197-a269-4737dbb5da95
INFO|2017-02-27 09:31:27,620|classes.pcdm.Page|Creating The triangle (College Park, Md.), 1910-02-15, page 1...
DEBUG|2017-02-27 09:31:27,621|classes.pcdm.Repository|POST https://fcrepo.lib.umd.edu/fcrepo/rest/tx:b09d0637-b97a-412f-a3b8-512c6429743d/pcdm
DEBUG|2017-02-27 09:31:27,656|classes.pcdm.Repository|201 Created
INFO|2017-02-27 09:31:27,657|classes.pcdm.Page|Created The triangle (College Park, Md.), 1910-02-15, page 1
INFO|2017-02-27 09:31:27,657|classes.pcdm.Page|URI: https://fcrepo.lib.umd.edu/fcrepo/rest/pcdm/8a/c5/99/5d/8ac5995d-486d-4576-af15-8ef8ef1dbb1a / UUID: 8ac5995d-486d-4576-af15-8ef8ef1dbb1a
INFO|2017-02-27 09:31:27,983|classes.pcdm.File|Loading 0014.tif
DEBUG|2017-02-27 09:31:27,994|classes.pcdm.Repository|POST https://fcrepo.lib.umd.edu/fcrepo/rest/tx:b09d0637-b97a-412f-a3b8-512c6429743d/pcdm
DEBUG|2017-02-27 09:31:29,667|classes.pcdm.Repository|201 Created
INFO|2017-02-27 09:31:29,711|classes.pcdm.File|Loading 0014.jp2
DEBUG|2017-02-27 09:31:29,712|classes.pcdm.Repository|POST https://fcrepo.lib.umd.edu/fcrepo/rest/tx:b09d0637-b97a-412f-a3b8-512c6429743d/pcdm
DEBUG|2017-02-27 09:31:30,042|classes.pcdm.Repository|201 Created
INFO|2017-02-27 09:31:30,054|classes.pcdm.File|Loading 0014.pdf
DEBUG|2017-02-27 09:31:30,054|classes.pcdm.Repository|POST https://fcrepo.lib.umd.edu/fcrepo/rest/tx:b09d0637-b97a-412f-a3b8-512c6429743d/pcdm
DEBUG|2017-02-27 09:31:30,227|classes.pcdm.Repository|201 Created
INFO|2017-02-27 09:31:30,230|classes.pcdm.File|Loading 0014.xml
DEBUG|2017-02-27 09:31:30,231|classes.pcdm.Repository|POST https://fcrepo.lib.umd.edu/fcrepo/rest/tx:b09d0637-b97a-412f-a3b8-512c6429743d/pcdm
DEBUG|2017-02-27 09:31:30,296|classes.pcdm.Repository|201 Created
INFO|2017-02-27 09:31:30,297|classes.pcdm.Page|Creating The triangle (College Park, Md.), 1910-02-15, page 2...
DEBUG|2017-02-27 09:31:30,297|classes.pcdm.Repository|POST https://fcrepo.lib.umd.edu/fcrepo/rest/tx:b09d0637-b97a-412f-a3b8-512c6429743d/pcdm
DEBUG|2017-02-27 09:31:30,338|classes.pcdm.Repository|201 Created
INFO|2017-02-27 09:31:30,338|classes.pcdm.Page|Created The triangle (College Park, Md.), 1910-02-15, page 2
INFO|2017-02-27 09:31:30,338|classes.pcdm.Page|URI: https://fcrepo.lib.umd.edu/fcrepo/rest/pcdm/a7/a8/a4/69/a7a8a469-41f2-4864-8c63-c2ea5510a655 / UUID: a7a8a469-41f2-4864-8c63-c2ea5510a655
INFO|2017-02-27 09:31:30,662|classes.pcdm.File|Loading 0015.tif
DEBUG|2017-02-27 09:31:30,673|classes.pcdm.Repository|POST https://fcrepo.lib.umd.edu/fcrepo/rest/tx:b09d0637-b97a-412f-a3b8-512c6429743d/pcdm
DEBUG|2017-02-27 09:31:32,939|classes.pcdm.Repository|201 Created
INFO|2017-02-27 09:31:33,002|classes.pcdm.File|Loading 0015.jp2
DEBUG|2017-02-27 09:31:33,003|classes.pcdm.Repository|POST https://fcrepo.lib.umd.edu/fcrepo/rest/tx:b09d0637-b97a-412f-a3b8-512c6429743d/pcdm
DEBUG|2017-02-27 09:31:33,335|classes.pcdm.Repository|201 Created
INFO|2017-02-27 09:31:33,347|classes.pcdm.File|Loading 0015.pdf
DEBUG|2017-02-27 09:31:33,348|classes.pcdm.Repository|POST https://fcrepo.lib.umd.edu/fcrepo/rest/tx:b09d0637-b97a-412f-a3b8-512c6429743d/pcdm
DEBUG|2017-02-27 09:31:33,547|classes.pcdm.Repository|201 Created
INFO|2017-02-27 09:31:33,550|classes.pcdm.File|Loading 0015.xml
DEBUG|2017-02-27 09:31:33,550|classes.pcdm.Repository|POST https://fcrepo.lib.umd.edu/fcrepo/rest/tx:b09d0637-b97a-412f-a3b8-512c6429743d/pcdm
DEBUG|2017-02-27 09:31:33,640|classes.pcdm.Repository|201 Created
INFO|2017-02-27 09:31:33,640|classes.pcdm.Page|Creating The triangle (College Park, Md.), 1910-02-15, page 3...
DEBUG|2017-02-27 09:31:33,640|classes.pcdm.Repository|POST https://fcrepo.lib.umd.edu/fcrepo/rest/tx:b09d0637-b97a-412f-a3b8-512c6429743d/pcdm
DEBUG|2017-02-27 09:31:33,685|classes.pcdm.Repository|201 Created
INFO|2017-02-27 09:31:33,685|classes.pcdm.Page|Created The triangle (College Park, Md.), 1910-02-15, page 3
INFO|2017-02-27 09:31:33,685|classes.pcdm.Page|URI: https://fcrepo.lib.umd.edu/fcrepo/rest/pcdm/79/0d/fd/b3/790dfdb3-b699-4c46-aded-113098768884 / UUID: 790dfdb3-b699-4c46-aded-113098768884
INFO|2017-02-27 09:31:33,971|classes.pcdm.File|Loading 0016.tif
DEBUG|2017-02-27 09:31:33,982|classes.pcdm.Repository|POST https://fcrepo.lib.umd.edu/fcrepo/rest/tx:b09d0637-b97a-412f-a3b8-512c6429743d/pcdm
DEBUG|2017-02-27 09:31:36,791|classes.pcdm.Repository|201 Created
INFO|2017-02-27 09:31:36,848|classes.pcdm.File|Loading 0016.jp2
DEBUG|2017-02-27 09:31:36,849|classes.pcdm.Repository|POST https://fcrepo.lib.umd.edu/fcrepo/rest/tx:b09d0637-b97a-412f-a3b8-512c6429743d/pcdm
DEBUG|2017-02-27 09:31:37,088|classes.pcdm.Repository|201 Created
INFO|2017-02-27 09:31:37,103|classes.pcdm.File|Loading 0016.pdf
DEBUG|2017-02-27 09:31:37,104|classes.pcdm.Repository|POST https://fcrepo.lib.umd.edu/fcrepo/rest/tx:b09d0637-b97a-412f-a3b8-512c6429743d/pcdm
DEBUG|2017-02-27 09:31:37,250|classes.pcdm.Repository|201 Created
INFO|2017-02-27 09:31:37,253|classes.pcdm.File|Loading 0016.xml
DEBUG|2017-02-27 09:31:37,253|classes.pcdm.Repository|POST https://fcrepo.lib.umd.edu/fcrepo/rest/tx:b09d0637-b97a-412f-a3b8-512c6429743d/pcdm
DEBUG|2017-02-27 09:31:37,307|classes.pcdm.Repository|201 Created
INFO|2017-02-27 09:31:37,307|classes.pcdm.Page|Creating The triangle (College Park, Md.), 1910-02-15, page 4...
DEBUG|2017-02-27 09:31:37,307|classes.pcdm.Repository|POST https://fcrepo.lib.umd.edu/fcrepo/rest/tx:b09d0637-b97a-412f-a3b8-512c6429743d/pcdm
DEBUG|2017-02-27 09:31:37,347|classes.pcdm.Repository|201 Created
INFO|2017-02-27 09:31:37,347|classes.pcdm.Page|Created The triangle (College Park, Md.), 1910-02-15, page 4
INFO|2017-02-27 09:31:37,347|classes.pcdm.Page|URI: https://fcrepo.lib.umd.edu/fcrepo/rest/pcdm/b8/4f/b1/82/b84fb182-4627-47c8-8188-b4f5cb2186dc / UUID: b84fb182-4627-47c8-8188-b4f5cb2186dc
INFO|2017-02-27 09:31:37,638|classes.pcdm.File|Loading 0017.tif
DEBUG|2017-02-27 09:31:37,648|classes.pcdm.Repository|POST https://fcrepo.lib.umd.edu/fcrepo/rest/tx:b09d0637-b97a-412f-a3b8-512c6429743d/pcdm
DEBUG|2017-02-27 09:31:39,216|classes.pcdm.Repository|201 Created
INFO|2017-02-27 09:31:39,264|classes.pcdm.File|Loading 0017.jp2
DEBUG|2017-02-27 09:31:39,265|classes.pcdm.Repository|POST https://fcrepo.lib.umd.edu/fcrepo/rest/tx:b09d0637-b97a-412f-a3b8-512c6429743d/pcdm
DEBUG|2017-02-27 09:31:39,445|classes.pcdm.Repository|201 Created
INFO|2017-02-27 09:31:39,457|classes.pcdm.File|Loading 0017.pdf
DEBUG|2017-02-27 09:31:39,458|classes.pcdm.Repository|POST https://fcrepo.lib.umd.edu/fcrepo/rest/tx:b09d0637-b97a-412f-a3b8-512c6429743d/pcdm
DEBUG|2017-02-27 09:31:39,558|classes.pcdm.Repository|201 Created
INFO|2017-02-27 09:31:39,562|classes.pcdm.File|Loading 0017.xml
DEBUG|2017-02-27 09:31:39,562|classes.pcdm.Repository|POST https://fcrepo.lib.umd.edu/fcrepo/rest/tx:b09d0637-b97a-412f-a3b8-512c6429743d/pcdm
DEBUG|2017-02-27 09:31:39,609|classes.pcdm.Repository|201 Created
INFO|2017-02-27 09:31:39,609|classes.pcdm.Article|Creating triangle...
DEBUG|2017-02-27 09:31:39,609|classes.pcdm.Repository|POST https://fcrepo.lib.umd.edu/fcrepo/rest/tx:b09d0637-b97a-412f-a3b8-512c6429743d/pcdm
DEBUG|2017-02-27 09:31:39,641|classes.pcdm.Repository|201 Created
INFO|2017-02-27 09:31:39,641|classes.pcdm.Article|Created triangle
INFO|2017-02-27 09:31:39,641|classes.pcdm.Article|URI: https://fcrepo.lib.umd.edu/fcrepo/rest/pcdm/56/45/5a/58/56455a58-2e09-497f-a025-0778b8e13dc6 / UUID: 56455a58-2e09-497f-a025-0778b8e13dc6
INFO|2017-02-27 09:31:39,641|classes.pcdm.Article|Creating triangle...
DEBUG|2017-02-27 09:31:39,641|classes.pcdm.Repository|POST https://fcrepo.lib.umd.edu/fcrepo/rest/tx:b09d0637-b97a-412f-a3b8-512c6429743d/pcdm
DEBUG|2017-02-27 09:31:39,674|classes.pcdm.Repository|201 Created
INFO|2017-02-27 09:31:39,674|classes.pcdm.Article|Created triangle
INFO|2017-02-27 09:31:39,674|classes.pcdm.Article|URI: https://fcrepo.lib.umd.edu/fcrepo/rest/pcdm/0f/70/1d/82/0f701d82-cceb-4818-ae15-17752088717a / UUID: 0f701d82-cceb-4818-ae15-17752088717a
INFO|2017-02-27 09:31:39,674|classes.pcdm.Article|Creating LOCAL NEWS...
DEBUG|2017-02-27 09:31:39,674|classes.pcdm.Repository|POST https://fcrepo.lib.umd.edu/fcrepo/rest/tx:b09d0637-b97a-412f-a3b8-512c6429743d/pcdm
DEBUG|2017-02-27 09:31:39,706|classes.pcdm.Repository|201 Created
INFO|2017-02-27 09:31:39,706|classes.pcdm.Article|Created LOCAL NEWS
INFO|2017-02-27 09:31:39,706|classes.pcdm.Article|URI: https://fcrepo.lib.umd.edu/fcrepo/rest/pcdm/64/a8/1f/1e/64a81f1e-d044-49bd-bd04-b2b84b6e8466 / UUID: 64a81f1e-d044-49bd-bd04-b2b84b6e8466
INFO|2017-02-27 09:31:39,707|classes.pcdm.Article|Creating ATHLETICS...
DEBUG|2017-02-27 09:31:39,707|classes.pcdm.Repository|POST https://fcrepo.lib.umd.edu/fcrepo/rest/tx:b09d0637-b97a-412f-a3b8-512c6429743d/pcdm
DEBUG|2017-02-27 09:31:39,743|classes.pcdm.Repository|201 Created
INFO|2017-02-27 09:31:39,743|classes.pcdm.Article|Created ATHLETICS
INFO|2017-02-27 09:31:39,743|classes.pcdm.Article|URI: https://fcrepo.lib.umd.edu/fcrepo/rest/pcdm/69/8b/0d/95/698b0d95-2f51-474a-985d-6f9e8c6da619 / UUID: 698b0d95-2f51-474a-985d-6f9e8c6da619
INFO|2017-02-27 09:31:39,743|classes.pcdm.Article|Creating TRIANGLE...
DEBUG|2017-02-27 09:31:39,744|classes.pcdm.Repository|POST https://fcrepo.lib.umd.edu/fcrepo/rest/tx:b09d0637-b97a-412f-a3b8-512c6429743d/pcdm
DEBUG|2017-02-27 09:31:39,777|classes.pcdm.Repository|201 Created
INFO|2017-02-27 09:31:39,777|classes.pcdm.Article|Created TRIANGLE
INFO|2017-02-27 09:31:39,777|classes.pcdm.Article|URI: https://fcrepo.lib.umd.edu/fcrepo/rest/pcdm/55/17/84/29/55178429-a4cf-497c-923e-ad61a2182d2a / UUID: 55178429-a4cf-497c-923e-ad61a2182d2a
INFO|2017-02-27 09:31:39,777|classes.pcdm.Article|Creating EDITORIAL...
DEBUG|2017-02-27 09:31:39,778|classes.pcdm.Repository|POST https://fcrepo.lib.umd.edu/fcrepo/rest/tx:b09d0637-b97a-412f-a3b8-512c6429743d/pcdm
DEBUG|2017-02-27 09:31:39,811|classes.pcdm.Repository|201 Created
INFO|2017-02-27 09:31:39,811|classes.pcdm.Article|Created EDITORIAL
INFO|2017-02-27 09:31:39,811|classes.pcdm.Article|URI: https://fcrepo.lib.umd.edu/fcrepo/rest/pcdm/fc/16/ee/41/fc16ee41-f27f-418f-bcce-8e2f041bebb7 / UUID: fc16ee41-f27f-418f-bcce-8e2f041bebb7
INFO|2017-02-27 09:31:39,811|classes.pcdm.Article|Creating 15 EN J A MIN HALLO W E LL,...
DEBUG|2017-02-27 09:31:39,811|classes.pcdm.Repository|POST https://fcrepo.lib.umd.edu/fcrepo/rest/tx:b09d0637-b97a-412f-a3b8-512c6429743d/pcdm
DEBUG|2017-02-27 09:31:39,844|classes.pcdm.Repository|201 Created
INFO|2017-02-27 09:31:39,844|classes.pcdm.Article|Created 15 EN J A MIN HALLO W E LL,
INFO|2017-02-27 09:31:39,844|classes.pcdm.Article|URI: https://fcrepo.lib.umd.edu/fcrepo/rest/pcdm/da/77/1d/cc/da771dcc-fc55-4164-8af7-bdd0a76d8a08 / UUID: da771dcc-fc55-4164-8af7-bdd0a76d8a08
INFO|2017-02-27 09:31:39,845|classes.pcdm.Article|Creating LITERARY SOCIETIES...
DEBUG|2017-02-27 09:31:39,845|classes.pcdm.Repository|POST https://fcrepo.lib.umd.edu/fcrepo/rest/tx:b09d0637-b97a-412f-a3b8-512c6429743d/pcdm
DEBUG|2017-02-27 09:31:39,877|classes.pcdm.Repository|201 Created
INFO|2017-02-27 09:31:39,877|classes.pcdm.Article|Created LITERARY SOCIETIES
INFO|2017-02-27 09:31:39,877|classes.pcdm.Article|URI: https://fcrepo.lib.umd.edu/fcrepo/rest/pcdm/b7/e0/59/cf/b7e059cf-7c2c-4417-aaf9-e382dcc21067 / UUID: b7e059cf-7c2c-4417-aaf9-e382dcc21067
INFO|2017-02-27 09:31:39,877|classes.pcdm.Article|Creating ALUMNI...
DEBUG|2017-02-27 09:31:39,877|classes.pcdm.Repository|POST https://fcrepo.lib.umd.edu/fcrepo/rest/tx:b09d0637-b97a-412f-a3b8-512c6429743d/pcdm
DEBUG|2017-02-27 09:31:39,910|classes.pcdm.Repository|201 Created
INFO|2017-02-27 09:31:39,910|classes.pcdm.Article|Created ALUMNI
INFO|2017-02-27 09:31:39,910|classes.pcdm.Article|URI: https://fcrepo.lib.umd.edu/fcrepo/rest/pcdm/f8/ae/29/46/f8ae2946-b792-4ead-a29b-a0d421361459 / UUID: f8ae2946-b792-4ead-a29b-a0d421361459
INFO|2017-02-27 09:31:39,910|classes.pcdm.IssueMetadata|Creating The triangle (College Park, Md.), 1910-02-15, issue METS metadata...
DEBUG|2017-02-27 09:31:39,910|classes.pcdm.Repository|POST https://fcrepo.lib.umd.edu/fcrepo/rest/tx:b09d0637-b97a-412f-a3b8-512c6429743d/pcdm
DEBUG|2017-02-27 09:31:39,946|classes.pcdm.Repository|201 Created
INFO|2017-02-27 09:31:39,946|classes.pcdm.IssueMetadata|Created The triangle (College Park, Md.), 1910-02-15, issue METS metadata
INFO|2017-02-27 09:31:39,946|classes.pcdm.IssueMetadata|URI: https://fcrepo.lib.umd.edu/fcrepo/rest/pcdm/cc/03/3c/fa/cc033cfa-e0f5-4474-b996-7b178ea4962d / UUID: cc033cfa-e0f5-4474-b996-7b178ea4962d
INFO|2017-02-27 09:31:39,946|classes.pcdm.MetadataFile|Loading 1910021501_1.xml
DEBUG|2017-02-27 09:31:39,946|classes.pcdm.Repository|POST https://fcrepo.lib.umd.edu/fcrepo/rest/tx:b09d0637-b97a-412f-a3b8-512c6429743d/pcdm
DEBUG|2017-02-27 09:31:39,983|classes.pcdm.Repository|201 Created
INFO|2017-02-27 09:31:39,983|classes.pcdm.IssueMetadata|Creating The triangle (College Park, Md.), 1910-02-15, article METS metadata...
DEBUG|2017-02-27 09:31:39,983|classes.pcdm.Repository|POST https://fcrepo.lib.umd.edu/fcrepo/rest/tx:b09d0637-b97a-412f-a3b8-512c6429743d/pcdm
DEBUG|2017-02-27 09:31:40,018|classes.pcdm.Repository|201 Created
INFO|2017-02-27 09:31:40,018|classes.pcdm.IssueMetadata|Created The triangle (College Park, Md.), 1910-02-15, article METS metadata
INFO|2017-02-27 09:31:40,019|classes.pcdm.IssueMetadata|URI: https://fcrepo.lib.umd.edu/fcrepo/rest/pcdm/b9/32/06/49/b9320649-bf14-4243-8f8d-996837fda71e / UUID: b9320649-bf14-4243-8f8d-996837fda71e
INFO|2017-02-27 09:31:40,019|classes.pcdm.MetadataFile|Loading 1910021501.xml
DEBUG|2017-02-27 09:31:40,020|classes.pcdm.Repository|POST https://fcrepo.lib.umd.edu/fcrepo/rest/tx:b09d0637-b97a-412f-a3b8-512c6429743d/pcdm
DEBUG|2017-02-27 09:31:40,056|classes.pcdm.Repository|201 Created
INFO|2017-02-27 09:31:40,056|__main__|Creating ordering proxies
INFO|2017-02-27 09:31:40,057|classes.pcdm.Proxy|Creating Proxy for Page 1 in The triangle (College Park, Md.), 1910-02-15...
DEBUG|2017-02-27 09:31:40,057|classes.pcdm.Repository|PUT https://fcrepo.lib.umd.edu/fcrepo/rest/tx:b09d0637-b97a-412f-a3b8-512c6429743d/pcdm/8a/c5/99/5d/8ac5995d-486d-4576-af15-8ef8ef1dbb1a/d806aa02-09be-4197-a269-4737dbb5da95
DEBUG|2017-02-27 09:31:40,093|classes.pcdm.Repository|201 Created
INFO|2017-02-27 09:31:40,093|classes.pcdm.Proxy|Created Proxy for Page 1 in The triangle (College Park, Md.), 1910-02-15
INFO|2017-02-27 09:31:40,093|classes.pcdm.Proxy|URI: https://fcrepo.lib.umd.edu/fcrepo/rest/pcdm/8a/c5/99/5d/8ac5995d-486d-4576-af15-8ef8ef1dbb1a/d806aa02-09be-4197-a269-4737dbb5da95 / UUID: d806aa02-09be-4197-a269-4737dbb5da95
INFO|2017-02-27 09:31:40,093|classes.pcdm.Proxy|Creating Proxy for Page 2 in The triangle (College Park, Md.), 1910-02-15...
DEBUG|2017-02-27 09:31:40,093|classes.pcdm.Repository|PUT https://fcrepo.lib.umd.edu/fcrepo/rest/tx:b09d0637-b97a-412f-a3b8-512c6429743d/pcdm/a7/a8/a4/69/a7a8a469-41f2-4864-8c63-c2ea5510a655/d806aa02-09be-4197-a269-4737dbb5da95
DEBUG|2017-02-27 09:31:40,130|classes.pcdm.Repository|201 Created
INFO|2017-02-27 09:31:40,130|classes.pcdm.Proxy|Created Proxy for Page 2 in The triangle (College Park, Md.), 1910-02-15
INFO|2017-02-27 09:31:40,130|classes.pcdm.Proxy|URI: https://fcrepo.lib.umd.edu/fcrepo/rest/pcdm/a7/a8/a4/69/a7a8a469-41f2-4864-8c63-c2ea5510a655/d806aa02-09be-4197-a269-4737dbb5da95 / UUID: d806aa02-09be-4197-a269-4737dbb5da95
INFO|2017-02-27 09:31:40,130|classes.pcdm.Proxy|Creating Proxy for Page 3 in The triangle (College Park, Md.), 1910-02-15...
DEBUG|2017-02-27 09:31:40,130|classes.pcdm.Repository|PUT https://fcrepo.lib.umd.edu/fcrepo/rest/tx:b09d0637-b97a-412f-a3b8-512c6429743d/pcdm/79/0d/fd/b3/790dfdb3-b699-4c46-aded-113098768884/d806aa02-09be-4197-a269-4737dbb5da95
DEBUG|2017-02-27 09:31:40,163|classes.pcdm.Repository|201 Created
INFO|2017-02-27 09:31:40,163|classes.pcdm.Proxy|Created Proxy for Page 3 in The triangle (College Park, Md.), 1910-02-15
INFO|2017-02-27 09:31:40,163|classes.pcdm.Proxy|URI: https://fcrepo.lib.umd.edu/fcrepo/rest/pcdm/79/0d/fd/b3/790dfdb3-b699-4c46-aded-113098768884/d806aa02-09be-4197-a269-4737dbb5da95 / UUID: d806aa02-09be-4197-a269-4737dbb5da95
INFO|2017-02-27 09:31:40,163|classes.pcdm.Proxy|Creating Proxy for Page 4 in The triangle (College Park, Md.), 1910-02-15...
DEBUG|2017-02-27 09:31:40,163|classes.pcdm.Repository|PUT https://fcrepo.lib.umd.edu/fcrepo/rest/tx:b09d0637-b97a-412f-a3b8-512c6429743d/pcdm/b8/4f/b1/82/b84fb182-4627-47c8-8188-b4f5cb2186dc/d806aa02-09be-4197-a269-4737dbb5da95
DEBUG|2017-02-27 09:31:40,196|classes.pcdm.Repository|201 Created
INFO|2017-02-27 09:31:40,196|classes.pcdm.Proxy|Created Proxy for Page 4 in The triangle (College Park, Md.), 1910-02-15
INFO|2017-02-27 09:31:40,196|classes.pcdm.Proxy|URI: https://fcrepo.lib.umd.edu/fcrepo/rest/pcdm/b8/4f/b1/82/b84fb182-4627-47c8-8188-b4f5cb2186dc/d806aa02-09be-4197-a269-4737dbb5da95 / UUID: d806aa02-09be-4197-a269-4737dbb5da95
INFO|2017-02-27 09:31:40,197|classes.pcdm.Proxy|Updating Proxy for Page 1 in The triangle (College Park, Md.), 1910-02-15
DEBUG|2017-02-27 09:31:40,197|classes.pcdm.Repository|PATCH https://fcrepo.lib.umd.edu/fcrepo/rest/tx:b09d0637-b97a-412f-a3b8-512c6429743d/pcdm/8a/c5/99/5d/8ac5995d-486d-4576-af15-8ef8ef1dbb1a/d806aa02-09be-4197-a269-4737dbb5da95
DEBUG|2017-02-27 09:31:40,235|classes.pcdm.Repository|204 No Content
INFO|2017-02-27 09:31:40,235|classes.pcdm.Proxy|Updated Proxy for Page 1 in The triangle (College Park, Md.), 1910-02-15
INFO|2017-02-27 09:31:40,236|classes.pcdm.Proxy|Updating Proxy for Page 2 in The triangle (College Park, Md.), 1910-02-15
DEBUG|2017-02-27 09:31:40,237|classes.pcdm.Repository|PATCH https://fcrepo.lib.umd.edu/fcrepo/rest/tx:b09d0637-b97a-412f-a3b8-512c6429743d/pcdm/a7/a8/a4/69/a7a8a469-41f2-4864-8c63-c2ea5510a655/d806aa02-09be-4197-a269-4737dbb5da95
DEBUG|2017-02-27 09:31:40,277|classes.pcdm.Repository|204 No Content
INFO|2017-02-27 09:31:40,277|classes.pcdm.Proxy|Updated Proxy for Page 2 in The triangle (College Park, Md.), 1910-02-15
INFO|2017-02-27 09:31:40,278|classes.pcdm.Proxy|Updating Proxy for Page 3 in The triangle (College Park, Md.), 1910-02-15
DEBUG|2017-02-27 09:31:40,278|classes.pcdm.Repository|PATCH https://fcrepo.lib.umd.edu/fcrepo/rest/tx:b09d0637-b97a-412f-a3b8-512c6429743d/pcdm/79/0d/fd/b3/790dfdb3-b699-4c46-aded-113098768884/d806aa02-09be-4197-a269-4737dbb5da95
DEBUG|2017-02-27 09:31:40,332|classes.pcdm.Repository|204 No Content
INFO|2017-02-27 09:31:40,332|classes.pcdm.Proxy|Updated Proxy for Page 3 in The triangle (College Park, Md.), 1910-02-15
INFO|2017-02-27 09:31:40,333|classes.pcdm.Proxy|Updating Proxy for Page 4 in The triangle (College Park, Md.), 1910-02-15
DEBUG|2017-02-27 09:31:40,333|classes.pcdm.Repository|PATCH https://fcrepo.lib.umd.edu/fcrepo/rest/tx:b09d0637-b97a-412f-a3b8-512c6429743d/pcdm/b8/4f/b1/82/b84fb182-4627-47c8-8188-b4f5cb2186dc/d806aa02-09be-4197-a269-4737dbb5da95
DEBUG|2017-02-27 09:31:40,383|classes.pcdm.Repository|204 No Content
INFO|2017-02-27 09:31:40,383|classes.pcdm.Proxy|Updated Proxy for Page 4 in The triangle (College Park, Md.), 1910-02-15
INFO|2017-02-27 09:31:40,383|__main__|Updating relationship triples
INFO|2017-02-27 09:31:40,387|__main__|Updating item and components
INFO|2017-02-27 09:31:40,388|classes.pcdm.Issue|Updating The triangle (College Park, Md.), 1910-02-15
DEBUG|2017-02-27 09:31:40,388|classes.pcdm.Repository|PATCH https://fcrepo.lib.umd.edu/fcrepo/rest/tx:b09d0637-b97a-412f-a3b8-512c6429743d/pcdm/d8/06/aa/02/d806aa02-09be-4197-a269-4737dbb5da95
DEBUG|2017-02-27 09:31:40,450|classes.pcdm.Repository|204 No Content
INFO|2017-02-27 09:31:40,450|classes.pcdm.Issue|Updated The triangle (College Park, Md.), 1910-02-15
INFO|2017-02-27 09:31:40,451|classes.pcdm.Page|Updating The triangle (College Park, Md.), 1910-02-15, page 1
DEBUG|2017-02-27 09:31:40,451|classes.pcdm.Repository|PATCH https://fcrepo.lib.umd.edu/fcrepo/rest/tx:b09d0637-b97a-412f-a3b8-512c6429743d/pcdm/8a/c5/99/5d/8ac5995d-486d-4576-af15-8ef8ef1dbb1a
DEBUG|2017-02-27 09:31:40,506|classes.pcdm.Repository|204 No Content
INFO|2017-02-27 09:31:40,507|classes.pcdm.Page|Updated The triangle (College Park, Md.), 1910-02-15, page 1
INFO|2017-02-27 09:31:40,507|classes.pcdm.File|Updating 0014.tif (master)
DEBUG|2017-02-27 09:31:40,508|classes.pcdm.Repository|PATCH https://fcrepo.lib.umd.edu/fcrepo/rest/tx:b09d0637-b97a-412f-a3b8-512c6429743d/pcdm/a0/77/04/fc/a07704fc-917e-4304-9829-c30358dc3bec/fcr:metadata
DEBUG|2017-02-27 09:31:40,562|classes.pcdm.Repository|204 No Content
INFO|2017-02-27 09:31:40,562|classes.pcdm.File|Updated 0014.tif (master)
INFO|2017-02-27 09:31:40,563|classes.pcdm.File|Updating 0014.jp2 (service)
DEBUG|2017-02-27 09:31:40,563|classes.pcdm.Repository|PATCH https://fcrepo.lib.umd.edu/fcrepo/rest/tx:b09d0637-b97a-412f-a3b8-512c6429743d/pcdm/82/5c/10/bb/825c10bb-9d93-4b3b-a1d6-d8badc7e5ac1/fcr:metadata
DEBUG|2017-02-27 09:31:40,616|classes.pcdm.Repository|204 No Content
INFO|2017-02-27 09:31:40,616|classes.pcdm.File|Updated 0014.jp2 (service)
INFO|2017-02-27 09:31:40,616|classes.pcdm.File|Updating 0014.pdf (derivative)
DEBUG|2017-02-27 09:31:40,617|classes.pcdm.Repository|PATCH https://fcrepo.lib.umd.edu/fcrepo/rest/tx:b09d0637-b97a-412f-a3b8-512c6429743d/pcdm/47/b5/70/f8/47b570f8-bcbe-41e6-969d-66fe2b537bbf/fcr:metadata
DEBUG|2017-02-27 09:31:40,669|classes.pcdm.Repository|204 No Content
INFO|2017-02-27 09:31:40,669|classes.pcdm.File|Updated 0014.pdf (derivative)
INFO|2017-02-27 09:31:40,671|classes.pcdm.File|Updating 0014.xml (ocr)
DEBUG|2017-02-27 09:31:40,671|classes.pcdm.Repository|PATCH https://fcrepo.lib.umd.edu/fcrepo/rest/tx:b09d0637-b97a-412f-a3b8-512c6429743d/pcdm/2c/47/7b/cd/2c477bcd-f304-4468-b15c-42f25b06425e/fcr:metadata
DEBUG|2017-02-27 09:31:40,723|classes.pcdm.Repository|204 No Content
INFO|2017-02-27 09:31:40,723|classes.pcdm.File|Updated 0014.xml (ocr)
INFO|2017-02-27 09:31:40,724|classes.pcdm.Page|Updating The triangle (College Park, Md.), 1910-02-15, page 2
DEBUG|2017-02-27 09:31:40,724|classes.pcdm.Repository|PATCH https://fcrepo.lib.umd.edu/fcrepo/rest/tx:b09d0637-b97a-412f-a3b8-512c6429743d/pcdm/a7/a8/a4/69/a7a8a469-41f2-4864-8c63-c2ea5510a655
DEBUG|2017-02-27 09:31:40,787|classes.pcdm.Repository|204 No Content
INFO|2017-02-27 09:31:40,787|classes.pcdm.Page|Updated The triangle (College Park, Md.), 1910-02-15, page 2
INFO|2017-02-27 09:31:40,788|classes.pcdm.File|Updating 0015.tif (master)
DEBUG|2017-02-27 09:31:40,788|classes.pcdm.Repository|PATCH https://fcrepo.lib.umd.edu/fcrepo/rest/tx:b09d0637-b97a-412f-a3b8-512c6429743d/pcdm/01/61/2f/d4/01612fd4-1643-4fef-922f-b30ae3323543/fcr:metadata
DEBUG|2017-02-27 09:31:40,850|classes.pcdm.Repository|204 No Content
INFO|2017-02-27 09:31:40,850|classes.pcdm.File|Updated 0015.tif (master)
INFO|2017-02-27 09:31:40,851|classes.pcdm.File|Updating 0015.jp2 (service)
DEBUG|2017-02-27 09:31:40,851|classes.pcdm.Repository|PATCH https://fcrepo.lib.umd.edu/fcrepo/rest/tx:b09d0637-b97a-412f-a3b8-512c6429743d/pcdm/ca/5f/05/19/ca5f0519-d8c9-43ff-8022-fb59f106a4fd/fcr:metadata
DEBUG|2017-02-27 09:31:40,918|classes.pcdm.Repository|204 No Content
INFO|2017-02-27 09:31:40,918|classes.pcdm.File|Updated 0015.jp2 (service)
INFO|2017-02-27 09:31:40,918|classes.pcdm.File|Updating 0015.pdf (derivative)
DEBUG|2017-02-27 09:31:40,919|classes.pcdm.Repository|PATCH https://fcrepo.lib.umd.edu/fcrepo/rest/tx:b09d0637-b97a-412f-a3b8-512c6429743d/pcdm/3f/1f/8d/c9/3f1f8dc9-4c11-481b-a9a3-d6e047da4911/fcr:metadata
DEBUG|2017-02-27 09:31:40,989|classes.pcdm.Repository|204 No Content
INFO|2017-02-27 09:31:40,989|classes.pcdm.File|Updated 0015.pdf (derivative)
INFO|2017-02-27 09:31:40,990|classes.pcdm.File|Updating 0015.xml (ocr)
DEBUG|2017-02-27 09:31:40,990|classes.pcdm.Repository|PATCH https://fcrepo.lib.umd.edu/fcrepo/rest/tx:b09d0637-b97a-412f-a3b8-512c6429743d/pcdm/a8/b8/4e/fc/a8b84efc-96f7-449d-88ce-134bd1ab9bb3/fcr:metadata
DEBUG|2017-02-27 09:31:41,047|classes.pcdm.Repository|204 No Content
INFO|2017-02-27 09:31:41,047|classes.pcdm.File|Updated 0015.xml (ocr)
INFO|2017-02-27 09:31:41,048|classes.pcdm.Page|Updating The triangle (College Park, Md.), 1910-02-15, page 3
DEBUG|2017-02-27 09:31:41,048|classes.pcdm.Repository|PATCH https://fcrepo.lib.umd.edu/fcrepo/rest/tx:b09d0637-b97a-412f-a3b8-512c6429743d/pcdm/79/0d/fd/b3/790dfdb3-b699-4c46-aded-113098768884
DEBUG|2017-02-27 09:31:41,112|classes.pcdm.Repository|204 No Content
INFO|2017-02-27 09:31:41,112|classes.pcdm.Page|Updated The triangle (College Park, Md.), 1910-02-15, page 3
INFO|2017-02-27 09:31:41,113|classes.pcdm.File|Updating 0016.tif (master)
DEBUG|2017-02-27 09:31:41,113|classes.pcdm.Repository|PATCH https://fcrepo.lib.umd.edu/fcrepo/rest/tx:b09d0637-b97a-412f-a3b8-512c6429743d/pcdm/56/12/3b/75/56123b75-8549-404a-91fd-1c9c54ed9718/fcr:metadata
DEBUG|2017-02-27 09:31:41,177|classes.pcdm.Repository|204 No Content
INFO|2017-02-27 09:31:41,177|classes.pcdm.File|Updated 0016.tif (master)
INFO|2017-02-27 09:31:41,178|classes.pcdm.File|Updating 0016.jp2 (service)
DEBUG|2017-02-27 09:31:41,178|classes.pcdm.Repository|PATCH https://fcrepo.lib.umd.edu/fcrepo/rest/tx:b09d0637-b97a-412f-a3b8-512c6429743d/pcdm/1a/a4/3c/a9/1aa43ca9-e63b-4157-950c-181a3e3ae44a/fcr:metadata
DEBUG|2017-02-27 09:31:41,238|classes.pcdm.Repository|204 No Content
INFO|2017-02-27 09:31:41,239|classes.pcdm.File|Updated 0016.jp2 (service)
INFO|2017-02-27 09:31:41,239|classes.pcdm.File|Updating 0016.pdf (derivative)
DEBUG|2017-02-27 09:31:41,239|classes.pcdm.Repository|PATCH https://fcrepo.lib.umd.edu/fcrepo/rest/tx:b09d0637-b97a-412f-a3b8-512c6429743d/pcdm/43/1b/99/13/431b9913-2f79-4100-bfec-6895a8b8b25e/fcr:metadata
DEBUG|2017-02-27 09:31:41,294|classes.pcdm.Repository|204 No Content
INFO|2017-02-27 09:31:41,294|classes.pcdm.File|Updated 0016.pdf (derivative)
INFO|2017-02-27 09:31:41,295|classes.pcdm.File|Updating 0016.xml (ocr)
DEBUG|2017-02-27 09:31:41,295|classes.pcdm.Repository|PATCH https://fcrepo.lib.umd.edu/fcrepo/rest/tx:b09d0637-b97a-412f-a3b8-512c6429743d/pcdm/de/a8/eb/fa/dea8ebfa-7792-46a5-8f3d-102654941890/fcr:metadata
DEBUG|2017-02-27 09:31:41,332|classes.pcdm.Repository|204 No Content
INFO|2017-02-27 09:31:41,332|classes.pcdm.File|Updated 0016.xml (ocr)
INFO|2017-02-27 09:31:41,333|classes.pcdm.Page|Updating The triangle (College Park, Md.), 1910-02-15, page 4
DEBUG|2017-02-27 09:31:41,333|classes.pcdm.Repository|PATCH https://fcrepo.lib.umd.edu/fcrepo/rest/tx:b09d0637-b97a-412f-a3b8-512c6429743d/pcdm/b8/4f/b1/82/b84fb182-4627-47c8-8188-b4f5cb2186dc
DEBUG|2017-02-27 09:31:41,372|classes.pcdm.Repository|204 No Content
INFO|2017-02-27 09:31:41,372|classes.pcdm.Page|Updated The triangle (College Park, Md.), 1910-02-15, page 4
INFO|2017-02-27 09:31:41,373|classes.pcdm.File|Updating 0017.tif (master)
DEBUG|2017-02-27 09:31:41,373|classes.pcdm.Repository|PATCH https://fcrepo.lib.umd.edu/fcrepo/rest/tx:b09d0637-b97a-412f-a3b8-512c6429743d/pcdm/13/06/e2/e1/1306e2e1-628c-4c90-bf29-cc639cf4e531/fcr:metadata
DEBUG|2017-02-27 09:31:41,408|classes.pcdm.Repository|204 No Content
INFO|2017-02-27 09:31:41,408|classes.pcdm.File|Updated 0017.tif (master)
INFO|2017-02-27 09:31:41,410|classes.pcdm.File|Updating 0017.jp2 (service)
DEBUG|2017-02-27 09:31:41,410|classes.pcdm.Repository|PATCH https://fcrepo.lib.umd.edu/fcrepo/rest/tx:b09d0637-b97a-412f-a3b8-512c6429743d/pcdm/dd/b2/ed/22/ddb2ed22-2ad7-42bd-b09e-ba8984e76c3f/fcr:metadata
DEBUG|2017-02-27 09:31:41,446|classes.pcdm.Repository|204 No Content
INFO|2017-02-27 09:31:41,446|classes.pcdm.File|Updated 0017.jp2 (service)
INFO|2017-02-27 09:31:41,447|classes.pcdm.File|Updating 0017.pdf (derivative)
DEBUG|2017-02-27 09:31:41,447|classes.pcdm.Repository|PATCH https://fcrepo.lib.umd.edu/fcrepo/rest/tx:b09d0637-b97a-412f-a3b8-512c6429743d/pcdm/44/eb/93/1b/44eb931b-6ce3-4e7f-9876-1160cf5c4dee/fcr:metadata
DEBUG|2017-02-27 09:31:41,481|classes.pcdm.Repository|204 No Content
INFO|2017-02-27 09:31:41,482|classes.pcdm.File|Updated 0017.pdf (derivative)
INFO|2017-02-27 09:31:41,482|classes.pcdm.File|Updating 0017.xml (ocr)
DEBUG|2017-02-27 09:31:41,482|classes.pcdm.Repository|PATCH https://fcrepo.lib.umd.edu/fcrepo/rest/tx:b09d0637-b97a-412f-a3b8-512c6429743d/pcdm/a6/90/e7/2f/a690e72f-906a-4b43-b742-edb5845f4f4e/fcr:metadata
DEBUG|2017-02-27 09:31:41,517|classes.pcdm.Repository|204 No Content
INFO|2017-02-27 09:31:41,517|classes.pcdm.File|Updated 0017.xml (ocr)
INFO|2017-02-27 09:31:41,518|classes.pcdm.Article|Updating triangle
DEBUG|2017-02-27 09:31:41,518|classes.pcdm.Repository|PATCH https://fcrepo.lib.umd.edu/fcrepo/rest/tx:b09d0637-b97a-412f-a3b8-512c6429743d/pcdm/56/45/5a/58/56455a58-2e09-497f-a025-0778b8e13dc6
DEBUG|2017-02-27 09:31:41,552|classes.pcdm.Repository|204 No Content
INFO|2017-02-27 09:31:41,553|classes.pcdm.Article|Updated triangle
INFO|2017-02-27 09:31:41,553|classes.pcdm.Article|Updating triangle
DEBUG|2017-02-27 09:31:41,554|classes.pcdm.Repository|PATCH https://fcrepo.lib.umd.edu/fcrepo/rest/tx:b09d0637-b97a-412f-a3b8-512c6429743d/pcdm/0f/70/1d/82/0f701d82-cceb-4818-ae15-17752088717a
DEBUG|2017-02-27 09:31:41,587|classes.pcdm.Repository|204 No Content
INFO|2017-02-27 09:31:41,587|classes.pcdm.Article|Updated triangle
INFO|2017-02-27 09:31:41,588|classes.pcdm.Article|Updating LOCAL NEWS
DEBUG|2017-02-27 09:31:41,589|classes.pcdm.Repository|PATCH https://fcrepo.lib.umd.edu/fcrepo/rest/tx:b09d0637-b97a-412f-a3b8-512c6429743d/pcdm/64/a8/1f/1e/64a81f1e-d044-49bd-bd04-b2b84b6e8466
DEBUG|2017-02-27 09:31:41,622|classes.pcdm.Repository|204 No Content
INFO|2017-02-27 09:31:41,622|classes.pcdm.Article|Updated LOCAL NEWS
INFO|2017-02-27 09:31:41,624|classes.pcdm.Article|Updating ATHLETICS
DEBUG|2017-02-27 09:31:41,624|classes.pcdm.Repository|PATCH https://fcrepo.lib.umd.edu/fcrepo/rest/tx:b09d0637-b97a-412f-a3b8-512c6429743d/pcdm/69/8b/0d/95/698b0d95-2f51-474a-985d-6f9e8c6da619
DEBUG|2017-02-27 09:31:41,658|classes.pcdm.Repository|204 No Content
INFO|2017-02-27 09:31:41,658|classes.pcdm.Article|Updated ATHLETICS
INFO|2017-02-27 09:31:41,659|classes.pcdm.Article|Updating TRIANGLE
DEBUG|2017-02-27 09:31:41,659|classes.pcdm.Repository|PATCH https://fcrepo.lib.umd.edu/fcrepo/rest/tx:b09d0637-b97a-412f-a3b8-512c6429743d/pcdm/55/17/84/29/55178429-a4cf-497c-923e-ad61a2182d2a
DEBUG|2017-02-27 09:31:41,693|classes.pcdm.Repository|204 No Content
INFO|2017-02-27 09:31:41,693|classes.pcdm.Article|Updated TRIANGLE
INFO|2017-02-27 09:31:41,694|classes.pcdm.Article|Updating EDITORIAL
DEBUG|2017-02-27 09:31:41,694|classes.pcdm.Repository|PATCH https://fcrepo.lib.umd.edu/fcrepo/rest/tx:b09d0637-b97a-412f-a3b8-512c6429743d/pcdm/fc/16/ee/41/fc16ee41-f27f-418f-bcce-8e2f041bebb7
DEBUG|2017-02-27 09:31:41,728|classes.pcdm.Repository|204 No Content
INFO|2017-02-27 09:31:41,728|classes.pcdm.Article|Updated EDITORIAL
INFO|2017-02-27 09:31:41,729|classes.pcdm.Article|Updating 15 EN J A MIN HALLO W E LL,
DEBUG|2017-02-27 09:31:41,729|classes.pcdm.Repository|PATCH https://fcrepo.lib.umd.edu/fcrepo/rest/tx:b09d0637-b97a-412f-a3b8-512c6429743d/pcdm/da/77/1d/cc/da771dcc-fc55-4164-8af7-bdd0a76d8a08
DEBUG|2017-02-27 09:31:41,764|classes.pcdm.Repository|204 No Content
INFO|2017-02-27 09:31:41,765|classes.pcdm.Article|Updated 15 EN J A MIN HALLO W E LL,
INFO|2017-02-27 09:31:41,765|classes.pcdm.Article|Updating LITERARY SOCIETIES
DEBUG|2017-02-27 09:31:41,765|classes.pcdm.Repository|PATCH https://fcrepo.lib.umd.edu/fcrepo/rest/tx:b09d0637-b97a-412f-a3b8-512c6429743d/pcdm/b7/e0/59/cf/b7e059cf-7c2c-4417-aaf9-e382dcc21067
DEBUG|2017-02-27 09:31:41,799|classes.pcdm.Repository|204 No Content
INFO|2017-02-27 09:31:41,800|classes.pcdm.Article|Updated LITERARY SOCIETIES
INFO|2017-02-27 09:31:41,800|classes.pcdm.Article|Updating ALUMNI
DEBUG|2017-02-27 09:31:41,800|classes.pcdm.Repository|PATCH https://fcrepo.lib.umd.edu/fcrepo/rest/tx:b09d0637-b97a-412f-a3b8-512c6429743d/pcdm/f8/ae/29/46/f8ae2946-b792-4ead-a29b-a0d421361459
DEBUG|2017-02-27 09:31:41,835|classes.pcdm.Repository|204 No Content
INFO|2017-02-27 09:31:41,836|classes.pcdm.Article|Updated ALUMNI
INFO|2017-02-27 09:31:41,836|classes.pcdm.IssueMetadata|Updating The triangle (College Park, Md.), 1910-02-15, issue METS metadata
DEBUG|2017-02-27 09:31:41,836|classes.pcdm.Repository|PATCH https://fcrepo.lib.umd.edu/fcrepo/rest/tx:b09d0637-b97a-412f-a3b8-512c6429743d/pcdm/cc/03/3c/fa/cc033cfa-e0f5-4474-b996-7b178ea4962d
DEBUG|2017-02-27 09:31:41,870|classes.pcdm.Repository|204 No Content
INFO|2017-02-27 09:31:41,870|classes.pcdm.IssueMetadata|Updated The triangle (College Park, Md.), 1910-02-15, issue METS metadata
INFO|2017-02-27 09:31:41,871|classes.pcdm.MetadataFile|Updating 1910021501_1.xml
DEBUG|2017-02-27 09:31:41,871|classes.pcdm.Repository|PATCH https://fcrepo.lib.umd.edu/fcrepo/rest/tx:b09d0637-b97a-412f-a3b8-512c6429743d/pcdm/28/8c/b0/65/288cb065-7d98-4fdd-99bf-25de765dcd38/fcr:metadata
DEBUG|2017-02-27 09:31:41,905|classes.pcdm.Repository|204 No Content
INFO|2017-02-27 09:31:41,906|classes.pcdm.MetadataFile|Updated 1910021501_1.xml
INFO|2017-02-27 09:31:41,906|classes.pcdm.IssueMetadata|Updating The triangle (College Park, Md.), 1910-02-15, article METS metadata
DEBUG|2017-02-27 09:31:41,906|classes.pcdm.Repository|PATCH https://fcrepo.lib.umd.edu/fcrepo/rest/tx:b09d0637-b97a-412f-a3b8-512c6429743d/pcdm/b9/32/06/49/b9320649-bf14-4243-8f8d-996837fda71e
DEBUG|2017-02-27 09:31:41,941|classes.pcdm.Repository|204 No Content
INFO|2017-02-27 09:31:41,941|classes.pcdm.IssueMetadata|Updated The triangle (College Park, Md.), 1910-02-15, article METS metadata
INFO|2017-02-27 09:31:41,942|classes.pcdm.MetadataFile|Updating 1910021501.xml
DEBUG|2017-02-27 09:31:41,942|classes.pcdm.Repository|PATCH https://fcrepo.lib.umd.edu/fcrepo/rest/tx:b09d0637-b97a-412f-a3b8-512c6429743d/pcdm/48/33/66/a7/483366a7-ba03-4b5c-96e4-b067898ebe25/fcr:metadata
DEBUG|2017-02-27 09:31:41,978|classes.pcdm.Repository|204 No Content
INFO|2017-02-27 09:31:41,978|classes.pcdm.MetadataFile|Updated 1910021501.xml
INFO|2017-02-27 09:31:41,978|__main__|Committing transaction
INFO|2017-02-27 09:31:41,979|classes.pcdm.Repository|Committing transaction https://fcrepo.lib.umd.edu/fcrepo/rest/tx:b09d0637-b97a-412f-a3b8-512c6429743d
DEBUG|2017-02-27 09:31:41,979|classes.pcdm.Repository|POST https://fcrepo.lib.umd.edu/fcrepo/rest/tx:b09d0637-b97a-412f-a3b8-512c6429743d/fcr:tx/fcr:commit
DEBUG|2017-02-27 09:31:42,122|classes.pcdm.Repository|204 No Content
INFO|2017-02-27 09:31:42,122|classes.pcdm.Repository|Committed transaction https://fcrepo.lib.umd.edu/fcrepo/rest/tx:b09d0637-b97a-412f-a3b8-512c6429743d
INFO|2017-02-27 09:31:42,122|__main__|Performing post-creation actions
INFO|2017-02-27 09:31:42,124|classes.pcdm.Issue|Completed post-creation actions
INFO|2017-02-27 09:31:42,125|__main__|Processing item 5/3503...
INFO|2017-02-27 09:31:42,125|__main__|Loading item 5
INFO|2017-02-27 09:31:42,125|__main__|Reading item data
INFO|2017-02-27 09:31:42,165|__main__|Opening transaction
INFO|2017-02-27 09:31:42,165|classes.pcdm.Repository|Creating transaction
DEBUG|2017-02-27 09:31:42,166|classes.pcdm.Repository|POST https://fcrepo.lib.umd.edu/fcrepo/rest/fcr:tx
DEBUG|2017-02-27 09:31:42,195|classes.pcdm.Repository|201 Created
INFO|2017-02-27 09:31:42,195|classes.pcdm.Repository|Created transaction https://fcrepo.lib.umd.edu/fcrepo/rest/tx:07fe92d7-550a-44c2-ba13-c2125dbab4fc
INFO|2017-02-27 09:31:42,195|__main__|Creating item
INFO|2017-02-27 09:31:42,195|classes.pcdm.Issue|Creating The triangle (College Park, Md.), 1910-03-01...
DEBUG|2017-02-27 09:31:42,195|classes.pcdm.Repository|POST https://fcrepo.lib.umd.edu/fcrepo/rest/tx:07fe92d7-550a-44c2-ba13-c2125dbab4fc/pcdm
DEBUG|2017-02-27 09:31:42,229|classes.pcdm.Repository|201 Created
INFO|2017-02-27 09:31:42,229|classes.pcdm.Issue|Created The triangle (College Park, Md.), 1910-03-01
INFO|2017-02-27 09:31:42,229|classes.pcdm.Issue|URI: https://fcrepo.lib.umd.edu/fcrepo/rest/pcdm/c7/e0/da/04/c7e0da04-ab47-49d3-8fe1-502dcae6cd80 / UUID: c7e0da04-ab47-49d3-8fe1-502dcae6cd80
INFO|2017-02-27 09:31:42,229|classes.pcdm.Page|Creating The triangle (College Park, Md.), 1910-03-01, page 1...
DEBUG|2017-02-27 09:31:42,230|classes.pcdm.Repository|POST https://fcrepo.lib.umd.edu/fcrepo/rest/tx:07fe92d7-550a-44c2-ba13-c2125dbab4fc/pcdm
DEBUG|2017-02-27 09:31:42,266|classes.pcdm.Repository|201 Created
INFO|2017-02-27 09:31:42,266|classes.pcdm.Page|Created The triangle (College Park, Md.), 1910-03-01, page 1
INFO|2017-02-27 09:31:42,266|classes.pcdm.Page|URI: https://fcrepo.lib.umd.edu/fcrepo/rest/pcdm/f6/01/2f/68/f6012f68-3cde-4158-90d2-531facea1aa4 / UUID: f6012f68-3cde-4158-90d2-531facea1aa4
INFO|2017-02-27 09:31:42,556|classes.pcdm.File|Loading 0018.tif
DEBUG|2017-02-27 09:31:42,567|classes.pcdm.Repository|POST https://fcrepo.lib.umd.edu/fcrepo/rest/tx:07fe92d7-550a-44c2-ba13-c2125dbab4fc/pcdm
DEBUG|2017-02-27 09:31:44,189|classes.pcdm.Repository|201 Created
INFO|2017-02-27 09:31:44,229|classes.pcdm.File|Loading 0018.jp2
DEBUG|2017-02-27 09:31:44,231|classes.pcdm.Repository|POST https://fcrepo.lib.umd.edu/fcrepo/rest/tx:07fe92d7-550a-44c2-ba13-c2125dbab4fc/pcdm
DEBUG|2017-02-27 09:31:44,456|classes.pcdm.Repository|201 Created
INFO|2017-02-27 09:31:44,469|classes.pcdm.File|Loading 0018.pdf
DEBUG|2017-02-27 09:31:44,469|classes.pcdm.Repository|POST https://fcrepo.lib.umd.edu/fcrepo/rest/tx:07fe92d7-550a-44c2-ba13-c2125dbab4fc/pcdm
DEBUG|2017-02-27 09:31:44,607|classes.pcdm.Repository|201 Created
INFO|2017-02-27 09:31:44,610|classes.pcdm.File|Loading 0018.xml
DEBUG|2017-02-27 09:31:44,611|classes.pcdm.Repository|POST https://fcrepo.lib.umd.edu/fcrepo/rest/tx:07fe92d7-550a-44c2-ba13-c2125dbab4fc/pcdm
DEBUG|2017-02-27 09:31:44,674|classes.pcdm.Repository|201 Created
INFO|2017-02-27 09:31:44,674|classes.pcdm.Page|Creating The triangle (College Park, Md.), 1910-03-01, page 2...
DEBUG|2017-02-27 09:31:44,674|classes.pcdm.Repository|POST https://fcrepo.lib.umd.edu/fcrepo/rest/tx:07fe92d7-550a-44c2-ba13-c2125dbab4fc/pcdm
DEBUG|2017-02-27 09:31:44,712|classes.pcdm.Repository|201 Created
INFO|2017-02-27 09:31:44,712|classes.pcdm.Page|Created The triangle (College Park, Md.), 1910-03-01, page 2
INFO|2017-02-27 09:31:44,713|classes.pcdm.Page|URI: https://fcrepo.lib.umd.edu/fcrepo/rest/pcdm/57/bd/c8/42/57bdc842-4db0-47db-af82-add60b8fab70 / UUID: 57bdc842-4db0-47db-af82-add60b8fab70
INFO|2017-02-27 09:31:45,000|classes.pcdm.File|Loading 0019.tif
DEBUG|2017-02-27 09:31:45,010|classes.pcdm.Repository|POST https://fcrepo.lib.umd.edu/fcrepo/rest/tx:07fe92d7-550a-44c2-ba13-c2125dbab4fc/pcdm
DEBUG|2017-02-27 09:31:46,344|classes.pcdm.Repository|201 Created
INFO|2017-02-27 09:31:46,392|classes.pcdm.File|Loading 0019.jp2
DEBUG|2017-02-27 09:31:46,394|classes.pcdm.Repository|POST https://fcrepo.lib.umd.edu/fcrepo/rest/tx:07fe92d7-550a-44c2-ba13-c2125dbab4fc/pcdm
DEBUG|2017-02-27 09:31:46,627|classes.pcdm.Repository|201 Created
INFO|2017-02-27 09:31:46,638|classes.pcdm.File|Loading 0019.pdf
DEBUG|2017-02-27 09:31:46,639|classes.pcdm.Repository|POST https://fcrepo.lib.umd.edu/fcrepo/rest/tx:07fe92d7-550a-44c2-ba13-c2125dbab4fc/pcdm
DEBUG|2017-02-27 09:31:46,758|classes.pcdm.Repository|201 Created
INFO|2017-02-27 09:31:46,761|classes.pcdm.File|Loading 0019.xml
DEBUG|2017-02-27 09:31:46,762|classes.pcdm.Repository|POST https://fcrepo.lib.umd.edu/fcrepo/rest/tx:07fe92d7-550a-44c2-ba13-c2125dbab4fc/pcdm
DEBUG|2017-02-27 09:31:46,825|classes.pcdm.Repository|201 Created
INFO|2017-02-27 09:31:46,825|classes.pcdm.Page|Creating The triangle (College Park, Md.), 1910-03-01, page 3...
DEBUG|2017-02-27 09:31:46,825|classes.pcdm.Repository|POST https://fcrepo.lib.umd.edu/fcrepo/rest/tx:07fe92d7-550a-44c2-ba13-c2125dbab4fc/pcdm
DEBUG|2017-02-27 09:31:46,869|classes.pcdm.Repository|201 Created
INFO|2017-02-27 09:31:46,869|classes.pcdm.Page|Created The triangle (College Park, Md.), 1910-03-01, page 3
INFO|2017-02-27 09:31:46,869|classes.pcdm.Page|URI: https://fcrepo.lib.umd.edu/fcrepo/rest/pcdm/aa/93/54/55/aa935455-0f52-49fc-8c00-532e38fc8831 / UUID: aa935455-0f52-49fc-8c00-532e38fc8831
INFO|2017-02-27 09:31:47,152|classes.pcdm.File|Loading 0020.tif
DEBUG|2017-02-27 09:31:47,163|classes.pcdm.Repository|POST https://fcrepo.lib.umd.edu/fcrepo/rest/tx:07fe92d7-550a-44c2-ba13-c2125dbab4fc/pcdm
DEBUG|2017-02-27 09:31:48,518|classes.pcdm.Repository|201 Created
INFO|2017-02-27 09:31:48,559|classes.pcdm.File|Loading 0020.jp2
DEBUG|2017-02-27 09:31:48,560|classes.pcdm.Repository|POST https://fcrepo.lib.umd.edu/fcrepo/rest/tx:07fe92d7-550a-44c2-ba13-c2125dbab4fc/pcdm
DEBUG|2017-02-27 09:31:48,766|classes.pcdm.Repository|201 Created
INFO|2017-02-27 09:31:48,779|classes.pcdm.File|Loading 0020.pdf
DEBUG|2017-02-27 09:31:48,780|classes.pcdm.Repository|POST https://fcrepo.lib.umd.edu/fcrepo/rest/tx:07fe92d7-550a-44c2-ba13-c2125dbab4fc/pcdm
DEBUG|2017-02-27 09:31:48,887|classes.pcdm.Repository|201 Created
INFO|2017-02-27 09:31:48,890|classes.pcdm.File|Loading 0020.xml
DEBUG|2017-02-27 09:31:48,890|classes.pcdm.Repository|POST https://fcrepo.lib.umd.edu/fcrepo/rest/tx:07fe92d7-550a-44c2-ba13-c2125dbab4fc/pcdm
DEBUG|2017-02-27 09:31:48,937|classes.pcdm.Repository|201 Created
INFO|2017-02-27 09:31:48,938|classes.pcdm.Page|Creating The triangle (College Park, Md.), 1910-03-01, page 4...
DEBUG|2017-02-27 09:31:48,938|classes.pcdm.Repository|POST https://fcrepo.lib.umd.edu/fcrepo/rest/tx:07fe92d7-550a-44c2-ba13-c2125dbab4fc/pcdm
DEBUG|2017-02-27 09:31:48,969|classes.pcdm.Repository|201 Created
INFO|2017-02-27 09:31:48,970|classes.pcdm.Page|Created The triangle (College Park, Md.), 1910-03-01, page 4
INFO|2017-02-27 09:31:48,970|classes.pcdm.Page|URI: https://fcrepo.lib.umd.edu/fcrepo/rest/pcdm/6a/a6/7b/ea/6aa67bea-247d-4614-9411-8f626b75f19e / UUID: 6aa67bea-247d-4614-9411-8f626b75f19e
INFO|2017-02-27 09:31:49,258|classes.pcdm.File|Loading 0021.tif
DEBUG|2017-02-27 09:31:49,269|classes.pcdm.Repository|POST https://fcrepo.lib.umd.edu/fcrepo/rest/tx:07fe92d7-550a-44c2-ba13-c2125dbab4fc/pcdm
DEBUG|2017-02-27 09:31:50,452|classes.pcdm.Repository|201 Created
INFO|2017-02-27 09:31:50,500|classes.pcdm.File|Loading 0021.jp2
DEBUG|2017-02-27 09:31:50,501|classes.pcdm.Repository|POST https://fcrepo.lib.umd.edu/fcrepo/rest/tx:07fe92d7-550a-44c2-ba13-c2125dbab4fc/pcdm
DEBUG|2017-02-27 09:31:50,693|classes.pcdm.Repository|201 Created
INFO|2017-02-27 09:31:50,705|classes.pcdm.File|Loading 0021.pdf
DEBUG|2017-02-27 09:31:50,705|classes.pcdm.Repository|POST https://fcrepo.lib.umd.edu/fcrepo/rest/tx:07fe92d7-550a-44c2-ba13-c2125dbab4fc/pcdm
DEBUG|2017-02-27 09:31:50,806|classes.pcdm.Repository|201 Created
INFO|2017-02-27 09:31:50,810|classes.pcdm.File|Loading 0021.xml
DEBUG|2017-02-27 09:31:50,810|classes.pcdm.Repository|POST https://fcrepo.lib.umd.edu/fcrepo/rest/tx:07fe92d7-550a-44c2-ba13-c2125dbab4fc/pcdm
DEBUG|2017-02-27 09:31:50,856|classes.pcdm.Repository|201 Created
INFO|2017-02-27 09:31:50,856|classes.pcdm.Article|Creating triangle...
DEBUG|2017-02-27 09:31:50,856|classes.pcdm.Repository|POST https://fcrepo.lib.umd.edu/fcrepo/rest/tx:07fe92d7-550a-44c2-ba13-c2125dbab4fc/pcdm
DEBUG|2017-02-27 09:31:50,887|classes.pcdm.Repository|201 Created
INFO|2017-02-27 09:31:50,887|classes.pcdm.Article|Created triangle
INFO|2017-02-27 09:31:50,887|classes.pcdm.Article|URI: https://fcrepo.lib.umd.edu/fcrepo/rest/pcdm/99/f8/94/28/99f89428-7915-48f1-bcc2-d807f36a29db / UUID: 99f89428-7915-48f1-bcc2-d807f36a29db
INFO|2017-02-27 09:31:50,887|classes.pcdm.Article|Creating triangle...
DEBUG|2017-02-27 09:31:50,888|classes.pcdm.Repository|POST https://fcrepo.lib.umd.edu/fcrepo/rest/tx:07fe92d7-550a-44c2-ba13-c2125dbab4fc/pcdm
DEBUG|2017-02-27 09:31:50,920|classes.pcdm.Repository|201 Created
INFO|2017-02-27 09:31:50,920|classes.pcdm.Article|Created triangle
INFO|2017-02-27 09:31:50,921|classes.pcdm.Article|URI: https://fcrepo.lib.umd.edu/fcrepo/rest/pcdm/54/05/75/87/54057587-cb10-4752-b366-2a2599fd4578 / UUID: 54057587-cb10-4752-b366-2a2599fd4578
INFO|2017-02-27 09:31:50,921|classes.pcdm.Article|Creating LOCAL NEWS...
DEBUG|2017-02-27 09:31:50,921|classes.pcdm.Repository|POST https://fcrepo.lib.umd.edu/fcrepo/rest/tx:07fe92d7-550a-44c2-ba13-c2125dbab4fc/pcdm
DEBUG|2017-02-27 09:31:50,953|classes.pcdm.Repository|201 Created
INFO|2017-02-27 09:31:50,953|classes.pcdm.Article|Created LOCAL NEWS
INFO|2017-02-27 09:31:50,953|classes.pcdm.Article|URI: https://fcrepo.lib.umd.edu/fcrepo/rest/pcdm/e6/71/50/3f/e671503f-ebd6-42a6-a9d6-a4d9b8a3f4d1 / UUID: e671503f-ebd6-42a6-a9d6-a4d9b8a3f4d1
INFO|2017-02-27 09:31:50,953|classes.pcdm.Article|Creating ATHLETICS...
DEBUG|2017-02-27 09:31:50,953|classes.pcdm.Repository|POST https://fcrepo.lib.umd.edu/fcrepo/rest/tx:07fe92d7-550a-44c2-ba13-c2125dbab4fc/pcdm
DEBUG|2017-02-27 09:31:50,986|classes.pcdm.Repository|201 Created
INFO|2017-02-27 09:31:50,986|classes.pcdm.Article|Created ATHLETICS
INFO|2017-02-27 09:31:50,986|classes.pcdm.Article|URI: https://fcrepo.lib.umd.edu/fcrepo/rest/pcdm/da/3a/c0/3f/da3ac03f-1115-49e1-8b6a-5b8b06c5c49e / UUID: da3ac03f-1115-49e1-8b6a-5b8b06c5c49e
INFO|2017-02-27 09:31:50,987|classes.pcdm.Article|Creating TRIANGLE...
DEBUG|2017-02-27 09:31:50,987|classes.pcdm.Repository|POST https://fcrepo.lib.umd.edu/fcrepo/rest/tx:07fe92d7-550a-44c2-ba13-c2125dbab4fc/pcdm
DEBUG|2017-02-27 09:31:51,034|classes.pcdm.Repository|201 Created
INFO|2017-02-27 09:31:51,034|classes.pcdm.Article|Created TRIANGLE
INFO|2017-02-27 09:31:51,034|classes.pcdm.Article|URI: https://fcrepo.lib.umd.edu/fcrepo/rest/pcdm/9b/61/c8/3a/9b61c83a-f454-4f82-bc01-a0ff5f8bf65e / UUID: 9b61c83a-f454-4f82-bc01-a0ff5f8bf65e
INFO|2017-02-27 09:31:51,034|classes.pcdm.Article|Creating EDITORIAL...
DEBUG|2017-02-27 09:31:51,034|classes.pcdm.Repository|POST https://fcrepo.lib.umd.edu/fcrepo/rest/tx:07fe92d7-550a-44c2-ba13-c2125dbab4fc/pcdm
DEBUG|2017-02-27 09:31:51,066|classes.pcdm.Repository|201 Created
INFO|2017-02-27 09:31:51,066|classes.pcdm.Article|Created EDITORIAL
INFO|2017-02-27 09:31:51,066|classes.pcdm.Article|URI: https://fcrepo.lib.umd.edu/fcrepo/rest/pcdm/05/a2/8f/db/05a28fdb-edac-4766-b9a4-0699f41fa19a / UUID: 05a28fdb-edac-4766-b9a4-0699f41fa19a
INFO|2017-02-27 09:31:51,066|classes.pcdm.Article|Creating MILITARY NOTES...
DEBUG|2017-02-27 09:31:51,067|classes.pcdm.Repository|POST https://fcrepo.lib.umd.edu/fcrepo/rest/tx:07fe92d7-550a-44c2-ba13-c2125dbab4fc/pcdm
DEBUG|2017-02-27 09:31:51,100|classes.pcdm.Repository|201 Created
INFO|2017-02-27 09:31:51,100|classes.pcdm.Article|Created MILITARY NOTES
INFO|2017-02-27 09:31:51,100|classes.pcdm.Article|URI: https://fcrepo.lib.umd.edu/fcrepo/rest/pcdm/37/21/99/b7/372199b7-c03b-412f-9036-e8c1617c3d70 / UUID: 372199b7-c03b-412f-9036-e8c1617c3d70
INFO|2017-02-27 09:31:51,100|classes.pcdm.Article|Creating Y. M. C. A. NOTES...
DEBUG|2017-02-27 09:31:51,100|classes.pcdm.Repository|POST https://fcrepo.lib.umd.edu/fcrepo/rest/tx:07fe92d7-550a-44c2-ba13-c2125dbab4fc/pcdm
DEBUG|2017-02-27 09:31:51,133|classes.pcdm.Repository|201 Created
INFO|2017-02-27 09:31:51,133|classes.pcdm.Article|Created Y. M. C. A. NOTES
INFO|2017-02-27 09:31:51,133|classes.pcdm.Article|URI: https://fcrepo.lib.umd.edu/fcrepo/rest/pcdm/88/14/f9/e9/8814f9e9-6020-4efe-8b95-efeef50f4280 / UUID: 8814f9e9-6020-4efe-8b95-efeef50f4280
INFO|2017-02-27 09:31:51,134|classes.pcdm.Article|Creating ALUMNI...
DEBUG|2017-02-27 09:31:51,134|classes.pcdm.Repository|POST https://fcrepo.lib.umd.edu/fcrepo/rest/tx:07fe92d7-550a-44c2-ba13-c2125dbab4fc/pcdm
DEBUG|2017-02-27 09:31:51,166|classes.pcdm.Repository|201 Created
INFO|2017-02-27 09:31:51,167|classes.pcdm.Article|Created ALUMNI
INFO|2017-02-27 09:31:51,167|classes.pcdm.Article|URI: https://fcrepo.lib.umd.edu/fcrepo/rest/pcdm/0e/5c/e7/19/0e5ce719-bdcd-4c5c-a9ff-c1059d49ceb8 / UUID: 0e5ce719-bdcd-4c5c-a9ff-c1059d49ceb8
INFO|2017-02-27 09:31:51,167|classes.pcdm.IssueMetadata|Creating The triangle (College Park, Md.), 1910-03-01, issue METS metadata...
DEBUG|2017-02-27 09:31:51,167|classes.pcdm.Repository|POST https://fcrepo.lib.umd.edu/fcrepo/rest/tx:07fe92d7-550a-44c2-ba13-c2125dbab4fc/pcdm
DEBUG|2017-02-27 09:31:51,201|classes.pcdm.Repository|201 Created
INFO|2017-02-27 09:31:51,202|classes.pcdm.IssueMetadata|Created The triangle (College Park, Md.), 1910-03-01, issue METS metadata
INFO|2017-02-27 09:31:51,202|classes.pcdm.IssueMetadata|URI: https://fcrepo.lib.umd.edu/fcrepo/rest/pcdm/85/4c/9b/5e/854c9b5e-280c-4a65-8eea-c8dd82b3a8e5 / UUID: 854c9b5e-280c-4a65-8eea-c8dd82b3a8e5
INFO|2017-02-27 09:31:51,202|classes.pcdm.MetadataFile|Loading 1910030101_1.xml
DEBUG|2017-02-27 09:31:51,202|classes.pcdm.Repository|POST https://fcrepo.lib.umd.edu/fcrepo/rest/tx:07fe92d7-550a-44c2-ba13-c2125dbab4fc/pcdm
DEBUG|2017-02-27 09:31:51,238|classes.pcdm.Repository|201 Created
INFO|2017-02-27 09:31:51,238|classes.pcdm.IssueMetadata|Creating The triangle (College Park, Md.), 1910-03-01, article METS metadata...
DEBUG|2017-02-27 09:31:51,238|classes.pcdm.Repository|POST https://fcrepo.lib.umd.edu/fcrepo/rest/tx:07fe92d7-550a-44c2-ba13-c2125dbab4fc/pcdm
DEBUG|2017-02-27 09:31:51,275|classes.pcdm.Repository|201 Created
INFO|2017-02-27 09:31:51,275|classes.pcdm.IssueMetadata|Created The triangle (College Park, Md.), 1910-03-01, article METS metadata
INFO|2017-02-27 09:31:51,276|classes.pcdm.IssueMetadata|URI: https://fcrepo.lib.umd.edu/fcrepo/rest/pcdm/42/c4/4c/63/42c44c63-afc8-474b-9fcd-a253fb92f1df / UUID: 42c44c63-afc8-474b-9fcd-a253fb92f1df
INFO|2017-02-27 09:31:51,277|classes.pcdm.MetadataFile|Loading 1910030101.xml
DEBUG|2017-02-27 09:31:51,277|classes.pcdm.Repository|POST https://fcrepo.lib.umd.edu/fcrepo/rest/tx:07fe92d7-550a-44c2-ba13-c2125dbab4fc/pcdm
DEBUG|2017-02-27 09:31:51,315|classes.pcdm.Repository|201 Created
INFO|2017-02-27 09:31:51,315|__main__|Creating ordering proxies
INFO|2017-02-27 09:31:51,316|classes.pcdm.Proxy|Creating Proxy for Page 1 in The triangle (College Park, Md.), 1910-03-01...
DEBUG|2017-02-27 09:31:51,316|classes.pcdm.Repository|PUT https://fcrepo.lib.umd.edu/fcrepo/rest/tx:07fe92d7-550a-44c2-ba13-c2125dbab4fc/pcdm/f6/01/2f/68/f6012f68-3cde-4158-90d2-531facea1aa4/c7e0da04-ab47-49d3-8fe1-502dcae6cd80
DEBUG|2017-02-27 09:31:51,349|classes.pcdm.Repository|201 Created
INFO|2017-02-27 09:31:51,349|classes.pcdm.Proxy|Created Proxy for Page 1 in The triangle (College Park, Md.), 1910-03-01
INFO|2017-02-27 09:31:51,349|classes.pcdm.Proxy|URI: https://fcrepo.lib.umd.edu/fcrepo/rest/pcdm/f6/01/2f/68/f6012f68-3cde-4158-90d2-531facea1aa4/c7e0da04-ab47-49d3-8fe1-502dcae6cd80 / UUID: c7e0da04-ab47-49d3-8fe1-502dcae6cd80
INFO|2017-02-27 09:31:51,349|classes.pcdm.Proxy|Creating Proxy for Page 2 in The triangle (College Park, Md.), 1910-03-01...
DEBUG|2017-02-27 09:31:51,349|classes.pcdm.Repository|PUT https://fcrepo.lib.umd.edu/fcrepo/rest/tx:07fe92d7-550a-44c2-ba13-c2125dbab4fc/pcdm/57/bd/c8/42/57bdc842-4db0-47db-af82-add60b8fab70/c7e0da04-ab47-49d3-8fe1-502dcae6cd80
DEBUG|2017-02-27 09:31:51,382|classes.pcdm.Repository|201 Created
INFO|2017-02-27 09:31:51,382|classes.pcdm.Proxy|Created Proxy for Page 2 in The triangle (College Park, Md.), 1910-03-01
INFO|2017-02-27 09:31:51,382|classes.pcdm.Proxy|URI: https://fcrepo.lib.umd.edu/fcrepo/rest/pcdm/57/bd/c8/42/57bdc842-4db0-47db-af82-add60b8fab70/c7e0da04-ab47-49d3-8fe1-502dcae6cd80 / UUID: c7e0da04-ab47-49d3-8fe1-502dcae6cd80
INFO|2017-02-27 09:31:51,382|classes.pcdm.Proxy|Creating Proxy for Page 3 in The triangle (College Park, Md.), 1910-03-01...
DEBUG|2017-02-27 09:31:51,382|classes.pcdm.Repository|PUT https://fcrepo.lib.umd.edu/fcrepo/rest/tx:07fe92d7-550a-44c2-ba13-c2125dbab4fc/pcdm/aa/93/54/55/aa935455-0f52-49fc-8c00-532e38fc8831/c7e0da04-ab47-49d3-8fe1-502dcae6cd80
DEBUG|2017-02-27 09:31:51,415|classes.pcdm.Repository|201 Created
INFO|2017-02-27 09:31:51,415|classes.pcdm.Proxy|Created Proxy for Page 3 in The triangle (College Park, Md.), 1910-03-01
INFO|2017-02-27 09:31:51,415|classes.pcdm.Proxy|URI: https://fcrepo.lib.umd.edu/fcrepo/rest/pcdm/aa/93/54/55/aa935455-0f52-49fc-8c00-532e38fc8831/c7e0da04-ab47-49d3-8fe1-502dcae6cd80 / UUID: c7e0da04-ab47-49d3-8fe1-502dcae6cd80
INFO|2017-02-27 09:31:51,415|classes.pcdm.Proxy|Creating Proxy for Page 4 in The triangle (College Park, Md.), 1910-03-01...
DEBUG|2017-02-27 09:31:51,415|classes.pcdm.Repository|PUT https://fcrepo.lib.umd.edu/fcrepo/rest/tx:07fe92d7-550a-44c2-ba13-c2125dbab4fc/pcdm/6a/a6/7b/ea/6aa67bea-247d-4614-9411-8f626b75f19e/c7e0da04-ab47-49d3-8fe1-502dcae6cd80
DEBUG|2017-02-27 09:31:51,447|classes.pcdm.Repository|201 Created
INFO|2017-02-27 09:31:51,447|classes.pcdm.Proxy|Created Proxy for Page 4 in The triangle (College Park, Md.), 1910-03-01
INFO|2017-02-27 09:31:51,447|classes.pcdm.Proxy|URI: https://fcrepo.lib.umd.edu/fcrepo/rest/pcdm/6a/a6/7b/ea/6aa67bea-247d-4614-9411-8f626b75f19e/c7e0da04-ab47-49d3-8fe1-502dcae6cd80 / UUID: c7e0da04-ab47-49d3-8fe1-502dcae6cd80
INFO|2017-02-27 09:31:51,448|classes.pcdm.Proxy|Updating Proxy for Page 1 in The triangle (College Park, Md.), 1910-03-01
DEBUG|2017-02-27 09:31:51,448|classes.pcdm.Repository|PATCH https://fcrepo.lib.umd.edu/fcrepo/rest/tx:07fe92d7-550a-44c2-ba13-c2125dbab4fc/pcdm/f6/01/2f/68/f6012f68-3cde-4158-90d2-531facea1aa4/c7e0da04-ab47-49d3-8fe1-502dcae6cd80
DEBUG|2017-02-27 09:31:51,484|classes.pcdm.Repository|204 No Content
INFO|2017-02-27 09:31:51,484|classes.pcdm.Proxy|Updated Proxy for Page 1 in The triangle (College Park, Md.), 1910-03-01
INFO|2017-02-27 09:31:51,486|classes.pcdm.Proxy|Updating Proxy for Page 2 in The triangle (College Park, Md.), 1910-03-01
DEBUG|2017-02-27 09:31:51,486|classes.pcdm.Repository|PATCH https://fcrepo.lib.umd.edu/fcrepo/rest/tx:07fe92d7-550a-44c2-ba13-c2125dbab4fc/pcdm/57/bd/c8/42/57bdc842-4db0-47db-af82-add60b8fab70/c7e0da04-ab47-49d3-8fe1-502dcae6cd80
DEBUG|2017-02-27 09:31:51,521|classes.pcdm.Repository|204 No Content
INFO|2017-02-27 09:31:51,521|classes.pcdm.Proxy|Updated Proxy for Page 2 in The triangle (College Park, Md.), 1910-03-01
INFO|2017-02-27 09:31:51,522|classes.pcdm.Proxy|Updating Proxy for Page 3 in The triangle (College Park, Md.), 1910-03-01
DEBUG|2017-02-27 09:31:51,522|classes.pcdm.Repository|PATCH https://fcrepo.lib.umd.edu/fcrepo/rest/tx:07fe92d7-550a-44c2-ba13-c2125dbab4fc/pcdm/aa/93/54/55/aa935455-0f52-49fc-8c00-532e38fc8831/c7e0da04-ab47-49d3-8fe1-502dcae6cd80
DEBUG|2017-02-27 09:31:51,557|classes.pcdm.Repository|204 No Content
INFO|2017-02-27 09:31:51,557|classes.pcdm.Proxy|Updated Proxy for Page 3 in The triangle (College Park, Md.), 1910-03-01
INFO|2017-02-27 09:31:51,558|classes.pcdm.Proxy|Updating Proxy for Page 4 in The triangle (College Park, Md.), 1910-03-01
DEBUG|2017-02-27 09:31:51,558|classes.pcdm.Repository|PATCH https://fcrepo.lib.umd.edu/fcrepo/rest/tx:07fe92d7-550a-44c2-ba13-c2125dbab4fc/pcdm/6a/a6/7b/ea/6aa67bea-247d-4614-9411-8f626b75f19e/c7e0da04-ab47-49d3-8fe1-502dcae6cd80
DEBUG|2017-02-27 09:31:51,592|classes.pcdm.Repository|204 No Content
INFO|2017-02-27 09:31:51,593|classes.pcdm.Proxy|Updated Proxy for Page 4 in The triangle (College Park, Md.), 1910-03-01
INFO|2017-02-27 09:31:51,593|__main__|Updating relationship triples
INFO|2017-02-27 09:31:51,596|__main__|Updating item and components
INFO|2017-02-27 09:31:51,598|classes.pcdm.Issue|Updating The triangle (College Park, Md.), 1910-03-01
DEBUG|2017-02-27 09:31:51,598|classes.pcdm.Repository|PATCH https://fcrepo.lib.umd.edu/fcrepo/rest/tx:07fe92d7-550a-44c2-ba13-c2125dbab4fc/pcdm/c7/e0/da/04/c7e0da04-ab47-49d3-8fe1-502dcae6cd80
DEBUG|2017-02-27 09:31:51,637|classes.pcdm.Repository|204 No Content
INFO|2017-02-27 09:31:51,637|classes.pcdm.Issue|Updated The triangle (College Park, Md.), 1910-03-01
INFO|2017-02-27 09:31:51,638|classes.pcdm.Page|Updating The triangle (College Park, Md.), 1910-03-01, page 1
DEBUG|2017-02-27 09:31:51,638|classes.pcdm.Repository|PATCH https://fcrepo.lib.umd.edu/fcrepo/rest/tx:07fe92d7-550a-44c2-ba13-c2125dbab4fc/pcdm/f6/01/2f/68/f6012f68-3cde-4158-90d2-531facea1aa4
DEBUG|2017-02-27 09:31:51,674|classes.pcdm.Repository|204 No Content
INFO|2017-02-27 09:31:51,674|classes.pcdm.Page|Updated The triangle (College Park, Md.), 1910-03-01, page 1
INFO|2017-02-27 09:31:51,675|classes.pcdm.File|Updating 0018.tif (master)
DEBUG|2017-02-27 09:31:51,675|classes.pcdm.Repository|PATCH https://fcrepo.lib.umd.edu/fcrepo/rest/tx:07fe92d7-550a-44c2-ba13-c2125dbab4fc/pcdm/be/bb/7d/1c/bebb7d1c-05ca-405a-a482-b0afdcac6d87/fcr:metadata
DEBUG|2017-02-27 09:31:51,711|classes.pcdm.Repository|204 No Content
INFO|2017-02-27 09:31:51,711|classes.pcdm.File|Updated 0018.tif (master)
INFO|2017-02-27 09:31:51,713|classes.pcdm.File|Updating 0018.jp2 (service)
DEBUG|2017-02-27 09:31:51,713|classes.pcdm.Repository|PATCH https://fcrepo.lib.umd.edu/fcrepo/rest/tx:07fe92d7-550a-44c2-ba13-c2125dbab4fc/pcdm/d3/ef/ec/92/d3efec92-a3fd-4195-881b-e8c0ed271ac3/fcr:metadata
DEBUG|2017-02-27 09:31:51,747|classes.pcdm.Repository|204 No Content
INFO|2017-02-27 09:31:51,747|classes.pcdm.File|Updated 0018.jp2 (service)
INFO|2017-02-27 09:31:51,747|classes.pcdm.File|Updating 0018.pdf (derivative)
DEBUG|2017-02-27 09:31:51,747|classes.pcdm.Repository|PATCH https://fcrepo.lib.umd.edu/fcrepo/rest/tx:07fe92d7-550a-44c2-ba13-c2125dbab4fc/pcdm/eb/4f/e6/a4/eb4fe6a4-98d0-443c-9551-b2efd9ed9f61/fcr:metadata
DEBUG|2017-02-27 09:31:51,781|classes.pcdm.Repository|204 No Content
INFO|2017-02-27 09:31:51,781|classes.pcdm.File|Updated 0018.pdf (derivative)
INFO|2017-02-27 09:31:51,782|classes.pcdm.File|Updating 0018.xml (ocr)
DEBUG|2017-02-27 09:31:51,782|classes.pcdm.Repository|PATCH https://fcrepo.lib.umd.edu/fcrepo/rest/tx:07fe92d7-550a-44c2-ba13-c2125dbab4fc/pcdm/68/98/ad/d6/6898add6-5882-43f9-9f34-3e502b25eb3d/fcr:metadata
DEBUG|2017-02-27 09:31:51,818|classes.pcdm.Repository|204 No Content
INFO|2017-02-27 09:31:51,818|classes.pcdm.File|Updated 0018.xml (ocr)
INFO|2017-02-27 09:31:51,819|classes.pcdm.Page|Updating The triangle (College Park, Md.), 1910-03-01, page 2
DEBUG|2017-02-27 09:31:51,819|classes.pcdm.Repository|PATCH https://fcrepo.lib.umd.edu/fcrepo/rest/tx:07fe92d7-550a-44c2-ba13-c2125dbab4fc/pcdm/57/bd/c8/42/57bdc842-4db0-47db-af82-add60b8fab70
DEBUG|2017-02-27 09:31:51,855|classes.pcdm.Repository|204 No Content
INFO|2017-02-27 09:31:51,855|classes.pcdm.Page|Updated The triangle (College Park, Md.), 1910-03-01, page 2
INFO|2017-02-27 09:31:51,857|classes.pcdm.File|Updating 0019.tif (master)
DEBUG|2017-02-27 09:31:51,857|classes.pcdm.Repository|PATCH https://fcrepo.lib.umd.edu/fcrepo/rest/tx:07fe92d7-550a-44c2-ba13-c2125dbab4fc/pcdm/df/37/70/15/df377015-7250-42c3-85ee-3a68b8b2b2e4/fcr:metadata
DEBUG|2017-02-27 09:31:51,892|classes.pcdm.Repository|204 No Content
INFO|2017-02-27 09:31:51,892|classes.pcdm.File|Updated 0019.tif (master)
INFO|2017-02-27 09:31:51,892|classes.pcdm.File|Updating 0019.jp2 (service)
DEBUG|2017-02-27 09:31:51,893|classes.pcdm.Repository|PATCH https://fcrepo.lib.umd.edu/fcrepo/rest/tx:07fe92d7-550a-44c2-ba13-c2125dbab4fc/pcdm/79/55/14/04/79551404-b6a5-4391-acfd-745a9856e861/fcr:metadata
DEBUG|2017-02-27 09:31:51,926|classes.pcdm.Repository|204 No Content
INFO|2017-02-27 09:31:51,926|classes.pcdm.File|Updated 0019.jp2 (service)
INFO|2017-02-27 09:31:51,927|classes.pcdm.File|Updating 0019.pdf (derivative)
DEBUG|2017-02-27 09:31:51,927|classes.pcdm.Repository|PATCH https://fcrepo.lib.umd.edu/fcrepo/rest/tx:07fe92d7-550a-44c2-ba13-c2125dbab4fc/pcdm/44/9a/66/fb/449a66fb-a1ec-41d8-9ba2-95cf0db12cf2/fcr:metadata
DEBUG|2017-02-27 09:31:51,960|classes.pcdm.Repository|204 No Content
INFO|2017-02-27 09:31:51,960|classes.pcdm.File|Updated 0019.pdf (derivative)
INFO|2017-02-27 09:31:51,961|classes.pcdm.File|Updating 0019.xml (ocr)
DEBUG|2017-02-27 09:31:51,962|classes.pcdm.Repository|PATCH https://fcrepo.lib.umd.edu/fcrepo/rest/tx:07fe92d7-550a-44c2-ba13-c2125dbab4fc/pcdm/d8/d2/dd/33/d8d2dd33-c6f4-4a9e-bc85-6677013dea1e/fcr:metadata
DEBUG|2017-02-27 09:31:51,995|classes.pcdm.Repository|204 No Content
INFO|2017-02-27 09:31:51,995|classes.pcdm.File|Updated 0019.xml (ocr)
INFO|2017-02-27 09:31:51,996|classes.pcdm.Page|Updating The triangle (College Park, Md.), 1910-03-01, page 3
DEBUG|2017-02-27 09:31:51,996|classes.pcdm.Repository|PATCH https://fcrepo.lib.umd.edu/fcrepo/rest/tx:07fe92d7-550a-44c2-ba13-c2125dbab4fc/pcdm/aa/93/54/55/aa935455-0f52-49fc-8c00-532e38fc8831
DEBUG|2017-02-27 09:31:52,032|classes.pcdm.Repository|204 No Content
INFO|2017-02-27 09:31:52,032|classes.pcdm.Page|Updated The triangle (College Park, Md.), 1910-03-01, page 3
INFO|2017-02-27 09:31:52,033|classes.pcdm.File|Updating 0020.tif (master)
DEBUG|2017-02-27 09:31:52,033|classes.pcdm.Repository|PATCH https://fcrepo.lib.umd.edu/fcrepo/rest/tx:07fe92d7-550a-44c2-ba13-c2125dbab4fc/pcdm/bc/a9/14/37/bca91437-af1d-485b-9b91-cb6088fe80dd/fcr:metadata
DEBUG|2017-02-27 09:31:52,068|classes.pcdm.Repository|204 No Content
INFO|2017-02-27 09:31:52,069|classes.pcdm.File|Updated 0020.tif (master)
INFO|2017-02-27 09:31:52,069|classes.pcdm.File|Updating 0020.jp2 (service)
DEBUG|2017-02-27 09:31:52,069|classes.pcdm.Repository|PATCH https://fcrepo.lib.umd.edu/fcrepo/rest/tx:07fe92d7-550a-44c2-ba13-c2125dbab4fc/pcdm/39/fd/14/f3/39fd14f3-c823-47e7-abb2-9cefd3fecaf6/fcr:metadata
DEBUG|2017-02-27 09:31:52,104|classes.pcdm.Repository|204 No Content
INFO|2017-02-27 09:31:52,104|classes.pcdm.File|Updated 0020.jp2 (service)
INFO|2017-02-27 09:31:52,105|classes.pcdm.File|Updating 0020.pdf (derivative)
DEBUG|2017-02-27 09:31:52,105|classes.pcdm.Repository|PATCH https://fcrepo.lib.umd.edu/fcrepo/rest/tx:07fe92d7-550a-44c2-ba13-c2125dbab4fc/pcdm/03/1c/d5/c5/031cd5c5-7dd6-4681-9540-a7d0080e8f65/fcr:metadata
DEBUG|2017-02-27 09:31:52,147|classes.pcdm.Repository|204 No Content
INFO|2017-02-27 09:31:52,147|classes.pcdm.File|Updated 0020.pdf (derivative)
INFO|2017-02-27 09:31:52,148|classes.pcdm.File|Updating 0020.xml (ocr)
DEBUG|2017-02-27 09:31:52,148|classes.pcdm.Repository|PATCH https://fcrepo.lib.umd.edu/fcrepo/rest/tx:07fe92d7-550a-44c2-ba13-c2125dbab4fc/pcdm/fd/48/1e/63/fd481e63-d02f-4a7b-bcce-2f22aba9d858/fcr:metadata
DEBUG|2017-02-27 09:31:52,183|classes.pcdm.Repository|204 No Content
INFO|2017-02-27 09:31:52,184|classes.pcdm.File|Updated 0020.xml (ocr)
INFO|2017-02-27 09:31:52,185|classes.pcdm.Page|Updating The triangle (College Park, Md.), 1910-03-01, page 4
DEBUG|2017-02-27 09:31:52,185|classes.pcdm.Repository|PATCH https://fcrepo.lib.umd.edu/fcrepo/rest/tx:07fe92d7-550a-44c2-ba13-c2125dbab4fc/pcdm/6a/a6/7b/ea/6aa67bea-247d-4614-9411-8f626b75f19e
DEBUG|2017-02-27 09:31:52,221|classes.pcdm.Repository|204 No Content
INFO|2017-02-27 09:31:52,221|classes.pcdm.Page|Updated The triangle (College Park, Md.), 1910-03-01, page 4
INFO|2017-02-27 09:31:52,221|classes.pcdm.File|Updating 0021.tif (master)
DEBUG|2017-02-27 09:31:52,222|classes.pcdm.Repository|PATCH https://fcrepo.lib.umd.edu/fcrepo/rest/tx:07fe92d7-550a-44c2-ba13-c2125dbab4fc/pcdm/b9/3e/b6/46/b93eb646-1f6e-478b-a3cb-51a20b4c9007/fcr:metadata
DEBUG|2017-02-27 09:31:52,258|classes.pcdm.Repository|204 No Content
INFO|2017-02-27 09:31:52,259|classes.pcdm.File|Updated 0021.tif (master)
INFO|2017-02-27 09:31:52,259|classes.pcdm.File|Updating 0021.jp2 (service)
DEBUG|2017-02-27 09:31:52,259|classes.pcdm.Repository|PATCH https://fcrepo.lib.umd.edu/fcrepo/rest/tx:07fe92d7-550a-44c2-ba13-c2125dbab4fc/pcdm/ed/aa/3a/d1/edaa3ad1-a652-4ce2-8cdd-fe4ce9d2f552/fcr:metadata
DEBUG|2017-02-27 09:31:52,293|classes.pcdm.Repository|204 No Content
INFO|2017-02-27 09:31:52,293|classes.pcdm.File|Updated 0021.jp2 (service)
INFO|2017-02-27 09:31:52,293|classes.pcdm.File|Updating 0021.pdf (derivative)
DEBUG|2017-02-27 09:31:52,294|classes.pcdm.Repository|PATCH https://fcrepo.lib.umd.edu/fcrepo/rest/tx:07fe92d7-550a-44c2-ba13-c2125dbab4fc/pcdm/7b/a8/56/1d/7ba8561d-5a29-4460-8f6c-f5502d006abf/fcr:metadata
DEBUG|2017-02-27 09:31:52,328|classes.pcdm.Repository|204 No Content
INFO|2017-02-27 09:31:52,328|classes.pcdm.File|Updated 0021.pdf (derivative)
INFO|2017-02-27 09:31:52,329|classes.pcdm.File|Updating 0021.xml (ocr)
DEBUG|2017-02-27 09:31:52,329|classes.pcdm.Repository|PATCH https://fcrepo.lib.umd.edu/fcrepo/rest/tx:07fe92d7-550a-44c2-ba13-c2125dbab4fc/pcdm/c8/de/7f/c3/c8de7fc3-6fbe-415c-8745-4fd3e88ed1c5/fcr:metadata
DEBUG|2017-02-27 09:31:52,364|classes.pcdm.Repository|204 No Content
INFO|2017-02-27 09:31:52,364|classes.pcdm.File|Updated 0021.xml (ocr)
INFO|2017-02-27 09:31:52,365|classes.pcdm.Article|Updating triangle
DEBUG|2017-02-27 09:31:52,365|classes.pcdm.Repository|PATCH https://fcrepo.lib.umd.edu/fcrepo/rest/tx:07fe92d7-550a-44c2-ba13-c2125dbab4fc/pcdm/99/f8/94/28/99f89428-7915-48f1-bcc2-d807f36a29db
DEBUG|2017-02-27 09:31:52,398|classes.pcdm.Repository|204 No Content
INFO|2017-02-27 09:31:52,398|classes.pcdm.Article|Updated triangle
INFO|2017-02-27 09:31:52,399|classes.pcdm.Article|Updating triangle
DEBUG|2017-02-27 09:31:52,399|classes.pcdm.Repository|PATCH https://fcrepo.lib.umd.edu/fcrepo/rest/tx:07fe92d7-550a-44c2-ba13-c2125dbab4fc/pcdm/54/05/75/87/54057587-cb10-4752-b366-2a2599fd4578
DEBUG|2017-02-27 09:31:52,434|classes.pcdm.Repository|204 No Content
INFO|2017-02-27 09:31:52,434|classes.pcdm.Article|Updated triangle
INFO|2017-02-27 09:31:52,434|classes.pcdm.Article|Updating LOCAL NEWS
DEBUG|2017-02-27 09:31:52,435|classes.pcdm.Repository|PATCH https://fcrepo.lib.umd.edu/fcrepo/rest/tx:07fe92d7-550a-44c2-ba13-c2125dbab4fc/pcdm/e6/71/50/3f/e671503f-ebd6-42a6-a9d6-a4d9b8a3f4d1
DEBUG|2017-02-27 09:31:52,470|classes.pcdm.Repository|204 No Content
INFO|2017-02-27 09:31:52,470|classes.pcdm.Article|Updated LOCAL NEWS
INFO|2017-02-27 09:31:52,470|classes.pcdm.Article|Updating ATHLETICS
DEBUG|2017-02-27 09:31:52,470|classes.pcdm.Repository|PATCH https://fcrepo.lib.umd.edu/fcrepo/rest/tx:07fe92d7-550a-44c2-ba13-c2125dbab4fc/pcdm/da/3a/c0/3f/da3ac03f-1115-49e1-8b6a-5b8b06c5c49e
DEBUG|2017-02-27 09:31:52,504|classes.pcdm.Repository|204 No Content
INFO|2017-02-27 09:31:52,504|classes.pcdm.Article|Updated ATHLETICS
INFO|2017-02-27 09:31:52,505|classes.pcdm.Article|Updating TRIANGLE
DEBUG|2017-02-27 09:31:52,505|classes.pcdm.Repository|PATCH https://fcrepo.lib.umd.edu/fcrepo/rest/tx:07fe92d7-550a-44c2-ba13-c2125dbab4fc/pcdm/9b/61/c8/3a/9b61c83a-f454-4f82-bc01-a0ff5f8bf65e
DEBUG|2017-02-27 09:31:52,948|classes.pcdm.Repository|204 No Content
INFO|2017-02-27 09:31:52,949|classes.pcdm.Article|Updated TRIANGLE
INFO|2017-02-27 09:31:52,949|classes.pcdm.Article|Updating EDITORIAL
DEBUG|2017-02-27 09:31:52,949|classes.pcdm.Repository|PATCH https://fcrepo.lib.umd.edu/fcrepo/rest/tx:07fe92d7-550a-44c2-ba13-c2125dbab4fc/pcdm/05/a2/8f/db/05a28fdb-edac-4766-b9a4-0699f41fa19a
DEBUG|2017-02-27 09:31:52,983|classes.pcdm.Repository|204 No Content
INFO|2017-02-27 09:31:52,984|classes.pcdm.Article|Updated EDITORIAL
INFO|2017-02-27 09:31:52,985|classes.pcdm.Article|Updating MILITARY NOTES
DEBUG|2017-02-27 09:31:52,985|classes.pcdm.Repository|PATCH https://fcrepo.lib.umd.edu/fcrepo/rest/tx:07fe92d7-550a-44c2-ba13-c2125dbab4fc/pcdm/37/21/99/b7/372199b7-c03b-412f-9036-e8c1617c3d70
DEBUG|2017-02-27 09:31:53,017|classes.pcdm.Repository|204 No Content
INFO|2017-02-27 09:31:53,017|classes.pcdm.Article|Updated MILITARY NOTES
INFO|2017-02-27 09:31:53,018|classes.pcdm.Article|Updating Y. M. C. A. NOTES
DEBUG|2017-02-27 09:31:53,018|classes.pcdm.Repository|PATCH https://fcrepo.lib.umd.edu/fcrepo/rest/tx:07fe92d7-550a-44c2-ba13-c2125dbab4fc/pcdm/88/14/f9/e9/8814f9e9-6020-4efe-8b95-efeef50f4280
DEBUG|2017-02-27 09:31:53,052|classes.pcdm.Repository|204 No Content
INFO|2017-02-27 09:31:53,052|classes.pcdm.Article|Updated Y. M. C. A. NOTES
INFO|2017-02-27 09:31:53,052|classes.pcdm.Article|Updating ALUMNI
DEBUG|2017-02-27 09:31:53,052|classes.pcdm.Repository|PATCH https://fcrepo.lib.umd.edu/fcrepo/rest/tx:07fe92d7-550a-44c2-ba13-c2125dbab4fc/pcdm/0e/5c/e7/19/0e5ce719-bdcd-4c5c-a9ff-c1059d49ceb8
DEBUG|2017-02-27 09:31:53,089|classes.pcdm.Repository|204 No Content
INFO|2017-02-27 09:31:53,089|classes.pcdm.Article|Updated ALUMNI
INFO|2017-02-27 09:31:53,090|classes.pcdm.IssueMetadata|Updating The triangle (College Park, Md.), 1910-03-01, issue METS metadata
DEBUG|2017-02-27 09:31:53,090|classes.pcdm.Repository|PATCH https://fcrepo.lib.umd.edu/fcrepo/rest/tx:07fe92d7-550a-44c2-ba13-c2125dbab4fc/pcdm/85/4c/9b/5e/854c9b5e-280c-4a65-8eea-c8dd82b3a8e5
DEBUG|2017-02-27 09:31:53,126|classes.pcdm.Repository|204 No Content
INFO|2017-02-27 09:31:53,126|classes.pcdm.IssueMetadata|Updated The triangle (College Park, Md.), 1910-03-01, issue METS metadata
INFO|2017-02-27 09:31:53,127|classes.pcdm.MetadataFile|Updating 1910030101_1.xml
DEBUG|2017-02-27 09:31:53,127|classes.pcdm.Repository|PATCH https://fcrepo.lib.umd.edu/fcrepo/rest/tx:07fe92d7-550a-44c2-ba13-c2125dbab4fc/pcdm/a0/71/b9/42/a071b942-0daa-48ab-90d7-92a7405abe1a/fcr:metadata
DEBUG|2017-02-27 09:31:53,162|classes.pcdm.Repository|204 No Content
INFO|2017-02-27 09:31:53,162|classes.pcdm.MetadataFile|Updated 1910030101_1.xml
INFO|2017-02-27 09:31:53,163|classes.pcdm.IssueMetadata|Updating The triangle (College Park, Md.), 1910-03-01, article METS metadata
DEBUG|2017-02-27 09:31:53,163|classes.pcdm.Repository|PATCH https://fcrepo.lib.umd.edu/fcrepo/rest/tx:07fe92d7-550a-44c2-ba13-c2125dbab4fc/pcdm/42/c4/4c/63/42c44c63-afc8-474b-9fcd-a253fb92f1df
DEBUG|2017-02-27 09:31:53,196|classes.pcdm.Repository|204 No Content
INFO|2017-02-27 09:31:53,197|classes.pcdm.IssueMetadata|Updated The triangle (College Park, Md.), 1910-03-01, article METS metadata
INFO|2017-02-27 09:31:53,198|classes.pcdm.MetadataFile|Updating 1910030101.xml
DEBUG|2017-02-27 09:31:53,198|classes.pcdm.Repository|PATCH https://fcrepo.lib.umd.edu/fcrepo/rest/tx:07fe92d7-550a-44c2-ba13-c2125dbab4fc/pcdm/26/53/ac/b6/2653acb6-d002-4072-a098-927f2d197cc4/fcr:metadata
DEBUG|2017-02-27 09:31:53,234|classes.pcdm.Repository|204 No Content
INFO|2017-02-27 09:31:53,234|classes.pcdm.MetadataFile|Updated 1910030101.xml
INFO|2017-02-27 09:31:53,234|__main__|Committing transaction
INFO|2017-02-27 09:31:53,234|classes.pcdm.Repository|Committing transaction https://fcrepo.lib.umd.edu/fcrepo/rest/tx:07fe92d7-550a-44c2-ba13-c2125dbab4fc
DEBUG|2017-02-27 09:31:53,235|classes.pcdm.Repository|POST https://fcrepo.lib.umd.edu/fcrepo/rest/tx:07fe92d7-550a-44c2-ba13-c2125dbab4fc/fcr:tx/fcr:commit
DEBUG|2017-02-27 09:31:53,370|classes.pcdm.Repository|204 No Content
INFO|2017-02-27 09:31:53,370|classes.pcdm.Repository|Committed transaction https://fcrepo.lib.umd.edu/fcrepo/rest/tx:07fe92d7-550a-44c2-ba13-c2125dbab4fc
INFO|2017-02-27 09:31:53,370|__main__|Performing post-creation actions
INFO|2017-02-27 09:31:53,372|classes.pcdm.Issue|Completed post-creation actions
INFO|2017-02-27 09:31:53,373|__main__|Processing item 6/3503...
INFO|2017-02-27 09:31:53,373|__main__|Loading item 6
INFO|2017-02-27 09:31:53,373|__main__|Reading item data
INFO|2017-02-27 09:31:53,406|__main__|Opening transaction
INFO|2017-02-27 09:31:53,406|classes.pcdm.Repository|Creating transaction
DEBUG|2017-02-27 09:31:53,406|classes.pcdm.Repository|POST https://fcrepo.lib.umd.edu/fcrepo/rest/fcr:tx
DEBUG|2017-02-27 09:31:53,434|classes.pcdm.Repository|201 Created
INFO|2017-02-27 09:31:53,434|classes.pcdm.Repository|Created transaction https://fcrepo.lib.umd.edu/fcrepo/rest/tx:f57a0cfe-4a98-4d26-884c-5fdb90443100
INFO|2017-02-27 09:31:53,435|__main__|Creating item
INFO|2017-02-27 09:31:53,435|classes.pcdm.Issue|Creating The triangle (College Park, Md.), 1910-03-15...
DEBUG|2017-02-27 09:31:53,435|classes.pcdm.Repository|POST https://fcrepo.lib.umd.edu/fcrepo/rest/tx:f57a0cfe-4a98-4d26-884c-5fdb90443100/pcdm
DEBUG|2017-02-27 09:31:53,470|classes.pcdm.Repository|201 Created
INFO|2017-02-27 09:31:53,470|classes.pcdm.Issue|Created The triangle (College Park, Md.), 1910-03-15
INFO|2017-02-27 09:31:53,470|classes.pcdm.Issue|URI: https://fcrepo.lib.umd.edu/fcrepo/rest/pcdm/95/89/f7/8e/9589f78e-93ca-45c3-84cf-a88df37f2ffd / UUID: 9589f78e-93ca-45c3-84cf-a88df37f2ffd
INFO|2017-02-27 09:31:53,470|classes.pcdm.Page|Creating The triangle (College Park, Md.), 1910-03-15, page 1...
DEBUG|2017-02-27 09:31:53,471|classes.pcdm.Repository|POST https://fcrepo.lib.umd.edu/fcrepo/rest/tx:f57a0cfe-4a98-4d26-884c-5fdb90443100/pcdm
DEBUG|2017-02-27 09:31:53,501|classes.pcdm.Repository|201 Created
INFO|2017-02-27 09:31:53,502|classes.pcdm.Page|Created The triangle (College Park, Md.), 1910-03-15, page 1
INFO|2017-02-27 09:31:53,502|classes.pcdm.Page|URI: https://fcrepo.lib.umd.edu/fcrepo/rest/pcdm/d7/80/ab/48/d780ab48-a32e-481d-85a8-2778a018a822 / UUID: d780ab48-a32e-481d-85a8-2778a018a822
INFO|2017-02-27 09:31:53,790|classes.pcdm.File|Loading 0022.tif
DEBUG|2017-02-27 09:31:53,800|classes.pcdm.Repository|POST https://fcrepo.lib.umd.edu/fcrepo/rest/tx:f57a0cfe-4a98-4d26-884c-5fdb90443100/pcdm
DEBUG|2017-02-27 09:31:56,314|classes.pcdm.Repository|201 Created
INFO|2017-02-27 09:31:56,375|classes.pcdm.File|Loading 0022.jp2
DEBUG|2017-02-27 09:31:56,376|classes.pcdm.Repository|POST https://fcrepo.lib.umd.edu/fcrepo/rest/tx:f57a0cfe-4a98-4d26-884c-5fdb90443100/pcdm
DEBUG|2017-02-27 09:31:56,729|classes.pcdm.Repository|201 Created
INFO|2017-02-27 09:31:56,742|classes.pcdm.File|Loading 0022.pdf
DEBUG|2017-02-27 09:31:56,743|classes.pcdm.Repository|POST https://fcrepo.lib.umd.edu/fcrepo/rest/tx:f57a0cfe-4a98-4d26-884c-5fdb90443100/pcdm
DEBUG|2017-02-27 09:31:56,996|classes.pcdm.Repository|201 Created
INFO|2017-02-27 09:31:56,999|classes.pcdm.File|Loading 0022.xml
DEBUG|2017-02-27 09:31:56,999|classes.pcdm.Repository|POST https://fcrepo.lib.umd.edu/fcrepo/rest/tx:f57a0cfe-4a98-4d26-884c-5fdb90443100/pcdm
DEBUG|2017-02-27 09:31:57,074|classes.pcdm.Repository|201 Created
INFO|2017-02-27 09:31:57,075|classes.pcdm.Page|Creating The triangle (College Park, Md.), 1910-03-15, page 2...
DEBUG|2017-02-27 09:31:57,075|classes.pcdm.Repository|POST https://fcrepo.lib.umd.edu/fcrepo/rest/tx:f57a0cfe-4a98-4d26-884c-5fdb90443100/pcdm
DEBUG|2017-02-27 09:31:57,147|classes.pcdm.Repository|201 Created
INFO|2017-02-27 09:31:57,147|classes.pcdm.Page|Created The triangle (College Park, Md.), 1910-03-15, page 2
INFO|2017-02-27 09:31:57,147|classes.pcdm.Page|URI: https://fcrepo.lib.umd.edu/fcrepo/rest/pcdm/9b/b4/91/fa/9bb491fa-2025-4734-b5de-090a85fad57a / UUID: 9bb491fa-2025-4734-b5de-090a85fad57a
INFO|2017-02-27 09:31:57,431|classes.pcdm.File|Loading 0023.tif
DEBUG|2017-02-27 09:31:57,442|classes.pcdm.Repository|POST https://fcrepo.lib.umd.edu/fcrepo/rest/tx:f57a0cfe-4a98-4d26-884c-5fdb90443100/pcdm
DEBUG|2017-02-27 09:31:59,050|classes.pcdm.Repository|201 Created
INFO|2017-02-27 09:31:59,093|classes.pcdm.File|Loading 0023.jp2
DEBUG|2017-02-27 09:31:59,094|classes.pcdm.Repository|POST https://fcrepo.lib.umd.edu/fcrepo/rest/tx:f57a0cfe-4a98-4d26-884c-5fdb90443100/pcdm
DEBUG|2017-02-27 09:31:59,348|classes.pcdm.Repository|201 Created
INFO|2017-02-27 09:31:59,361|classes.pcdm.File|Loading 0023.pdf
DEBUG|2017-02-27 09:31:59,361|classes.pcdm.Repository|POST https://fcrepo.lib.umd.edu/fcrepo/rest/tx:f57a0cfe-4a98-4d26-884c-5fdb90443100/pcdm
DEBUG|2017-02-27 09:31:59,494|classes.pcdm.Repository|201 Created
INFO|2017-02-27 09:31:59,498|classes.pcdm.File|Loading 0023.xml
DEBUG|2017-02-27 09:31:59,498|classes.pcdm.Repository|POST https://fcrepo.lib.umd.edu/fcrepo/rest/tx:f57a0cfe-4a98-4d26-884c-5fdb90443100/pcdm
DEBUG|2017-02-27 09:31:59,550|classes.pcdm.Repository|201 Created
INFO|2017-02-27 09:31:59,550|classes.pcdm.Page|Creating The triangle (College Park, Md.), 1910-03-15, page 3...
DEBUG|2017-02-27 09:31:59,550|classes.pcdm.Repository|POST https://fcrepo.lib.umd.edu/fcrepo/rest/tx:f57a0cfe-4a98-4d26-884c-5fdb90443100/pcdm
DEBUG|2017-02-27 09:31:59,597|classes.pcdm.Repository|201 Created
INFO|2017-02-27 09:31:59,597|classes.pcdm.Page|Created The triangle (College Park, Md.), 1910-03-15, page 3
INFO|2017-02-27 09:31:59,597|classes.pcdm.Page|URI: https://fcrepo.lib.umd.edu/fcrepo/rest/pcdm/d5/f3/23/00/d5f32300-2a05-41b4-9060-2edde6f3c088 / UUID: d5f32300-2a05-41b4-9060-2edde6f3c088
INFO|2017-02-27 09:31:59,885|classes.pcdm.File|Loading 0024.tif
DEBUG|2017-02-27 09:31:59,895|classes.pcdm.Repository|POST https://fcrepo.lib.umd.edu/fcrepo/rest/tx:f57a0cfe-4a98-4d26-884c-5fdb90443100/pcdm
DEBUG|2017-02-27 09:32:01,432|classes.pcdm.Repository|201 Created
INFO|2017-02-27 09:32:01,479|classes.pcdm.File|Loading 0024.jp2
DEBUG|2017-02-27 09:32:01,480|classes.pcdm.Repository|POST https://fcrepo.lib.umd.edu/fcrepo/rest/tx:f57a0cfe-4a98-4d26-884c-5fdb90443100/pcdm
DEBUG|2017-02-27 09:32:01,771|classes.pcdm.Repository|201 Created
INFO|2017-02-27 09:32:01,785|classes.pcdm.File|Loading 0024.pdf
DEBUG|2017-02-27 09:32:01,786|classes.pcdm.Repository|POST https://fcrepo.lib.umd.edu/fcrepo/rest/tx:f57a0cfe-4a98-4d26-884c-5fdb90443100/pcdm
DEBUG|2017-02-27 09:32:01,959|classes.pcdm.Repository|201 Created
INFO|2017-02-27 09:32:01,963|classes.pcdm.File|Loading 0024.xml
DEBUG|2017-02-27 09:32:01,963|classes.pcdm.Repository|POST https://fcrepo.lib.umd.edu/fcrepo/rest/tx:f57a0cfe-4a98-4d26-884c-5fdb90443100/pcdm
DEBUG|2017-02-27 09:32:02,016|classes.pcdm.Repository|201 Created
INFO|2017-02-27 09:32:02,016|classes.pcdm.Page|Creating The triangle (College Park, Md.), 1910-03-15, page 4...
DEBUG|2017-02-27 09:32:02,017|classes.pcdm.Repository|POST https://fcrepo.lib.umd.edu/fcrepo/rest/tx:f57a0cfe-4a98-4d26-884c-5fdb90443100/pcdm
DEBUG|2017-02-27 09:32:02,050|classes.pcdm.Repository|201 Created
INFO|2017-02-27 09:32:02,051|classes.pcdm.Page|Created The triangle (College Park, Md.), 1910-03-15, page 4
INFO|2017-02-27 09:32:02,051|classes.pcdm.Page|URI: https://fcrepo.lib.umd.edu/fcrepo/rest/pcdm/bd/85/ba/b6/bd85bab6-c07d-4110-aea9-bbb2834b2bd0 / UUID: bd85bab6-c07d-4110-aea9-bbb2834b2bd0
INFO|2017-02-27 09:32:02,369|classes.pcdm.File|Loading 0025.tif
DEBUG|2017-02-27 09:32:02,380|classes.pcdm.Repository|POST https://fcrepo.lib.umd.edu/fcrepo/rest/tx:f57a0cfe-4a98-4d26-884c-5fdb90443100/pcdm
DEBUG|2017-02-27 09:32:03,816|classes.pcdm.Repository|201 Created
INFO|2017-02-27 09:32:03,865|classes.pcdm.File|Loading 0025.jp2
DEBUG|2017-02-27 09:32:03,867|classes.pcdm.Repository|POST https://fcrepo.lib.umd.edu/fcrepo/rest/tx:f57a0cfe-4a98-4d26-884c-5fdb90443100/pcdm
DEBUG|2017-02-27 09:32:04,402|classes.pcdm.Repository|201 Created
INFO|2017-02-27 09:32:04,413|classes.pcdm.File|Loading 0025.pdf
DEBUG|2017-02-27 09:32:04,413|classes.pcdm.Repository|POST https://fcrepo.lib.umd.edu/fcrepo/rest/tx:f57a0cfe-4a98-4d26-884c-5fdb90443100/pcdm
DEBUG|2017-02-27 09:32:04,518|classes.pcdm.Repository|201 Created
INFO|2017-02-27 09:32:04,521|classes.pcdm.File|Loading 0025.xml
DEBUG|2017-02-27 09:32:04,521|classes.pcdm.Repository|POST https://fcrepo.lib.umd.edu/fcrepo/rest/tx:f57a0cfe-4a98-4d26-884c-5fdb90443100/pcdm
DEBUG|2017-02-27 09:32:04,567|classes.pcdm.Repository|201 Created
INFO|2017-02-27 09:32:04,568|classes.pcdm.Article|Creating triangle...
DEBUG|2017-02-27 09:32:04,568|classes.pcdm.Repository|POST https://fcrepo.lib.umd.edu/fcrepo/rest/tx:f57a0cfe-4a98-4d26-884c-5fdb90443100/pcdm
DEBUG|2017-02-27 09:32:04,600|classes.pcdm.Repository|201 Created
INFO|2017-02-27 09:32:04,600|classes.pcdm.Article|Created triangle
INFO|2017-02-27 09:32:04,600|classes.pcdm.Article|URI: https://fcrepo.lib.umd.edu/fcrepo/rest/pcdm/22/0a/a7/d5/220aa7d5-8c0e-485d-b28e-46ba86ebc60a / UUID: 220aa7d5-8c0e-485d-b28e-46ba86ebc60a
INFO|2017-02-27 09:32:04,600|classes.pcdm.Article|Creating triangle...
DEBUG|2017-02-27 09:32:04,600|classes.pcdm.Repository|POST https://fcrepo.lib.umd.edu/fcrepo/rest/tx:f57a0cfe-4a98-4d26-884c-5fdb90443100/pcdm
DEBUG|2017-02-27 09:32:04,632|classes.pcdm.Repository|201 Created
INFO|2017-02-27 09:32:04,632|classes.pcdm.Article|Created triangle
INFO|2017-02-27 09:32:04,632|classes.pcdm.Article|URI: https://fcrepo.lib.umd.edu/fcrepo/rest/pcdm/d1/86/32/0b/d186320b-b652-4dbb-9529-3e96b1924e7a / UUID: d186320b-b652-4dbb-9529-3e96b1924e7a
INFO|2017-02-27 09:32:04,632|classes.pcdm.Article|Creating LOCAL NEWS...
DEBUG|2017-02-27 09:32:04,632|classes.pcdm.Repository|POST https://fcrepo.lib.umd.edu/fcrepo/rest/tx:f57a0cfe-4a98-4d26-884c-5fdb90443100/pcdm
DEBUG|2017-02-27 09:32:04,661|classes.pcdm.Repository|201 Created
INFO|2017-02-27 09:32:04,661|classes.pcdm.Article|Created LOCAL NEWS
INFO|2017-02-27 09:32:04,661|classes.pcdm.Article|URI: https://fcrepo.lib.umd.edu/fcrepo/rest/pcdm/a7/6c/d7/c2/a76cd7c2-f323-450c-8fc1-1ca3d0b76aaa / UUID: a76cd7c2-f323-450c-8fc1-1ca3d0b76aaa
INFO|2017-02-27 09:32:04,661|classes.pcdm.Article|Creating ATHLETICS...
DEBUG|2017-02-27 09:32:04,662|classes.pcdm.Repository|POST https://fcrepo.lib.umd.edu/fcrepo/rest/tx:f57a0cfe-4a98-4d26-884c-5fdb90443100/pcdm
DEBUG|2017-02-27 09:32:04,693|classes.pcdm.Repository|201 Created
INFO|2017-02-27 09:32:04,694|classes.pcdm.Article|Created ATHLETICS
INFO|2017-02-27 09:32:04,694|classes.pcdm.Article|URI: https://fcrepo.lib.umd.edu/fcrepo/rest/pcdm/ff/89/73/22/ff897322-04cb-42b8-b775-022755411789 / UUID: ff897322-04cb-42b8-b775-022755411789
INFO|2017-02-27 09:32:04,694|classes.pcdm.Article|Creating TRIANGLE...
DEBUG|2017-02-27 09:32:04,694|classes.pcdm.Repository|POST https://fcrepo.lib.umd.edu/fcrepo/rest/tx:f57a0cfe-4a98-4d26-884c-5fdb90443100/pcdm
DEBUG|2017-02-27 09:32:04,725|classes.pcdm.Repository|201 Created
INFO|2017-02-27 09:32:04,725|classes.pcdm.Article|Created TRIANGLE
INFO|2017-02-27 09:32:04,726|classes.pcdm.Article|URI: https://fcrepo.lib.umd.edu/fcrepo/rest/pcdm/2b/2a/be/38/2b2abe38-387f-4c49-b4d4-e9f996b5b845 / UUID: 2b2abe38-387f-4c49-b4d4-e9f996b5b845
INFO|2017-02-27 09:32:04,726|classes.pcdm.Article|Creating EDITORIAL...
DEBUG|2017-02-27 09:32:04,726|classes.pcdm.Repository|POST https://fcrepo.lib.umd.edu/fcrepo/rest/tx:f57a0cfe-4a98-4d26-884c-5fdb90443100/pcdm
DEBUG|2017-02-27 09:32:04,760|classes.pcdm.Repository|201 Created
INFO|2017-02-27 09:32:04,760|classes.pcdm.Article|Created EDITORIAL
INFO|2017-02-27 09:32:04,760|classes.pcdm.Article|URI: https://fcrepo.lib.umd.edu/fcrepo/rest/pcdm/15/a9/3e/e2/15a93ee2-1be8-4dad-8258-008826b1503b / UUID: 15a93ee2-1be8-4dad-8258-008826b1503b
INFO|2017-02-27 09:32:04,760|classes.pcdm.Article|Creating MILITARY NOTES...
DEBUG|2017-02-27 09:32:04,760|classes.pcdm.Repository|POST https://fcrepo.lib.umd.edu/fcrepo/rest/tx:f57a0cfe-4a98-4d26-884c-5fdb90443100/pcdm
DEBUG|2017-02-27 09:32:04,792|classes.pcdm.Repository|201 Created
INFO|2017-02-27 09:32:04,792|classes.pcdm.Article|Created MILITARY NOTES
INFO|2017-02-27 09:32:04,792|classes.pcdm.Article|URI: https://fcrepo.lib.umd.edu/fcrepo/rest/pcdm/72/24/50/03/72245003-f59e-4a50-b759-55dfd97b00c4 / UUID: 72245003-f59e-4a50-b759-55dfd97b00c4
INFO|2017-02-27 09:32:04,792|classes.pcdm.Article|Creating Y. M. C. A. NOTES...
DEBUG|2017-02-27 09:32:04,792|classes.pcdm.Repository|POST https://fcrepo.lib.umd.edu/fcrepo/rest/tx:f57a0cfe-4a98-4d26-884c-5fdb90443100/pcdm
DEBUG|2017-02-27 09:32:04,827|classes.pcdm.Repository|201 Created
INFO|2017-02-27 09:32:04,827|classes.pcdm.Article|Created Y. M. C. A. NOTES
INFO|2017-02-27 09:32:04,827|classes.pcdm.Article|URI: https://fcrepo.lib.umd.edu/fcrepo/rest/pcdm/3c/ca/ef/85/3ccaef85-edaf-4b0a-a745-8e1a01366d43 / UUID: 3ccaef85-edaf-4b0a-a745-8e1a01366d43
INFO|2017-02-27 09:32:04,827|classes.pcdm.Article|Creating ALUMNI...
DEBUG|2017-02-27 09:32:04,827|classes.pcdm.Repository|POST https://fcrepo.lib.umd.edu/fcrepo/rest/tx:f57a0cfe-4a98-4d26-884c-5fdb90443100/pcdm
DEBUG|2017-02-27 09:32:04,860|classes.pcdm.Repository|201 Created
INFO|2017-02-27 09:32:04,860|classes.pcdm.Article|Created ALUMNI
INFO|2017-02-27 09:32:04,860|classes.pcdm.Article|URI: https://fcrepo.lib.umd.edu/fcrepo/rest/pcdm/74/60/23/ba/746023ba-9a68-4a7f-a409-5c50ae125ed9 / UUID: 746023ba-9a68-4a7f-a409-5c50ae125ed9
INFO|2017-02-27 09:32:04,860|classes.pcdm.IssueMetadata|Creating The triangle (College Park, Md.), 1910-03-15, issue METS metadata...
DEBUG|2017-02-27 09:32:04,861|classes.pcdm.Repository|POST https://fcrepo.lib.umd.edu/fcrepo/rest/tx:f57a0cfe-4a98-4d26-884c-5fdb90443100/pcdm
DEBUG|2017-02-27 09:32:04,893|classes.pcdm.Repository|201 Created
INFO|2017-02-27 09:32:04,893|classes.pcdm.IssueMetadata|Created The triangle (College Park, Md.), 1910-03-15, issue METS metadata
INFO|2017-02-27 09:32:04,893|classes.pcdm.IssueMetadata|URI: https://fcrepo.lib.umd.edu/fcrepo/rest/pcdm/5d/c8/6b/2e/5dc86b2e-d5cd-46e6-8e8b-5ba3ca5f0465 / UUID: 5dc86b2e-d5cd-46e6-8e8b-5ba3ca5f0465
INFO|2017-02-27 09:32:04,893|classes.pcdm.MetadataFile|Loading 1910031501_1.xml
DEBUG|2017-02-27 09:32:04,893|classes.pcdm.Repository|POST https://fcrepo.lib.umd.edu/fcrepo/rest/tx:f57a0cfe-4a98-4d26-884c-5fdb90443100/pcdm
DEBUG|2017-02-27 09:32:04,929|classes.pcdm.Repository|201 Created
INFO|2017-02-27 09:32:04,929|classes.pcdm.IssueMetadata|Creating The triangle (College Park, Md.), 1910-03-15, article METS metadata...
DEBUG|2017-02-27 09:32:04,929|classes.pcdm.Repository|POST https://fcrepo.lib.umd.edu/fcrepo/rest/tx:f57a0cfe-4a98-4d26-884c-5fdb90443100/pcdm
DEBUG|2017-02-27 09:32:04,961|classes.pcdm.Repository|201 Created
INFO|2017-02-27 09:32:04,961|classes.pcdm.IssueMetadata|Created The triangle (College Park, Md.), 1910-03-15, article METS metadata
INFO|2017-02-27 09:32:04,962|classes.pcdm.IssueMetadata|URI: https://fcrepo.lib.umd.edu/fcrepo/rest/pcdm/17/fc/1f/36/17fc1f36-6bd8-4e30-8f6d-8b843a333b61 / UUID: 17fc1f36-6bd8-4e30-8f6d-8b843a333b61
INFO|2017-02-27 09:32:04,962|classes.pcdm.MetadataFile|Loading 1910031501.xml
DEBUG|2017-02-27 09:32:04,962|classes.pcdm.Repository|POST https://fcrepo.lib.umd.edu/fcrepo/rest/tx:f57a0cfe-4a98-4d26-884c-5fdb90443100/pcdm
DEBUG|2017-02-27 09:32:04,998|classes.pcdm.Repository|201 Created
INFO|2017-02-27 09:32:04,998|__main__|Creating ordering proxies
INFO|2017-02-27 09:32:04,999|classes.pcdm.Proxy|Creating Proxy for Page 1 in The triangle (College Park, Md.), 1910-03-15...
DEBUG|2017-02-27 09:32:04,999|classes.pcdm.Repository|PUT https://fcrepo.lib.umd.edu/fcrepo/rest/tx:f57a0cfe-4a98-4d26-884c-5fdb90443100/pcdm/d7/80/ab/48/d780ab48-a32e-481d-85a8-2778a018a822/9589f78e-93ca-45c3-84cf-a88df37f2ffd
DEBUG|2017-02-27 09:32:05,033|classes.pcdm.Repository|201 Created
INFO|2017-02-27 09:32:05,033|classes.pcdm.Proxy|Created Proxy for Page 1 in The triangle (College Park, Md.), 1910-03-15
INFO|2017-02-27 09:32:05,033|classes.pcdm.Proxy|URI: https://fcrepo.lib.umd.edu/fcrepo/rest/pcdm/d7/80/ab/48/d780ab48-a32e-481d-85a8-2778a018a822/9589f78e-93ca-45c3-84cf-a88df37f2ffd / UUID: 9589f78e-93ca-45c3-84cf-a88df37f2ffd
INFO|2017-02-27 09:32:05,033|classes.pcdm.Proxy|Creating Proxy for Page 2 in The triangle (College Park, Md.), 1910-03-15...
DEBUG|2017-02-27 09:32:05,033|classes.pcdm.Repository|PUT https://fcrepo.lib.umd.edu/fcrepo/rest/tx:f57a0cfe-4a98-4d26-884c-5fdb90443100/pcdm/9b/b4/91/fa/9bb491fa-2025-4734-b5de-090a85fad57a/9589f78e-93ca-45c3-84cf-a88df37f2ffd
DEBUG|2017-02-27 09:32:05,072|classes.pcdm.Repository|201 Created
INFO|2017-02-27 09:32:05,072|classes.pcdm.Proxy|Created Proxy for Page 2 in The triangle (College Park, Md.), 1910-03-15
INFO|2017-02-27 09:32:05,072|classes.pcdm.Proxy|URI: https://fcrepo.lib.umd.edu/fcrepo/rest/pcdm/9b/b4/91/fa/9bb491fa-2025-4734-b5de-090a85fad57a/9589f78e-93ca-45c3-84cf-a88df37f2ffd / UUID: 9589f78e-93ca-45c3-84cf-a88df37f2ffd
INFO|2017-02-27 09:32:05,072|classes.pcdm.Proxy|Creating Proxy for Page 3 in The triangle (College Park, Md.), 1910-03-15...
DEBUG|2017-02-27 09:32:05,072|classes.pcdm.Repository|PUT https://fcrepo.lib.umd.edu/fcrepo/rest/tx:f57a0cfe-4a98-4d26-884c-5fdb90443100/pcdm/d5/f3/23/00/d5f32300-2a05-41b4-9060-2edde6f3c088/9589f78e-93ca-45c3-84cf-a88df37f2ffd
DEBUG|2017-02-27 09:32:05,108|classes.pcdm.Repository|201 Created
INFO|2017-02-27 09:32:05,108|classes.pcdm.Proxy|Created Proxy for Page 3 in The triangle (College Park, Md.), 1910-03-15
INFO|2017-02-27 09:32:05,108|classes.pcdm.Proxy|URI: https://fcrepo.lib.umd.edu/fcrepo/rest/pcdm/d5/f3/23/00/d5f32300-2a05-41b4-9060-2edde6f3c088/9589f78e-93ca-45c3-84cf-a88df37f2ffd / UUID: 9589f78e-93ca-45c3-84cf-a88df37f2ffd
INFO|2017-02-27 09:32:05,108|classes.pcdm.Proxy|Creating Proxy for Page 4 in The triangle (College Park, Md.), 1910-03-15...
DEBUG|2017-02-27 09:32:05,108|classes.pcdm.Repository|PUT https://fcrepo.lib.umd.edu/fcrepo/rest/tx:f57a0cfe-4a98-4d26-884c-5fdb90443100/pcdm/bd/85/ba/b6/bd85bab6-c07d-4110-aea9-bbb2834b2bd0/9589f78e-93ca-45c3-84cf-a88df37f2ffd
DEBUG|2017-02-27 09:32:05,142|classes.pcdm.Repository|201 Created
INFO|2017-02-27 09:32:05,142|classes.pcdm.Proxy|Created Proxy for Page 4 in The triangle (College Park, Md.), 1910-03-15
INFO|2017-02-27 09:32:05,143|classes.pcdm.Proxy|URI: https://fcrepo.lib.umd.edu/fcrepo/rest/pcdm/bd/85/ba/b6/bd85bab6-c07d-4110-aea9-bbb2834b2bd0/9589f78e-93ca-45c3-84cf-a88df37f2ffd / UUID: 9589f78e-93ca-45c3-84cf-a88df37f2ffd
INFO|2017-02-27 09:32:05,144|classes.pcdm.Proxy|Updating Proxy for Page 1 in The triangle (College Park, Md.), 1910-03-15
DEBUG|2017-02-27 09:32:05,144|classes.pcdm.Repository|PATCH https://fcrepo.lib.umd.edu/fcrepo/rest/tx:f57a0cfe-4a98-4d26-884c-5fdb90443100/pcdm/d7/80/ab/48/d780ab48-a32e-481d-85a8-2778a018a822/9589f78e-93ca-45c3-84cf-a88df37f2ffd
DEBUG|2017-02-27 09:32:05,178|classes.pcdm.Repository|204 No Content
INFO|2017-02-27 09:32:05,178|classes.pcdm.Proxy|Updated Proxy for Page 1 in The triangle (College Park, Md.), 1910-03-15
INFO|2017-02-27 09:32:05,180|classes.pcdm.Proxy|Updating Proxy for Page 2 in The triangle (College Park, Md.), 1910-03-15
DEBUG|2017-02-27 09:32:05,180|classes.pcdm.Repository|PATCH https://fcrepo.lib.umd.edu/fcrepo/rest/tx:f57a0cfe-4a98-4d26-884c-5fdb90443100/pcdm/9b/b4/91/fa/9bb491fa-2025-4734-b5de-090a85fad57a/9589f78e-93ca-45c3-84cf-a88df37f2ffd
DEBUG|2017-02-27 09:32:05,215|classes.pcdm.Repository|204 No Content
INFO|2017-02-27 09:32:05,215|classes.pcdm.Proxy|Updated Proxy for Page 2 in The triangle (College Park, Md.), 1910-03-15
INFO|2017-02-27 09:32:05,216|classes.pcdm.Proxy|Updating Proxy for Page 3 in The triangle (College Park, Md.), 1910-03-15
DEBUG|2017-02-27 09:32:05,216|classes.pcdm.Repository|PATCH https://fcrepo.lib.umd.edu/fcrepo/rest/tx:f57a0cfe-4a98-4d26-884c-5fdb90443100/pcdm/d5/f3/23/00/d5f32300-2a05-41b4-9060-2edde6f3c088/9589f78e-93ca-45c3-84cf-a88df37f2ffd
DEBUG|2017-02-27 09:32:05,249|classes.pcdm.Repository|204 No Content
INFO|2017-02-27 09:32:05,249|classes.pcdm.Proxy|Updated Proxy for Page 3 in The triangle (College Park, Md.), 1910-03-15
INFO|2017-02-27 09:32:05,250|classes.pcdm.Proxy|Updating Proxy for Page 4 in The triangle (College Park, Md.), 1910-03-15
DEBUG|2017-02-27 09:32:05,250|classes.pcdm.Repository|PATCH https://fcrepo.lib.umd.edu/fcrepo/rest/tx:f57a0cfe-4a98-4d26-884c-5fdb90443100/pcdm/bd/85/ba/b6/bd85bab6-c07d-4110-aea9-bbb2834b2bd0/9589f78e-93ca-45c3-84cf-a88df37f2ffd
DEBUG|2017-02-27 09:32:05,284|classes.pcdm.Repository|204 No Content
INFO|2017-02-27 09:32:05,284|classes.pcdm.Proxy|Updated Proxy for Page 4 in The triangle (College Park, Md.), 1910-03-15
INFO|2017-02-27 09:32:05,284|__main__|Updating relationship triples
INFO|2017-02-27 09:32:05,287|__main__|Updating item and components
INFO|2017-02-27 09:32:05,289|classes.pcdm.Issue|Updating The triangle (College Park, Md.), 1910-03-15
DEBUG|2017-02-27 09:32:05,289|classes.pcdm.Repository|PATCH https://fcrepo.lib.umd.edu/fcrepo/rest/tx:f57a0cfe-4a98-4d26-884c-5fdb90443100/pcdm/95/89/f7/8e/9589f78e-93ca-45c3-84cf-a88df37f2ffd
DEBUG|2017-02-27 09:32:05,352|classes.pcdm.Repository|204 No Content
INFO|2017-02-27 09:32:05,352|classes.pcdm.Issue|Updated The triangle (College Park, Md.), 1910-03-15
INFO|2017-02-27 09:32:05,353|classes.pcdm.Page|Updating The triangle (College Park, Md.), 1910-03-15, page 1
DEBUG|2017-02-27 09:32:05,353|classes.pcdm.Repository|PATCH https://fcrepo.lib.umd.edu/fcrepo/rest/tx:f57a0cfe-4a98-4d26-884c-5fdb90443100/pcdm/d7/80/ab/48/d780ab48-a32e-481d-85a8-2778a018a822
DEBUG|2017-02-27 09:32:05,406|classes.pcdm.Repository|204 No Content
INFO|2017-02-27 09:32:05,406|classes.pcdm.Page|Updated The triangle (College Park, Md.), 1910-03-15, page 1
INFO|2017-02-27 09:32:05,407|classes.pcdm.File|Updating 0022.tif (master)
DEBUG|2017-02-27 09:32:05,407|classes.pcdm.Repository|PATCH https://fcrepo.lib.umd.edu/fcrepo/rest/tx:f57a0cfe-4a98-4d26-884c-5fdb90443100/pcdm/a0/d4/a5/b3/a0d4a5b3-1734-4d85-a8f2-3adf48f20f71/fcr:metadata
DEBUG|2017-02-27 09:32:05,547|classes.pcdm.Repository|204 No Content
INFO|2017-02-27 09:32:05,547|classes.pcdm.File|Updated 0022.tif (master)
INFO|2017-02-27 09:32:05,548|classes.pcdm.File|Updating 0022.jp2 (service)
DEBUG|2017-02-27 09:32:05,548|classes.pcdm.Repository|PATCH https://fcrepo.lib.umd.edu/fcrepo/rest/tx:f57a0cfe-4a98-4d26-884c-5fdb90443100/pcdm/81/7c/af/be/817cafbe-33e3-400a-871c-475b512696a6/fcr:metadata
DEBUG|2017-02-27 09:32:05,602|classes.pcdm.Repository|204 No Content
INFO|2017-02-27 09:32:05,603|classes.pcdm.File|Updated 0022.jp2 (service)
INFO|2017-02-27 09:32:05,603|classes.pcdm.File|Updating 0022.pdf (derivative)
DEBUG|2017-02-27 09:32:05,603|classes.pcdm.Repository|PATCH https://fcrepo.lib.umd.edu/fcrepo/rest/tx:f57a0cfe-4a98-4d26-884c-5fdb90443100/pcdm/e2/73/74/0d/e273740d-1740-4b59-850b-e7c03167fa5c/fcr:metadata
DEBUG|2017-02-27 09:32:05,656|classes.pcdm.Repository|204 No Content
INFO|2017-02-27 09:32:05,657|classes.pcdm.File|Updated 0022.pdf (derivative)
INFO|2017-02-27 09:32:05,657|classes.pcdm.File|Updating 0022.xml (ocr)
DEBUG|2017-02-27 09:32:05,657|classes.pcdm.Repository|PATCH https://fcrepo.lib.umd.edu/fcrepo/rest/tx:f57a0cfe-4a98-4d26-884c-5fdb90443100/pcdm/81/0d/ff/73/810dff73-cb07-4040-9fec-af2a5a00df27/fcr:metadata
DEBUG|2017-02-27 09:32:05,707|classes.pcdm.Repository|204 No Content
INFO|2017-02-27 09:32:05,707|classes.pcdm.File|Updated 0022.xml (ocr)
INFO|2017-02-27 09:32:05,708|classes.pcdm.Page|Updating The triangle (College Park, Md.), 1910-03-15, page 2
DEBUG|2017-02-27 09:32:05,708|classes.pcdm.Repository|PATCH https://fcrepo.lib.umd.edu/fcrepo/rest/tx:f57a0cfe-4a98-4d26-884c-5fdb90443100/pcdm/9b/b4/91/fa/9bb491fa-2025-4734-b5de-090a85fad57a
DEBUG|2017-02-27 09:32:05,761|classes.pcdm.Repository|204 No Content
INFO|2017-02-27 09:32:05,761|classes.pcdm.Page|Updated The triangle (College Park, Md.), 1910-03-15, page 2
INFO|2017-02-27 09:32:05,762|classes.pcdm.File|Updating 0023.tif (master)
DEBUG|2017-02-27 09:32:05,762|classes.pcdm.Repository|PATCH https://fcrepo.lib.umd.edu/fcrepo/rest/tx:f57a0cfe-4a98-4d26-884c-5fdb90443100/pcdm/ec/b9/2c/4a/ecb92c4a-63ce-4594-8035-a1c0a2e430ea/fcr:metadata
DEBUG|2017-02-27 09:32:05,815|classes.pcdm.Repository|204 No Content
INFO|2017-02-27 09:32:05,815|classes.pcdm.File|Updated 0023.tif (master)
INFO|2017-02-27 09:32:05,815|classes.pcdm.File|Updating 0023.jp2 (service)
DEBUG|2017-02-27 09:32:05,815|classes.pcdm.Repository|PATCH https://fcrepo.lib.umd.edu/fcrepo/rest/tx:f57a0cfe-4a98-4d26-884c-5fdb90443100/pcdm/7b/3d/7a/3d/7b3d7a3d-00ab-40c7-bff6-b75e322d0111/fcr:metadata
DEBUG|2017-02-27 09:32:05,865|classes.pcdm.Repository|204 No Content
INFO|2017-02-27 09:32:05,865|classes.pcdm.File|Updated 0023.jp2 (service)
INFO|2017-02-27 09:32:05,866|classes.pcdm.File|Updating 0023.pdf (derivative)
DEBUG|2017-02-27 09:32:05,866|classes.pcdm.Repository|PATCH https://fcrepo.lib.umd.edu/fcrepo/rest/tx:f57a0cfe-4a98-4d26-884c-5fdb90443100/pcdm/47/3e/60/17/473e6017-e6bf-436c-8079-79986ef02a46/fcr:metadata
DEBUG|2017-02-27 09:32:05,917|classes.pcdm.Repository|204 No Content
INFO|2017-02-27 09:32:05,917|classes.pcdm.File|Updated 0023.pdf (derivative)
INFO|2017-02-27 09:32:05,918|classes.pcdm.File|Updating 0023.xml (ocr)
DEBUG|2017-02-27 09:32:05,919|classes.pcdm.Repository|PATCH https://fcrepo.lib.umd.edu/fcrepo/rest/tx:f57a0cfe-4a98-4d26-884c-5fdb90443100/pcdm/4c/39/c7/6d/4c39c76d-1f2a-4931-96cd-7c33174e49ff/fcr:metadata
DEBUG|2017-02-27 09:32:05,972|classes.pcdm.Repository|204 No Content
INFO|2017-02-27 09:32:05,972|classes.pcdm.File|Updated 0023.xml (ocr)
INFO|2017-02-27 09:32:05,973|classes.pcdm.Page|Updating The triangle (College Park, Md.), 1910-03-15, page 3
DEBUG|2017-02-27 09:32:05,973|classes.pcdm.Repository|PATCH https://fcrepo.lib.umd.edu/fcrepo/rest/tx:f57a0cfe-4a98-4d26-884c-5fdb90443100/pcdm/d5/f3/23/00/d5f32300-2a05-41b4-9060-2edde6f3c088
DEBUG|2017-02-27 09:32:06,042|classes.pcdm.Repository|204 No Content
INFO|2017-02-27 09:32:06,042|classes.pcdm.Page|Updated The triangle (College Park, Md.), 1910-03-15, page 3
INFO|2017-02-27 09:32:06,043|classes.pcdm.File|Updating 0024.tif (master)
DEBUG|2017-02-27 09:32:06,043|classes.pcdm.Repository|PATCH https://fcrepo.lib.umd.edu/fcrepo/rest/tx:f57a0cfe-4a98-4d26-884c-5fdb90443100/pcdm/fe/04/6f/52/fe046f52-cfe0-45ba-a0d2-558c9161dc0e/fcr:metadata
DEBUG|2017-02-27 09:32:06,095|classes.pcdm.Repository|204 No Content
INFO|2017-02-27 09:32:06,095|classes.pcdm.File|Updated 0024.tif (master)
INFO|2017-02-27 09:32:06,096|classes.pcdm.File|Updating 0024.jp2 (service)
DEBUG|2017-02-27 09:32:06,096|classes.pcdm.Repository|PATCH https://fcrepo.lib.umd.edu/fcrepo/rest/tx:f57a0cfe-4a98-4d26-884c-5fdb90443100/pcdm/f2/08/81/3c/f208813c-14a3-400c-a66b-46a0eef87e4a/fcr:metadata
DEBUG|2017-02-27 09:32:06,153|classes.pcdm.Repository|204 No Content
INFO|2017-02-27 09:32:06,153|classes.pcdm.File|Updated 0024.jp2 (service)
INFO|2017-02-27 09:32:06,154|classes.pcdm.File|Updating 0024.pdf (derivative)
DEBUG|2017-02-27 09:32:06,154|classes.pcdm.Repository|PATCH https://fcrepo.lib.umd.edu/fcrepo/rest/tx:f57a0cfe-4a98-4d26-884c-5fdb90443100/pcdm/ca/30/8b/b9/ca308bb9-e016-4a83-a92f-f4ccf669bf49/fcr:metadata
DEBUG|2017-02-27 09:32:06,206|classes.pcdm.Repository|204 No Content
INFO|2017-02-27 09:32:06,206|classes.pcdm.File|Updated 0024.pdf (derivative)
INFO|2017-02-27 09:32:06,207|classes.pcdm.File|Updating 0024.xml (ocr)
DEBUG|2017-02-27 09:32:06,207|classes.pcdm.Repository|PATCH https://fcrepo.lib.umd.edu/fcrepo/rest/tx:f57a0cfe-4a98-4d26-884c-5fdb90443100/pcdm/41/e2/5f/51/41e25f51-dae0-4848-8d10-15f95e82d926/fcr:metadata
DEBUG|2017-02-27 09:32:06,258|classes.pcdm.Repository|204 No Content
INFO|2017-02-27 09:32:06,258|classes.pcdm.File|Updated 0024.xml (ocr)
INFO|2017-02-27 09:32:06,259|classes.pcdm.Page|Updating The triangle (College Park, Md.), 1910-03-15, page 4
DEBUG|2017-02-27 09:32:06,259|classes.pcdm.Repository|PATCH https://fcrepo.lib.umd.edu/fcrepo/rest/tx:f57a0cfe-4a98-4d26-884c-5fdb90443100/pcdm/bd/85/ba/b6/bd85bab6-c07d-4110-aea9-bbb2834b2bd0
DEBUG|2017-02-27 09:32:06,313|classes.pcdm.Repository|204 No Content
INFO|2017-02-27 09:32:06,313|classes.pcdm.Page|Updated The triangle (College Park, Md.), 1910-03-15, page 4
INFO|2017-02-27 09:32:06,314|classes.pcdm.File|Updating 0025.tif (master)
DEBUG|2017-02-27 09:32:06,314|classes.pcdm.Repository|PATCH https://fcrepo.lib.umd.edu/fcrepo/rest/tx:f57a0cfe-4a98-4d26-884c-5fdb90443100/pcdm/28/60/75/80/28607580-3e5f-4d72-bc59-c8a09f43b877/fcr:metadata
DEBUG|2017-02-27 09:32:06,367|classes.pcdm.Repository|204 No Content
INFO|2017-02-27 09:32:06,367|classes.pcdm.File|Updated 0025.tif (master)
INFO|2017-02-27 09:32:06,368|classes.pcdm.File|Updating 0025.jp2 (service)
DEBUG|2017-02-27 09:32:06,368|classes.pcdm.Repository|PATCH https://fcrepo.lib.umd.edu/fcrepo/rest/tx:f57a0cfe-4a98-4d26-884c-5fdb90443100/pcdm/51/d8/b0/39/51d8b039-2a48-47d7-9f59-36976b1ca646/fcr:metadata
DEBUG|2017-02-27 09:32:06,420|classes.pcdm.Repository|204 No Content
INFO|2017-02-27 09:32:06,421|classes.pcdm.File|Updated 0025.jp2 (service)
INFO|2017-02-27 09:32:06,421|classes.pcdm.File|Updating 0025.pdf (derivative)
DEBUG|2017-02-27 09:32:06,421|classes.pcdm.Repository|PATCH https://fcrepo.lib.umd.edu/fcrepo/rest/tx:f57a0cfe-4a98-4d26-884c-5fdb90443100/pcdm/7a/ae/0a/0d/7aae0a0d-7e33-4fa1-9f6e-47ef223717c5/fcr:metadata
DEBUG|2017-02-27 09:32:06,475|classes.pcdm.Repository|204 No Content
INFO|2017-02-27 09:32:06,475|classes.pcdm.File|Updated 0025.pdf (derivative)
INFO|2017-02-27 09:32:06,475|classes.pcdm.File|Updating 0025.xml (ocr)
DEBUG|2017-02-27 09:32:06,476|classes.pcdm.Repository|PATCH https://fcrepo.lib.umd.edu/fcrepo/rest/tx:f57a0cfe-4a98-4d26-884c-5fdb90443100/pcdm/2d/22/48/f3/2d2248f3-9ff7-42f5-9a19-f07dced69109/fcr:metadata
DEBUG|2017-02-27 09:32:06,529|classes.pcdm.Repository|204 No Content
INFO|2017-02-27 09:32:06,529|classes.pcdm.File|Updated 0025.xml (ocr)
INFO|2017-02-27 09:32:06,530|classes.pcdm.Article|Updating triangle
DEBUG|2017-02-27 09:32:06,530|classes.pcdm.Repository|PATCH https://fcrepo.lib.umd.edu/fcrepo/rest/tx:f57a0cfe-4a98-4d26-884c-5fdb90443100/pcdm/22/0a/a7/d5/220aa7d5-8c0e-485d-b28e-46ba86ebc60a
DEBUG|2017-02-27 09:32:06,579|classes.pcdm.Repository|204 No Content
INFO|2017-02-27 09:32:06,579|classes.pcdm.Article|Updated triangle
INFO|2017-02-27 09:32:06,580|classes.pcdm.Article|Updating triangle
DEBUG|2017-02-27 09:32:06,580|classes.pcdm.Repository|PATCH https://fcrepo.lib.umd.edu/fcrepo/rest/tx:f57a0cfe-4a98-4d26-884c-5fdb90443100/pcdm/d1/86/32/0b/d186320b-b652-4dbb-9529-3e96b1924e7a
DEBUG|2017-02-27 09:32:06,631|classes.pcdm.Repository|204 No Content
INFO|2017-02-27 09:32:06,631|classes.pcdm.Article|Updated triangle
INFO|2017-02-27 09:32:06,632|classes.pcdm.Article|Updating LOCAL NEWS
DEBUG|2017-02-27 09:32:06,632|classes.pcdm.Repository|PATCH https://fcrepo.lib.umd.edu/fcrepo/rest/tx:f57a0cfe-4a98-4d26-884c-5fdb90443100/pcdm/a7/6c/d7/c2/a76cd7c2-f323-450c-8fc1-1ca3d0b76aaa
DEBUG|2017-02-27 09:32:06,683|classes.pcdm.Repository|204 No Content
INFO|2017-02-27 09:32:06,683|classes.pcdm.Article|Updated LOCAL NEWS
INFO|2017-02-27 09:32:06,683|classes.pcdm.Article|Updating ATHLETICS
DEBUG|2017-02-27 09:32:06,684|classes.pcdm.Repository|PATCH https://fcrepo.lib.umd.edu/fcrepo/rest/tx:f57a0cfe-4a98-4d26-884c-5fdb90443100/pcdm/ff/89/73/22/ff897322-04cb-42b8-b775-022755411789
DEBUG|2017-02-27 09:32:06,737|classes.pcdm.Repository|204 No Content
INFO|2017-02-27 09:32:06,737|classes.pcdm.Article|Updated ATHLETICS
INFO|2017-02-27 09:32:06,738|classes.pcdm.Article|Updating TRIANGLE
DEBUG|2017-02-27 09:32:06,738|classes.pcdm.Repository|PATCH https://fcrepo.lib.umd.edu/fcrepo/rest/tx:f57a0cfe-4a98-4d26-884c-5fdb90443100/pcdm/2b/2a/be/38/2b2abe38-387f-4c49-b4d4-e9f996b5b845
DEBUG|2017-02-27 09:32:06,790|classes.pcdm.Repository|204 No Content
INFO|2017-02-27 09:32:06,790|classes.pcdm.Article|Updated TRIANGLE
INFO|2017-02-27 09:32:06,790|classes.pcdm.Article|Updating EDITORIAL
DEBUG|2017-02-27 09:32:06,791|classes.pcdm.Repository|PATCH https://fcrepo.lib.umd.edu/fcrepo/rest/tx:f57a0cfe-4a98-4d26-884c-5fdb90443100/pcdm/15/a9/3e/e2/15a93ee2-1be8-4dad-8258-008826b1503b
DEBUG|2017-02-27 09:32:06,843|classes.pcdm.Repository|204 No Content
INFO|2017-02-27 09:32:06,843|classes.pcdm.Article|Updated EDITORIAL
INFO|2017-02-27 09:32:06,843|classes.pcdm.Article|Updating MILITARY NOTES
DEBUG|2017-02-27 09:32:06,844|classes.pcdm.Repository|PATCH https://fcrepo.lib.umd.edu/fcrepo/rest/tx:f57a0cfe-4a98-4d26-884c-5fdb90443100/pcdm/72/24/50/03/72245003-f59e-4a50-b759-55dfd97b00c4
DEBUG|2017-02-27 09:32:06,893|classes.pcdm.Repository|204 No Content
INFO|2017-02-27 09:32:06,894|classes.pcdm.Article|Updated MILITARY NOTES
INFO|2017-02-27 09:32:06,894|classes.pcdm.Article|Updating Y. M. C. A. NOTES
DEBUG|2017-02-27 09:32:06,894|classes.pcdm.Repository|PATCH https://fcrepo.lib.umd.edu/fcrepo/rest/tx:f57a0cfe-4a98-4d26-884c-5fdb90443100/pcdm/3c/ca/ef/85/3ccaef85-edaf-4b0a-a745-8e1a01366d43
DEBUG|2017-02-27 09:32:06,941|classes.pcdm.Repository|204 No Content
INFO|2017-02-27 09:32:06,942|classes.pcdm.Article|Updated Y. M. C. A. NOTES
INFO|2017-02-27 09:32:06,942|classes.pcdm.Article|Updating ALUMNI
DEBUG|2017-02-27 09:32:06,942|classes.pcdm.Repository|PATCH https://fcrepo.lib.umd.edu/fcrepo/rest/tx:f57a0cfe-4a98-4d26-884c-5fdb90443100/pcdm/74/60/23/ba/746023ba-9a68-4a7f-a409-5c50ae125ed9
DEBUG|2017-02-27 09:32:06,990|classes.pcdm.Repository|204 No Content
INFO|2017-02-27 09:32:06,990|classes.pcdm.Article|Updated ALUMNI
INFO|2017-02-27 09:32:06,991|classes.pcdm.IssueMetadata|Updating The triangle (College Park, Md.), 1910-03-15, issue METS metadata
DEBUG|2017-02-27 09:32:06,991|classes.pcdm.Repository|PATCH https://fcrepo.lib.umd.edu/fcrepo/rest/tx:f57a0cfe-4a98-4d26-884c-5fdb90443100/pcdm/5d/c8/6b/2e/5dc86b2e-d5cd-46e6-8e8b-5ba3ca5f0465
DEBUG|2017-02-27 09:32:07,041|classes.pcdm.Repository|204 No Content
INFO|2017-02-27 09:32:07,041|classes.pcdm.IssueMetadata|Updated The triangle (College Park, Md.), 1910-03-15, issue METS metadata
INFO|2017-02-27 09:32:07,042|classes.pcdm.MetadataFile|Updating 1910031501_1.xml
DEBUG|2017-02-27 09:32:07,042|classes.pcdm.Repository|PATCH https://fcrepo.lib.umd.edu/fcrepo/rest/tx:f57a0cfe-4a98-4d26-884c-5fdb90443100/pcdm/fb/f5/47/7d/fbf5477d-2d58-4efb-8984-2dbaedad41d8/fcr:metadata
DEBUG|2017-02-27 09:32:07,094|classes.pcdm.Repository|204 No Content
INFO|2017-02-27 09:32:07,094|classes.pcdm.MetadataFile|Updated 1910031501_1.xml
INFO|2017-02-27 09:32:07,095|classes.pcdm.IssueMetadata|Updating The triangle (College Park, Md.), 1910-03-15, article METS metadata
DEBUG|2017-02-27 09:32:07,095|classes.pcdm.Repository|PATCH https://fcrepo.lib.umd.edu/fcrepo/rest/tx:f57a0cfe-4a98-4d26-884c-5fdb90443100/pcdm/17/fc/1f/36/17fc1f36-6bd8-4e30-8f6d-8b843a333b61
DEBUG|2017-02-27 09:32:07,144|classes.pcdm.Repository|204 No Content
INFO|2017-02-27 09:32:07,144|classes.pcdm.IssueMetadata|Updated The triangle (College Park, Md.), 1910-03-15, article METS metadata
INFO|2017-02-27 09:32:07,145|classes.pcdm.MetadataFile|Updating 1910031501.xml
DEBUG|2017-02-27 09:32:07,145|classes.pcdm.Repository|PATCH https://fcrepo.lib.umd.edu/fcrepo/rest/tx:f57a0cfe-4a98-4d26-884c-5fdb90443100/pcdm/27/9e/e9/12/279ee912-321b-434e-a4e0-32f457e5c0c6/fcr:metadata
DEBUG|2017-02-27 09:32:07,194|classes.pcdm.Repository|204 No Content
INFO|2017-02-27 09:32:07,194|classes.pcdm.MetadataFile|Updated 1910031501.xml
INFO|2017-02-27 09:32:07,195|__main__|Committing transaction
INFO|2017-02-27 09:32:07,195|classes.pcdm.Repository|Committing transaction https://fcrepo.lib.umd.edu/fcrepo/rest/tx:f57a0cfe-4a98-4d26-884c-5fdb90443100
DEBUG|2017-02-27 09:32:07,195|classes.pcdm.Repository|POST https://fcrepo.lib.umd.edu/fcrepo/rest/tx:f57a0cfe-4a98-4d26-884c-5fdb90443100/fcr:tx/fcr:commit
DEBUG|2017-02-27 09:32:07,364|classes.pcdm.Repository|204 No Content
INFO|2017-02-27 09:32:07,364|classes.pcdm.Repository|Committed transaction https://fcrepo.lib.umd.edu/fcrepo/rest/tx:f57a0cfe-4a98-4d26-884c-5fdb90443100
INFO|2017-02-27 09:32:07,364|__main__|Performing post-creation actions
INFO|2017-02-27 09:32:07,366|classes.pcdm.Issue|Completed post-creation actions
INFO|2017-02-27 09:32:07,367|__main__|Processing item 7/3503...
INFO|2017-02-27 09:32:07,367|__main__|Loading item 7
INFO|2017-02-27 09:32:07,367|__main__|Reading item data
INFO|2017-02-27 09:32:07,403|__main__|Opening transaction
INFO|2017-02-27 09:32:07,403|classes.pcdm.Repository|Creating transaction
DEBUG|2017-02-27 09:32:07,403|classes.pcdm.Repository|POST https://fcrepo.lib.umd.edu/fcrepo/rest/fcr:tx
DEBUG|2017-02-27 09:32:07,432|classes.pcdm.Repository|201 Created
INFO|2017-02-27 09:32:07,432|classes.pcdm.Repository|Created transaction https://fcrepo.lib.umd.edu/fcrepo/rest/tx:1321911e-c9ad-4dab-b524-3ec7f072788a
INFO|2017-02-27 09:32:07,432|__main__|Creating item
INFO|2017-02-27 09:32:07,432|classes.pcdm.Issue|Creating The triangle (College Park, Md.), 1910-04-01...
DEBUG|2017-02-27 09:32:07,432|classes.pcdm.Repository|POST https://fcrepo.lib.umd.edu/fcrepo/rest/tx:1321911e-c9ad-4dab-b524-3ec7f072788a/pcdm
DEBUG|2017-02-27 09:32:07,466|classes.pcdm.Repository|201 Created
INFO|2017-02-27 09:32:07,466|classes.pcdm.Issue|Created The triangle (College Park, Md.), 1910-04-01
INFO|2017-02-27 09:32:07,467|classes.pcdm.Issue|URI: https://fcrepo.lib.umd.edu/fcrepo/rest/pcdm/c1/0b/c3/2c/c10bc32c-fe63-41a1-98cc-9389aae93517 / UUID: c10bc32c-fe63-41a1-98cc-9389aae93517
INFO|2017-02-27 09:32:07,467|classes.pcdm.Page|Creating The triangle (College Park, Md.), 1910-04-01, page 1...
DEBUG|2017-02-27 09:32:07,467|classes.pcdm.Repository|POST https://fcrepo.lib.umd.edu/fcrepo/rest/tx:1321911e-c9ad-4dab-b524-3ec7f072788a/pcdm
DEBUG|2017-02-27 09:32:07,499|classes.pcdm.Repository|201 Created
INFO|2017-02-27 09:32:07,499|classes.pcdm.Page|Created The triangle (College Park, Md.), 1910-04-01, page 1
INFO|2017-02-27 09:32:07,500|classes.pcdm.Page|URI: https://fcrepo.lib.umd.edu/fcrepo/rest/pcdm/04/d7/14/81/04d71481-e689-4782-bea9-cbf30e1caaed / UUID: 04d71481-e689-4782-bea9-cbf30e1caaed
INFO|2017-02-27 09:32:07,811|classes.pcdm.File|Loading 0026.tif
DEBUG|2017-02-27 09:32:07,828|classes.pcdm.Repository|POST https://fcrepo.lib.umd.edu/fcrepo/rest/tx:1321911e-c9ad-4dab-b524-3ec7f072788a/pcdm
DEBUG|2017-02-27 09:32:09,592|classes.pcdm.Repository|201 Created
INFO|2017-02-27 09:32:09,643|classes.pcdm.File|Loading 0026.jp2
DEBUG|2017-02-27 09:32:09,647|classes.pcdm.Repository|POST https://fcrepo.lib.umd.edu/fcrepo/rest/tx:1321911e-c9ad-4dab-b524-3ec7f072788a/pcdm
DEBUG|2017-02-27 09:32:09,845|classes.pcdm.Repository|201 Created
INFO|2017-02-27 09:32:09,859|classes.pcdm.File|Loading 0026.pdf
DEBUG|2017-02-27 09:32:09,859|classes.pcdm.Repository|POST https://fcrepo.lib.umd.edu/fcrepo/rest/tx:1321911e-c9ad-4dab-b524-3ec7f072788a/pcdm
DEBUG|2017-02-27 09:32:09,969|classes.pcdm.Repository|201 Created
INFO|2017-02-27 09:32:09,972|classes.pcdm.File|Loading 0026.xml
DEBUG|2017-02-27 09:32:09,972|classes.pcdm.Repository|POST https://fcrepo.lib.umd.edu/fcrepo/rest/tx:1321911e-c9ad-4dab-b524-3ec7f072788a/pcdm
DEBUG|2017-02-27 09:32:10,022|classes.pcdm.Repository|201 Created
INFO|2017-02-27 09:32:10,022|classes.pcdm.Page|Creating The triangle (College Park, Md.), 1910-04-01, page 2...
DEBUG|2017-02-27 09:32:10,022|classes.pcdm.Repository|POST https://fcrepo.lib.umd.edu/fcrepo/rest/tx:1321911e-c9ad-4dab-b524-3ec7f072788a/pcdm
DEBUG|2017-02-27 09:32:10,062|classes.pcdm.Repository|201 Created
INFO|2017-02-27 09:32:10,062|classes.pcdm.Page|Created The triangle (College Park, Md.), 1910-04-01, page 2
INFO|2017-02-27 09:32:10,062|classes.pcdm.Page|URI: https://fcrepo.lib.umd.edu/fcrepo/rest/pcdm/84/04/5b/85/84045b85-95e0-4097-9c8a-3b9bea9c33ea / UUID: 84045b85-95e0-4097-9c8a-3b9bea9c33ea
INFO|2017-02-27 09:32:10,370|classes.pcdm.File|Loading 0027.tif
DEBUG|2017-02-27 09:32:10,380|classes.pcdm.Repository|POST https://fcrepo.lib.umd.edu/fcrepo/rest/tx:1321911e-c9ad-4dab-b524-3ec7f072788a/pcdm
DEBUG|2017-02-27 09:32:12,351|classes.pcdm.Repository|201 Created
INFO|2017-02-27 09:32:12,394|classes.pcdm.File|Loading 0027.jp2
DEBUG|2017-02-27 09:32:12,396|classes.pcdm.Repository|POST https://fcrepo.lib.umd.edu/fcrepo/rest/tx:1321911e-c9ad-4dab-b524-3ec7f072788a/pcdm
DEBUG|2017-02-27 09:32:12,588|classes.pcdm.Repository|201 Created
INFO|2017-02-27 09:32:12,600|classes.pcdm.File|Loading 0027.pdf
DEBUG|2017-02-27 09:32:12,601|classes.pcdm.Repository|POST https://fcrepo.lib.umd.edu/fcrepo/rest/tx:1321911e-c9ad-4dab-b524-3ec7f072788a/pcdm
DEBUG|2017-02-27 09:32:12,707|classes.pcdm.Repository|201 Created
INFO|2017-02-27 09:32:12,711|classes.pcdm.File|Loading 0027.xml
DEBUG|2017-02-27 09:32:12,711|classes.pcdm.Repository|POST https://fcrepo.lib.umd.edu/fcrepo/rest/tx:1321911e-c9ad-4dab-b524-3ec7f072788a/pcdm
DEBUG|2017-02-27 09:32:12,762|classes.pcdm.Repository|201 Created
INFO|2017-02-27 09:32:12,762|classes.pcdm.Page|Creating The triangle (College Park, Md.), 1910-04-01, page 3...
DEBUG|2017-02-27 09:32:12,762|classes.pcdm.Repository|POST https://fcrepo.lib.umd.edu/fcrepo/rest/tx:1321911e-c9ad-4dab-b524-3ec7f072788a/pcdm
DEBUG|2017-02-27 09:32:12,804|classes.pcdm.Repository|201 Created
INFO|2017-02-27 09:32:12,805|classes.pcdm.Page|Created The triangle (College Park, Md.), 1910-04-01, page 3
INFO|2017-02-27 09:32:12,805|classes.pcdm.Page|URI: https://fcrepo.lib.umd.edu/fcrepo/rest/pcdm/e9/04/b7/a4/e904b7a4-4a85-45cf-ad6f-cb03317801c4 / UUID: e904b7a4-4a85-45cf-ad6f-cb03317801c4
INFO|2017-02-27 09:32:13,110|classes.pcdm.File|Loading 0028.tif
DEBUG|2017-02-27 09:32:13,120|classes.pcdm.Repository|POST https://fcrepo.lib.umd.edu/fcrepo/rest/tx:1321911e-c9ad-4dab-b524-3ec7f072788a/pcdm
DEBUG|2017-02-27 09:32:15,697|classes.pcdm.Repository|201 Created
INFO|2017-02-27 09:32:15,752|classes.pcdm.File|Loading 0028.jp2
DEBUG|2017-02-27 09:32:15,753|classes.pcdm.Repository|POST https://fcrepo.lib.umd.edu/fcrepo/rest/tx:1321911e-c9ad-4dab-b524-3ec7f072788a/pcdm
DEBUG|2017-02-27 09:32:15,933|classes.pcdm.Repository|201 Created
INFO|2017-02-27 09:32:15,946|classes.pcdm.File|Loading 0028.pdf
DEBUG|2017-02-27 09:32:15,946|classes.pcdm.Repository|POST https://fcrepo.lib.umd.edu/fcrepo/rest/tx:1321911e-c9ad-4dab-b524-3ec7f072788a/pcdm
DEBUG|2017-02-27 09:32:16,052|classes.pcdm.Repository|201 Created
INFO|2017-02-27 09:32:16,055|classes.pcdm.File|Loading 0028.xml
DEBUG|2017-02-27 09:32:16,055|classes.pcdm.Repository|POST https://fcrepo.lib.umd.edu/fcrepo/rest/tx:1321911e-c9ad-4dab-b524-3ec7f072788a/pcdm
DEBUG|2017-02-27 09:32:16,100|classes.pcdm.Repository|201 Created
INFO|2017-02-27 09:32:16,100|classes.pcdm.Page|Creating The triangle (College Park, Md.), 1910-04-01, page 4...
DEBUG|2017-02-27 09:32:16,100|classes.pcdm.Repository|POST https://fcrepo.lib.umd.edu/fcrepo/rest/tx:1321911e-c9ad-4dab-b524-3ec7f072788a/pcdm
DEBUG|2017-02-27 09:32:16,160|classes.pcdm.Repository|201 Created
INFO|2017-02-27 09:32:16,160|classes.pcdm.Page|Created The triangle (College Park, Md.), 1910-04-01, page 4
INFO|2017-02-27 09:32:16,160|classes.pcdm.Page|URI: https://fcrepo.lib.umd.edu/fcrepo/rest/pcdm/cd/b0/2c/17/cdb02c17-c870-471d-8a41-f1931fae4577 / UUID: cdb02c17-c870-471d-8a41-f1931fae4577
INFO|2017-02-27 09:32:16,464|classes.pcdm.File|Loading 0029.tif
DEBUG|2017-02-27 09:32:16,474|classes.pcdm.Repository|POST https://fcrepo.lib.umd.edu/fcrepo/rest/tx:1321911e-c9ad-4dab-b524-3ec7f072788a/pcdm
DEBUG|2017-02-27 09:32:17,665|classes.pcdm.Repository|201 Created
INFO|2017-02-27 09:32:17,704|classes.pcdm.File|Loading 0029.jp2
DEBUG|2017-02-27 09:32:17,705|classes.pcdm.Repository|POST https://fcrepo.lib.umd.edu/fcrepo/rest/tx:1321911e-c9ad-4dab-b524-3ec7f072788a/pcdm
DEBUG|2017-02-27 09:32:17,889|classes.pcdm.Repository|201 Created
INFO|2017-02-27 09:32:17,901|classes.pcdm.File|Loading 0029.pdf
DEBUG|2017-02-27 09:32:17,903|classes.pcdm.Repository|POST https://fcrepo.lib.umd.edu/fcrepo/rest/tx:1321911e-c9ad-4dab-b524-3ec7f072788a/pcdm
DEBUG|2017-02-27 09:32:18,046|classes.pcdm.Repository|201 Created
INFO|2017-02-27 09:32:18,050|classes.pcdm.File|Loading 0029.xml
DEBUG|2017-02-27 09:32:18,050|classes.pcdm.Repository|POST https://fcrepo.lib.umd.edu/fcrepo/rest/tx:1321911e-c9ad-4dab-b524-3ec7f072788a/pcdm
DEBUG|2017-02-27 09:32:18,101|classes.pcdm.Repository|201 Created
INFO|2017-02-27 09:32:18,101|classes.pcdm.Article|Creating triangle...
DEBUG|2017-02-27 09:32:18,101|classes.pcdm.Repository|POST https://fcrepo.lib.umd.edu/fcrepo/rest/tx:1321911e-c9ad-4dab-b524-3ec7f072788a/pcdm
DEBUG|2017-02-27 09:32:18,135|classes.pcdm.Repository|201 Created
INFO|2017-02-27 09:32:18,136|classes.pcdm.Article|Created triangle
INFO|2017-02-27 09:32:18,136|classes.pcdm.Article|URI: https://fcrepo.lib.umd.edu/fcrepo/rest/pcdm/da/84/f8/2f/da84f82f-9490-4434-b357-d46377d51933 / UUID: da84f82f-9490-4434-b357-d46377d51933
INFO|2017-02-27 09:32:18,137|classes.pcdm.Article|Creating triangle...
DEBUG|2017-02-27 09:32:18,137|classes.pcdm.Repository|POST https://fcrepo.lib.umd.edu/fcrepo/rest/tx:1321911e-c9ad-4dab-b524-3ec7f072788a/pcdm
DEBUG|2017-02-27 09:32:18,168|classes.pcdm.Repository|201 Created
INFO|2017-02-27 09:32:18,169|classes.pcdm.Article|Created triangle
INFO|2017-02-27 09:32:18,169|classes.pcdm.Article|URI: https://fcrepo.lib.umd.edu/fcrepo/rest/pcdm/d2/06/7a/4e/d2067a4e-afbd-40fb-b969-1c6d1f972a7b / UUID: d2067a4e-afbd-40fb-b969-1c6d1f972a7b
INFO|2017-02-27 09:32:18,169|classes.pcdm.Article|Creating LOCAL NEWS...
DEBUG|2017-02-27 09:32:18,169|classes.pcdm.Repository|POST https://fcrepo.lib.umd.edu/fcrepo/rest/tx:1321911e-c9ad-4dab-b524-3ec7f072788a/pcdm
DEBUG|2017-02-27 09:32:18,201|classes.pcdm.Repository|201 Created
INFO|2017-02-27 09:32:18,201|classes.pcdm.Article|Created LOCAL NEWS
INFO|2017-02-27 09:32:18,201|classes.pcdm.Article|URI: https://fcrepo.lib.umd.edu/fcrepo/rest/pcdm/48/1a/cb/66/481acb66-9b18-4f40-9130-b56a1f4faf6c / UUID: 481acb66-9b18-4f40-9130-b56a1f4faf6c
INFO|2017-02-27 09:32:18,201|classes.pcdm.Article|Creating ATHLETICS...
DEBUG|2017-02-27 09:32:18,201|classes.pcdm.Repository|POST https://fcrepo.lib.umd.edu/fcrepo/rest/tx:1321911e-c9ad-4dab-b524-3ec7f072788a/pcdm
DEBUG|2017-02-27 09:32:18,241|classes.pcdm.Repository|201 Created
INFO|2017-02-27 09:32:18,241|classes.pcdm.Article|Created ATHLETICS
INFO|2017-02-27 09:32:18,241|classes.pcdm.Article|URI: https://fcrepo.lib.umd.edu/fcrepo/rest/pcdm/04/ae/1a/81/04ae1a81-6539-4486-8fe7-5df9571a2297 / UUID: 04ae1a81-6539-4486-8fe7-5df9571a2297
INFO|2017-02-27 09:32:18,241|classes.pcdm.Article|Creating TRIANGLE...
DEBUG|2017-02-27 09:32:18,241|classes.pcdm.Repository|POST https://fcrepo.lib.umd.edu/fcrepo/rest/tx:1321911e-c9ad-4dab-b524-3ec7f072788a/pcdm
DEBUG|2017-02-27 09:32:18,274|classes.pcdm.Repository|201 Created
INFO|2017-02-27 09:32:18,274|classes.pcdm.Article|Created TRIANGLE
INFO|2017-02-27 09:32:18,274|classes.pcdm.Article|URI: https://fcrepo.lib.umd.edu/fcrepo/rest/pcdm/6c/0d/87/00/6c0d8700-61ba-45f1-8cd2-18e1a8f70105 / UUID: 6c0d8700-61ba-45f1-8cd2-18e1a8f70105
INFO|2017-02-27 09:32:18,275|classes.pcdm.Article|Creating EDITORIAL...
DEBUG|2017-02-27 09:32:18,275|classes.pcdm.Repository|POST https://fcrepo.lib.umd.edu/fcrepo/rest/tx:1321911e-c9ad-4dab-b524-3ec7f072788a/pcdm
DEBUG|2017-02-27 09:32:18,309|classes.pcdm.Repository|201 Created
INFO|2017-02-27 09:32:18,310|classes.pcdm.Article|Created EDITORIAL
INFO|2017-02-27 09:32:18,310|classes.pcdm.Article|URI: https://fcrepo.lib.umd.edu/fcrepo/rest/pcdm/31/e1/d3/5f/31e1d35f-163e-4604-93b4-d9488007d633 / UUID: 31e1d35f-163e-4604-93b4-d9488007d633
INFO|2017-02-27 09:32:18,310|classes.pcdm.Article|Creating SHORT HISTORY OF AGRICULTURE...
DEBUG|2017-02-27 09:32:18,310|classes.pcdm.Repository|POST https://fcrepo.lib.umd.edu/fcrepo/rest/tx:1321911e-c9ad-4dab-b524-3ec7f072788a/pcdm
DEBUG|2017-02-27 09:32:18,341|classes.pcdm.Repository|201 Created
INFO|2017-02-27 09:32:18,341|classes.pcdm.Article|Created SHORT HISTORY OF AGRICULTURE
INFO|2017-02-27 09:32:18,341|classes.pcdm.Article|URI: https://fcrepo.lib.umd.edu/fcrepo/rest/pcdm/f7/3b/d1/61/f73bd161-5063-4a81-9132-2cfceb0e4d78 / UUID: f73bd161-5063-4a81-9132-2cfceb0e4d78
INFO|2017-02-27 09:32:18,341|classes.pcdm.Article|Creating ALUMNI...
DEBUG|2017-02-27 09:32:18,341|classes.pcdm.Repository|POST https://fcrepo.lib.umd.edu/fcrepo/rest/tx:1321911e-c9ad-4dab-b524-3ec7f072788a/pcdm
DEBUG|2017-02-27 09:32:18,373|classes.pcdm.Repository|201 Created
INFO|2017-02-27 09:32:18,374|classes.pcdm.Article|Created ALUMNI
INFO|2017-02-27 09:32:18,374|classes.pcdm.Article|URI: https://fcrepo.lib.umd.edu/fcrepo/rest/pcdm/e8/75/1e/bd/e8751ebd-1937-4bf1-a668-b15a2a5e9927 / UUID: e8751ebd-1937-4bf1-a668-b15a2a5e9927
INFO|2017-02-27 09:32:18,374|classes.pcdm.IssueMetadata|Creating The triangle (College Park, Md.), 1910-04-01, issue METS metadata...
DEBUG|2017-02-27 09:32:18,374|classes.pcdm.Repository|POST https://fcrepo.lib.umd.edu/fcrepo/rest/tx:1321911e-c9ad-4dab-b524-3ec7f072788a/pcdm
DEBUG|2017-02-27 09:32:18,406|classes.pcdm.Repository|201 Created
INFO|2017-02-27 09:32:18,406|classes.pcdm.IssueMetadata|Created The triangle (College Park, Md.), 1910-04-01, issue METS metadata
INFO|2017-02-27 09:32:18,406|classes.pcdm.IssueMetadata|URI: https://fcrepo.lib.umd.edu/fcrepo/rest/pcdm/b1/5a/58/81/b15a5881-620d-4873-b0f5-8456826ce623 / UUID: b15a5881-620d-4873-b0f5-8456826ce623
INFO|2017-02-27 09:32:18,406|classes.pcdm.MetadataFile|Loading 1910040101_1.xml
DEBUG|2017-02-27 09:32:18,406|classes.pcdm.Repository|POST https://fcrepo.lib.umd.edu/fcrepo/rest/tx:1321911e-c9ad-4dab-b524-3ec7f072788a/pcdm
DEBUG|2017-02-27 09:32:18,442|classes.pcdm.Repository|201 Created
INFO|2017-02-27 09:32:18,442|classes.pcdm.IssueMetadata|Creating The triangle (College Park, Md.), 1910-04-01, article METS metadata...
DEBUG|2017-02-27 09:32:18,442|classes.pcdm.Repository|POST https://fcrepo.lib.umd.edu/fcrepo/rest/tx:1321911e-c9ad-4dab-b524-3ec7f072788a/pcdm
DEBUG|2017-02-27 09:32:18,473|classes.pcdm.Repository|201 Created
INFO|2017-02-27 09:32:18,474|classes.pcdm.IssueMetadata|Created The triangle (College Park, Md.), 1910-04-01, article METS metadata
INFO|2017-02-27 09:32:18,474|classes.pcdm.IssueMetadata|URI: https://fcrepo.lib.umd.edu/fcrepo/rest/pcdm/96/ac/a4/27/96aca427-f5c5-4c43-8bc7-411570e4e878 / UUID: 96aca427-f5c5-4c43-8bc7-411570e4e878
INFO|2017-02-27 09:32:18,474|classes.pcdm.MetadataFile|Loading 1910040101.xml
DEBUG|2017-02-27 09:32:18,474|classes.pcdm.Repository|POST https://fcrepo.lib.umd.edu/fcrepo/rest/tx:1321911e-c9ad-4dab-b524-3ec7f072788a/pcdm
DEBUG|2017-02-27 09:32:18,510|classes.pcdm.Repository|201 Created
INFO|2017-02-27 09:32:18,510|__main__|Creating ordering proxies
INFO|2017-02-27 09:32:18,511|classes.pcdm.Proxy|Creating Proxy for Page 1 in The triangle (College Park, Md.), 1910-04-01...
DEBUG|2017-02-27 09:32:18,511|classes.pcdm.Repository|PUT https://fcrepo.lib.umd.edu/fcrepo/rest/tx:1321911e-c9ad-4dab-b524-3ec7f072788a/pcdm/04/d7/14/81/04d71481-e689-4782-bea9-cbf30e1caaed/c10bc32c-fe63-41a1-98cc-9389aae93517
DEBUG|2017-02-27 09:32:18,544|classes.pcdm.Repository|201 Created
INFO|2017-02-27 09:32:18,545|classes.pcdm.Proxy|Created Proxy for Page 1 in The triangle (College Park, Md.), 1910-04-01
INFO|2017-02-27 09:32:18,546|classes.pcdm.Proxy|URI: https://fcrepo.lib.umd.edu/fcrepo/rest/pcdm/04/d7/14/81/04d71481-e689-4782-bea9-cbf30e1caaed/c10bc32c-fe63-41a1-98cc-9389aae93517 / UUID: c10bc32c-fe63-41a1-98cc-9389aae93517
INFO|2017-02-27 09:32:18,546|classes.pcdm.Proxy|Creating Proxy for Page 2 in The triangle (College Park, Md.), 1910-04-01...
DEBUG|2017-02-27 09:32:18,546|classes.pcdm.Repository|PUT https://fcrepo.lib.umd.edu/fcrepo/rest/tx:1321911e-c9ad-4dab-b524-3ec7f072788a/pcdm/84/04/5b/85/84045b85-95e0-4097-9c8a-3b9bea9c33ea/c10bc32c-fe63-41a1-98cc-9389aae93517
DEBUG|2017-02-27 09:32:18,578|classes.pcdm.Repository|201 Created
INFO|2017-02-27 09:32:18,578|classes.pcdm.Proxy|Created Proxy for Page 2 in The triangle (College Park, Md.), 1910-04-01
INFO|2017-02-27 09:32:18,579|classes.pcdm.Proxy|URI: https://fcrepo.lib.umd.edu/fcrepo/rest/pcdm/84/04/5b/85/84045b85-95e0-4097-9c8a-3b9bea9c33ea/c10bc32c-fe63-41a1-98cc-9389aae93517 / UUID: c10bc32c-fe63-41a1-98cc-9389aae93517
INFO|2017-02-27 09:32:18,579|classes.pcdm.Proxy|Creating Proxy for Page 3 in The triangle (College Park, Md.), 1910-04-01...
DEBUG|2017-02-27 09:32:18,579|classes.pcdm.Repository|PUT https://fcrepo.lib.umd.edu/fcrepo/rest/tx:1321911e-c9ad-4dab-b524-3ec7f072788a/pcdm/e9/04/b7/a4/e904b7a4-4a85-45cf-ad6f-cb03317801c4/c10bc32c-fe63-41a1-98cc-9389aae93517
DEBUG|2017-02-27 09:32:18,611|classes.pcdm.Repository|201 Created
INFO|2017-02-27 09:32:18,611|classes.pcdm.Proxy|Created Proxy for Page 3 in The triangle (College Park, Md.), 1910-04-01
INFO|2017-02-27 09:32:18,611|classes.pcdm.Proxy|URI: https://fcrepo.lib.umd.edu/fcrepo/rest/pcdm/e9/04/b7/a4/e904b7a4-4a85-45cf-ad6f-cb03317801c4/c10bc32c-fe63-41a1-98cc-9389aae93517 / UUID: c10bc32c-fe63-41a1-98cc-9389aae93517
INFO|2017-02-27 09:32:18,611|classes.pcdm.Proxy|Creating Proxy for Page 4 in The triangle (College Park, Md.), 1910-04-01...
DEBUG|2017-02-27 09:32:18,611|classes.pcdm.Repository|PUT https://fcrepo.lib.umd.edu/fcrepo/rest/tx:1321911e-c9ad-4dab-b524-3ec7f072788a/pcdm/cd/b0/2c/17/cdb02c17-c870-471d-8a41-f1931fae4577/c10bc32c-fe63-41a1-98cc-9389aae93517
DEBUG|2017-02-27 09:32:18,643|classes.pcdm.Repository|201 Created
INFO|2017-02-27 09:32:18,644|classes.pcdm.Proxy|Created Proxy for Page 4 in The triangle (College Park, Md.), 1910-04-01
INFO|2017-02-27 09:32:18,644|classes.pcdm.Proxy|URI: https://fcrepo.lib.umd.edu/fcrepo/rest/pcdm/cd/b0/2c/17/cdb02c17-c870-471d-8a41-f1931fae4577/c10bc32c-fe63-41a1-98cc-9389aae93517 / UUID: c10bc32c-fe63-41a1-98cc-9389aae93517
INFO|2017-02-27 09:32:18,645|classes.pcdm.Proxy|Updating Proxy for Page 1 in The triangle (College Park, Md.), 1910-04-01
DEBUG|2017-02-27 09:32:18,645|classes.pcdm.Repository|PATCH https://fcrepo.lib.umd.edu/fcrepo/rest/tx:1321911e-c9ad-4dab-b524-3ec7f072788a/pcdm/04/d7/14/81/04d71481-e689-4782-bea9-cbf30e1caaed/c10bc32c-fe63-41a1-98cc-9389aae93517
DEBUG|2017-02-27 09:32:18,678|classes.pcdm.Repository|204 No Content
INFO|2017-02-27 09:32:18,678|classes.pcdm.Proxy|Updated Proxy for Page 1 in The triangle (College Park, Md.), 1910-04-01
INFO|2017-02-27 09:32:18,679|classes.pcdm.Proxy|Updating Proxy for Page 2 in The triangle (College Park, Md.), 1910-04-01
DEBUG|2017-02-27 09:32:18,680|classes.pcdm.Repository|PATCH https://fcrepo.lib.umd.edu/fcrepo/rest/tx:1321911e-c9ad-4dab-b524-3ec7f072788a/pcdm/84/04/5b/85/84045b85-95e0-4097-9c8a-3b9bea9c33ea/c10bc32c-fe63-41a1-98cc-9389aae93517
DEBUG|2017-02-27 09:32:18,713|classes.pcdm.Repository|204 No Content
INFO|2017-02-27 09:32:18,713|classes.pcdm.Proxy|Updated Proxy for Page 2 in The triangle (College Park, Md.), 1910-04-01
INFO|2017-02-27 09:32:18,715|classes.pcdm.Proxy|Updating Proxy for Page 3 in The triangle (College Park, Md.), 1910-04-01
DEBUG|2017-02-27 09:32:18,715|classes.pcdm.Repository|PATCH https://fcrepo.lib.umd.edu/fcrepo/rest/tx:1321911e-c9ad-4dab-b524-3ec7f072788a/pcdm/e9/04/b7/a4/e904b7a4-4a85-45cf-ad6f-cb03317801c4/c10bc32c-fe63-41a1-98cc-9389aae93517
DEBUG|2017-02-27 09:32:18,750|classes.pcdm.Repository|204 No Content
INFO|2017-02-27 09:32:18,750|classes.pcdm.Proxy|Updated Proxy for Page 3 in The triangle (College Park, Md.), 1910-04-01
INFO|2017-02-27 09:32:18,751|classes.pcdm.Proxy|Updating Proxy for Page 4 in The triangle (College Park, Md.), 1910-04-01
DEBUG|2017-02-27 09:32:18,751|classes.pcdm.Repository|PATCH https://fcrepo.lib.umd.edu/fcrepo/rest/tx:1321911e-c9ad-4dab-b524-3ec7f072788a/pcdm/cd/b0/2c/17/cdb02c17-c870-471d-8a41-f1931fae4577/c10bc32c-fe63-41a1-98cc-9389aae93517
DEBUG|2017-02-27 09:32:18,785|classes.pcdm.Repository|204 No Content
INFO|2017-02-27 09:32:18,785|classes.pcdm.Proxy|Updated Proxy for Page 4 in The triangle (College Park, Md.), 1910-04-01
INFO|2017-02-27 09:32:18,786|__main__|Updating relationship triples
INFO|2017-02-27 09:32:18,789|__main__|Updating item and components
INFO|2017-02-27 09:32:18,791|classes.pcdm.Issue|Updating The triangle (College Park, Md.), 1910-04-01
DEBUG|2017-02-27 09:32:18,791|classes.pcdm.Repository|PATCH https://fcrepo.lib.umd.edu/fcrepo/rest/tx:1321911e-c9ad-4dab-b524-3ec7f072788a/pcdm/c1/0b/c3/2c/c10bc32c-fe63-41a1-98cc-9389aae93517
DEBUG|2017-02-27 09:32:18,855|classes.pcdm.Repository|204 No Content
INFO|2017-02-27 09:32:18,855|classes.pcdm.Issue|Updated The triangle (College Park, Md.), 1910-04-01
INFO|2017-02-27 09:32:18,856|classes.pcdm.Page|Updating The triangle (College Park, Md.), 1910-04-01, page 1
DEBUG|2017-02-27 09:32:18,856|classes.pcdm.Repository|PATCH https://fcrepo.lib.umd.edu/fcrepo/rest/tx:1321911e-c9ad-4dab-b524-3ec7f072788a/pcdm/04/d7/14/81/04d71481-e689-4782-bea9-cbf30e1caaed
DEBUG|2017-02-27 09:32:18,927|classes.pcdm.Repository|204 No Content
INFO|2017-02-27 09:32:18,927|classes.pcdm.Page|Updated The triangle (College Park, Md.), 1910-04-01, page 1
INFO|2017-02-27 09:32:18,928|classes.pcdm.File|Updating 0026.tif (master)
DEBUG|2017-02-27 09:32:18,928|classes.pcdm.Repository|PATCH https://fcrepo.lib.umd.edu/fcrepo/rest/tx:1321911e-c9ad-4dab-b524-3ec7f072788a/pcdm/ae/22/63/43/ae226343-cd67-4fd5-a12f-8cc537afb733/fcr:metadata
DEBUG|2017-02-27 09:32:18,989|classes.pcdm.Repository|204 No Content
INFO|2017-02-27 09:32:18,989|classes.pcdm.File|Updated 0026.tif (master)
INFO|2017-02-27 09:32:18,990|classes.pcdm.File|Updating 0026.jp2 (service)
DEBUG|2017-02-27 09:32:18,990|classes.pcdm.Repository|PATCH https://fcrepo.lib.umd.edu/fcrepo/rest/tx:1321911e-c9ad-4dab-b524-3ec7f072788a/pcdm/a6/98/60/73/a6986073-4056-4351-a382-21b90d5fbdd7/fcr:metadata
DEBUG|2017-02-27 09:32:19,047|classes.pcdm.Repository|204 No Content
INFO|2017-02-27 09:32:19,047|classes.pcdm.File|Updated 0026.jp2 (service)
INFO|2017-02-27 09:32:19,048|classes.pcdm.File|Updating 0026.pdf (derivative)
DEBUG|2017-02-27 09:32:19,048|classes.pcdm.Repository|PATCH https://fcrepo.lib.umd.edu/fcrepo/rest/tx:1321911e-c9ad-4dab-b524-3ec7f072788a/pcdm/1c/54/39/6f/1c54396f-0af1-4cef-bca8-e27ef51567dd/fcr:metadata
DEBUG|2017-02-27 09:32:19,112|classes.pcdm.Repository|204 No Content
INFO|2017-02-27 09:32:19,112|classes.pcdm.File|Updated 0026.pdf (derivative)
INFO|2017-02-27 09:32:19,112|classes.pcdm.File|Updating 0026.xml (ocr)
DEBUG|2017-02-27 09:32:19,113|classes.pcdm.Repository|PATCH https://fcrepo.lib.umd.edu/fcrepo/rest/tx:1321911e-c9ad-4dab-b524-3ec7f072788a/pcdm/fb/18/8d/10/fb188d10-5000-4b63-9237-f53a9ca3691b/fcr:metadata
DEBUG|2017-02-27 09:32:19,175|classes.pcdm.Repository|204 No Content
INFO|2017-02-27 09:32:19,175|classes.pcdm.File|Updated 0026.xml (ocr)
INFO|2017-02-27 09:32:19,176|classes.pcdm.Page|Updating The triangle (College Park, Md.), 1910-04-01, page 2
DEBUG|2017-02-27 09:32:19,176|classes.pcdm.Repository|PATCH https://fcrepo.lib.umd.edu/fcrepo/rest/tx:1321911e-c9ad-4dab-b524-3ec7f072788a/pcdm/84/04/5b/85/84045b85-95e0-4097-9c8a-3b9bea9c33ea
DEBUG|2017-02-27 09:32:19,231|classes.pcdm.Repository|204 No Content
INFO|2017-02-27 09:32:19,231|classes.pcdm.Page|Updated The triangle (College Park, Md.), 1910-04-01, page 2
INFO|2017-02-27 09:32:19,231|classes.pcdm.File|Updating 0027.tif (master)
DEBUG|2017-02-27 09:32:19,232|classes.pcdm.Repository|PATCH https://fcrepo.lib.umd.edu/fcrepo/rest/tx:1321911e-c9ad-4dab-b524-3ec7f072788a/pcdm/aa/4b/46/a9/aa4b46a9-146b-4f0d-905c-8d0ba6185202/fcr:metadata
DEBUG|2017-02-27 09:32:19,286|classes.pcdm.Repository|204 No Content
INFO|2017-02-27 09:32:19,286|classes.pcdm.File|Updated 0027.tif (master)
INFO|2017-02-27 09:32:19,287|classes.pcdm.File|Updating 0027.jp2 (service)
DEBUG|2017-02-27 09:32:19,287|classes.pcdm.Repository|PATCH https://fcrepo.lib.umd.edu/fcrepo/rest/tx:1321911e-c9ad-4dab-b524-3ec7f072788a/pcdm/a6/2b/87/f1/a62b87f1-945f-425b-a7d2-dcecdf47e913/fcr:metadata
DEBUG|2017-02-27 09:32:19,340|classes.pcdm.Repository|204 No Content
INFO|2017-02-27 09:32:19,341|classes.pcdm.File|Updated 0027.jp2 (service)
INFO|2017-02-27 09:32:19,341|classes.pcdm.File|Updating 0027.pdf (derivative)
DEBUG|2017-02-27 09:32:19,341|classes.pcdm.Repository|PATCH https://fcrepo.lib.umd.edu/fcrepo/rest/tx:1321911e-c9ad-4dab-b524-3ec7f072788a/pcdm/4f/3c/67/a4/4f3c67a4-7c90-4ea8-9bfa-9c4a39899dda/fcr:metadata
DEBUG|2017-02-27 09:32:19,389|classes.pcdm.Repository|204 No Content
INFO|2017-02-27 09:32:19,390|classes.pcdm.File|Updated 0027.pdf (derivative)
INFO|2017-02-27 09:32:19,390|classes.pcdm.File|Updating 0027.xml (ocr)
DEBUG|2017-02-27 09:32:19,390|classes.pcdm.Repository|PATCH https://fcrepo.lib.umd.edu/fcrepo/rest/tx:1321911e-c9ad-4dab-b524-3ec7f072788a/pcdm/9f/63/5d/74/9f635d74-8688-42df-81d0-0c127ca1d3ac/fcr:metadata
DEBUG|2017-02-27 09:32:19,439|classes.pcdm.Repository|204 No Content
INFO|2017-02-27 09:32:19,440|classes.pcdm.File|Updated 0027.xml (ocr)
INFO|2017-02-27 09:32:19,440|classes.pcdm.Page|Updating The triangle (College Park, Md.), 1910-04-01, page 3
DEBUG|2017-02-27 09:32:19,441|classes.pcdm.Repository|PATCH https://fcrepo.lib.umd.edu/fcrepo/rest/tx:1321911e-c9ad-4dab-b524-3ec7f072788a/pcdm/e9/04/b7/a4/e904b7a4-4a85-45cf-ad6f-cb03317801c4
DEBUG|2017-02-27 09:32:19,494|classes.pcdm.Repository|204 No Content
INFO|2017-02-27 09:32:19,494|classes.pcdm.Page|Updated The triangle (College Park, Md.), 1910-04-01, page 3
INFO|2017-02-27 09:32:19,495|classes.pcdm.File|Updating 0028.tif (master)
DEBUG|2017-02-27 09:32:19,495|classes.pcdm.Repository|PATCH https://fcrepo.lib.umd.edu/fcrepo/rest/tx:1321911e-c9ad-4dab-b524-3ec7f072788a/pcdm/d4/6f/b4/8c/d46fb48c-a563-4952-8830-b1f04785ce29/fcr:metadata
DEBUG|2017-02-27 09:32:19,549|classes.pcdm.Repository|204 No Content
INFO|2017-02-27 09:32:19,549|classes.pcdm.File|Updated 0028.tif (master)
INFO|2017-02-27 09:32:19,550|classes.pcdm.File|Updating 0028.jp2 (service)
DEBUG|2017-02-27 09:32:19,550|classes.pcdm.Repository|PATCH https://fcrepo.lib.umd.edu/fcrepo/rest/tx:1321911e-c9ad-4dab-b524-3ec7f072788a/pcdm/2f/f5/8b/66/2ff58b66-a047-4955-a615-9cf1d1dc7e58/fcr:metadata
DEBUG|2017-02-27 09:32:19,602|classes.pcdm.Repository|204 No Content
INFO|2017-02-27 09:32:19,602|classes.pcdm.File|Updated 0028.jp2 (service)
INFO|2017-02-27 09:32:19,603|classes.pcdm.File|Updating 0028.pdf (derivative)
DEBUG|2017-02-27 09:32:19,603|classes.pcdm.Repository|PATCH https://fcrepo.lib.umd.edu/fcrepo/rest/tx:1321911e-c9ad-4dab-b524-3ec7f072788a/pcdm/eb/8c/ec/60/eb8cec60-f40e-43be-ba42-80120088d48a/fcr:metadata
DEBUG|2017-02-27 09:32:19,656|classes.pcdm.Repository|204 No Content
INFO|2017-02-27 09:32:19,656|classes.pcdm.File|Updated 0028.pdf (derivative)
INFO|2017-02-27 09:32:19,657|classes.pcdm.File|Updating 0028.xml (ocr)
DEBUG|2017-02-27 09:32:19,657|classes.pcdm.Repository|PATCH https://fcrepo.lib.umd.edu/fcrepo/rest/tx:1321911e-c9ad-4dab-b524-3ec7f072788a/pcdm/b0/44/77/50/b0447750-fe86-4d52-a92e-e888e399d759/fcr:metadata
DEBUG|2017-02-27 09:32:19,711|classes.pcdm.Repository|204 No Content
INFO|2017-02-27 09:32:19,711|classes.pcdm.File|Updated 0028.xml (ocr)
INFO|2017-02-27 09:32:19,712|classes.pcdm.Page|Updating The triangle (College Park, Md.), 1910-04-01, page 4
DEBUG|2017-02-27 09:32:19,712|classes.pcdm.Repository|PATCH https://fcrepo.lib.umd.edu/fcrepo/rest/tx:1321911e-c9ad-4dab-b524-3ec7f072788a/pcdm/cd/b0/2c/17/cdb02c17-c870-471d-8a41-f1931fae4577
DEBUG|2017-02-27 09:32:19,769|classes.pcdm.Repository|204 No Content
INFO|2017-02-27 09:32:19,769|classes.pcdm.Page|Updated The triangle (College Park, Md.), 1910-04-01, page 4
INFO|2017-02-27 09:32:19,770|classes.pcdm.File|Updating 0029.tif (master)
DEBUG|2017-02-27 09:32:19,770|classes.pcdm.Repository|PATCH https://fcrepo.lib.umd.edu/fcrepo/rest/tx:1321911e-c9ad-4dab-b524-3ec7f072788a/pcdm/12/be/ec/10/12beec10-ee9e-49e1-aa95-3f1c1f073489/fcr:metadata
DEBUG|2017-02-27 09:32:19,822|classes.pcdm.Repository|204 No Content
INFO|2017-02-27 09:32:19,822|classes.pcdm.File|Updated 0029.tif (master)
INFO|2017-02-27 09:32:19,823|classes.pcdm.File|Updating 0029.jp2 (service)
DEBUG|2017-02-27 09:32:19,823|classes.pcdm.Repository|PATCH https://fcrepo.lib.umd.edu/fcrepo/rest/tx:1321911e-c9ad-4dab-b524-3ec7f072788a/pcdm/f7/01/70/a2/f70170a2-f1b0-450c-9e4e-90299d2ceb9f/fcr:metadata
DEBUG|2017-02-27 09:32:19,873|classes.pcdm.Repository|204 No Content
INFO|2017-02-27 09:32:19,873|classes.pcdm.File|Updated 0029.jp2 (service)
INFO|2017-02-27 09:32:19,873|classes.pcdm.File|Updating 0029.pdf (derivative)
DEBUG|2017-02-27 09:32:19,873|classes.pcdm.Repository|PATCH https://fcrepo.lib.umd.edu/fcrepo/rest/tx:1321911e-c9ad-4dab-b524-3ec7f072788a/pcdm/3b/e5/f7/2c/3be5f72c-169f-44ad-adbe-57c8a77ff75b/fcr:metadata
DEBUG|2017-02-27 09:32:19,921|classes.pcdm.Repository|204 No Content
INFO|2017-02-27 09:32:19,921|classes.pcdm.File|Updated 0029.pdf (derivative)
INFO|2017-02-27 09:32:19,922|classes.pcdm.File|Updating 0029.xml (ocr)
DEBUG|2017-02-27 09:32:19,922|classes.pcdm.Repository|PATCH https://fcrepo.lib.umd.edu/fcrepo/rest/tx:1321911e-c9ad-4dab-b524-3ec7f072788a/pcdm/2d/6a/4d/d9/2d6a4dd9-c238-4537-bdf3-8494ea8e034c/fcr:metadata
DEBUG|2017-02-27 09:32:19,971|classes.pcdm.Repository|204 No Content
INFO|2017-02-27 09:32:19,971|classes.pcdm.File|Updated 0029.xml (ocr)
INFO|2017-02-27 09:32:19,972|classes.pcdm.Article|Updating triangle
DEBUG|2017-02-27 09:32:19,972|classes.pcdm.Repository|PATCH https://fcrepo.lib.umd.edu/fcrepo/rest/tx:1321911e-c9ad-4dab-b524-3ec7f072788a/pcdm/da/84/f8/2f/da84f82f-9490-4434-b357-d46377d51933
DEBUG|2017-02-27 09:32:20,016|classes.pcdm.Repository|204 No Content
INFO|2017-02-27 09:32:20,016|classes.pcdm.Article|Updated triangle
INFO|2017-02-27 09:32:20,017|classes.pcdm.Article|Updating triangle
DEBUG|2017-02-27 09:32:20,017|classes.pcdm.Repository|PATCH https://fcrepo.lib.umd.edu/fcrepo/rest/tx:1321911e-c9ad-4dab-b524-3ec7f072788a/pcdm/d2/06/7a/4e/d2067a4e-afbd-40fb-b969-1c6d1f972a7b
DEBUG|2017-02-27 09:32:20,124|classes.pcdm.Repository|204 No Content
INFO|2017-02-27 09:32:20,124|classes.pcdm.Article|Updated triangle
INFO|2017-02-27 09:32:20,125|classes.pcdm.Article|Updating LOCAL NEWS
DEBUG|2017-02-27 09:32:20,125|classes.pcdm.Repository|PATCH https://fcrepo.lib.umd.edu/fcrepo/rest/tx:1321911e-c9ad-4dab-b524-3ec7f072788a/pcdm/48/1a/cb/66/481acb66-9b18-4f40-9130-b56a1f4faf6c
DEBUG|2017-02-27 09:32:20,172|classes.pcdm.Repository|204 No Content
INFO|2017-02-27 09:32:20,172|classes.pcdm.Article|Updated LOCAL NEWS
INFO|2017-02-27 09:32:20,173|classes.pcdm.Article|Updating ATHLETICS
DEBUG|2017-02-27 09:32:20,173|classes.pcdm.Repository|PATCH https://fcrepo.lib.umd.edu/fcrepo/rest/tx:1321911e-c9ad-4dab-b524-3ec7f072788a/pcdm/04/ae/1a/81/04ae1a81-6539-4486-8fe7-5df9571a2297
DEBUG|2017-02-27 09:32:20,216|classes.pcdm.Repository|204 No Content
INFO|2017-02-27 09:32:20,216|classes.pcdm.Article|Updated ATHLETICS
INFO|2017-02-27 09:32:20,217|classes.pcdm.Article|Updating TRIANGLE
DEBUG|2017-02-27 09:32:20,217|classes.pcdm.Repository|PATCH https://fcrepo.lib.umd.edu/fcrepo/rest/tx:1321911e-c9ad-4dab-b524-3ec7f072788a/pcdm/6c/0d/87/00/6c0d8700-61ba-45f1-8cd2-18e1a8f70105
DEBUG|2017-02-27 09:32:20,261|classes.pcdm.Repository|204 No Content
INFO|2017-02-27 09:32:20,261|classes.pcdm.Article|Updated TRIANGLE
INFO|2017-02-27 09:32:20,262|classes.pcdm.Article|Updating EDITORIAL
DEBUG|2017-02-27 09:32:20,262|classes.pcdm.Repository|PATCH https://fcrepo.lib.umd.edu/fcrepo/rest/tx:1321911e-c9ad-4dab-b524-3ec7f072788a/pcdm/31/e1/d3/5f/31e1d35f-163e-4604-93b4-d9488007d633
DEBUG|2017-02-27 09:32:20,307|classes.pcdm.Repository|204 No Content
INFO|2017-02-27 09:32:20,307|classes.pcdm.Article|Updated EDITORIAL
INFO|2017-02-27 09:32:20,308|classes.pcdm.Article|Updating SHORT HISTORY OF AGRICULTURE
DEBUG|2017-02-27 09:32:20,308|classes.pcdm.Repository|PATCH https://fcrepo.lib.umd.edu/fcrepo/rest/tx:1321911e-c9ad-4dab-b524-3ec7f072788a/pcdm/f7/3b/d1/61/f73bd161-5063-4a81-9132-2cfceb0e4d78
DEBUG|2017-02-27 09:32:20,358|classes.pcdm.Repository|204 No Content
INFO|2017-02-27 09:32:20,358|classes.pcdm.Article|Updated SHORT HISTORY OF AGRICULTURE
INFO|2017-02-27 09:32:20,359|classes.pcdm.Article|Updating ALUMNI
DEBUG|2017-02-27 09:32:20,359|classes.pcdm.Repository|PATCH https://fcrepo.lib.umd.edu/fcrepo/rest/tx:1321911e-c9ad-4dab-b524-3ec7f072788a/pcdm/e8/75/1e/bd/e8751ebd-1937-4bf1-a668-b15a2a5e9927
DEBUG|2017-02-27 09:32:20,406|classes.pcdm.Repository|204 No Content
INFO|2017-02-27 09:32:20,406|classes.pcdm.Article|Updated ALUMNI
INFO|2017-02-27 09:32:20,407|classes.pcdm.IssueMetadata|Updating The triangle (College Park, Md.), 1910-04-01, issue METS metadata
DEBUG|2017-02-27 09:32:20,407|classes.pcdm.Repository|PATCH https://fcrepo.lib.umd.edu/fcrepo/rest/tx:1321911e-c9ad-4dab-b524-3ec7f072788a/pcdm/b1/5a/58/81/b15a5881-620d-4873-b0f5-8456826ce623
DEBUG|2017-02-27 09:32:20,455|classes.pcdm.Repository|204 No Content
INFO|2017-02-27 09:32:20,455|classes.pcdm.IssueMetadata|Updated The triangle (College Park, Md.), 1910-04-01, issue METS metadata
INFO|2017-02-27 09:32:20,455|classes.pcdm.MetadataFile|Updating 1910040101_1.xml
DEBUG|2017-02-27 09:32:20,456|classes.pcdm.Repository|PATCH https://fcrepo.lib.umd.edu/fcrepo/rest/tx:1321911e-c9ad-4dab-b524-3ec7f072788a/pcdm/44/c1/78/ae/44c178ae-2d97-43a5-8cfc-25b02d608cb7/fcr:metadata
DEBUG|2017-02-27 09:32:20,504|classes.pcdm.Repository|204 No Content
INFO|2017-02-27 09:32:20,504|classes.pcdm.MetadataFile|Updated 1910040101_1.xml
INFO|2017-02-27 09:32:20,505|classes.pcdm.IssueMetadata|Updating The triangle (College Park, Md.), 1910-04-01, article METS metadata
DEBUG|2017-02-27 09:32:20,505|classes.pcdm.Repository|PATCH https://fcrepo.lib.umd.edu/fcrepo/rest/tx:1321911e-c9ad-4dab-b524-3ec7f072788a/pcdm/96/ac/a4/27/96aca427-f5c5-4c43-8bc7-411570e4e878
DEBUG|2017-02-27 09:32:20,554|classes.pcdm.Repository|204 No Content
INFO|2017-02-27 09:32:20,554|classes.pcdm.IssueMetadata|Updated The triangle (College Park, Md.), 1910-04-01, article METS metadata
INFO|2017-02-27 09:32:20,555|classes.pcdm.MetadataFile|Updating 1910040101.xml
DEBUG|2017-02-27 09:32:20,555|classes.pcdm.Repository|PATCH https://fcrepo.lib.umd.edu/fcrepo/rest/tx:1321911e-c9ad-4dab-b524-3ec7f072788a/pcdm/12/e5/e2/56/12e5e256-46e2-4702-a3fd-56b5adc0a49a/fcr:metadata
DEBUG|2017-02-27 09:32:20,605|classes.pcdm.Repository|204 No Content
INFO|2017-02-27 09:32:20,605|classes.pcdm.MetadataFile|Updated 1910040101.xml
INFO|2017-02-27 09:32:20,605|__main__|Committing transaction
INFO|2017-02-27 09:32:20,605|classes.pcdm.Repository|Committing transaction https://fcrepo.lib.umd.edu/fcrepo/rest/tx:1321911e-c9ad-4dab-b524-3ec7f072788a
DEBUG|2017-02-27 09:32:20,605|classes.pcdm.Repository|POST https://fcrepo.lib.umd.edu/fcrepo/rest/tx:1321911e-c9ad-4dab-b524-3ec7f072788a/fcr:tx/fcr:commit
DEBUG|2017-02-27 09:32:20,806|classes.pcdm.Repository|204 No Content
INFO|2017-02-27 09:32:20,806|classes.pcdm.Repository|Committed transaction https://fcrepo.lib.umd.edu/fcrepo/rest/tx:1321911e-c9ad-4dab-b524-3ec7f072788a
INFO|2017-02-27 09:32:20,806|__main__|Performing post-creation actions
INFO|2017-02-27 09:32:20,807|classes.pcdm.Issue|Completed post-creation actions
INFO|2017-02-27 09:32:20,808|__main__|Processing item 8/3503...
INFO|2017-02-27 09:32:20,808|__main__|Loading item 8
INFO|2017-02-27 09:32:20,808|__main__|Reading item data
INFO|2017-02-27 09:32:20,836|__main__|Opening transaction
INFO|2017-02-27 09:32:20,836|classes.pcdm.Repository|Creating transaction
DEBUG|2017-02-27 09:32:20,836|classes.pcdm.Repository|POST https://fcrepo.lib.umd.edu/fcrepo/rest/fcr:tx
DEBUG|2017-02-27 09:32:20,878|classes.pcdm.Repository|201 Created
INFO|2017-02-27 09:32:20,878|classes.pcdm.Repository|Created transaction https://fcrepo.lib.umd.edu/fcrepo/rest/tx:4936b2c5-6012-4986-b4a5-6b0903383492
INFO|2017-02-27 09:32:20,879|__main__|Creating item
INFO|2017-02-27 09:32:20,879|classes.pcdm.Issue|Creating The triangle (College Park, Md.), 1910-04-15...
DEBUG|2017-02-27 09:32:20,879|classes.pcdm.Repository|POST https://fcrepo.lib.umd.edu/fcrepo/rest/tx:4936b2c5-6012-4986-b4a5-6b0903383492/pcdm
DEBUG|2017-02-27 09:32:20,925|classes.pcdm.Repository|201 Created
INFO|2017-02-27 09:32:20,925|classes.pcdm.Issue|Created The triangle (College Park, Md.), 1910-04-15
INFO|2017-02-27 09:32:20,925|classes.pcdm.Issue|URI: https://fcrepo.lib.umd.edu/fcrepo/rest/pcdm/1d/db/be/c8/1ddbbec8-0662-4c71-bdc0-36c73549af4c / UUID: 1ddbbec8-0662-4c71-bdc0-36c73549af4c
INFO|2017-02-27 09:32:20,925|classes.pcdm.Page|Creating The triangle (College Park, Md.), 1910-04-15, page 1...
DEBUG|2017-02-27 09:32:20,925|classes.pcdm.Repository|POST https://fcrepo.lib.umd.edu/fcrepo/rest/tx:4936b2c5-6012-4986-b4a5-6b0903383492/pcdm
DEBUG|2017-02-27 09:32:20,975|classes.pcdm.Repository|201 Created
INFO|2017-02-27 09:32:20,976|classes.pcdm.Page|Created The triangle (College Park, Md.), 1910-04-15, page 1
INFO|2017-02-27 09:32:20,976|classes.pcdm.Page|URI: https://fcrepo.lib.umd.edu/fcrepo/rest/pcdm/13/30/4f/82/13304f82-beb9-4c56-ae21-ea01a129d19f / UUID: 13304f82-beb9-4c56-ae21-ea01a129d19f
INFO|2017-02-27 09:32:21,283|classes.pcdm.File|Loading 0030.tif
DEBUG|2017-02-27 09:32:21,293|classes.pcdm.Repository|POST https://fcrepo.lib.umd.edu/fcrepo/rest/tx:4936b2c5-6012-4986-b4a5-6b0903383492/pcdm
DEBUG|2017-02-27 09:32:23,440|classes.pcdm.Repository|201 Created
INFO|2017-02-27 09:32:23,505|classes.pcdm.File|Loading 0030.jp2
DEBUG|2017-02-27 09:32:23,506|classes.pcdm.Repository|POST https://fcrepo.lib.umd.edu/fcrepo/rest/tx:4936b2c5-6012-4986-b4a5-6b0903383492/pcdm
DEBUG|2017-02-27 09:32:23,706|classes.pcdm.Repository|201 Created
INFO|2017-02-27 09:32:23,718|classes.pcdm.File|Loading 0030.pdf
DEBUG|2017-02-27 09:32:23,720|classes.pcdm.Repository|POST https://fcrepo.lib.umd.edu/fcrepo/rest/tx:4936b2c5-6012-4986-b4a5-6b0903383492/pcdm
DEBUG|2017-02-27 09:32:23,872|classes.pcdm.Repository|201 Created
INFO|2017-02-27 09:32:23,875|classes.pcdm.File|Loading 0030.xml
DEBUG|2017-02-27 09:32:23,875|classes.pcdm.Repository|POST https://fcrepo.lib.umd.edu/fcrepo/rest/tx:4936b2c5-6012-4986-b4a5-6b0903383492/pcdm
DEBUG|2017-02-27 09:32:23,938|classes.pcdm.Repository|201 Created
INFO|2017-02-27 09:32:23,938|classes.pcdm.Page|Creating The triangle (College Park, Md.), 1910-04-15, page 2...
DEBUG|2017-02-27 09:32:23,938|classes.pcdm.Repository|POST https://fcrepo.lib.umd.edu/fcrepo/rest/tx:4936b2c5-6012-4986-b4a5-6b0903383492/pcdm
DEBUG|2017-02-27 09:32:23,983|classes.pcdm.Repository|201 Created
INFO|2017-02-27 09:32:23,983|classes.pcdm.Page|Created The triangle (College Park, Md.), 1910-04-15, page 2
INFO|2017-02-27 09:32:23,983|classes.pcdm.Page|URI: https://fcrepo.lib.umd.edu/fcrepo/rest/pcdm/9b/69/1d/27/9b691d27-1174-41e8-b086-582f556288a3 / UUID: 9b691d27-1174-41e8-b086-582f556288a3
INFO|2017-02-27 09:32:24,293|classes.pcdm.File|Loading 0031.tif
DEBUG|2017-02-27 09:32:24,304|classes.pcdm.Repository|POST https://fcrepo.lib.umd.edu/fcrepo/rest/tx:4936b2c5-6012-4986-b4a5-6b0903383492/pcdm
DEBUG|2017-02-27 09:32:27,541|classes.pcdm.Repository|201 Created
INFO|2017-02-27 09:32:27,601|classes.pcdm.File|Loading 0031.jp2
DEBUG|2017-02-27 09:32:27,602|classes.pcdm.Repository|POST https://fcrepo.lib.umd.edu/fcrepo/rest/tx:4936b2c5-6012-4986-b4a5-6b0903383492/pcdm
DEBUG|2017-02-27 09:32:27,824|classes.pcdm.Repository|201 Created
INFO|2017-02-27 09:32:27,836|classes.pcdm.File|Loading 0031.pdf
DEBUG|2017-02-27 09:32:27,837|classes.pcdm.Repository|POST https://fcrepo.lib.umd.edu/fcrepo/rest/tx:4936b2c5-6012-4986-b4a5-6b0903383492/pcdm
DEBUG|2017-02-27 09:32:27,966|classes.pcdm.Repository|201 Created
INFO|2017-02-27 09:32:27,969|classes.pcdm.File|Loading 0031.xml
DEBUG|2017-02-27 09:32:27,969|classes.pcdm.Repository|POST https://fcrepo.lib.umd.edu/fcrepo/rest/tx:4936b2c5-6012-4986-b4a5-6b0903383492/pcdm
DEBUG|2017-02-27 09:32:28,024|classes.pcdm.Repository|201 Created
INFO|2017-02-27 09:32:28,025|classes.pcdm.Page|Creating The triangle (College Park, Md.), 1910-04-15, page 3...
DEBUG|2017-02-27 09:32:28,025|classes.pcdm.Repository|POST https://fcrepo.lib.umd.edu/fcrepo/rest/tx:4936b2c5-6012-4986-b4a5-6b0903383492/pcdm
DEBUG|2017-02-27 09:32:28,071|classes.pcdm.Repository|201 Created
INFO|2017-02-27 09:32:28,071|classes.pcdm.Page|Created The triangle (College Park, Md.), 1910-04-15, page 3
INFO|2017-02-27 09:32:28,071|classes.pcdm.Page|URI: https://fcrepo.lib.umd.edu/fcrepo/rest/pcdm/68/47/f0/00/6847f000-f93b-455b-9772-0bf3468d6b72 / UUID: 6847f000-f93b-455b-9772-0bf3468d6b72
INFO|2017-02-27 09:32:28,377|classes.pcdm.File|Loading 0032.tif
DEBUG|2017-02-27 09:32:28,387|classes.pcdm.Repository|POST https://fcrepo.lib.umd.edu/fcrepo/rest/tx:4936b2c5-6012-4986-b4a5-6b0903383492/pcdm
DEBUG|2017-02-27 09:32:30,135|classes.pcdm.Repository|201 Created
INFO|2017-02-27 09:32:30,176|classes.pcdm.File|Loading 0032.jp2
DEBUG|2017-02-27 09:32:30,177|classes.pcdm.Repository|POST https://fcrepo.lib.umd.edu/fcrepo/rest/tx:4936b2c5-6012-4986-b4a5-6b0903383492/pcdm
DEBUG|2017-02-27 09:32:30,382|classes.pcdm.Repository|201 Created
INFO|2017-02-27 09:32:30,395|classes.pcdm.File|Loading 0032.pdf
DEBUG|2017-02-27 09:32:30,396|classes.pcdm.Repository|POST https://fcrepo.lib.umd.edu/fcrepo/rest/tx:4936b2c5-6012-4986-b4a5-6b0903383492/pcdm
DEBUG|2017-02-27 09:32:30,504|classes.pcdm.Repository|201 Created
INFO|2017-02-27 09:32:30,507|classes.pcdm.File|Loading 0032.xml
DEBUG|2017-02-27 09:32:30,507|classes.pcdm.Repository|POST https://fcrepo.lib.umd.edu/fcrepo/rest/tx:4936b2c5-6012-4986-b4a5-6b0903383492/pcdm
DEBUG|2017-02-27 09:32:30,552|classes.pcdm.Repository|201 Created
INFO|2017-02-27 09:32:30,553|classes.pcdm.Page|Creating The triangle (College Park, Md.), 1910-04-15, page 4...
DEBUG|2017-02-27 09:32:30,553|classes.pcdm.Repository|POST https://fcrepo.lib.umd.edu/fcrepo/rest/tx:4936b2c5-6012-4986-b4a5-6b0903383492/pcdm
DEBUG|2017-02-27 09:32:30,584|classes.pcdm.Repository|201 Created
INFO|2017-02-27 09:32:30,584|classes.pcdm.Page|Created The triangle (College Park, Md.), 1910-04-15, page 4
INFO|2017-02-27 09:32:30,584|classes.pcdm.Page|URI: https://fcrepo.lib.umd.edu/fcrepo/rest/pcdm/94/82/79/f0/948279f0-9121-4757-bd37-39d0929adbe4 / UUID: 948279f0-9121-4757-bd37-39d0929adbe4
INFO|2017-02-27 09:32:30,887|classes.pcdm.File|Loading 0033.tif
DEBUG|2017-02-27 09:32:30,897|classes.pcdm.Repository|POST https://fcrepo.lib.umd.edu/fcrepo/rest/tx:4936b2c5-6012-4986-b4a5-6b0903383492/pcdm
DEBUG|2017-02-27 09:32:32,082|classes.pcdm.Repository|201 Created
INFO|2017-02-27 09:32:32,127|classes.pcdm.File|Loading 0033.jp2
DEBUG|2017-02-27 09:32:32,128|classes.pcdm.Repository|POST https://fcrepo.lib.umd.edu/fcrepo/rest/tx:4936b2c5-6012-4986-b4a5-6b0903383492/pcdm
DEBUG|2017-02-27 09:32:32,306|classes.pcdm.Repository|201 Created
INFO|2017-02-27 09:32:32,321|classes.pcdm.File|Loading 0033.pdf
DEBUG|2017-02-27 09:32:32,321|classes.pcdm.Repository|POST https://fcrepo.lib.umd.edu/fcrepo/rest/tx:4936b2c5-6012-4986-b4a5-6b0903383492/pcdm
DEBUG|2017-02-27 09:32:32,440|classes.pcdm.Repository|201 Created
INFO|2017-02-27 09:32:32,443|classes.pcdm.File|Loading 0033.xml
DEBUG|2017-02-27 09:32:32,443|classes.pcdm.Repository|POST https://fcrepo.lib.umd.edu/fcrepo/rest/tx:4936b2c5-6012-4986-b4a5-6b0903383492/pcdm
DEBUG|2017-02-27 09:32:32,484|classes.pcdm.Repository|201 Created
INFO|2017-02-27 09:32:32,484|classes.pcdm.Article|Creating triangle...
DEBUG|2017-02-27 09:32:32,484|classes.pcdm.Repository|POST https://fcrepo.lib.umd.edu/fcrepo/rest/tx:4936b2c5-6012-4986-b4a5-6b0903383492/pcdm
DEBUG|2017-02-27 09:32:32,515|classes.pcdm.Repository|201 Created
INFO|2017-02-27 09:32:32,515|classes.pcdm.Article|Created triangle
INFO|2017-02-27 09:32:32,516|classes.pcdm.Article|URI: https://fcrepo.lib.umd.edu/fcrepo/rest/pcdm/2d/b7/bb/7f/2db7bb7f-a4b7-4ca5-888a-3262c85bf737 / UUID: 2db7bb7f-a4b7-4ca5-888a-3262c85bf737
INFO|2017-02-27 09:32:32,516|classes.pcdm.Article|Creating triangle...
DEBUG|2017-02-27 09:32:32,516|classes.pcdm.Repository|POST https://fcrepo.lib.umd.edu/fcrepo/rest/tx:4936b2c5-6012-4986-b4a5-6b0903383492/pcdm
DEBUG|2017-02-27 09:32:32,549|classes.pcdm.Repository|201 Created
INFO|2017-02-27 09:32:32,549|classes.pcdm.Article|Created triangle
INFO|2017-02-27 09:32:32,549|classes.pcdm.Article|URI: https://fcrepo.lib.umd.edu/fcrepo/rest/pcdm/dc/ab/fa/f2/dcabfaf2-dce2-4cb8-996b-9a98780c7e9a / UUID: dcabfaf2-dce2-4cb8-996b-9a98780c7e9a
INFO|2017-02-27 09:32:32,549|classes.pcdm.Article|Creating LOCAL NEWS...
DEBUG|2017-02-27 09:32:32,550|classes.pcdm.Repository|POST https://fcrepo.lib.umd.edu/fcrepo/rest/tx:4936b2c5-6012-4986-b4a5-6b0903383492/pcdm
DEBUG|2017-02-27 09:32:32,580|classes.pcdm.Repository|201 Created
INFO|2017-02-27 09:32:32,580|classes.pcdm.Article|Created LOCAL NEWS
INFO|2017-02-27 09:32:32,580|classes.pcdm.Article|URI: https://fcrepo.lib.umd.edu/fcrepo/rest/pcdm/4d/c4/ca/5d/4dc4ca5d-3b00-44c9-8a7f-aaa5d97159f8 / UUID: 4dc4ca5d-3b00-44c9-8a7f-aaa5d97159f8
INFO|2017-02-27 09:32:32,580|classes.pcdm.Article|Creating ATHLETICS...
DEBUG|2017-02-27 09:32:32,580|classes.pcdm.Repository|POST https://fcrepo.lib.umd.edu/fcrepo/rest/tx:4936b2c5-6012-4986-b4a5-6b0903383492/pcdm
DEBUG|2017-02-27 09:32:32,611|classes.pcdm.Repository|201 Created
INFO|2017-02-27 09:32:32,611|classes.pcdm.Article|Created ATHLETICS
INFO|2017-02-27 09:32:32,611|classes.pcdm.Article|URI: https://fcrepo.lib.umd.edu/fcrepo/rest/pcdm/27/2f/34/a2/272f34a2-73d2-4534-b117-c308e8071d9f / UUID: 272f34a2-73d2-4534-b117-c308e8071d9f
INFO|2017-02-27 09:32:32,611|classes.pcdm.Article|Creating TRIANGLE...
DEBUG|2017-02-27 09:32:32,611|classes.pcdm.Repository|POST https://fcrepo.lib.umd.edu/fcrepo/rest/tx:4936b2c5-6012-4986-b4a5-6b0903383492/pcdm
DEBUG|2017-02-27 09:32:32,654|classes.pcdm.Repository|201 Created
INFO|2017-02-27 09:32:32,655|classes.pcdm.Article|Created TRIANGLE
INFO|2017-02-27 09:32:32,655|classes.pcdm.Article|URI: https://fcrepo.lib.umd.edu/fcrepo/rest/pcdm/67/30/5d/73/67305d73-ece8-4e9b-a036-24c22b89e0e5 / UUID: 67305d73-ece8-4e9b-a036-24c22b89e0e5
INFO|2017-02-27 09:32:32,655|classes.pcdm.Article|Creating EDITORIAL...
DEBUG|2017-02-27 09:32:32,655|classes.pcdm.Repository|POST https://fcrepo.lib.umd.edu/fcrepo/rest/tx:4936b2c5-6012-4986-b4a5-6b0903383492/pcdm
DEBUG|2017-02-27 09:32:32,692|classes.pcdm.Repository|201 Created
INFO|2017-02-27 09:32:32,692|classes.pcdm.Article|Created EDITORIAL
INFO|2017-02-27 09:32:32,692|classes.pcdm.Article|URI: https://fcrepo.lib.umd.edu/fcrepo/rest/pcdm/ee/08/2c/f5/ee082cf5-7a68-4b70-bb65-dd910066e248 / UUID: ee082cf5-7a68-4b70-bb65-dd910066e248
INFO|2017-02-27 09:32:32,693|classes.pcdm.Article|Creating SHORT HISTORY OF AGRICULTURE (CONTINUED)...
DEBUG|2017-02-27 09:32:32,693|classes.pcdm.Repository|POST https://fcrepo.lib.umd.edu/fcrepo/rest/tx:4936b2c5-6012-4986-b4a5-6b0903383492/pcdm
DEBUG|2017-02-27 09:32:32,724|classes.pcdm.Repository|201 Created
INFO|2017-02-27 09:32:32,724|classes.pcdm.Article|Created SHORT HISTORY OF AGRICULTURE (CONTINUED)
INFO|2017-02-27 09:32:32,724|classes.pcdm.Article|URI: https://fcrepo.lib.umd.edu/fcrepo/rest/pcdm/ff/81/37/19/ff813719-b099-43f0-a5ff-33fe67fd14ad / UUID: ff813719-b099-43f0-a5ff-33fe67fd14ad
INFO|2017-02-27 09:32:32,725|classes.pcdm.Article|Creating Y. M. C. A. NOTES...
DEBUG|2017-02-27 09:32:32,725|classes.pcdm.Repository|POST https://fcrepo.lib.umd.edu/fcrepo/rest/tx:4936b2c5-6012-4986-b4a5-6b0903383492/pcdm
DEBUG|2017-02-27 09:32:32,756|classes.pcdm.Repository|201 Created
INFO|2017-02-27 09:32:32,756|classes.pcdm.Article|Created Y. M. C. A. NOTES
INFO|2017-02-27 09:32:32,757|classes.pcdm.Article|URI: https://fcrepo.lib.umd.edu/fcrepo/rest/pcdm/65/4e/6c/08/654e6c08-5707-449e-a256-e1a38de7d1e2 / UUID: 654e6c08-5707-449e-a256-e1a38de7d1e2
INFO|2017-02-27 09:32:32,757|classes.pcdm.Article|Creating ALUMNI...
DEBUG|2017-02-27 09:32:32,757|classes.pcdm.Repository|POST https://fcrepo.lib.umd.edu/fcrepo/rest/tx:4936b2c5-6012-4986-b4a5-6b0903383492/pcdm
DEBUG|2017-02-27 09:32:32,787|classes.pcdm.Repository|201 Created
INFO|2017-02-27 09:32:32,787|classes.pcdm.Article|Created ALUMNI
INFO|2017-02-27 09:32:32,787|classes.pcdm.Article|URI: https://fcrepo.lib.umd.edu/fcrepo/rest/pcdm/72/93/77/56/72937756-6e4e-4b31-a18b-a2d73476a038 / UUID: 72937756-6e4e-4b31-a18b-a2d73476a038
INFO|2017-02-27 09:32:32,788|classes.pcdm.Article|Creating ALUMNI PERSONALS...
DEBUG|2017-02-27 09:32:32,788|classes.pcdm.Repository|POST https://fcrepo.lib.umd.edu/fcrepo/rest/tx:4936b2c5-6012-4986-b4a5-6b0903383492/pcdm
DEBUG|2017-02-27 09:32:32,819|classes.pcdm.Repository|201 Created
INFO|2017-02-27 09:32:32,819|classes.pcdm.Article|Created ALUMNI PERSONALS
INFO|2017-02-27 09:32:32,819|classes.pcdm.Article|URI: https://fcrepo.lib.umd.edu/fcrepo/rest/pcdm/dc/f1/1d/1f/dcf11d1f-2181-43a8-911e-f675f18d7756 / UUID: dcf11d1f-2181-43a8-911e-f675f18d7756
INFO|2017-02-27 09:32:32,819|classes.pcdm.IssueMetadata|Creating The triangle (College Park, Md.), 1910-04-15, issue METS metadata...
DEBUG|2017-02-27 09:32:32,819|classes.pcdm.Repository|POST https://fcrepo.lib.umd.edu/fcrepo/rest/tx:4936b2c5-6012-4986-b4a5-6b0903383492/pcdm
DEBUG|2017-02-27 09:32:32,851|classes.pcdm.Repository|201 Created
INFO|2017-02-27 09:32:32,851|classes.pcdm.IssueMetadata|Created The triangle (College Park, Md.), 1910-04-15, issue METS metadata
INFO|2017-02-27 09:32:32,851|classes.pcdm.IssueMetadata|URI: https://fcrepo.lib.umd.edu/fcrepo/rest/pcdm/7a/51/31/2a/7a51312a-849d-4f0a-9a9a-9775b6ef26da / UUID: 7a51312a-849d-4f0a-9a9a-9775b6ef26da
INFO|2017-02-27 09:32:32,852|classes.pcdm.MetadataFile|Loading 1910041501_1.xml
DEBUG|2017-02-27 09:32:32,852|classes.pcdm.Repository|POST https://fcrepo.lib.umd.edu/fcrepo/rest/tx:4936b2c5-6012-4986-b4a5-6b0903383492/pcdm
DEBUG|2017-02-27 09:32:32,886|classes.pcdm.Repository|201 Created
INFO|2017-02-27 09:32:32,887|classes.pcdm.IssueMetadata|Creating The triangle (College Park, Md.), 1910-04-15, article METS metadata...
DEBUG|2017-02-27 09:32:32,887|classes.pcdm.Repository|POST https://fcrepo.lib.umd.edu/fcrepo/rest/tx:4936b2c5-6012-4986-b4a5-6b0903383492/pcdm
DEBUG|2017-02-27 09:32:32,918|classes.pcdm.Repository|201 Created
INFO|2017-02-27 09:32:32,919|classes.pcdm.IssueMetadata|Created The triangle (College Park, Md.), 1910-04-15, article METS metadata
INFO|2017-02-27 09:32:32,919|classes.pcdm.IssueMetadata|URI: https://fcrepo.lib.umd.edu/fcrepo/rest/pcdm/db/38/72/b0/db3872b0-ce89-4c91-a58f-a94bec3867c0 / UUID: db3872b0-ce89-4c91-a58f-a94bec3867c0
INFO|2017-02-27 09:32:32,919|classes.pcdm.MetadataFile|Loading 1910041501.xml
DEBUG|2017-02-27 09:32:32,919|classes.pcdm.Repository|POST https://fcrepo.lib.umd.edu/fcrepo/rest/tx:4936b2c5-6012-4986-b4a5-6b0903383492/pcdm
DEBUG|2017-02-27 09:32:32,962|classes.pcdm.Repository|201 Created
INFO|2017-02-27 09:32:32,962|__main__|Creating ordering proxies
INFO|2017-02-27 09:32:32,963|classes.pcdm.Proxy|Creating Proxy for Page 1 in The triangle (College Park, Md.), 1910-04-15...
DEBUG|2017-02-27 09:32:32,964|classes.pcdm.Repository|PUT https://fcrepo.lib.umd.edu/fcrepo/rest/tx:4936b2c5-6012-4986-b4a5-6b0903383492/pcdm/13/30/4f/82/13304f82-beb9-4c56-ae21-ea01a129d19f/1ddbbec8-0662-4c71-bdc0-36c73549af4c
DEBUG|2017-02-27 09:32:33,011|classes.pcdm.Repository|201 Created
INFO|2017-02-27 09:32:33,012|classes.pcdm.Proxy|Created Proxy for Page 1 in The triangle (College Park, Md.), 1910-04-15
INFO|2017-02-27 09:32:33,012|classes.pcdm.Proxy|URI: https://fcrepo.lib.umd.edu/fcrepo/rest/pcdm/13/30/4f/82/13304f82-beb9-4c56-ae21-ea01a129d19f/1ddbbec8-0662-4c71-bdc0-36c73549af4c / UUID: 1ddbbec8-0662-4c71-bdc0-36c73549af4c
INFO|2017-02-27 09:32:33,012|classes.pcdm.Proxy|Creating Proxy for Page 2 in The triangle (College Park, Md.), 1910-04-15...
DEBUG|2017-02-27 09:32:33,012|classes.pcdm.Repository|PUT https://fcrepo.lib.umd.edu/fcrepo/rest/tx:4936b2c5-6012-4986-b4a5-6b0903383492/pcdm/9b/69/1d/27/9b691d27-1174-41e8-b086-582f556288a3/1ddbbec8-0662-4c71-bdc0-36c73549af4c
DEBUG|2017-02-27 09:32:33,049|classes.pcdm.Repository|201 Created
INFO|2017-02-27 09:32:33,050|classes.pcdm.Proxy|Created Proxy for Page 2 in The triangle (College Park, Md.), 1910-04-15
INFO|2017-02-27 09:32:33,050|classes.pcdm.Proxy|URI: https://fcrepo.lib.umd.edu/fcrepo/rest/pcdm/9b/69/1d/27/9b691d27-1174-41e8-b086-582f556288a3/1ddbbec8-0662-4c71-bdc0-36c73549af4c / UUID: 1ddbbec8-0662-4c71-bdc0-36c73549af4c
INFO|2017-02-27 09:32:33,050|classes.pcdm.Proxy|Creating Proxy for Page 3 in The triangle (College Park, Md.), 1910-04-15...
DEBUG|2017-02-27 09:32:33,050|classes.pcdm.Repository|PUT https://fcrepo.lib.umd.edu/fcrepo/rest/tx:4936b2c5-6012-4986-b4a5-6b0903383492/pcdm/68/47/f0/00/6847f000-f93b-455b-9772-0bf3468d6b72/1ddbbec8-0662-4c71-bdc0-36c73549af4c
DEBUG|2017-02-27 09:32:33,081|classes.pcdm.Repository|201 Created
INFO|2017-02-27 09:32:33,081|classes.pcdm.Proxy|Created Proxy for Page 3 in The triangle (College Park, Md.), 1910-04-15
INFO|2017-02-27 09:32:33,081|classes.pcdm.Proxy|URI: https://fcrepo.lib.umd.edu/fcrepo/rest/pcdm/68/47/f0/00/6847f000-f93b-455b-9772-0bf3468d6b72/1ddbbec8-0662-4c71-bdc0-36c73549af4c / UUID: 1ddbbec8-0662-4c71-bdc0-36c73549af4c
INFO|2017-02-27 09:32:33,081|classes.pcdm.Proxy|Creating Proxy for Page 4 in The triangle (College Park, Md.), 1910-04-15...
DEBUG|2017-02-27 09:32:33,082|classes.pcdm.Repository|PUT https://fcrepo.lib.umd.edu/fcrepo/rest/tx:4936b2c5-6012-4986-b4a5-6b0903383492/pcdm/94/82/79/f0/948279f0-9121-4757-bd37-39d0929adbe4/1ddbbec8-0662-4c71-bdc0-36c73549af4c
DEBUG|2017-02-27 09:32:33,123|classes.pcdm.Repository|201 Created
INFO|2017-02-27 09:32:33,123|classes.pcdm.Proxy|Created Proxy for Page 4 in The triangle (College Park, Md.), 1910-04-15
INFO|2017-02-27 09:32:33,124|classes.pcdm.Proxy|URI: https://fcrepo.lib.umd.edu/fcrepo/rest/pcdm/94/82/79/f0/948279f0-9121-4757-bd37-39d0929adbe4/1ddbbec8-0662-4c71-bdc0-36c73549af4c / UUID: 1ddbbec8-0662-4c71-bdc0-36c73549af4c
INFO|2017-02-27 09:32:33,124|classes.pcdm.Proxy|Updating Proxy for Page 1 in The triangle (College Park, Md.), 1910-04-15
DEBUG|2017-02-27 09:32:33,125|classes.pcdm.Repository|PATCH https://fcrepo.lib.umd.edu/fcrepo/rest/tx:4936b2c5-6012-4986-b4a5-6b0903383492/pcdm/13/30/4f/82/13304f82-beb9-4c56-ae21-ea01a129d19f/1ddbbec8-0662-4c71-bdc0-36c73549af4c
DEBUG|2017-02-27 09:32:33,157|classes.pcdm.Repository|204 No Content
INFO|2017-02-27 09:32:33,157|classes.pcdm.Proxy|Updated Proxy for Page 1 in The triangle (College Park, Md.), 1910-04-15
INFO|2017-02-27 09:32:33,159|classes.pcdm.Proxy|Updating Proxy for Page 2 in The triangle (College Park, Md.), 1910-04-15
DEBUG|2017-02-27 09:32:33,159|classes.pcdm.Repository|PATCH https://fcrepo.lib.umd.edu/fcrepo/rest/tx:4936b2c5-6012-4986-b4a5-6b0903383492/pcdm/9b/69/1d/27/9b691d27-1174-41e8-b086-582f556288a3/1ddbbec8-0662-4c71-bdc0-36c73549af4c
DEBUG|2017-02-27 09:32:33,192|classes.pcdm.Repository|204 No Content
INFO|2017-02-27 09:32:33,192|classes.pcdm.Proxy|Updated Proxy for Page 2 in The triangle (College Park, Md.), 1910-04-15
INFO|2017-02-27 09:32:33,192|classes.pcdm.Proxy|Updating Proxy for Page 3 in The triangle (College Park, Md.), 1910-04-15
DEBUG|2017-02-27 09:32:33,193|classes.pcdm.Repository|PATCH https://fcrepo.lib.umd.edu/fcrepo/rest/tx:4936b2c5-6012-4986-b4a5-6b0903383492/pcdm/68/47/f0/00/6847f000-f93b-455b-9772-0bf3468d6b72/1ddbbec8-0662-4c71-bdc0-36c73549af4c
DEBUG|2017-02-27 09:32:33,224|classes.pcdm.Repository|204 No Content
INFO|2017-02-27 09:32:33,224|classes.pcdm.Proxy|Updated Proxy for Page 3 in The triangle (College Park, Md.), 1910-04-15
INFO|2017-02-27 09:32:33,225|classes.pcdm.Proxy|Updating Proxy for Page 4 in The triangle (College Park, Md.), 1910-04-15
DEBUG|2017-02-27 09:32:33,225|classes.pcdm.Repository|PATCH https://fcrepo.lib.umd.edu/fcrepo/rest/tx:4936b2c5-6012-4986-b4a5-6b0903383492/pcdm/94/82/79/f0/948279f0-9121-4757-bd37-39d0929adbe4/1ddbbec8-0662-4c71-bdc0-36c73549af4c
DEBUG|2017-02-27 09:32:33,256|classes.pcdm.Repository|204 No Content
INFO|2017-02-27 09:32:33,256|classes.pcdm.Proxy|Updated Proxy for Page 4 in The triangle (College Park, Md.), 1910-04-15
INFO|2017-02-27 09:32:33,256|__main__|Updating relationship triples
INFO|2017-02-27 09:32:33,260|__main__|Updating item and components
INFO|2017-02-27 09:32:33,262|classes.pcdm.Issue|Updating The triangle (College Park, Md.), 1910-04-15
DEBUG|2017-02-27 09:32:33,262|classes.pcdm.Repository|PATCH https://fcrepo.lib.umd.edu/fcrepo/rest/tx:4936b2c5-6012-4986-b4a5-6b0903383492/pcdm/1d/db/be/c8/1ddbbec8-0662-4c71-bdc0-36c73549af4c
DEBUG|2017-02-27 09:32:33,299|classes.pcdm.Repository|204 No Content
INFO|2017-02-27 09:32:33,299|classes.pcdm.Issue|Updated The triangle (College Park, Md.), 1910-04-15
INFO|2017-02-27 09:32:33,300|classes.pcdm.Page|Updating The triangle (College Park, Md.), 1910-04-15, page 1
DEBUG|2017-02-27 09:32:33,301|classes.pcdm.Repository|PATCH https://fcrepo.lib.umd.edu/fcrepo/rest/tx:4936b2c5-6012-4986-b4a5-6b0903383492/pcdm/13/30/4f/82/13304f82-beb9-4c56-ae21-ea01a129d19f
DEBUG|2017-02-27 09:32:33,335|classes.pcdm.Repository|204 No Content
INFO|2017-02-27 09:32:33,335|classes.pcdm.Page|Updated The triangle (College Park, Md.), 1910-04-15, page 1
INFO|2017-02-27 09:32:33,335|classes.pcdm.File|Updating 0030.tif (master)
DEBUG|2017-02-27 09:32:33,336|classes.pcdm.Repository|PATCH https://fcrepo.lib.umd.edu/fcrepo/rest/tx:4936b2c5-6012-4986-b4a5-6b0903383492/pcdm/a0/ba/f8/1d/a0baf81d-ce82-448a-8cf4-91730ce18852/fcr:metadata
DEBUG|2017-02-27 09:32:33,370|classes.pcdm.Repository|204 No Content
INFO|2017-02-27 09:32:33,370|classes.pcdm.File|Updated 0030.tif (master)
INFO|2017-02-27 09:32:33,370|classes.pcdm.File|Updating 0030.jp2 (service)
DEBUG|2017-02-27 09:32:33,371|classes.pcdm.Repository|PATCH https://fcrepo.lib.umd.edu/fcrepo/rest/tx:4936b2c5-6012-4986-b4a5-6b0903383492/pcdm/da/81/4a/89/da814a89-057b-4ce0-b387-14f6e6eab5be/fcr:metadata
DEBUG|2017-02-27 09:32:33,407|classes.pcdm.Repository|204 No Content
INFO|2017-02-27 09:32:33,407|classes.pcdm.File|Updated 0030.jp2 (service)
INFO|2017-02-27 09:32:33,408|classes.pcdm.File|Updating 0030.pdf (derivative)
DEBUG|2017-02-27 09:32:33,408|classes.pcdm.Repository|PATCH https://fcrepo.lib.umd.edu/fcrepo/rest/tx:4936b2c5-6012-4986-b4a5-6b0903383492/pcdm/fc/fb/54/6c/fcfb546c-d74a-4498-b644-8f9b08f3c3fa/fcr:metadata
DEBUG|2017-02-27 09:32:33,442|classes.pcdm.Repository|204 No Content
INFO|2017-02-27 09:32:33,443|classes.pcdm.File|Updated 0030.pdf (derivative)
INFO|2017-02-27 09:32:33,443|classes.pcdm.File|Updating 0030.xml (ocr)
DEBUG|2017-02-27 09:32:33,443|classes.pcdm.Repository|PATCH https://fcrepo.lib.umd.edu/fcrepo/rest/tx:4936b2c5-6012-4986-b4a5-6b0903383492/pcdm/b1/22/eb/ae/b122ebae-f3e7-4cfd-b7f1-ce690d6819b7/fcr:metadata
DEBUG|2017-02-27 09:32:33,475|classes.pcdm.Repository|204 No Content
INFO|2017-02-27 09:32:33,475|classes.pcdm.File|Updated 0030.xml (ocr)
INFO|2017-02-27 09:32:33,476|classes.pcdm.Page|Updating The triangle (College Park, Md.), 1910-04-15, page 2
DEBUG|2017-02-27 09:32:33,476|classes.pcdm.Repository|PATCH https://fcrepo.lib.umd.edu/fcrepo/rest/tx:4936b2c5-6012-4986-b4a5-6b0903383492/pcdm/9b/69/1d/27/9b691d27-1174-41e8-b086-582f556288a3
DEBUG|2017-02-27 09:32:33,509|classes.pcdm.Repository|204 No Content
INFO|2017-02-27 09:32:33,509|classes.pcdm.Page|Updated The triangle (College Park, Md.), 1910-04-15, page 2
INFO|2017-02-27 09:32:33,511|classes.pcdm.File|Updating 0031.tif (master)
DEBUG|2017-02-27 09:32:33,511|classes.pcdm.Repository|PATCH https://fcrepo.lib.umd.edu/fcrepo/rest/tx:4936b2c5-6012-4986-b4a5-6b0903383492/pcdm/2a/b0/f7/da/2ab0f7da-cd79-45c7-9338-6ad36c3833cf/fcr:metadata
DEBUG|2017-02-27 09:32:33,546|classes.pcdm.Repository|204 No Content
INFO|2017-02-27 09:32:33,546|classes.pcdm.File|Updated 0031.tif (master)
INFO|2017-02-27 09:32:33,547|classes.pcdm.File|Updating 0031.jp2 (service)
DEBUG|2017-02-27 09:32:33,547|classes.pcdm.Repository|PATCH https://fcrepo.lib.umd.edu/fcrepo/rest/tx:4936b2c5-6012-4986-b4a5-6b0903383492/pcdm/2d/66/4f/d1/2d664fd1-7d45-430f-a3e3-38cb233a4e1e/fcr:metadata
DEBUG|2017-02-27 09:32:33,582|classes.pcdm.Repository|204 No Content
INFO|2017-02-27 09:32:33,582|classes.pcdm.File|Updated 0031.jp2 (service)
INFO|2017-02-27 09:32:33,583|classes.pcdm.File|Updating 0031.pdf (derivative)
DEBUG|2017-02-27 09:32:33,583|classes.pcdm.Repository|PATCH https://fcrepo.lib.umd.edu/fcrepo/rest/tx:4936b2c5-6012-4986-b4a5-6b0903383492/pcdm/bd/e8/d0/50/bde8d050-9d99-42b6-87a0-7a1b95b63cbe/fcr:metadata
DEBUG|2017-02-27 09:32:33,617|classes.pcdm.Repository|204 No Content
INFO|2017-02-27 09:32:33,618|classes.pcdm.File|Updated 0031.pdf (derivative)
INFO|2017-02-27 09:32:33,618|classes.pcdm.File|Updating 0031.xml (ocr)
DEBUG|2017-02-27 09:32:33,618|classes.pcdm.Repository|PATCH https://fcrepo.lib.umd.edu/fcrepo/rest/tx:4936b2c5-6012-4986-b4a5-6b0903383492/pcdm/b1/05/4f/fe/b1054ffe-4ce4-468f-92ca-49708db79a87/fcr:metadata
DEBUG|2017-02-27 09:32:33,653|classes.pcdm.Repository|204 No Content
INFO|2017-02-27 09:32:33,653|classes.pcdm.File|Updated 0031.xml (ocr)
INFO|2017-02-27 09:32:33,654|classes.pcdm.Page|Updating The triangle (College Park, Md.), 1910-04-15, page 3
DEBUG|2017-02-27 09:32:33,654|classes.pcdm.Repository|PATCH https://fcrepo.lib.umd.edu/fcrepo/rest/tx:4936b2c5-6012-4986-b4a5-6b0903383492/pcdm/68/47/f0/00/6847f000-f93b-455b-9772-0bf3468d6b72
DEBUG|2017-02-27 09:32:33,687|classes.pcdm.Repository|204 No Content
INFO|2017-02-27 09:32:33,687|classes.pcdm.Page|Updated The triangle (College Park, Md.), 1910-04-15, page 3
INFO|2017-02-27 09:32:33,688|classes.pcdm.File|Updating 0032.tif (master)
DEBUG|2017-02-27 09:32:33,688|classes.pcdm.Repository|PATCH https://fcrepo.lib.umd.edu/fcrepo/rest/tx:4936b2c5-6012-4986-b4a5-6b0903383492/pcdm/41/bf/bf/fa/41bfbffa-6b9c-4db9-83a4-33e436377e71/fcr:metadata
DEBUG|2017-02-27 09:32:33,723|classes.pcdm.Repository|204 No Content
INFO|2017-02-27 09:32:33,723|classes.pcdm.File|Updated 0032.tif (master)
INFO|2017-02-27 09:32:33,724|classes.pcdm.File|Updating 0032.jp2 (service)
DEBUG|2017-02-27 09:32:33,724|classes.pcdm.Repository|PATCH https://fcrepo.lib.umd.edu/fcrepo/rest/tx:4936b2c5-6012-4986-b4a5-6b0903383492/pcdm/10/8c/dd/1a/108cdd1a-7059-4e7e-9e89-cac35dd3fa24/fcr:metadata
DEBUG|2017-02-27 09:32:33,756|classes.pcdm.Repository|204 No Content
INFO|2017-02-27 09:32:33,756|classes.pcdm.File|Updated 0032.jp2 (service)
INFO|2017-02-27 09:32:33,757|classes.pcdm.File|Updating 0032.pdf (derivative)
DEBUG|2017-02-27 09:32:33,757|classes.pcdm.Repository|PATCH https://fcrepo.lib.umd.edu/fcrepo/rest/tx:4936b2c5-6012-4986-b4a5-6b0903383492/pcdm/7c/f1/13/b0/7cf113b0-9ae3-48fc-bdef-b14ab256fb32/fcr:metadata
DEBUG|2017-02-27 09:32:33,795|classes.pcdm.Repository|204 No Content
INFO|2017-02-27 09:32:33,795|classes.pcdm.File|Updated 0032.pdf (derivative)
INFO|2017-02-27 09:32:33,795|classes.pcdm.File|Updating 0032.xml (ocr)
DEBUG|2017-02-27 09:32:33,795|classes.pcdm.Repository|PATCH https://fcrepo.lib.umd.edu/fcrepo/rest/tx:4936b2c5-6012-4986-b4a5-6b0903383492/pcdm/69/a9/27/e0/69a927e0-7cfb-450a-a3de-ea66d99c672f/fcr:metadata
DEBUG|2017-02-27 09:32:33,847|classes.pcdm.Repository|204 No Content
INFO|2017-02-27 09:32:33,847|classes.pcdm.File|Updated 0032.xml (ocr)
INFO|2017-02-27 09:32:33,848|classes.pcdm.Page|Updating The triangle (College Park, Md.), 1910-04-15, page 4
DEBUG|2017-02-27 09:32:33,848|classes.pcdm.Repository|PATCH https://fcrepo.lib.umd.edu/fcrepo/rest/tx:4936b2c5-6012-4986-b4a5-6b0903383492/pcdm/94/82/79/f0/948279f0-9121-4757-bd37-39d0929adbe4
DEBUG|2017-02-27 09:32:33,903|classes.pcdm.Repository|204 No Content
INFO|2017-02-27 09:32:33,903|classes.pcdm.Page|Updated The triangle (College Park, Md.), 1910-04-15, page 4
INFO|2017-02-27 09:32:33,904|classes.pcdm.File|Updating 0033.tif (master)
DEBUG|2017-02-27 09:32:33,904|classes.pcdm.Repository|PATCH https://fcrepo.lib.umd.edu/fcrepo/rest/tx:4936b2c5-6012-4986-b4a5-6b0903383492/pcdm/fd/22/85/38/fd228538-b37c-41d6-995a-94d151f72ed3/fcr:metadata
DEBUG|2017-02-27 09:32:33,956|classes.pcdm.Repository|204 No Content
INFO|2017-02-27 09:32:33,956|classes.pcdm.File|Updated 0033.tif (master)
INFO|2017-02-27 09:32:33,957|classes.pcdm.File|Updating 0033.jp2 (service)
DEBUG|2017-02-27 09:32:33,957|classes.pcdm.Repository|PATCH https://fcrepo.lib.umd.edu/fcrepo/rest/tx:4936b2c5-6012-4986-b4a5-6b0903383492/pcdm/ab/b5/cb/6d/abb5cb6d-e0fa-4620-8e0b-f1fe0d188bae/fcr:metadata
DEBUG|2017-02-27 09:32:34,007|classes.pcdm.Repository|204 No Content
INFO|2017-02-27 09:32:34,007|classes.pcdm.File|Updated 0033.jp2 (service)
INFO|2017-02-27 09:32:34,008|classes.pcdm.File|Updating 0033.pdf (derivative)
DEBUG|2017-02-27 09:32:34,008|classes.pcdm.Repository|PATCH https://fcrepo.lib.umd.edu/fcrepo/rest/tx:4936b2c5-6012-4986-b4a5-6b0903383492/pcdm/19/fa/65/95/19fa6595-5de8-4b47-87ff-3b9ac5ac13f1/fcr:metadata
DEBUG|2017-02-27 09:32:34,059|classes.pcdm.Repository|204 No Content
INFO|2017-02-27 09:32:34,059|classes.pcdm.File|Updated 0033.pdf (derivative)
INFO|2017-02-27 09:32:34,060|classes.pcdm.File|Updating 0033.xml (ocr)
DEBUG|2017-02-27 09:32:34,060|classes.pcdm.Repository|PATCH https://fcrepo.lib.umd.edu/fcrepo/rest/tx:4936b2c5-6012-4986-b4a5-6b0903383492/pcdm/33/b1/d4/2d/33b1d42d-2814-4fc0-80ec-0cbc768b6ee7/fcr:metadata
DEBUG|2017-02-27 09:32:34,109|classes.pcdm.Repository|204 No Content
INFO|2017-02-27 09:32:34,110|classes.pcdm.File|Updated 0033.xml (ocr)
INFO|2017-02-27 09:32:34,110|classes.pcdm.Article|Updating triangle
DEBUG|2017-02-27 09:32:34,110|classes.pcdm.Repository|PATCH https://fcrepo.lib.umd.edu/fcrepo/rest/tx:4936b2c5-6012-4986-b4a5-6b0903383492/pcdm/2d/b7/bb/7f/2db7bb7f-a4b7-4ca5-888a-3262c85bf737
DEBUG|2017-02-27 09:32:34,159|classes.pcdm.Repository|204 No Content
INFO|2017-02-27 09:32:34,160|classes.pcdm.Article|Updated triangle
INFO|2017-02-27 09:32:34,160|classes.pcdm.Article|Updating triangle
DEBUG|2017-02-27 09:32:34,160|classes.pcdm.Repository|PATCH https://fcrepo.lib.umd.edu/fcrepo/rest/tx:4936b2c5-6012-4986-b4a5-6b0903383492/pcdm/dc/ab/fa/f2/dcabfaf2-dce2-4cb8-996b-9a98780c7e9a
DEBUG|2017-02-27 09:32:34,207|classes.pcdm.Repository|204 No Content
INFO|2017-02-27 09:32:34,207|classes.pcdm.Article|Updated triangle
INFO|2017-02-27 09:32:34,208|classes.pcdm.Article|Updating LOCAL NEWS
DEBUG|2017-02-27 09:32:34,208|classes.pcdm.Repository|PATCH https://fcrepo.lib.umd.edu/fcrepo/rest/tx:4936b2c5-6012-4986-b4a5-6b0903383492/pcdm/4d/c4/ca/5d/4dc4ca5d-3b00-44c9-8a7f-aaa5d97159f8
DEBUG|2017-02-27 09:32:34,254|classes.pcdm.Repository|204 No Content
INFO|2017-02-27 09:32:34,254|classes.pcdm.Article|Updated LOCAL NEWS
INFO|2017-02-27 09:32:34,255|classes.pcdm.Article|Updating ATHLETICS
DEBUG|2017-02-27 09:32:34,255|classes.pcdm.Repository|PATCH https://fcrepo.lib.umd.edu/fcrepo/rest/tx:4936b2c5-6012-4986-b4a5-6b0903383492/pcdm/27/2f/34/a2/272f34a2-73d2-4534-b117-c308e8071d9f
DEBUG|2017-02-27 09:32:34,292|classes.pcdm.Repository|204 No Content
INFO|2017-02-27 09:32:34,292|classes.pcdm.Article|Updated ATHLETICS
INFO|2017-02-27 09:32:34,293|classes.pcdm.Article|Updating TRIANGLE
DEBUG|2017-02-27 09:32:34,293|classes.pcdm.Repository|PATCH https://fcrepo.lib.umd.edu/fcrepo/rest/tx:4936b2c5-6012-4986-b4a5-6b0903383492/pcdm/67/30/5d/73/67305d73-ece8-4e9b-a036-24c22b89e0e5
DEBUG|2017-02-27 09:32:34,324|classes.pcdm.Repository|204 No Content
INFO|2017-02-27 09:32:34,324|classes.pcdm.Article|Updated TRIANGLE
INFO|2017-02-27 09:32:34,325|classes.pcdm.Article|Updating EDITORIAL
DEBUG|2017-02-27 09:32:34,325|classes.pcdm.Repository|PATCH https://fcrepo.lib.umd.edu/fcrepo/rest/tx:4936b2c5-6012-4986-b4a5-6b0903383492/pcdm/ee/08/2c/f5/ee082cf5-7a68-4b70-bb65-dd910066e248
DEBUG|2017-02-27 09:32:34,358|classes.pcdm.Repository|204 No Content
INFO|2017-02-27 09:32:34,358|classes.pcdm.Article|Updated EDITORIAL
INFO|2017-02-27 09:32:34,359|classes.pcdm.Article|Updating SHORT HISTORY OF AGRICULTURE (CONTINUED)
DEBUG|2017-02-27 09:32:34,359|classes.pcdm.Repository|PATCH https://fcrepo.lib.umd.edu/fcrepo/rest/tx:4936b2c5-6012-4986-b4a5-6b0903383492/pcdm/ff/81/37/19/ff813719-b099-43f0-a5ff-33fe67fd14ad
DEBUG|2017-02-27 09:32:34,390|classes.pcdm.Repository|204 No Content
INFO|2017-02-27 09:32:34,390|classes.pcdm.Article|Updated SHORT HISTORY OF AGRICULTURE (CONTINUED)
INFO|2017-02-27 09:32:34,391|classes.pcdm.Article|Updating Y. M. C. A. NOTES
DEBUG|2017-02-27 09:32:34,391|classes.pcdm.Repository|PATCH https://fcrepo.lib.umd.edu/fcrepo/rest/tx:4936b2c5-6012-4986-b4a5-6b0903383492/pcdm/65/4e/6c/08/654e6c08-5707-449e-a256-e1a38de7d1e2
DEBUG|2017-02-27 09:32:34,423|classes.pcdm.Repository|204 No Content
INFO|2017-02-27 09:32:34,423|classes.pcdm.Article|Updated Y. M. C. A. NOTES
INFO|2017-02-27 09:32:34,424|classes.pcdm.Article|Updating ALUMNI
DEBUG|2017-02-27 09:32:34,424|classes.pcdm.Repository|PATCH https://fcrepo.lib.umd.edu/fcrepo/rest/tx:4936b2c5-6012-4986-b4a5-6b0903383492/pcdm/72/93/77/56/72937756-6e4e-4b31-a18b-a2d73476a038
DEBUG|2017-02-27 09:32:34,457|classes.pcdm.Repository|204 No Content
INFO|2017-02-27 09:32:34,457|classes.pcdm.Article|Updated ALUMNI
INFO|2017-02-27 09:32:34,458|classes.pcdm.Article|Updating ALUMNI PERSONALS
DEBUG|2017-02-27 09:32:34,458|classes.pcdm.Repository|PATCH https://fcrepo.lib.umd.edu/fcrepo/rest/tx:4936b2c5-6012-4986-b4a5-6b0903383492/pcdm/dc/f1/1d/1f/dcf11d1f-2181-43a8-911e-f675f18d7756
DEBUG|2017-02-27 09:32:34,490|classes.pcdm.Repository|204 No Content
INFO|2017-02-27 09:32:34,491|classes.pcdm.Article|Updated ALUMNI PERSONALS
INFO|2017-02-27 09:32:34,491|classes.pcdm.IssueMetadata|Updating The triangle (College Park, Md.), 1910-04-15, issue METS metadata
DEBUG|2017-02-27 09:32:34,491|classes.pcdm.Repository|PATCH https://fcrepo.lib.umd.edu/fcrepo/rest/tx:4936b2c5-6012-4986-b4a5-6b0903383492/pcdm/7a/51/31/2a/7a51312a-849d-4f0a-9a9a-9775b6ef26da
DEBUG|2017-02-27 09:32:34,524|classes.pcdm.Repository|204 No Content
INFO|2017-02-27 09:32:34,524|classes.pcdm.IssueMetadata|Updated The triangle (College Park, Md.), 1910-04-15, issue METS metadata
INFO|2017-02-27 09:32:34,525|classes.pcdm.MetadataFile|Updating 1910041501_1.xml
DEBUG|2017-02-27 09:32:34,525|classes.pcdm.Repository|PATCH https://fcrepo.lib.umd.edu/fcrepo/rest/tx:4936b2c5-6012-4986-b4a5-6b0903383492/pcdm/9e/d3/a1/b6/9ed3a1b6-a0bc-4623-98ad-2aedd94c804f/fcr:metadata
DEBUG|2017-02-27 09:32:34,558|classes.pcdm.Repository|204 No Content
INFO|2017-02-27 09:32:34,558|classes.pcdm.MetadataFile|Updated 1910041501_1.xml
INFO|2017-02-27 09:32:34,559|classes.pcdm.IssueMetadata|Updating The triangle (College Park, Md.), 1910-04-15, article METS metadata
DEBUG|2017-02-27 09:32:34,559|classes.pcdm.Repository|PATCH https://fcrepo.lib.umd.edu/fcrepo/rest/tx:4936b2c5-6012-4986-b4a5-6b0903383492/pcdm/db/38/72/b0/db3872b0-ce89-4c91-a58f-a94bec3867c0
DEBUG|2017-02-27 09:32:34,593|classes.pcdm.Repository|204 No Content
INFO|2017-02-27 09:32:34,593|classes.pcdm.IssueMetadata|Updated The triangle (College Park, Md.), 1910-04-15, article METS metadata
INFO|2017-02-27 09:32:34,594|classes.pcdm.MetadataFile|Updating 1910041501.xml
DEBUG|2017-02-27 09:32:34,594|classes.pcdm.Repository|PATCH https://fcrepo.lib.umd.edu/fcrepo/rest/tx:4936b2c5-6012-4986-b4a5-6b0903383492/pcdm/55/c8/0f/3e/55c80f3e-72d8-4e21-8bf2-7da6799ef364/fcr:metadata
DEBUG|2017-02-27 09:32:34,627|classes.pcdm.Repository|204 No Content
INFO|2017-02-27 09:32:34,628|classes.pcdm.MetadataFile|Updated 1910041501.xml
INFO|2017-02-27 09:32:34,628|__main__|Committing transaction
INFO|2017-02-27 09:32:34,628|classes.pcdm.Repository|Committing transaction https://fcrepo.lib.umd.edu/fcrepo/rest/tx:4936b2c5-6012-4986-b4a5-6b0903383492
DEBUG|2017-02-27 09:32:34,628|classes.pcdm.Repository|POST https://fcrepo.lib.umd.edu/fcrepo/rest/tx:4936b2c5-6012-4986-b4a5-6b0903383492/fcr:tx/fcr:commit
DEBUG|2017-02-27 09:32:34,774|classes.pcdm.Repository|204 No Content
INFO|2017-02-27 09:32:34,774|classes.pcdm.Repository|Committed transaction https://fcrepo.lib.umd.edu/fcrepo/rest/tx:4936b2c5-6012-4986-b4a5-6b0903383492
INFO|2017-02-27 09:32:34,774|__main__|Performing post-creation actions
INFO|2017-02-27 09:32:34,776|classes.pcdm.Issue|Completed post-creation actions
INFO|2017-02-27 09:32:34,777|__main__|Processing item 9/3503...
INFO|2017-02-27 09:32:34,777|__main__|Loading item 9
INFO|2017-02-27 09:32:34,777|__main__|Reading item data
INFO|2017-02-27 09:32:34,814|__main__|Opening transaction
INFO|2017-02-27 09:32:34,814|classes.pcdm.Repository|Creating transaction
DEBUG|2017-02-27 09:32:34,814|classes.pcdm.Repository|POST https://fcrepo.lib.umd.edu/fcrepo/rest/fcr:tx
DEBUG|2017-02-27 09:32:34,858|classes.pcdm.Repository|201 Created
INFO|2017-02-27 09:32:34,859|classes.pcdm.Repository|Created transaction https://fcrepo.lib.umd.edu/fcrepo/rest/tx:74740185-9afb-42f7-bce7-4abbd40aaada
INFO|2017-02-27 09:32:34,859|__main__|Creating item
INFO|2017-02-27 09:32:34,859|classes.pcdm.Issue|Creating The triangle (College Park, Md.), 1910-05-01...
DEBUG|2017-02-27 09:32:34,859|classes.pcdm.Repository|POST https://fcrepo.lib.umd.edu/fcrepo/rest/tx:74740185-9afb-42f7-bce7-4abbd40aaada/pcdm
DEBUG|2017-02-27 09:32:34,906|classes.pcdm.Repository|201 Created
INFO|2017-02-27 09:32:34,906|classes.pcdm.Issue|Created The triangle (College Park, Md.), 1910-05-01
INFO|2017-02-27 09:32:34,906|classes.pcdm.Issue|URI: https://fcrepo.lib.umd.edu/fcrepo/rest/pcdm/9f/82/71/68/9f827168-4276-4883-98d8-43e31a259345 / UUID: 9f827168-4276-4883-98d8-43e31a259345
INFO|2017-02-27 09:32:34,907|classes.pcdm.Page|Creating The triangle (College Park, Md.), 1910-05-01, page 1...
DEBUG|2017-02-27 09:32:34,907|classes.pcdm.Repository|POST https://fcrepo.lib.umd.edu/fcrepo/rest/tx:74740185-9afb-42f7-bce7-4abbd40aaada/pcdm
DEBUG|2017-02-27 09:32:34,955|classes.pcdm.Repository|201 Created
INFO|2017-02-27 09:32:34,955|classes.pcdm.Page|Created The triangle (College Park, Md.), 1910-05-01, page 1
INFO|2017-02-27 09:32:34,955|classes.pcdm.Page|URI: https://fcrepo.lib.umd.edu/fcrepo/rest/pcdm/6e/16/73/cf/6e1673cf-b773-403e-bceb-360fbc121ccc / UUID: 6e1673cf-b773-403e-bceb-360fbc121ccc
INFO|2017-02-27 09:32:35,248|classes.pcdm.File|Loading 0034.tif
DEBUG|2017-02-27 09:32:35,259|classes.pcdm.Repository|POST https://fcrepo.lib.umd.edu/fcrepo/rest/tx:74740185-9afb-42f7-bce7-4abbd40aaada/pcdm
DEBUG|2017-02-27 09:32:37,557|classes.pcdm.Repository|201 Created
INFO|2017-02-27 09:32:37,616|classes.pcdm.File|Loading 0034.jp2
DEBUG|2017-02-27 09:32:37,618|classes.pcdm.Repository|POST https://fcrepo.lib.umd.edu/fcrepo/rest/tx:74740185-9afb-42f7-bce7-4abbd40aaada/pcdm
DEBUG|2017-02-27 09:32:37,861|classes.pcdm.Repository|201 Created
INFO|2017-02-27 09:32:37,876|classes.pcdm.File|Loading 0034.pdf
DEBUG|2017-02-27 09:32:37,877|classes.pcdm.Repository|POST https://fcrepo.lib.umd.edu/fcrepo/rest/tx:74740185-9afb-42f7-bce7-4abbd40aaada/pcdm
DEBUG|2017-02-27 09:32:38,012|classes.pcdm.Repository|201 Created
INFO|2017-02-27 09:32:38,015|classes.pcdm.File|Loading 0034.xml
DEBUG|2017-02-27 09:32:38,015|classes.pcdm.Repository|POST https://fcrepo.lib.umd.edu/fcrepo/rest/tx:74740185-9afb-42f7-bce7-4abbd40aaada/pcdm
DEBUG|2017-02-27 09:32:38,065|classes.pcdm.Repository|201 Created
INFO|2017-02-27 09:32:38,066|classes.pcdm.Page|Creating The triangle (College Park, Md.), 1910-05-01, page 2...
DEBUG|2017-02-27 09:32:38,066|classes.pcdm.Repository|POST https://fcrepo.lib.umd.edu/fcrepo/rest/tx:74740185-9afb-42f7-bce7-4abbd40aaada/pcdm
DEBUG|2017-02-27 09:32:38,109|classes.pcdm.Repository|201 Created
INFO|2017-02-27 09:32:38,109|classes.pcdm.Page|Created The triangle (College Park, Md.), 1910-05-01, page 2
INFO|2017-02-27 09:32:38,109|classes.pcdm.Page|URI: https://fcrepo.lib.umd.edu/fcrepo/rest/pcdm/68/59/2e/fc/68592efc-77b8-40a8-a2f0-4fc189be1123 / UUID: 68592efc-77b8-40a8-a2f0-4fc189be1123
INFO|2017-02-27 09:32:38,400|classes.pcdm.File|Loading 0035.tif
DEBUG|2017-02-27 09:32:38,410|classes.pcdm.Repository|POST https://fcrepo.lib.umd.edu/fcrepo/rest/tx:74740185-9afb-42f7-bce7-4abbd40aaada/pcdm
DEBUG|2017-02-27 09:32:40,716|classes.pcdm.Repository|201 Created
INFO|2017-02-27 09:32:40,774|classes.pcdm.File|Loading 0035.jp2
DEBUG|2017-02-27 09:32:40,775|classes.pcdm.Repository|POST https://fcrepo.lib.umd.edu/fcrepo/rest/tx:74740185-9afb-42f7-bce7-4abbd40aaada/pcdm
DEBUG|2017-02-27 09:32:41,091|classes.pcdm.Repository|201 Created
INFO|2017-02-27 09:32:41,102|classes.pcdm.File|Loading 0035.pdf
DEBUG|2017-02-27 09:32:41,103|classes.pcdm.Repository|POST https://fcrepo.lib.umd.edu/fcrepo/rest/tx:74740185-9afb-42f7-bce7-4abbd40aaada/pcdm
DEBUG|2017-02-27 09:32:41,298|classes.pcdm.Repository|201 Created
INFO|2017-02-27 09:32:41,300|classes.pcdm.File|Loading 0035.xml
DEBUG|2017-02-27 09:32:41,300|classes.pcdm.Repository|POST https://fcrepo.lib.umd.edu/fcrepo/rest/tx:74740185-9afb-42f7-bce7-4abbd40aaada/pcdm
DEBUG|2017-02-27 09:32:41,372|classes.pcdm.Repository|201 Created
INFO|2017-02-27 09:32:41,372|classes.pcdm.Page|Creating The triangle (College Park, Md.), 1910-05-01, page 3...
DEBUG|2017-02-27 09:32:41,372|classes.pcdm.Repository|POST https://fcrepo.lib.umd.edu/fcrepo/rest/tx:74740185-9afb-42f7-bce7-4abbd40aaada/pcdm
DEBUG|2017-02-27 09:32:41,425|classes.pcdm.Repository|201 Created
INFO|2017-02-27 09:32:41,425|classes.pcdm.Page|Created The triangle (College Park, Md.), 1910-05-01, page 3
INFO|2017-02-27 09:32:41,426|classes.pcdm.Page|URI: https://fcrepo.lib.umd.edu/fcrepo/rest/pcdm/2b/c9/30/03/2bc93003-3000-401b-80c4-c84fd625f7ba / UUID: 2bc93003-3000-401b-80c4-c84fd625f7ba
INFO|2017-02-27 09:32:41,713|classes.pcdm.File|Loading 0036.tif
DEBUG|2017-02-27 09:32:41,724|classes.pcdm.Repository|POST https://fcrepo.lib.umd.edu/fcrepo/rest/tx:74740185-9afb-42f7-bce7-4abbd40aaada/pcdm
DEBUG|2017-02-27 09:32:43,917|classes.pcdm.Repository|201 Created
INFO|2017-02-27 09:32:43,980|classes.pcdm.File|Loading 0036.jp2
DEBUG|2017-02-27 09:32:43,982|classes.pcdm.Repository|POST https://fcrepo.lib.umd.edu/fcrepo/rest/tx:74740185-9afb-42f7-bce7-4abbd40aaada/pcdm
DEBUG|2017-02-27 09:32:44,165|classes.pcdm.Repository|201 Created
INFO|2017-02-27 09:32:44,179|classes.pcdm.File|Loading 0036.pdf
DEBUG|2017-02-27 09:32:44,180|classes.pcdm.Repository|POST https://fcrepo.lib.umd.edu/fcrepo/rest/tx:74740185-9afb-42f7-bce7-4abbd40aaada/pcdm
DEBUG|2017-02-27 09:32:44,313|classes.pcdm.Repository|201 Created
INFO|2017-02-27 09:32:44,316|classes.pcdm.File|Loading 0036.xml
DEBUG|2017-02-27 09:32:44,316|classes.pcdm.Repository|POST https://fcrepo.lib.umd.edu/fcrepo/rest/tx:74740185-9afb-42f7-bce7-4abbd40aaada/pcdm
DEBUG|2017-02-27 09:32:44,382|classes.pcdm.Repository|201 Created
INFO|2017-02-27 09:32:44,382|classes.pcdm.Page|Creating The triangle (College Park, Md.), 1910-05-01, page 4...
DEBUG|2017-02-27 09:32:44,382|classes.pcdm.Repository|POST https://fcrepo.lib.umd.edu/fcrepo/rest/tx:74740185-9afb-42f7-bce7-4abbd40aaada/pcdm
DEBUG|2017-02-27 09:32:44,424|classes.pcdm.Repository|201 Created
INFO|2017-02-27 09:32:44,424|classes.pcdm.Page|Created The triangle (College Park, Md.), 1910-05-01, page 4
INFO|2017-02-27 09:32:44,424|classes.pcdm.Page|URI: https://fcrepo.lib.umd.edu/fcrepo/rest/pcdm/51/a4/b6/16/51a4b616-8431-4c93-825c-7b2186a22f52 / UUID: 51a4b616-8431-4c93-825c-7b2186a22f52
INFO|2017-02-27 09:32:44,721|classes.pcdm.File|Loading 0037.tif
DEBUG|2017-02-27 09:32:44,732|classes.pcdm.Repository|POST https://fcrepo.lib.umd.edu/fcrepo/rest/tx:74740185-9afb-42f7-bce7-4abbd40aaada/pcdm
DEBUG|2017-02-27 09:32:46,196|classes.pcdm.Repository|201 Created
INFO|2017-02-27 09:32:46,237|classes.pcdm.File|Loading 0037.jp2
DEBUG|2017-02-27 09:32:46,239|classes.pcdm.Repository|POST https://fcrepo.lib.umd.edu/fcrepo/rest/tx:74740185-9afb-42f7-bce7-4abbd40aaada/pcdm
DEBUG|2017-02-27 09:32:46,437|classes.pcdm.Repository|201 Created
INFO|2017-02-27 09:32:46,450|classes.pcdm.File|Loading 0037.pdf
DEBUG|2017-02-27 09:32:46,451|classes.pcdm.Repository|POST https://fcrepo.lib.umd.edu/fcrepo/rest/tx:74740185-9afb-42f7-bce7-4abbd40aaada/pcdm
DEBUG|2017-02-27 09:32:46,560|classes.pcdm.Repository|201 Created
INFO|2017-02-27 09:32:46,562|classes.pcdm.File|Loading 0037.xml
DEBUG|2017-02-27 09:32:46,563|classes.pcdm.Repository|POST https://fcrepo.lib.umd.edu/fcrepo/rest/tx:74740185-9afb-42f7-bce7-4abbd40aaada/pcdm
DEBUG|2017-02-27 09:32:46,603|classes.pcdm.Repository|201 Created
INFO|2017-02-27 09:32:46,603|classes.pcdm.Article|Creating triangle...
DEBUG|2017-02-27 09:32:46,603|classes.pcdm.Repository|POST https://fcrepo.lib.umd.edu/fcrepo/rest/tx:74740185-9afb-42f7-bce7-4abbd40aaada/pcdm
DEBUG|2017-02-27 09:32:46,631|classes.pcdm.Repository|201 Created
INFO|2017-02-27 09:32:46,631|classes.pcdm.Article|Created triangle
INFO|2017-02-27 09:32:46,631|classes.pcdm.Article|URI: https://fcrepo.lib.umd.edu/fcrepo/rest/pcdm/2d/6b/f0/35/2d6bf035-f319-4bda-af11-52d55a64b917 / UUID: 2d6bf035-f319-4bda-af11-52d55a64b917
INFO|2017-02-27 09:32:46,631|classes.pcdm.Article|Creating triangle...
DEBUG|2017-02-27 09:32:46,631|classes.pcdm.Repository|POST https://fcrepo.lib.umd.edu/fcrepo/rest/tx:74740185-9afb-42f7-bce7-4abbd40aaada/pcdm
DEBUG|2017-02-27 09:32:46,662|classes.pcdm.Repository|201 Created
INFO|2017-02-27 09:32:46,663|classes.pcdm.Article|Created triangle
INFO|2017-02-27 09:32:46,663|classes.pcdm.Article|URI: https://fcrepo.lib.umd.edu/fcrepo/rest/pcdm/df/d9/7e/4e/dfd97e4e-c31c-4121-ad4c-2d469d3980b6 / UUID: dfd97e4e-c31c-4121-ad4c-2d469d3980b6
INFO|2017-02-27 09:32:46,663|classes.pcdm.Article|Creating LOCAL NEWS...
DEBUG|2017-02-27 09:32:46,663|classes.pcdm.Repository|POST https://fcrepo.lib.umd.edu/fcrepo/rest/tx:74740185-9afb-42f7-bce7-4abbd40aaada/pcdm
DEBUG|2017-02-27 09:32:46,693|classes.pcdm.Repository|201 Created
INFO|2017-02-27 09:32:46,693|classes.pcdm.Article|Created LOCAL NEWS
INFO|2017-02-27 09:32:46,694|classes.pcdm.Article|URI: https://fcrepo.lib.umd.edu/fcrepo/rest/pcdm/fe/69/3f/5e/fe693f5e-daa0-42cb-8e5b-fc8847cca671 / UUID: fe693f5e-daa0-42cb-8e5b-fc8847cca671
INFO|2017-02-27 09:32:46,694|classes.pcdm.Article|Creating ATHLETICS...
DEBUG|2017-02-27 09:32:46,694|classes.pcdm.Repository|POST https://fcrepo.lib.umd.edu/fcrepo/rest/tx:74740185-9afb-42f7-bce7-4abbd40aaada/pcdm
DEBUG|2017-02-27 09:32:46,724|classes.pcdm.Repository|201 Created
INFO|2017-02-27 09:32:46,724|classes.pcdm.Article|Created ATHLETICS
INFO|2017-02-27 09:32:46,724|classes.pcdm.Article|URI: https://fcrepo.lib.umd.edu/fcrepo/rest/pcdm/94/d1/ef/5a/94d1ef5a-86f1-48f3-820c-53d19f69e0d0 / UUID: 94d1ef5a-86f1-48f3-820c-53d19f69e0d0
INFO|2017-02-27 09:32:46,724|classes.pcdm.Article|Creating TRIANGLE...
DEBUG|2017-02-27 09:32:46,724|classes.pcdm.Repository|POST https://fcrepo.lib.umd.edu/fcrepo/rest/tx:74740185-9afb-42f7-bce7-4abbd40aaada/pcdm
DEBUG|2017-02-27 09:32:46,754|classes.pcdm.Repository|201 Created
INFO|2017-02-27 09:32:46,754|classes.pcdm.Article|Created TRIANGLE
INFO|2017-02-27 09:32:46,754|classes.pcdm.Article|URI: https://fcrepo.lib.umd.edu/fcrepo/rest/pcdm/3f/e4/43/ed/3fe443ed-db7e-45e7-8a98-8aa47302d176 / UUID: 3fe443ed-db7e-45e7-8a98-8aa47302d176
INFO|2017-02-27 09:32:46,754|classes.pcdm.Article|Creating EDITORIAL...
DEBUG|2017-02-27 09:32:46,754|classes.pcdm.Repository|POST https://fcrepo.lib.umd.edu/fcrepo/rest/tx:74740185-9afb-42f7-bce7-4abbd40aaada/pcdm
DEBUG|2017-02-27 09:32:46,785|classes.pcdm.Repository|201 Created
INFO|2017-02-27 09:32:46,785|classes.pcdm.Article|Created EDITORIAL
INFO|2017-02-27 09:32:46,785|classes.pcdm.Article|URI: https://fcrepo.lib.umd.edu/fcrepo/rest/pcdm/a9/01/7a/13/a9017a13-c5ff-4f14-aa6f-8123428f0f48 / UUID: a9017a13-c5ff-4f14-aa6f-8123428f0f48
INFO|2017-02-27 09:32:46,785|classes.pcdm.Article|Creating SHORT HISTORY OF AGRICULTURE (CONCLUDED.)...
DEBUG|2017-02-27 09:32:46,785|classes.pcdm.Repository|POST https://fcrepo.lib.umd.edu/fcrepo/rest/tx:74740185-9afb-42f7-bce7-4abbd40aaada/pcdm
DEBUG|2017-02-27 09:32:46,827|classes.pcdm.Repository|201 Created
INFO|2017-02-27 09:32:46,828|classes.pcdm.Article|Created SHORT HISTORY OF AGRICULTURE (CONCLUDED.)
INFO|2017-02-27 09:32:46,828|classes.pcdm.Article|URI: https://fcrepo.lib.umd.edu/fcrepo/rest/pcdm/e8/b9/ed/cc/e8b9edcc-e286-4f25-bb09-02e4a9a0e45a / UUID: e8b9edcc-e286-4f25-bb09-02e4a9a0e45a
INFO|2017-02-27 09:32:46,828|classes.pcdm.Article|Creating ALUMNI...
DEBUG|2017-02-27 09:32:46,828|classes.pcdm.Repository|POST https://fcrepo.lib.umd.edu/fcrepo/rest/tx:74740185-9afb-42f7-bce7-4abbd40aaada/pcdm
DEBUG|2017-02-27 09:32:46,871|classes.pcdm.Repository|201 Created
INFO|2017-02-27 09:32:46,871|classes.pcdm.Article|Created ALUMNI
INFO|2017-02-27 09:32:46,872|classes.pcdm.Article|URI: https://fcrepo.lib.umd.edu/fcrepo/rest/pcdm/a5/6f/2a/00/a56f2a00-6685-41d7-950e-fe5dafbd708f / UUID: a56f2a00-6685-41d7-950e-fe5dafbd708f
INFO|2017-02-27 09:32:46,872|classes.pcdm.IssueMetadata|Creating The triangle (College Park, Md.), 1910-05-01, issue METS metadata...
DEBUG|2017-02-27 09:32:46,872|classes.pcdm.Repository|POST https://fcrepo.lib.umd.edu/fcrepo/rest/tx:74740185-9afb-42f7-bce7-4abbd40aaada/pcdm
DEBUG|2017-02-27 09:32:46,914|classes.pcdm.Repository|201 Created
INFO|2017-02-27 09:32:46,914|classes.pcdm.IssueMetadata|Created The triangle (College Park, Md.), 1910-05-01, issue METS metadata
INFO|2017-02-27 09:32:46,914|classes.pcdm.IssueMetadata|URI: https://fcrepo.lib.umd.edu/fcrepo/rest/pcdm/7f/44/aa/f3/7f44aaf3-f2be-4992-9c82-32454b6c23fc / UUID: 7f44aaf3-f2be-4992-9c82-32454b6c23fc
INFO|2017-02-27 09:32:46,914|classes.pcdm.MetadataFile|Loading 1910050101_1.xml
DEBUG|2017-02-27 09:32:46,914|classes.pcdm.Repository|POST https://fcrepo.lib.umd.edu/fcrepo/rest/tx:74740185-9afb-42f7-bce7-4abbd40aaada/pcdm
DEBUG|2017-02-27 09:32:46,961|classes.pcdm.Repository|201 Created
INFO|2017-02-27 09:32:46,962|classes.pcdm.IssueMetadata|Creating The triangle (College Park, Md.), 1910-05-01, article METS metadata...
DEBUG|2017-02-27 09:32:46,962|classes.pcdm.Repository|POST https://fcrepo.lib.umd.edu/fcrepo/rest/tx:74740185-9afb-42f7-bce7-4abbd40aaada/pcdm
DEBUG|2017-02-27 09:32:47,012|classes.pcdm.Repository|201 Created
INFO|2017-02-27 09:32:47,012|classes.pcdm.IssueMetadata|Created The triangle (College Park, Md.), 1910-05-01, article METS metadata
INFO|2017-02-27 09:32:47,012|classes.pcdm.IssueMetadata|URI: https://fcrepo.lib.umd.edu/fcrepo/rest/pcdm/93/fc/f8/c7/93fcf8c7-ff36-4eed-8a47-52666df1f823 / UUID: 93fcf8c7-ff36-4eed-8a47-52666df1f823
INFO|2017-02-27 09:32:47,012|classes.pcdm.MetadataFile|Loading 1910050101.xml
DEBUG|2017-02-27 09:32:47,012|classes.pcdm.Repository|POST https://fcrepo.lib.umd.edu/fcrepo/rest/tx:74740185-9afb-42f7-bce7-4abbd40aaada/pcdm
DEBUG|2017-02-27 09:32:47,059|classes.pcdm.Repository|201 Created
INFO|2017-02-27 09:32:47,059|__main__|Creating ordering proxies
INFO|2017-02-27 09:32:47,060|classes.pcdm.Proxy|Creating Proxy for Page 1 in The triangle (College Park, Md.), 1910-05-01...
DEBUG|2017-02-27 09:32:47,060|classes.pcdm.Repository|PUT https://fcrepo.lib.umd.edu/fcrepo/rest/tx:74740185-9afb-42f7-bce7-4abbd40aaada/pcdm/6e/16/73/cf/6e1673cf-b773-403e-bceb-360fbc121ccc/9f827168-4276-4883-98d8-43e31a259345
DEBUG|2017-02-27 09:32:47,102|classes.pcdm.Repository|201 Created
INFO|2017-02-27 09:32:47,102|classes.pcdm.Proxy|Created Proxy for Page 1 in The triangle (College Park, Md.), 1910-05-01
INFO|2017-02-27 09:32:47,102|classes.pcdm.Proxy|URI: https://fcrepo.lib.umd.edu/fcrepo/rest/pcdm/6e/16/73/cf/6e1673cf-b773-403e-bceb-360fbc121ccc/9f827168-4276-4883-98d8-43e31a259345 / UUID: 9f827168-4276-4883-98d8-43e31a259345
INFO|2017-02-27 09:32:47,103|classes.pcdm.Proxy|Creating Proxy for Page 2 in The triangle (College Park, Md.), 1910-05-01...
DEBUG|2017-02-27 09:32:47,103|classes.pcdm.Repository|PUT https://fcrepo.lib.umd.edu/fcrepo/rest/tx:74740185-9afb-42f7-bce7-4abbd40aaada/pcdm/68/59/2e/fc/68592efc-77b8-40a8-a2f0-4fc189be1123/9f827168-4276-4883-98d8-43e31a259345
DEBUG|2017-02-27 09:32:47,144|classes.pcdm.Repository|201 Created
INFO|2017-02-27 09:32:47,144|classes.pcdm.Proxy|Created Proxy for Page 2 in The triangle (College Park, Md.), 1910-05-01
INFO|2017-02-27 09:32:47,144|classes.pcdm.Proxy|URI: https://fcrepo.lib.umd.edu/fcrepo/rest/pcdm/68/59/2e/fc/68592efc-77b8-40a8-a2f0-4fc189be1123/9f827168-4276-4883-98d8-43e31a259345 / UUID: 9f827168-4276-4883-98d8-43e31a259345
INFO|2017-02-27 09:32:47,144|classes.pcdm.Proxy|Creating Proxy for Page 3 in The triangle (College Park, Md.), 1910-05-01...
DEBUG|2017-02-27 09:32:47,144|classes.pcdm.Repository|PUT https://fcrepo.lib.umd.edu/fcrepo/rest/tx:74740185-9afb-42f7-bce7-4abbd40aaada/pcdm/2b/c9/30/03/2bc93003-3000-401b-80c4-c84fd625f7ba/9f827168-4276-4883-98d8-43e31a259345
DEBUG|2017-02-27 09:32:47,186|classes.pcdm.Repository|201 Created
INFO|2017-02-27 09:32:47,186|classes.pcdm.Proxy|Created Proxy for Page 3 in The triangle (College Park, Md.), 1910-05-01
INFO|2017-02-27 09:32:47,186|classes.pcdm.Proxy|URI: https://fcrepo.lib.umd.edu/fcrepo/rest/pcdm/2b/c9/30/03/2bc93003-3000-401b-80c4-c84fd625f7ba/9f827168-4276-4883-98d8-43e31a259345 / UUID: 9f827168-4276-4883-98d8-43e31a259345
INFO|2017-02-27 09:32:47,186|classes.pcdm.Proxy|Creating Proxy for Page 4 in The triangle (College Park, Md.), 1910-05-01...
DEBUG|2017-02-27 09:32:47,186|classes.pcdm.Repository|PUT https://fcrepo.lib.umd.edu/fcrepo/rest/tx:74740185-9afb-42f7-bce7-4abbd40aaada/pcdm/51/a4/b6/16/51a4b616-8431-4c93-825c-7b2186a22f52/9f827168-4276-4883-98d8-43e31a259345
DEBUG|2017-02-27 09:32:47,235|classes.pcdm.Repository|201 Created
INFO|2017-02-27 09:32:47,235|classes.pcdm.Proxy|Created Proxy for Page 4 in The triangle (College Park, Md.), 1910-05-01
INFO|2017-02-27 09:32:47,235|classes.pcdm.Proxy|URI: https://fcrepo.lib.umd.edu/fcrepo/rest/pcdm/51/a4/b6/16/51a4b616-8431-4c93-825c-7b2186a22f52/9f827168-4276-4883-98d8-43e31a259345 / UUID: 9f827168-4276-4883-98d8-43e31a259345
INFO|2017-02-27 09:32:47,235|classes.pcdm.Proxy|Updating Proxy for Page 1 in The triangle (College Park, Md.), 1910-05-01
DEBUG|2017-02-27 09:32:47,236|classes.pcdm.Repository|PATCH https://fcrepo.lib.umd.edu/fcrepo/rest/tx:74740185-9afb-42f7-bce7-4abbd40aaada/pcdm/6e/16/73/cf/6e1673cf-b773-403e-bceb-360fbc121ccc/9f827168-4276-4883-98d8-43e31a259345
DEBUG|2017-02-27 09:32:47,279|classes.pcdm.Repository|204 No Content
INFO|2017-02-27 09:32:47,279|classes.pcdm.Proxy|Updated Proxy for Page 1 in The triangle (College Park, Md.), 1910-05-01
INFO|2017-02-27 09:32:47,279|classes.pcdm.Proxy|Updating Proxy for Page 2 in The triangle (College Park, Md.), 1910-05-01
DEBUG|2017-02-27 09:32:47,280|classes.pcdm.Repository|PATCH https://fcrepo.lib.umd.edu/fcrepo/rest/tx:74740185-9afb-42f7-bce7-4abbd40aaada/pcdm/68/59/2e/fc/68592efc-77b8-40a8-a2f0-4fc189be1123/9f827168-4276-4883-98d8-43e31a259345
DEBUG|2017-02-27 09:32:47,322|classes.pcdm.Repository|204 No Content
INFO|2017-02-27 09:32:47,322|classes.pcdm.Proxy|Updated Proxy for Page 2 in The triangle (College Park, Md.), 1910-05-01
INFO|2017-02-27 09:32:47,323|classes.pcdm.Proxy|Updating Proxy for Page 3 in The triangle (College Park, Md.), 1910-05-01
DEBUG|2017-02-27 09:32:47,323|classes.pcdm.Repository|PATCH https://fcrepo.lib.umd.edu/fcrepo/rest/tx:74740185-9afb-42f7-bce7-4abbd40aaada/pcdm/2b/c9/30/03/2bc93003-3000-401b-80c4-c84fd625f7ba/9f827168-4276-4883-98d8-43e31a259345
DEBUG|2017-02-27 09:32:47,367|classes.pcdm.Repository|204 No Content
INFO|2017-02-27 09:32:47,367|classes.pcdm.Proxy|Updated Proxy for Page 3 in The triangle (College Park, Md.), 1910-05-01
INFO|2017-02-27 09:32:47,368|classes.pcdm.Proxy|Updating Proxy for Page 4 in The triangle (College Park, Md.), 1910-05-01
DEBUG|2017-02-27 09:32:47,368|classes.pcdm.Repository|PATCH https://fcrepo.lib.umd.edu/fcrepo/rest/tx:74740185-9afb-42f7-bce7-4abbd40aaada/pcdm/51/a4/b6/16/51a4b616-8431-4c93-825c-7b2186a22f52/9f827168-4276-4883-98d8-43e31a259345
DEBUG|2017-02-27 09:32:47,412|classes.pcdm.Repository|204 No Content
INFO|2017-02-27 09:32:47,412|classes.pcdm.Proxy|Updated Proxy for Page 4 in The triangle (College Park, Md.), 1910-05-01
INFO|2017-02-27 09:32:47,412|__main__|Updating relationship triples
INFO|2017-02-27 09:32:47,415|__main__|Updating item and components
INFO|2017-02-27 09:32:47,416|classes.pcdm.Issue|Updating The triangle (College Park, Md.), 1910-05-01
DEBUG|2017-02-27 09:32:47,416|classes.pcdm.Repository|PATCH https://fcrepo.lib.umd.edu/fcrepo/rest/tx:74740185-9afb-42f7-bce7-4abbd40aaada/pcdm/9f/82/71/68/9f827168-4276-4883-98d8-43e31a259345
DEBUG|2017-02-27 09:32:47,472|classes.pcdm.Repository|204 No Content
INFO|2017-02-27 09:32:47,472|classes.pcdm.Issue|Updated The triangle (College Park, Md.), 1910-05-01
INFO|2017-02-27 09:32:47,473|classes.pcdm.Page|Updating The triangle (College Park, Md.), 1910-05-01, page 1
DEBUG|2017-02-27 09:32:47,473|classes.pcdm.Repository|PATCH https://fcrepo.lib.umd.edu/fcrepo/rest/tx:74740185-9afb-42f7-bce7-4abbd40aaada/pcdm/6e/16/73/cf/6e1673cf-b773-403e-bceb-360fbc121ccc
DEBUG|2017-02-27 09:32:47,521|classes.pcdm.Repository|204 No Content
INFO|2017-02-27 09:32:47,521|classes.pcdm.Page|Updated The triangle (College Park, Md.), 1910-05-01, page 1
INFO|2017-02-27 09:32:47,522|classes.pcdm.File|Updating 0034.tif (master)
DEBUG|2017-02-27 09:32:47,522|classes.pcdm.Repository|PATCH https://fcrepo.lib.umd.edu/fcrepo/rest/tx:74740185-9afb-42f7-bce7-4abbd40aaada/pcdm/01/1b/1f/b0/011b1fb0-e564-4153-bf76-615f4dade44d/fcr:metadata
DEBUG|2017-02-27 09:32:47,571|classes.pcdm.Repository|204 No Content
INFO|2017-02-27 09:32:47,571|classes.pcdm.File|Updated 0034.tif (master)
INFO|2017-02-27 09:32:47,572|classes.pcdm.File|Updating 0034.jp2 (service)
DEBUG|2017-02-27 09:32:47,572|classes.pcdm.Repository|PATCH https://fcrepo.lib.umd.edu/fcrepo/rest/tx:74740185-9afb-42f7-bce7-4abbd40aaada/pcdm/72/cf/97/76/72cf9776-ea0c-41ad-aadc-722ede1139d5/fcr:metadata
DEBUG|2017-02-27 09:32:47,620|classes.pcdm.Repository|204 No Content
INFO|2017-02-27 09:32:47,620|classes.pcdm.File|Updated 0034.jp2 (service)
INFO|2017-02-27 09:32:47,621|classes.pcdm.File|Updating 0034.pdf (derivative)
DEBUG|2017-02-27 09:32:47,621|classes.pcdm.Repository|PATCH https://fcrepo.lib.umd.edu/fcrepo/rest/tx:74740185-9afb-42f7-bce7-4abbd40aaada/pcdm/a2/da/48/74/a2da4874-1512-42cd-9ce3-4f90bd5d56a0/fcr:metadata
DEBUG|2017-02-27 09:32:47,670|classes.pcdm.Repository|204 No Content
INFO|2017-02-27 09:32:47,671|classes.pcdm.File|Updated 0034.pdf (derivative)
INFO|2017-02-27 09:32:47,671|classes.pcdm.File|Updating 0034.xml (ocr)
DEBUG|2017-02-27 09:32:47,671|classes.pcdm.Repository|PATCH https://fcrepo.lib.umd.edu/fcrepo/rest/tx:74740185-9afb-42f7-bce7-4abbd40aaada/pcdm/ba/55/5f/f6/ba555ff6-8258-4da7-babc-3d4a729ded69/fcr:metadata
DEBUG|2017-02-27 09:32:47,719|classes.pcdm.Repository|204 No Content
INFO|2017-02-27 09:32:47,719|classes.pcdm.File|Updated 0034.xml (ocr)
INFO|2017-02-27 09:32:47,719|classes.pcdm.Page|Updating The triangle (College Park, Md.), 1910-05-01, page 2
DEBUG|2017-02-27 09:32:47,720|classes.pcdm.Repository|PATCH https://fcrepo.lib.umd.edu/fcrepo/rest/tx:74740185-9afb-42f7-bce7-4abbd40aaada/pcdm/68/59/2e/fc/68592efc-77b8-40a8-a2f0-4fc189be1123
DEBUG|2017-02-27 09:32:47,769|classes.pcdm.Repository|204 No Content
INFO|2017-02-27 09:32:47,769|classes.pcdm.Page|Updated The triangle (College Park, Md.), 1910-05-01, page 2
INFO|2017-02-27 09:32:47,770|classes.pcdm.File|Updating 0035.tif (master)
DEBUG|2017-02-27 09:32:47,770|classes.pcdm.Repository|PATCH https://fcrepo.lib.umd.edu/fcrepo/rest/tx:74740185-9afb-42f7-bce7-4abbd40aaada/pcdm/fb/c0/56/00/fbc05600-74cb-4106-8755-024457f91891/fcr:metadata
DEBUG|2017-02-27 09:32:47,821|classes.pcdm.Repository|204 No Content
INFO|2017-02-27 09:32:47,822|classes.pcdm.File|Updated 0035.tif (master)
INFO|2017-02-27 09:32:47,822|classes.pcdm.File|Updating 0035.jp2 (service)
DEBUG|2017-02-27 09:32:47,822|classes.pcdm.Repository|PATCH https://fcrepo.lib.umd.edu/fcrepo/rest/tx:74740185-9afb-42f7-bce7-4abbd40aaada/pcdm/e7/2f/9a/53/e72f9a53-bc21-474c-9a94-4d932d3e124d/fcr:metadata
DEBUG|2017-02-27 09:32:47,875|classes.pcdm.Repository|204 No Content
INFO|2017-02-27 09:32:47,875|classes.pcdm.File|Updated 0035.jp2 (service)
INFO|2017-02-27 09:32:47,876|classes.pcdm.File|Updating 0035.pdf (derivative)
DEBUG|2017-02-27 09:32:47,876|classes.pcdm.Repository|PATCH https://fcrepo.lib.umd.edu/fcrepo/rest/tx:74740185-9afb-42f7-bce7-4abbd40aaada/pcdm/0c/fc/66/03/0cfc6603-8ed0-4265-b964-1377391b86d1/fcr:metadata
DEBUG|2017-02-27 09:32:47,925|classes.pcdm.Repository|204 No Content
INFO|2017-02-27 09:32:47,925|classes.pcdm.File|Updated 0035.pdf (derivative)
INFO|2017-02-27 09:32:47,925|classes.pcdm.File|Updating 0035.xml (ocr)
DEBUG|2017-02-27 09:32:47,925|classes.pcdm.Repository|PATCH https://fcrepo.lib.umd.edu/fcrepo/rest/tx:74740185-9afb-42f7-bce7-4abbd40aaada/pcdm/d6/48/7d/47/d6487d47-c099-4abd-aff1-6ea9f049b955/fcr:metadata
DEBUG|2017-02-27 09:32:47,977|classes.pcdm.Repository|204 No Content
INFO|2017-02-27 09:32:47,977|classes.pcdm.File|Updated 0035.xml (ocr)
INFO|2017-02-27 09:32:47,978|classes.pcdm.Page|Updating The triangle (College Park, Md.), 1910-05-01, page 3
DEBUG|2017-02-27 09:32:47,978|classes.pcdm.Repository|PATCH https://fcrepo.lib.umd.edu/fcrepo/rest/tx:74740185-9afb-42f7-bce7-4abbd40aaada/pcdm/2b/c9/30/03/2bc93003-3000-401b-80c4-c84fd625f7ba
DEBUG|2017-02-27 09:32:48,033|classes.pcdm.Repository|204 No Content
INFO|2017-02-27 09:32:48,033|classes.pcdm.Page|Updated The triangle (College Park, Md.), 1910-05-01, page 3
INFO|2017-02-27 09:32:48,034|classes.pcdm.File|Updating 0036.tif (master)
DEBUG|2017-02-27 09:32:48,034|classes.pcdm.Repository|PATCH https://fcrepo.lib.umd.edu/fcrepo/rest/tx:74740185-9afb-42f7-bce7-4abbd40aaada/pcdm/09/12/9b/c6/09129bc6-4ca4-443e-b6a9-c53fbd1835d8/fcr:metadata
DEBUG|2017-02-27 09:32:48,088|classes.pcdm.Repository|204 No Content
INFO|2017-02-27 09:32:48,088|classes.pcdm.File|Updated 0036.tif (master)
INFO|2017-02-27 09:32:48,089|classes.pcdm.File|Updating 0036.jp2 (service)
DEBUG|2017-02-27 09:32:48,089|classes.pcdm.Repository|PATCH https://fcrepo.lib.umd.edu/fcrepo/rest/tx:74740185-9afb-42f7-bce7-4abbd40aaada/pcdm/c0/fe/57/a8/c0fe57a8-a4bf-4e0f-ac6d-dba5ac39abcc/fcr:metadata
DEBUG|2017-02-27 09:32:48,139|classes.pcdm.Repository|204 No Content
INFO|2017-02-27 09:32:48,140|classes.pcdm.File|Updated 0036.jp2 (service)
INFO|2017-02-27 09:32:48,140|classes.pcdm.File|Updating 0036.pdf (derivative)
DEBUG|2017-02-27 09:32:48,140|classes.pcdm.Repository|PATCH https://fcrepo.lib.umd.edu/fcrepo/rest/tx:74740185-9afb-42f7-bce7-4abbd40aaada/pcdm/4e/7a/b1/e9/4e7ab1e9-90c4-4ce7-9d01-4314a33a15a4/fcr:metadata
DEBUG|2017-02-27 09:32:48,189|classes.pcdm.Repository|204 No Content
INFO|2017-02-27 09:32:48,189|classes.pcdm.File|Updated 0036.pdf (derivative)
INFO|2017-02-27 09:32:48,190|classes.pcdm.File|Updating 0036.xml (ocr)
DEBUG|2017-02-27 09:32:48,190|classes.pcdm.Repository|PATCH https://fcrepo.lib.umd.edu/fcrepo/rest/tx:74740185-9afb-42f7-bce7-4abbd40aaada/pcdm/10/e0/4e/3a/10e04e3a-30d3-406e-89bb-2eafa072a40c/fcr:metadata
DEBUG|2017-02-27 09:32:48,236|classes.pcdm.Repository|204 No Content
INFO|2017-02-27 09:32:48,236|classes.pcdm.File|Updated 0036.xml (ocr)
INFO|2017-02-27 09:32:48,237|classes.pcdm.Page|Updating The triangle (College Park, Md.), 1910-05-01, page 4
DEBUG|2017-02-27 09:32:48,237|classes.pcdm.Repository|PATCH https://fcrepo.lib.umd.edu/fcrepo/rest/tx:74740185-9afb-42f7-bce7-4abbd40aaada/pcdm/51/a4/b6/16/51a4b616-8431-4c93-825c-7b2186a22f52
DEBUG|2017-02-27 09:32:48,288|classes.pcdm.Repository|204 No Content
INFO|2017-02-27 09:32:48,289|classes.pcdm.Page|Updated The triangle (College Park, Md.), 1910-05-01, page 4
INFO|2017-02-27 09:32:48,289|classes.pcdm.File|Updating 0037.tif (master)
DEBUG|2017-02-27 09:32:48,289|classes.pcdm.Repository|PATCH https://fcrepo.lib.umd.edu/fcrepo/rest/tx:74740185-9afb-42f7-bce7-4abbd40aaada/pcdm/3c/6c/a9/d9/3c6ca9d9-3fcf-4e76-b70c-966fa77b4c30/fcr:metadata
DEBUG|2017-02-27 09:32:48,340|classes.pcdm.Repository|204 No Content
INFO|2017-02-27 09:32:48,340|classes.pcdm.File|Updated 0037.tif (master)
INFO|2017-02-27 09:32:48,341|classes.pcdm.File|Updating 0037.jp2 (service)
DEBUG|2017-02-27 09:32:48,341|classes.pcdm.Repository|PATCH https://fcrepo.lib.umd.edu/fcrepo/rest/tx:74740185-9afb-42f7-bce7-4abbd40aaada/pcdm/de/59/b4/57/de59b457-5e77-43af-9011-907f266c8ae5/fcr:metadata
DEBUG|2017-02-27 09:32:48,391|classes.pcdm.Repository|204 No Content
INFO|2017-02-27 09:32:48,391|classes.pcdm.File|Updated 0037.jp2 (service)
INFO|2017-02-27 09:32:48,391|classes.pcdm.File|Updating 0037.pdf (derivative)
DEBUG|2017-02-27 09:32:48,391|classes.pcdm.Repository|PATCH https://fcrepo.lib.umd.edu/fcrepo/rest/tx:74740185-9afb-42f7-bce7-4abbd40aaada/pcdm/d9/21/70/71/d9217071-b638-4084-ae26-5b4061bf081e/fcr:metadata
DEBUG|2017-02-27 09:32:48,441|classes.pcdm.Repository|204 No Content
INFO|2017-02-27 09:32:48,441|classes.pcdm.File|Updated 0037.pdf (derivative)
INFO|2017-02-27 09:32:48,441|classes.pcdm.File|Updating 0037.xml (ocr)
DEBUG|2017-02-27 09:32:48,441|classes.pcdm.Repository|PATCH https://fcrepo.lib.umd.edu/fcrepo/rest/tx:74740185-9afb-42f7-bce7-4abbd40aaada/pcdm/45/7e/31/b3/457e31b3-948e-4c22-bdef-13fbbde90920/fcr:metadata
DEBUG|2017-02-27 09:32:48,493|classes.pcdm.Repository|204 No Content
INFO|2017-02-27 09:32:48,493|classes.pcdm.File|Updated 0037.xml (ocr)
INFO|2017-02-27 09:32:48,494|classes.pcdm.Article|Updating triangle
DEBUG|2017-02-27 09:32:48,494|classes.pcdm.Repository|PATCH https://fcrepo.lib.umd.edu/fcrepo/rest/tx:74740185-9afb-42f7-bce7-4abbd40aaada/pcdm/2d/6b/f0/35/2d6bf035-f319-4bda-af11-52d55a64b917
DEBUG|2017-02-27 09:32:48,543|classes.pcdm.Repository|204 No Content
INFO|2017-02-27 09:32:48,543|classes.pcdm.Article|Updated triangle
INFO|2017-02-27 09:32:48,544|classes.pcdm.Article|Updating triangle
DEBUG|2017-02-27 09:32:48,544|classes.pcdm.Repository|PATCH https://fcrepo.lib.umd.edu/fcrepo/rest/tx:74740185-9afb-42f7-bce7-4abbd40aaada/pcdm/df/d9/7e/4e/dfd97e4e-c31c-4121-ad4c-2d469d3980b6
DEBUG|2017-02-27 09:32:48,596|classes.pcdm.Repository|204 No Content
INFO|2017-02-27 09:32:48,596|classes.pcdm.Article|Updated triangle
INFO|2017-02-27 09:32:48,596|classes.pcdm.Article|Updating LOCAL NEWS
DEBUG|2017-02-27 09:32:48,596|classes.pcdm.Repository|PATCH https://fcrepo.lib.umd.edu/fcrepo/rest/tx:74740185-9afb-42f7-bce7-4abbd40aaada/pcdm/fe/69/3f/5e/fe693f5e-daa0-42cb-8e5b-fc8847cca671
DEBUG|2017-02-27 09:32:48,645|classes.pcdm.Repository|204 No Content
INFO|2017-02-27 09:32:48,645|classes.pcdm.Article|Updated LOCAL NEWS
INFO|2017-02-27 09:32:48,646|classes.pcdm.Article|Updating ATHLETICS
DEBUG|2017-02-27 09:32:48,646|classes.pcdm.Repository|PATCH https://fcrepo.lib.umd.edu/fcrepo/rest/tx:74740185-9afb-42f7-bce7-4abbd40aaada/pcdm/94/d1/ef/5a/94d1ef5a-86f1-48f3-820c-53d19f69e0d0
DEBUG|2017-02-27 09:32:48,698|classes.pcdm.Repository|204 No Content
INFO|2017-02-27 09:32:48,698|classes.pcdm.Article|Updated ATHLETICS
INFO|2017-02-27 09:32:48,699|classes.pcdm.Article|Updating TRIANGLE
DEBUG|2017-02-27 09:32:48,699|classes.pcdm.Repository|PATCH https://fcrepo.lib.umd.edu/fcrepo/rest/tx:74740185-9afb-42f7-bce7-4abbd40aaada/pcdm/3f/e4/43/ed/3fe443ed-db7e-45e7-8a98-8aa47302d176
DEBUG|2017-02-27 09:32:48,750|classes.pcdm.Repository|204 No Content
INFO|2017-02-27 09:32:48,750|classes.pcdm.Article|Updated TRIANGLE
INFO|2017-02-27 09:32:48,751|classes.pcdm.Article|Updating EDITORIAL
DEBUG|2017-02-27 09:32:48,751|classes.pcdm.Repository|PATCH https://fcrepo.lib.umd.edu/fcrepo/rest/tx:74740185-9afb-42f7-bce7-4abbd40aaada/pcdm/a9/01/7a/13/a9017a13-c5ff-4f14-aa6f-8123428f0f48
DEBUG|2017-02-27 09:32:48,799|classes.pcdm.Repository|204 No Content
INFO|2017-02-27 09:32:48,800|classes.pcdm.Article|Updated EDITORIAL
INFO|2017-02-27 09:32:48,801|classes.pcdm.Article|Updating SHORT HISTORY OF AGRICULTURE (CONCLUDED.)
DEBUG|2017-02-27 09:32:48,801|classes.pcdm.Repository|PATCH https://fcrepo.lib.umd.edu/fcrepo/rest/tx:74740185-9afb-42f7-bce7-4abbd40aaada/pcdm/e8/b9/ed/cc/e8b9edcc-e286-4f25-bb09-02e4a9a0e45a
DEBUG|2017-02-27 09:32:48,846|classes.pcdm.Repository|204 No Content
INFO|2017-02-27 09:32:48,846|classes.pcdm.Article|Updated SHORT HISTORY OF AGRICULTURE (CONCLUDED.)
INFO|2017-02-27 09:32:48,847|classes.pcdm.Article|Updating ALUMNI
DEBUG|2017-02-27 09:32:48,847|classes.pcdm.Repository|PATCH https://fcrepo.lib.umd.edu/fcrepo/rest/tx:74740185-9afb-42f7-bce7-4abbd40aaada/pcdm/a5/6f/2a/00/a56f2a00-6685-41d7-950e-fe5dafbd708f
DEBUG|2017-02-27 09:32:48,891|classes.pcdm.Repository|204 No Content
INFO|2017-02-27 09:32:48,891|classes.pcdm.Article|Updated ALUMNI
INFO|2017-02-27 09:32:48,892|classes.pcdm.IssueMetadata|Updating The triangle (College Park, Md.), 1910-05-01, issue METS metadata
DEBUG|2017-02-27 09:32:48,892|classes.pcdm.Repository|PATCH https://fcrepo.lib.umd.edu/fcrepo/rest/tx:74740185-9afb-42f7-bce7-4abbd40aaada/pcdm/7f/44/aa/f3/7f44aaf3-f2be-4992-9c82-32454b6c23fc
DEBUG|2017-02-27 09:32:48,937|classes.pcdm.Repository|204 No Content
INFO|2017-02-27 09:32:48,937|classes.pcdm.IssueMetadata|Updated The triangle (College Park, Md.), 1910-05-01, issue METS metadata
INFO|2017-02-27 09:32:48,938|classes.pcdm.MetadataFile|Updating 1910050101_1.xml
DEBUG|2017-02-27 09:32:48,938|classes.pcdm.Repository|PATCH https://fcrepo.lib.umd.edu/fcrepo/rest/tx:74740185-9afb-42f7-bce7-4abbd40aaada/pcdm/a1/41/c6/a4/a141c6a4-624f-4c46-8662-9d6d34883d5e/fcr:metadata
DEBUG|2017-02-27 09:32:48,984|classes.pcdm.Repository|204 No Content
INFO|2017-02-27 09:32:48,984|classes.pcdm.MetadataFile|Updated 1910050101_1.xml
INFO|2017-02-27 09:32:48,985|classes.pcdm.IssueMetadata|Updating The triangle (College Park, Md.), 1910-05-01, article METS metadata
DEBUG|2017-02-27 09:32:48,985|classes.pcdm.Repository|PATCH https://fcrepo.lib.umd.edu/fcrepo/rest/tx:74740185-9afb-42f7-bce7-4abbd40aaada/pcdm/93/fc/f8/c7/93fcf8c7-ff36-4eed-8a47-52666df1f823
DEBUG|2017-02-27 09:32:49,028|classes.pcdm.Repository|204 No Content
INFO|2017-02-27 09:32:49,028|classes.pcdm.IssueMetadata|Updated The triangle (College Park, Md.), 1910-05-01, article METS metadata
INFO|2017-02-27 09:32:49,029|classes.pcdm.MetadataFile|Updating 1910050101.xml
DEBUG|2017-02-27 09:32:49,029|classes.pcdm.Repository|PATCH https://fcrepo.lib.umd.edu/fcrepo/rest/tx:74740185-9afb-42f7-bce7-4abbd40aaada/pcdm/75/83/08/ef/758308ef-8e10-4040-b98e-5f929581da2d/fcr:metadata
DEBUG|2017-02-27 09:32:49,072|classes.pcdm.Repository|204 No Content
INFO|2017-02-27 09:32:49,072|classes.pcdm.MetadataFile|Updated 1910050101.xml
INFO|2017-02-27 09:32:49,072|__main__|Committing transaction
INFO|2017-02-27 09:32:49,072|classes.pcdm.Repository|Committing transaction https://fcrepo.lib.umd.edu/fcrepo/rest/tx:74740185-9afb-42f7-bce7-4abbd40aaada
DEBUG|2017-02-27 09:32:49,073|classes.pcdm.Repository|POST https://fcrepo.lib.umd.edu/fcrepo/rest/tx:74740185-9afb-42f7-bce7-4abbd40aaada/fcr:tx/fcr:commit
DEBUG|2017-02-27 09:32:49,270|classes.pcdm.Repository|204 No Content
INFO|2017-02-27 09:32:49,270|classes.pcdm.Repository|Committed transaction https://fcrepo.lib.umd.edu/fcrepo/rest/tx:74740185-9afb-42f7-bce7-4abbd40aaada
INFO|2017-02-27 09:32:49,271|__main__|Performing post-creation actions
INFO|2017-02-27 09:32:49,272|classes.pcdm.Issue|Completed post-creation actions
INFO|2017-02-27 09:32:49,273|__main__|Processing item 10/3503...
INFO|2017-02-27 09:32:49,273|__main__|Loading item 10
INFO|2017-02-27 09:32:49,273|__main__|Reading item data
INFO|2017-02-27 09:32:49,315|__main__|Opening transaction
INFO|2017-02-27 09:32:49,316|classes.pcdm.Repository|Creating transaction
DEBUG|2017-02-27 09:32:49,316|classes.pcdm.Repository|POST https://fcrepo.lib.umd.edu/fcrepo/rest/fcr:tx
DEBUG|2017-02-27 09:32:49,358|classes.pcdm.Repository|201 Created
INFO|2017-02-27 09:32:49,358|classes.pcdm.Repository|Created transaction https://fcrepo.lib.umd.edu/fcrepo/rest/tx:f31a8521-1cc1-4c80-ae6b-e834e7aecaa8
INFO|2017-02-27 09:32:49,358|__main__|Creating item
INFO|2017-02-27 09:32:49,358|classes.pcdm.Issue|Creating The triangle (College Park, Md.), 1910-05-15...
DEBUG|2017-02-27 09:32:49,358|classes.pcdm.Repository|POST https://fcrepo.lib.umd.edu/fcrepo/rest/tx:f31a8521-1cc1-4c80-ae6b-e834e7aecaa8/pcdm
DEBUG|2017-02-27 09:32:49,404|classes.pcdm.Repository|201 Created
INFO|2017-02-27 09:32:49,404|classes.pcdm.Issue|Created The triangle (College Park, Md.), 1910-05-15
INFO|2017-02-27 09:32:49,404|classes.pcdm.Issue|URI: https://fcrepo.lib.umd.edu/fcrepo/rest/pcdm/cb/55/be/40/cb55be40-03ae-409f-ba91-0535e5ff2fc9 / UUID: cb55be40-03ae-409f-ba91-0535e5ff2fc9
INFO|2017-02-27 09:32:49,404|classes.pcdm.Page|Creating The triangle (College Park, Md.), 1910-05-15, page 1...
DEBUG|2017-02-27 09:32:49,405|classes.pcdm.Repository|POST https://fcrepo.lib.umd.edu/fcrepo/rest/tx:f31a8521-1cc1-4c80-ae6b-e834e7aecaa8/pcdm
DEBUG|2017-02-27 09:32:49,450|classes.pcdm.Repository|201 Created
INFO|2017-02-27 09:32:49,450|classes.pcdm.Page|Created The triangle (College Park, Md.), 1910-05-15, page 1
INFO|2017-02-27 09:32:49,450|classes.pcdm.Page|URI: https://fcrepo.lib.umd.edu/fcrepo/rest/pcdm/27/20/5e/48/27205e48-bc81-4603-b6af-929aa987abae / UUID: 27205e48-bc81-4603-b6af-929aa987abae
INFO|2017-02-27 09:32:49,758|classes.pcdm.File|Loading 0038.tif
DEBUG|2017-02-27 09:32:49,768|classes.pcdm.Repository|POST https://fcrepo.lib.umd.edu/fcrepo/rest/tx:f31a8521-1cc1-4c80-ae6b-e834e7aecaa8/pcdm
DEBUG|2017-02-27 09:32:51,661|classes.pcdm.Repository|201 Created
INFO|2017-02-27 09:32:51,714|classes.pcdm.File|Loading 0038.jp2
DEBUG|2017-02-27 09:32:51,715|classes.pcdm.Repository|POST https://fcrepo.lib.umd.edu/fcrepo/rest/tx:f31a8521-1cc1-4c80-ae6b-e834e7aecaa8/pcdm
DEBUG|2017-02-27 09:32:52,047|classes.pcdm.Repository|201 Created
INFO|2017-02-27 09:32:52,061|classes.pcdm.File|Loading 0038.pdf
DEBUG|2017-02-27 09:32:52,062|classes.pcdm.Repository|POST https://fcrepo.lib.umd.edu/fcrepo/rest/tx:f31a8521-1cc1-4c80-ae6b-e834e7aecaa8/pcdm
DEBUG|2017-02-27 09:32:52,265|classes.pcdm.Repository|201 Created
INFO|2017-02-27 09:32:52,268|classes.pcdm.File|Loading 0038.xml
DEBUG|2017-02-27 09:32:52,268|classes.pcdm.Repository|POST https://fcrepo.lib.umd.edu/fcrepo/rest/tx:f31a8521-1cc1-4c80-ae6b-e834e7aecaa8/pcdm
DEBUG|2017-02-27 09:32:52,355|classes.pcdm.Repository|201 Created
INFO|2017-02-27 09:32:52,355|classes.pcdm.Page|Creating The triangle (College Park, Md.), 1910-05-15, page 2...
DEBUG|2017-02-27 09:32:52,355|classes.pcdm.Repository|POST https://fcrepo.lib.umd.edu/fcrepo/rest/tx:f31a8521-1cc1-4c80-ae6b-e834e7aecaa8/pcdm
DEBUG|2017-02-27 09:32:52,403|classes.pcdm.Repository|201 Created
INFO|2017-02-27 09:32:52,403|classes.pcdm.Page|Created The triangle (College Park, Md.), 1910-05-15, page 2
INFO|2017-02-27 09:32:52,403|classes.pcdm.Page|URI: https://fcrepo.lib.umd.edu/fcrepo/rest/pcdm/f3/83/7a/59/f3837a59-3016-4c41-ab0d-8b0f489fe929 / UUID: f3837a59-3016-4c41-ab0d-8b0f489fe929
INFO|2017-02-27 09:32:52,733|classes.pcdm.File|Loading 0039.tif
DEBUG|2017-02-27 09:32:52,744|classes.pcdm.Repository|POST https://fcrepo.lib.umd.edu/fcrepo/rest/tx:f31a8521-1cc1-4c80-ae6b-e834e7aecaa8/pcdm
DEBUG|2017-02-27 09:32:54,401|classes.pcdm.Repository|201 Created
INFO|2017-02-27 09:32:54,445|classes.pcdm.File|Loading 0039.jp2
DEBUG|2017-02-27 09:32:54,446|classes.pcdm.Repository|POST https://fcrepo.lib.umd.edu/fcrepo/rest/tx:f31a8521-1cc1-4c80-ae6b-e834e7aecaa8/pcdm
DEBUG|2017-02-27 09:32:54,631|classes.pcdm.Repository|201 Created
INFO|2017-02-27 09:32:54,646|classes.pcdm.File|Loading 0039.pdf
DEBUG|2017-02-27 09:32:54,647|classes.pcdm.Repository|POST https://fcrepo.lib.umd.edu/fcrepo/rest/tx:f31a8521-1cc1-4c80-ae6b-e834e7aecaa8/pcdm
DEBUG|2017-02-27 09:32:54,766|classes.pcdm.Repository|201 Created
INFO|2017-02-27 09:32:54,769|classes.pcdm.File|Loading 0039.xml
DEBUG|2017-02-27 09:32:54,769|classes.pcdm.Repository|POST https://fcrepo.lib.umd.edu/fcrepo/rest/tx:f31a8521-1cc1-4c80-ae6b-e834e7aecaa8/pcdm
DEBUG|2017-02-27 09:32:54,838|classes.pcdm.Repository|201 Created
INFO|2017-02-27 09:32:54,839|classes.pcdm.Page|Creating The triangle (College Park, Md.), 1910-05-15, page 3...
DEBUG|2017-02-27 09:32:54,839|classes.pcdm.Repository|POST https://fcrepo.lib.umd.edu/fcrepo/rest/tx:f31a8521-1cc1-4c80-ae6b-e834e7aecaa8/pcdm
DEBUG|2017-02-27 09:32:54,891|classes.pcdm.Repository|201 Created
INFO|2017-02-27 09:32:54,891|classes.pcdm.Page|Created The triangle (College Park, Md.), 1910-05-15, page 3
INFO|2017-02-27 09:32:54,891|classes.pcdm.Page|URI: https://fcrepo.lib.umd.edu/fcrepo/rest/pcdm/6b/26/da/5a/6b26da5a-4fee-46f9-9252-611e12087e8d / UUID: 6b26da5a-4fee-46f9-9252-611e12087e8d
INFO|2017-02-27 09:32:55,216|classes.pcdm.File|Loading 0040.tif
DEBUG|2017-02-27 09:32:55,226|classes.pcdm.Repository|POST https://fcrepo.lib.umd.edu/fcrepo/rest/tx:f31a8521-1cc1-4c80-ae6b-e834e7aecaa8/pcdm
DEBUG|2017-02-27 09:32:56,856|classes.pcdm.Repository|201 Created
INFO|2017-02-27 09:32:56,909|classes.pcdm.File|Loading 0040.jp2
DEBUG|2017-02-27 09:32:56,910|classes.pcdm.Repository|POST https://fcrepo.lib.umd.edu/fcrepo/rest/tx:f31a8521-1cc1-4c80-ae6b-e834e7aecaa8/pcdm
DEBUG|2017-02-27 09:32:57,370|classes.pcdm.Repository|201 Created
INFO|2017-02-27 09:32:57,386|classes.pcdm.File|Loading 0040.pdf
DEBUG|2017-02-27 09:32:57,387|classes.pcdm.Repository|POST https://fcrepo.lib.umd.edu/fcrepo/rest/tx:f31a8521-1cc1-4c80-ae6b-e834e7aecaa8/pcdm
DEBUG|2017-02-27 09:32:57,687|classes.pcdm.Repository|201 Created
INFO|2017-02-27 09:32:57,690|classes.pcdm.File|Loading 0040.xml
DEBUG|2017-02-27 09:32:57,690|classes.pcdm.Repository|POST https://fcrepo.lib.umd.edu/fcrepo/rest/tx:f31a8521-1cc1-4c80-ae6b-e834e7aecaa8/pcdm
DEBUG|2017-02-27 09:32:57,770|classes.pcdm.Repository|201 Created
INFO|2017-02-27 09:32:57,770|classes.pcdm.Page|Creating The triangle (College Park, Md.), 1910-05-15, page 4...
DEBUG|2017-02-27 09:32:57,770|classes.pcdm.Repository|POST https://fcrepo.lib.umd.edu/fcrepo/rest/tx:f31a8521-1cc1-4c80-ae6b-e834e7aecaa8/pcdm
DEBUG|2017-02-27 09:32:57,823|classes.pcdm.Repository|201 Created
INFO|2017-02-27 09:32:57,824|classes.pcdm.Page|Created The triangle (College Park, Md.), 1910-05-15, page 4
INFO|2017-02-27 09:32:57,824|classes.pcdm.Page|URI: https://fcrepo.lib.umd.edu/fcrepo/rest/pcdm/ae/d2/3e/be/aed23ebe-c1c0-4024-9fad-ffcc4aec7e5c / UUID: aed23ebe-c1c0-4024-9fad-ffcc4aec7e5c
INFO|2017-02-27 09:32:58,153|classes.pcdm.File|Loading 0041.tif
DEBUG|2017-02-27 09:32:58,163|classes.pcdm.Repository|POST https://fcrepo.lib.umd.edu/fcrepo/rest/tx:f31a8521-1cc1-4c80-ae6b-e834e7aecaa8/pcdm
DEBUG|2017-02-27 09:32:59,738|classes.pcdm.Repository|201 Created
INFO|2017-02-27 09:32:59,781|classes.pcdm.File|Loading 0041.jp2
DEBUG|2017-02-27 09:32:59,783|classes.pcdm.Repository|POST https://fcrepo.lib.umd.edu/fcrepo/rest/tx:f31a8521-1cc1-4c80-ae6b-e834e7aecaa8/pcdm
DEBUG|2017-02-27 09:33:00,193|classes.pcdm.Repository|201 Created
INFO|2017-02-27 09:33:00,206|classes.pcdm.File|Loading 0041.pdf
DEBUG|2017-02-27 09:33:00,207|classes.pcdm.Repository|POST https://fcrepo.lib.umd.edu/fcrepo/rest/tx:f31a8521-1cc1-4c80-ae6b-e834e7aecaa8/pcdm
DEBUG|2017-02-27 09:33:00,476|classes.pcdm.Repository|201 Created
INFO|2017-02-27 09:33:00,479|classes.pcdm.File|Loading 0041.xml
DEBUG|2017-02-27 09:33:00,479|classes.pcdm.Repository|POST https://fcrepo.lib.umd.edu/fcrepo/rest/tx:f31a8521-1cc1-4c80-ae6b-e834e7aecaa8/pcdm
DEBUG|2017-02-27 09:33:00,557|classes.pcdm.Repository|201 Created
INFO|2017-02-27 09:33:00,557|classes.pcdm.Article|Creating triangle...
DEBUG|2017-02-27 09:33:00,557|classes.pcdm.Repository|POST https://fcrepo.lib.umd.edu/fcrepo/rest/tx:f31a8521-1cc1-4c80-ae6b-e834e7aecaa8/pcdm
DEBUG|2017-02-27 09:33:00,604|classes.pcdm.Repository|201 Created
INFO|2017-02-27 09:33:00,604|classes.pcdm.Article|Created triangle
INFO|2017-02-27 09:33:00,604|classes.pcdm.Article|URI: https://fcrepo.lib.umd.edu/fcrepo/rest/pcdm/e6/a1/92/9b/e6a1929b-cdde-45d3-a09d-9fbff26df58e / UUID: e6a1929b-cdde-45d3-a09d-9fbff26df58e
INFO|2017-02-27 09:33:00,604|classes.pcdm.Article|Creating triangle...
DEBUG|2017-02-27 09:33:00,604|classes.pcdm.Repository|POST https://fcrepo.lib.umd.edu/fcrepo/rest/tx:f31a8521-1cc1-4c80-ae6b-e834e7aecaa8/pcdm
DEBUG|2017-02-27 09:33:00,648|classes.pcdm.Repository|201 Created
INFO|2017-02-27 09:33:00,648|classes.pcdm.Article|Created triangle
INFO|2017-02-27 09:33:00,648|classes.pcdm.Article|URI: https://fcrepo.lib.umd.edu/fcrepo/rest/pcdm/ec/44/34/cf/ec4434cf-69a0-4462-9ece-e27647928594 / UUID: ec4434cf-69a0-4462-9ece-e27647928594
INFO|2017-02-27 09:33:00,648|classes.pcdm.Article|Creating LOCAL NEWS...
DEBUG|2017-02-27 09:33:00,648|classes.pcdm.Repository|POST https://fcrepo.lib.umd.edu/fcrepo/rest/tx:f31a8521-1cc1-4c80-ae6b-e834e7aecaa8/pcdm
DEBUG|2017-02-27 09:33:00,692|classes.pcdm.Repository|201 Created
INFO|2017-02-27 09:33:00,693|classes.pcdm.Article|Created LOCAL NEWS
INFO|2017-02-27 09:33:00,693|classes.pcdm.Article|URI: https://fcrepo.lib.umd.edu/fcrepo/rest/pcdm/ab/79/00/6a/ab79006a-c728-4247-b954-337b27161025 / UUID: ab79006a-c728-4247-b954-337b27161025
INFO|2017-02-27 09:33:00,693|classes.pcdm.Article|Creating ATHLETICS...
DEBUG|2017-02-27 09:33:00,693|classes.pcdm.Repository|POST https://fcrepo.lib.umd.edu/fcrepo/rest/tx:f31a8521-1cc1-4c80-ae6b-e834e7aecaa8/pcdm
DEBUG|2017-02-27 09:33:00,739|classes.pcdm.Repository|201 Created
INFO|2017-02-27 09:33:00,739|classes.pcdm.Article|Created ATHLETICS
INFO|2017-02-27 09:33:00,739|classes.pcdm.Article|URI: https://fcrepo.lib.umd.edu/fcrepo/rest/pcdm/85/b2/db/55/85b2db55-75a1-47af-bcea-1b6587c81189 / UUID: 85b2db55-75a1-47af-bcea-1b6587c81189
INFO|2017-02-27 09:33:00,739|classes.pcdm.Article|Creating TRIANGLE...
DEBUG|2017-02-27 09:33:00,739|classes.pcdm.Repository|POST https://fcrepo.lib.umd.edu/fcrepo/rest/tx:f31a8521-1cc1-4c80-ae6b-e834e7aecaa8/pcdm
DEBUG|2017-02-27 09:33:00,784|classes.pcdm.Repository|201 Created
INFO|2017-02-27 09:33:00,784|classes.pcdm.Article|Created TRIANGLE
INFO|2017-02-27 09:33:00,784|classes.pcdm.Article|URI: https://fcrepo.lib.umd.edu/fcrepo/rest/pcdm/3d/c6/1c/e9/3dc61ce9-9e60-49af-b247-8706c472f2d3 / UUID: 3dc61ce9-9e60-49af-b247-8706c472f2d3
INFO|2017-02-27 09:33:00,784|classes.pcdm.Article|Creating EDITORIAL...
DEBUG|2017-02-27 09:33:00,784|classes.pcdm.Repository|POST https://fcrepo.lib.umd.edu/fcrepo/rest/tx:f31a8521-1cc1-4c80-ae6b-e834e7aecaa8/pcdm
DEBUG|2017-02-27 09:33:00,829|classes.pcdm.Repository|201 Created
INFO|2017-02-27 09:33:00,829|classes.pcdm.Article|Created EDITORIAL
INFO|2017-02-27 09:33:00,830|classes.pcdm.Article|URI: https://fcrepo.lib.umd.edu/fcrepo/rest/pcdm/3f/93/e5/cb/3f93e5cb-c203-4dee-b583-37dcb681e638 / UUID: 3f93e5cb-c203-4dee-b583-37dcb681e638
INFO|2017-02-27 09:33:00,830|classes.pcdm.Article|Creating ALUMNI...
DEBUG|2017-02-27 09:33:00,830|classes.pcdm.Repository|POST https://fcrepo.lib.umd.edu/fcrepo/rest/tx:f31a8521-1cc1-4c80-ae6b-e834e7aecaa8/pcdm
DEBUG|2017-02-27 09:33:00,875|classes.pcdm.Repository|201 Created
INFO|2017-02-27 09:33:00,875|classes.pcdm.Article|Created ALUMNI
INFO|2017-02-27 09:33:00,875|classes.pcdm.Article|URI: https://fcrepo.lib.umd.edu/fcrepo/rest/pcdm/7e/b7/d8/5c/7eb7d85c-904a-4180-8e2a-dddb89727c8b / UUID: 7eb7d85c-904a-4180-8e2a-dddb89727c8b
INFO|2017-02-27 09:33:00,875|classes.pcdm.IssueMetadata|Creating The triangle (College Park, Md.), 1910-05-15, issue METS metadata...
DEBUG|2017-02-27 09:33:00,875|classes.pcdm.Repository|POST https://fcrepo.lib.umd.edu/fcrepo/rest/tx:f31a8521-1cc1-4c80-ae6b-e834e7aecaa8/pcdm
DEBUG|2017-02-27 09:33:00,919|classes.pcdm.Repository|201 Created
INFO|2017-02-27 09:33:00,919|classes.pcdm.IssueMetadata|Created The triangle (College Park, Md.), 1910-05-15, issue METS metadata
INFO|2017-02-27 09:33:00,919|classes.pcdm.IssueMetadata|URI: https://fcrepo.lib.umd.edu/fcrepo/rest/pcdm/c4/8a/6e/03/c48a6e03-8fe7-4f58-834d-7291afcca86e / UUID: c48a6e03-8fe7-4f58-834d-7291afcca86e
INFO|2017-02-27 09:33:00,919|classes.pcdm.MetadataFile|Loading 1910051501_1.xml
DEBUG|2017-02-27 09:33:00,920|classes.pcdm.Repository|POST https://fcrepo.lib.umd.edu/fcrepo/rest/tx:f31a8521-1cc1-4c80-ae6b-e834e7aecaa8/pcdm
DEBUG|2017-02-27 09:33:00,975|classes.pcdm.Repository|201 Created
INFO|2017-02-27 09:33:00,975|classes.pcdm.IssueMetadata|Creating The triangle (College Park, Md.), 1910-05-15, article METS metadata...
DEBUG|2017-02-27 09:33:00,976|classes.pcdm.Repository|POST https://fcrepo.lib.umd.edu/fcrepo/rest/tx:f31a8521-1cc1-4c80-ae6b-e834e7aecaa8/pcdm
DEBUG|2017-02-27 09:33:01,021|classes.pcdm.Repository|201 Created
INFO|2017-02-27 09:33:01,021|classes.pcdm.IssueMetadata|Created The triangle (College Park, Md.), 1910-05-15, article METS metadata
INFO|2017-02-27 09:33:01,021|classes.pcdm.IssueMetadata|URI: https://fcrepo.lib.umd.edu/fcrepo/rest/pcdm/65/48/08/94/65480894-60f8-4244-9e38-8807eafe3ffd / UUID: 65480894-60f8-4244-9e38-8807eafe3ffd
INFO|2017-02-27 09:33:01,022|classes.pcdm.MetadataFile|Loading 1910051501.xml
DEBUG|2017-02-27 09:33:01,022|classes.pcdm.Repository|POST https://fcrepo.lib.umd.edu/fcrepo/rest/tx:f31a8521-1cc1-4c80-ae6b-e834e7aecaa8/pcdm
DEBUG|2017-02-27 09:33:01,074|classes.pcdm.Repository|201 Created
INFO|2017-02-27 09:33:01,075|__main__|Creating ordering proxies
INFO|2017-02-27 09:33:01,076|classes.pcdm.Proxy|Creating Proxy for Page 1 in The triangle (College Park, Md.), 1910-05-15...
DEBUG|2017-02-27 09:33:01,076|classes.pcdm.Repository|PUT https://fcrepo.lib.umd.edu/fcrepo/rest/tx:f31a8521-1cc1-4c80-ae6b-e834e7aecaa8/pcdm/27/20/5e/48/27205e48-bc81-4603-b6af-929aa987abae/cb55be40-03ae-409f-ba91-0535e5ff2fc9
DEBUG|2017-02-27 09:33:01,121|classes.pcdm.Repository|201 Created
INFO|2017-02-27 09:33:01,121|classes.pcdm.Proxy|Created Proxy for Page 1 in The triangle (College Park, Md.), 1910-05-15
INFO|2017-02-27 09:33:01,121|classes.pcdm.Proxy|URI: https://fcrepo.lib.umd.edu/fcrepo/rest/pcdm/27/20/5e/48/27205e48-bc81-4603-b6af-929aa987abae/cb55be40-03ae-409f-ba91-0535e5ff2fc9 / UUID: cb55be40-03ae-409f-ba91-0535e5ff2fc9
INFO|2017-02-27 09:33:01,121|classes.pcdm.Proxy|Creating Proxy for Page 2 in The triangle (College Park, Md.), 1910-05-15...
DEBUG|2017-02-27 09:33:01,121|classes.pcdm.Repository|PUT https://fcrepo.lib.umd.edu/fcrepo/rest/tx:f31a8521-1cc1-4c80-ae6b-e834e7aecaa8/pcdm/f3/83/7a/59/f3837a59-3016-4c41-ab0d-8b0f489fe929/cb55be40-03ae-409f-ba91-0535e5ff2fc9
DEBUG|2017-02-27 09:33:01,166|classes.pcdm.Repository|201 Created
INFO|2017-02-27 09:33:01,166|classes.pcdm.Proxy|Created Proxy for Page 2 in The triangle (College Park, Md.), 1910-05-15
INFO|2017-02-27 09:33:01,166|classes.pcdm.Proxy|URI: https://fcrepo.lib.umd.edu/fcrepo/rest/pcdm/f3/83/7a/59/f3837a59-3016-4c41-ab0d-8b0f489fe929/cb55be40-03ae-409f-ba91-0535e5ff2fc9 / UUID: cb55be40-03ae-409f-ba91-0535e5ff2fc9
INFO|2017-02-27 09:33:01,166|classes.pcdm.Proxy|Creating Proxy for Page 3 in The triangle (College Park, Md.), 1910-05-15...
DEBUG|2017-02-27 09:33:01,166|classes.pcdm.Repository|PUT https://fcrepo.lib.umd.edu/fcrepo/rest/tx:f31a8521-1cc1-4c80-ae6b-e834e7aecaa8/pcdm/6b/26/da/5a/6b26da5a-4fee-46f9-9252-611e12087e8d/cb55be40-03ae-409f-ba91-0535e5ff2fc9
DEBUG|2017-02-27 09:33:01,209|classes.pcdm.Repository|201 Created
INFO|2017-02-27 09:33:01,209|classes.pcdm.Proxy|Created Proxy for Page 3 in The triangle (College Park, Md.), 1910-05-15
INFO|2017-02-27 09:33:01,209|classes.pcdm.Proxy|URI: https://fcrepo.lib.umd.edu/fcrepo/rest/pcdm/6b/26/da/5a/6b26da5a-4fee-46f9-9252-611e12087e8d/cb55be40-03ae-409f-ba91-0535e5ff2fc9 / UUID: cb55be40-03ae-409f-ba91-0535e5ff2fc9
INFO|2017-02-27 09:33:01,210|classes.pcdm.Proxy|Creating Proxy for Page 4 in The triangle (College Park, Md.), 1910-05-15...
DEBUG|2017-02-27 09:33:01,210|classes.pcdm.Repository|PUT https://fcrepo.lib.umd.edu/fcrepo/rest/tx:f31a8521-1cc1-4c80-ae6b-e834e7aecaa8/pcdm/ae/d2/3e/be/aed23ebe-c1c0-4024-9fad-ffcc4aec7e5c/cb55be40-03ae-409f-ba91-0535e5ff2fc9
DEBUG|2017-02-27 09:33:01,255|classes.pcdm.Repository|201 Created
INFO|2017-02-27 09:33:01,255|classes.pcdm.Proxy|Created Proxy for Page 4 in The triangle (College Park, Md.), 1910-05-15
INFO|2017-02-27 09:33:01,255|classes.pcdm.Proxy|URI: https://fcrepo.lib.umd.edu/fcrepo/rest/pcdm/ae/d2/3e/be/aed23ebe-c1c0-4024-9fad-ffcc4aec7e5c/cb55be40-03ae-409f-ba91-0535e5ff2fc9 / UUID: cb55be40-03ae-409f-ba91-0535e5ff2fc9
INFO|2017-02-27 09:33:01,256|classes.pcdm.Proxy|Updating Proxy for Page 1 in The triangle (College Park, Md.), 1910-05-15
DEBUG|2017-02-27 09:33:01,256|classes.pcdm.Repository|PATCH https://fcrepo.lib.umd.edu/fcrepo/rest/tx:f31a8521-1cc1-4c80-ae6b-e834e7aecaa8/pcdm/27/20/5e/48/27205e48-bc81-4603-b6af-929aa987abae/cb55be40-03ae-409f-ba91-0535e5ff2fc9
DEBUG|2017-02-27 09:33:01,315|classes.pcdm.Repository|204 No Content
INFO|2017-02-27 09:33:01,315|classes.pcdm.Proxy|Updated Proxy for Page 1 in The triangle (College Park, Md.), 1910-05-15
INFO|2017-02-27 09:33:01,316|classes.pcdm.Proxy|Updating Proxy for Page 2 in The triangle (College Park, Md.), 1910-05-15
DEBUG|2017-02-27 09:33:01,316|classes.pcdm.Repository|PATCH https://fcrepo.lib.umd.edu/fcrepo/rest/tx:f31a8521-1cc1-4c80-ae6b-e834e7aecaa8/pcdm/f3/83/7a/59/f3837a59-3016-4c41-ab0d-8b0f489fe929/cb55be40-03ae-409f-ba91-0535e5ff2fc9
DEBUG|2017-02-27 09:33:01,373|classes.pcdm.Repository|204 No Content
INFO|2017-02-27 09:33:01,374|classes.pcdm.Proxy|Updated Proxy for Page 2 in The triangle (College Park, Md.), 1910-05-15
INFO|2017-02-27 09:33:01,375|classes.pcdm.Proxy|Updating Proxy for Page 3 in The triangle (College Park, Md.), 1910-05-15
DEBUG|2017-02-27 09:33:01,375|classes.pcdm.Repository|PATCH https://fcrepo.lib.umd.edu/fcrepo/rest/tx:f31a8521-1cc1-4c80-ae6b-e834e7aecaa8/pcdm/6b/26/da/5a/6b26da5a-4fee-46f9-9252-611e12087e8d/cb55be40-03ae-409f-ba91-0535e5ff2fc9
DEBUG|2017-02-27 09:33:01,425|classes.pcdm.Repository|204 No Content
INFO|2017-02-27 09:33:01,425|classes.pcdm.Proxy|Updated Proxy for Page 3 in The triangle (College Park, Md.), 1910-05-15
INFO|2017-02-27 09:33:01,426|classes.pcdm.Proxy|Updating Proxy for Page 4 in The triangle (College Park, Md.), 1910-05-15
DEBUG|2017-02-27 09:33:01,426|classes.pcdm.Repository|PATCH https://fcrepo.lib.umd.edu/fcrepo/rest/tx:f31a8521-1cc1-4c80-ae6b-e834e7aecaa8/pcdm/ae/d2/3e/be/aed23ebe-c1c0-4024-9fad-ffcc4aec7e5c/cb55be40-03ae-409f-ba91-0535e5ff2fc9
DEBUG|2017-02-27 09:33:01,475|classes.pcdm.Repository|204 No Content
INFO|2017-02-27 09:33:01,475|classes.pcdm.Proxy|Updated Proxy for Page 4 in The triangle (College Park, Md.), 1910-05-15
INFO|2017-02-27 09:33:01,475|__main__|Updating relationship triples
INFO|2017-02-27 09:33:01,478|__main__|Updating item and components
INFO|2017-02-27 09:33:01,480|classes.pcdm.Issue|Updating The triangle (College Park, Md.), 1910-05-15
DEBUG|2017-02-27 09:33:01,480|classes.pcdm.Repository|PATCH https://fcrepo.lib.umd.edu/fcrepo/rest/tx:f31a8521-1cc1-4c80-ae6b-e834e7aecaa8/pcdm/cb/55/be/40/cb55be40-03ae-409f-ba91-0535e5ff2fc9
DEBUG|2017-02-27 09:33:01,539|classes.pcdm.Repository|204 No Content
INFO|2017-02-27 09:33:01,539|classes.pcdm.Issue|Updated The triangle (College Park, Md.), 1910-05-15
INFO|2017-02-27 09:33:01,540|classes.pcdm.Page|Updating The triangle (College Park, Md.), 1910-05-15, page 1
DEBUG|2017-02-27 09:33:01,540|classes.pcdm.Repository|PATCH https://fcrepo.lib.umd.edu/fcrepo/rest/tx:f31a8521-1cc1-4c80-ae6b-e834e7aecaa8/pcdm/27/20/5e/48/27205e48-bc81-4603-b6af-929aa987abae
DEBUG|2017-02-27 09:33:01,593|classes.pcdm.Repository|204 No Content
INFO|2017-02-27 09:33:01,594|classes.pcdm.Page|Updated The triangle (College Park, Md.), 1910-05-15, page 1
INFO|2017-02-27 09:33:01,594|classes.pcdm.File|Updating 0038.tif (master)
DEBUG|2017-02-27 09:33:01,594|classes.pcdm.Repository|PATCH https://fcrepo.lib.umd.edu/fcrepo/rest/tx:f31a8521-1cc1-4c80-ae6b-e834e7aecaa8/pcdm/55/02/cd/0b/5502cd0b-acbf-452c-9633-67066ea5d7ae/fcr:metadata
DEBUG|2017-02-27 09:33:01,647|classes.pcdm.Repository|204 No Content
INFO|2017-02-27 09:33:01,647|classes.pcdm.File|Updated 0038.tif (master)
INFO|2017-02-27 09:33:01,647|classes.pcdm.File|Updating 0038.jp2 (service)
DEBUG|2017-02-27 09:33:01,648|classes.pcdm.Repository|PATCH https://fcrepo.lib.umd.edu/fcrepo/rest/tx:f31a8521-1cc1-4c80-ae6b-e834e7aecaa8/pcdm/88/ec/11/be/88ec11be-6792-4abc-b0fb-e0a2f6fe6a64/fcr:metadata
DEBUG|2017-02-27 09:33:01,701|classes.pcdm.Repository|204 No Content
INFO|2017-02-27 09:33:01,702|classes.pcdm.File|Updated 0038.jp2 (service)
INFO|2017-02-27 09:33:01,702|classes.pcdm.File|Updating 0038.pdf (derivative)
DEBUG|2017-02-27 09:33:01,702|classes.pcdm.Repository|PATCH https://fcrepo.lib.umd.edu/fcrepo/rest/tx:f31a8521-1cc1-4c80-ae6b-e834e7aecaa8/pcdm/8b/ab/7d/43/8bab7d43-69e3-4e12-b0d7-2c5910e1548f/fcr:metadata
DEBUG|2017-02-27 09:33:01,755|classes.pcdm.Repository|204 No Content
INFO|2017-02-27 09:33:01,755|classes.pcdm.File|Updated 0038.pdf (derivative)
INFO|2017-02-27 09:33:01,756|classes.pcdm.File|Updating 0038.xml (ocr)
DEBUG|2017-02-27 09:33:01,756|classes.pcdm.Repository|PATCH https://fcrepo.lib.umd.edu/fcrepo/rest/tx:f31a8521-1cc1-4c80-ae6b-e834e7aecaa8/pcdm/82/9e/29/c3/829e29c3-9cb1-410b-b3a8-3ececb62ade7/fcr:metadata
DEBUG|2017-02-27 09:33:01,806|classes.pcdm.Repository|204 No Content
INFO|2017-02-27 09:33:01,806|classes.pcdm.File|Updated 0038.xml (ocr)
INFO|2017-02-27 09:33:01,807|classes.pcdm.Page|Updating The triangle (College Park, Md.), 1910-05-15, page 2
DEBUG|2017-02-27 09:33:01,807|classes.pcdm.Repository|PATCH https://fcrepo.lib.umd.edu/fcrepo/rest/tx:f31a8521-1cc1-4c80-ae6b-e834e7aecaa8/pcdm/f3/83/7a/59/f3837a59-3016-4c41-ab0d-8b0f489fe929
DEBUG|2017-02-27 09:33:01,858|classes.pcdm.Repository|204 No Content
INFO|2017-02-27 09:33:01,858|classes.pcdm.Page|Updated The triangle (College Park, Md.), 1910-05-15, page 2
INFO|2017-02-27 09:33:01,859|classes.pcdm.File|Updating 0039.tif (master)
DEBUG|2017-02-27 09:33:01,859|classes.pcdm.Repository|PATCH https://fcrepo.lib.umd.edu/fcrepo/rest/tx:f31a8521-1cc1-4c80-ae6b-e834e7aecaa8/pcdm/19/fa/e3/65/19fae365-719d-42e8-b3df-6753cbbd59b0/fcr:metadata
DEBUG|2017-02-27 09:33:01,909|classes.pcdm.Repository|204 No Content
INFO|2017-02-27 09:33:01,909|classes.pcdm.File|Updated 0039.tif (master)
INFO|2017-02-27 09:33:01,910|classes.pcdm.File|Updating 0039.jp2 (service)
DEBUG|2017-02-27 09:33:01,910|classes.pcdm.Repository|PATCH https://fcrepo.lib.umd.edu/fcrepo/rest/tx:f31a8521-1cc1-4c80-ae6b-e834e7aecaa8/pcdm/7d/e4/cd/4d/7de4cd4d-f8a7-4d7c-924c-f76b0ba66478/fcr:metadata
DEBUG|2017-02-27 09:33:01,960|classes.pcdm.Repository|204 No Content
INFO|2017-02-27 09:33:01,960|classes.pcdm.File|Updated 0039.jp2 (service)
INFO|2017-02-27 09:33:01,961|classes.pcdm.File|Updating 0039.pdf (derivative)
DEBUG|2017-02-27 09:33:01,961|classes.pcdm.Repository|PATCH https://fcrepo.lib.umd.edu/fcrepo/rest/tx:f31a8521-1cc1-4c80-ae6b-e834e7aecaa8/pcdm/ce/2c/49/16/ce2c4916-246d-4b76-9297-e24b15998729/fcr:metadata
DEBUG|2017-02-27 09:33:02,013|classes.pcdm.Repository|204 No Content
INFO|2017-02-27 09:33:02,013|classes.pcdm.File|Updated 0039.pdf (derivative)
INFO|2017-02-27 09:33:02,014|classes.pcdm.File|Updating 0039.xml (ocr)
DEBUG|2017-02-27 09:33:02,014|classes.pcdm.Repository|PATCH https://fcrepo.lib.umd.edu/fcrepo/rest/tx:f31a8521-1cc1-4c80-ae6b-e834e7aecaa8/pcdm/d0/3d/ed/46/d03ded46-0f81-4bf2-a72b-a41f5f37821b/fcr:metadata
DEBUG|2017-02-27 09:33:02,066|classes.pcdm.Repository|204 No Content
INFO|2017-02-27 09:33:02,066|classes.pcdm.File|Updated 0039.xml (ocr)
INFO|2017-02-27 09:33:02,068|classes.pcdm.Page|Updating The triangle (College Park, Md.), 1910-05-15, page 3
DEBUG|2017-02-27 09:33:02,068|classes.pcdm.Repository|PATCH https://fcrepo.lib.umd.edu/fcrepo/rest/tx:f31a8521-1cc1-4c80-ae6b-e834e7aecaa8/pcdm/6b/26/da/5a/6b26da5a-4fee-46f9-9252-611e12087e8d
DEBUG|2017-02-27 09:33:02,121|classes.pcdm.Repository|204 No Content
INFO|2017-02-27 09:33:02,122|classes.pcdm.Page|Updated The triangle (College Park, Md.), 1910-05-15, page 3
INFO|2017-02-27 09:33:02,122|classes.pcdm.File|Updating 0040.tif (master)
DEBUG|2017-02-27 09:33:02,122|classes.pcdm.Repository|PATCH https://fcrepo.lib.umd.edu/fcrepo/rest/tx:f31a8521-1cc1-4c80-ae6b-e834e7aecaa8/pcdm/80/c9/23/9d/80c9239d-5d02-43e1-8fab-1638aa25ed85/fcr:metadata
DEBUG|2017-02-27 09:33:02,174|classes.pcdm.Repository|204 No Content
INFO|2017-02-27 09:33:02,174|classes.pcdm.File|Updated 0040.tif (master)
INFO|2017-02-27 09:33:02,175|classes.pcdm.File|Updating 0040.jp2 (service)
DEBUG|2017-02-27 09:33:02,175|classes.pcdm.Repository|PATCH https://fcrepo.lib.umd.edu/fcrepo/rest/tx:f31a8521-1cc1-4c80-ae6b-e834e7aecaa8/pcdm/6c/45/2c/d2/6c452cd2-d31b-4686-8bc0-dcfd6932a4ae/fcr:metadata
DEBUG|2017-02-27 09:33:02,224|classes.pcdm.Repository|204 No Content
INFO|2017-02-27 09:33:02,224|classes.pcdm.File|Updated 0040.jp2 (service)
INFO|2017-02-27 09:33:02,225|classes.pcdm.File|Updating 0040.pdf (derivative)
DEBUG|2017-02-27 09:33:02,225|classes.pcdm.Repository|PATCH https://fcrepo.lib.umd.edu/fcrepo/rest/tx:f31a8521-1cc1-4c80-ae6b-e834e7aecaa8/pcdm/e9/b2/96/8e/e9b2968e-46aa-407d-8666-07f56ec17a6f/fcr:metadata
DEBUG|2017-02-27 09:33:02,639|classes.pcdm.Repository|204 No Content
INFO|2017-02-27 09:33:02,640|classes.pcdm.File|Updated 0040.pdf (derivative)
INFO|2017-02-27 09:33:02,640|classes.pcdm.File|Updating 0040.xml (ocr)
DEBUG|2017-02-27 09:33:02,640|classes.pcdm.Repository|PATCH https://fcrepo.lib.umd.edu/fcrepo/rest/tx:f31a8521-1cc1-4c80-ae6b-e834e7aecaa8/pcdm/f7/59/ec/a9/f759eca9-add8-4ca2-b7e5-e809fa9e2e75/fcr:metadata
DEBUG|2017-02-27 09:33:02,689|classes.pcdm.Repository|204 No Content
INFO|2017-02-27 09:33:02,689|classes.pcdm.File|Updated 0040.xml (ocr)
INFO|2017-02-27 09:33:02,690|classes.pcdm.Page|Updating The triangle (College Park, Md.), 1910-05-15, page 4
DEBUG|2017-02-27 09:33:02,690|classes.pcdm.Repository|PATCH https://fcrepo.lib.umd.edu/fcrepo/rest/tx:f31a8521-1cc1-4c80-ae6b-e834e7aecaa8/pcdm/ae/d2/3e/be/aed23ebe-c1c0-4024-9fad-ffcc4aec7e5c
DEBUG|2017-02-27 09:33:02,740|classes.pcdm.Repository|204 No Content
INFO|2017-02-27 09:33:02,740|classes.pcdm.Page|Updated The triangle (College Park, Md.), 1910-05-15, page 4
INFO|2017-02-27 09:33:02,741|classes.pcdm.File|Updating 0041.tif (master)
DEBUG|2017-02-27 09:33:02,741|classes.pcdm.Repository|PATCH https://fcrepo.lib.umd.edu/fcrepo/rest/tx:f31a8521-1cc1-4c80-ae6b-e834e7aecaa8/pcdm/cb/fa/63/e4/cbfa63e4-b125-45e8-9f8b-28bc1856563d/fcr:metadata
DEBUG|2017-02-27 09:33:02,791|classes.pcdm.Repository|204 No Content
INFO|2017-02-27 09:33:02,791|classes.pcdm.File|Updated 0041.tif (master)
INFO|2017-02-27 09:33:02,792|classes.pcdm.File|Updating 0041.jp2 (service)
DEBUG|2017-02-27 09:33:02,792|classes.pcdm.Repository|PATCH https://fcrepo.lib.umd.edu/fcrepo/rest/tx:f31a8521-1cc1-4c80-ae6b-e834e7aecaa8/pcdm/89/80/10/41/89801041-8dc0-4417-8fa8-8ea8788220b1/fcr:metadata
DEBUG|2017-02-27 09:33:02,844|classes.pcdm.Repository|204 No Content
INFO|2017-02-27 09:33:02,844|classes.pcdm.File|Updated 0041.jp2 (service)
INFO|2017-02-27 09:33:02,845|classes.pcdm.File|Updating 0041.pdf (derivative)
DEBUG|2017-02-27 09:33:02,845|classes.pcdm.Repository|PATCH https://fcrepo.lib.umd.edu/fcrepo/rest/tx:f31a8521-1cc1-4c80-ae6b-e834e7aecaa8/pcdm/a0/f1/e8/75/a0f1e875-2e2a-4522-9e00-78e678a4d1bb/fcr:metadata
DEBUG|2017-02-27 09:33:02,897|classes.pcdm.Repository|204 No Content
INFO|2017-02-27 09:33:02,897|classes.pcdm.File|Updated 0041.pdf (derivative)
INFO|2017-02-27 09:33:02,898|classes.pcdm.File|Updating 0041.xml (ocr)
DEBUG|2017-02-27 09:33:02,898|classes.pcdm.Repository|PATCH https://fcrepo.lib.umd.edu/fcrepo/rest/tx:f31a8521-1cc1-4c80-ae6b-e834e7aecaa8/pcdm/7a/4d/16/87/7a4d1687-f6d7-4ecc-bcb1-7b78e28abb5e/fcr:metadata
DEBUG|2017-02-27 09:33:02,949|classes.pcdm.Repository|204 No Content
INFO|2017-02-27 09:33:02,950|classes.pcdm.File|Updated 0041.xml (ocr)
INFO|2017-02-27 09:33:02,950|classes.pcdm.Article|Updating triangle
DEBUG|2017-02-27 09:33:02,950|classes.pcdm.Repository|PATCH https://fcrepo.lib.umd.edu/fcrepo/rest/tx:f31a8521-1cc1-4c80-ae6b-e834e7aecaa8/pcdm/e6/a1/92/9b/e6a1929b-cdde-45d3-a09d-9fbff26df58e
DEBUG|2017-02-27 09:33:03,000|classes.pcdm.Repository|204 No Content
INFO|2017-02-27 09:33:03,000|classes.pcdm.Article|Updated triangle
INFO|2017-02-27 09:33:03,001|classes.pcdm.Article|Updating triangle
DEBUG|2017-02-27 09:33:03,001|classes.pcdm.Repository|PATCH https://fcrepo.lib.umd.edu/fcrepo/rest/tx:f31a8521-1cc1-4c80-ae6b-e834e7aecaa8/pcdm/ec/44/34/cf/ec4434cf-69a0-4462-9ece-e27647928594
DEBUG|2017-02-27 09:33:03,051|classes.pcdm.Repository|204 No Content
INFO|2017-02-27 09:33:03,052|classes.pcdm.Article|Updated triangle
INFO|2017-02-27 09:33:03,052|classes.pcdm.Article|Updating LOCAL NEWS
DEBUG|2017-02-27 09:33:03,052|classes.pcdm.Repository|PATCH https://fcrepo.lib.umd.edu/fcrepo/rest/tx:f31a8521-1cc1-4c80-ae6b-e834e7aecaa8/pcdm/ab/79/00/6a/ab79006a-c728-4247-b954-337b27161025
DEBUG|2017-02-27 09:33:03,102|classes.pcdm.Repository|204 No Content
INFO|2017-02-27 09:33:03,102|classes.pcdm.Article|Updated LOCAL NEWS
INFO|2017-02-27 09:33:03,103|classes.pcdm.Article|Updating ATHLETICS
DEBUG|2017-02-27 09:33:03,103|classes.pcdm.Repository|PATCH https://fcrepo.lib.umd.edu/fcrepo/rest/tx:f31a8521-1cc1-4c80-ae6b-e834e7aecaa8/pcdm/85/b2/db/55/85b2db55-75a1-47af-bcea-1b6587c81189
DEBUG|2017-02-27 09:33:03,153|classes.pcdm.Repository|204 No Content
INFO|2017-02-27 09:33:03,153|classes.pcdm.Article|Updated ATHLETICS
INFO|2017-02-27 09:33:03,153|classes.pcdm.Article|Updating TRIANGLE
DEBUG|2017-02-27 09:33:03,154|classes.pcdm.Repository|PATCH https://fcrepo.lib.umd.edu/fcrepo/rest/tx:f31a8521-1cc1-4c80-ae6b-e834e7aecaa8/pcdm/3d/c6/1c/e9/3dc61ce9-9e60-49af-b247-8706c472f2d3
DEBUG|2017-02-27 09:33:03,202|classes.pcdm.Repository|204 No Content
INFO|2017-02-27 09:33:03,203|classes.pcdm.Article|Updated TRIANGLE
INFO|2017-02-27 09:33:03,203|classes.pcdm.Article|Updating EDITORIAL
DEBUG|2017-02-27 09:33:03,203|classes.pcdm.Repository|PATCH https://fcrepo.lib.umd.edu/fcrepo/rest/tx:f31a8521-1cc1-4c80-ae6b-e834e7aecaa8/pcdm/3f/93/e5/cb/3f93e5cb-c203-4dee-b583-37dcb681e638
DEBUG|2017-02-27 09:33:03,253|classes.pcdm.Repository|204 No Content
INFO|2017-02-27 09:33:03,253|classes.pcdm.Article|Updated EDITORIAL
INFO|2017-02-27 09:33:03,253|classes.pcdm.Article|Updating ALUMNI
DEBUG|2017-02-27 09:33:03,253|classes.pcdm.Repository|PATCH https://fcrepo.lib.umd.edu/fcrepo/rest/tx:f31a8521-1cc1-4c80-ae6b-e834e7aecaa8/pcdm/7e/b7/d8/5c/7eb7d85c-904a-4180-8e2a-dddb89727c8b
DEBUG|2017-02-27 09:33:03,301|classes.pcdm.Repository|204 No Content
INFO|2017-02-27 09:33:03,301|classes.pcdm.Article|Updated ALUMNI
INFO|2017-02-27 09:33:03,302|classes.pcdm.IssueMetadata|Updating The triangle (College Park, Md.), 1910-05-15, issue METS metadata
DEBUG|2017-02-27 09:33:03,302|classes.pcdm.Repository|PATCH https://fcrepo.lib.umd.edu/fcrepo/rest/tx:f31a8521-1cc1-4c80-ae6b-e834e7aecaa8/pcdm/c4/8a/6e/03/c48a6e03-8fe7-4f58-834d-7291afcca86e
DEBUG|2017-02-27 09:33:03,349|classes.pcdm.Repository|204 No Content
INFO|2017-02-27 09:33:03,349|classes.pcdm.IssueMetadata|Updated The triangle (College Park, Md.), 1910-05-15, issue METS metadata
INFO|2017-02-27 09:33:03,349|classes.pcdm.MetadataFile|Updating 1910051501_1.xml
DEBUG|2017-02-27 09:33:03,350|classes.pcdm.Repository|PATCH https://fcrepo.lib.umd.edu/fcrepo/rest/tx:f31a8521-1cc1-4c80-ae6b-e834e7aecaa8/pcdm/56/e2/c9/23/56e2c923-6aad-46e5-abc1-9e138e804db0/fcr:metadata
DEBUG|2017-02-27 09:33:03,395|classes.pcdm.Repository|204 No Content
INFO|2017-02-27 09:33:03,395|classes.pcdm.MetadataFile|Updated 1910051501_1.xml
INFO|2017-02-27 09:33:03,395|classes.pcdm.IssueMetadata|Updating The triangle (College Park, Md.), 1910-05-15, article METS metadata
DEBUG|2017-02-27 09:33:03,395|classes.pcdm.Repository|PATCH https://fcrepo.lib.umd.edu/fcrepo/rest/tx:f31a8521-1cc1-4c80-ae6b-e834e7aecaa8/pcdm/65/48/08/94/65480894-60f8-4244-9e38-8807eafe3ffd
DEBUG|2017-02-27 09:33:03,439|classes.pcdm.Repository|204 No Content
INFO|2017-02-27 09:33:03,440|classes.pcdm.IssueMetadata|Updated The triangle (College Park, Md.), 1910-05-15, article METS metadata
INFO|2017-02-27 09:33:03,440|classes.pcdm.MetadataFile|Updating 1910051501.xml
DEBUG|2017-02-27 09:33:03,440|classes.pcdm.Repository|PATCH https://fcrepo.lib.umd.edu/fcrepo/rest/tx:f31a8521-1cc1-4c80-ae6b-e834e7aecaa8/pcdm/41/22/2f/a3/41222fa3-8cec-471b-8ac2-05a36c800b94/fcr:metadata
DEBUG|2017-02-27 09:33:03,485|classes.pcdm.Repository|204 No Content
INFO|2017-02-27 09:33:03,485|classes.pcdm.MetadataFile|Updated 1910051501.xml
INFO|2017-02-27 09:33:03,486|__main__|Committing transaction
INFO|2017-02-27 09:33:03,486|classes.pcdm.Repository|Committing transaction https://fcrepo.lib.umd.edu/fcrepo/rest/tx:f31a8521-1cc1-4c80-ae6b-e834e7aecaa8
DEBUG|2017-02-27 09:33:03,486|classes.pcdm.Repository|POST https://fcrepo.lib.umd.edu/fcrepo/rest/tx:f31a8521-1cc1-4c80-ae6b-e834e7aecaa8/fcr:tx/fcr:commit
DEBUG|2017-02-27 09:33:03,641|classes.pcdm.Repository|204 No Content
INFO|2017-02-27 09:33:03,641|classes.pcdm.Repository|Committed transaction https://fcrepo.lib.umd.edu/fcrepo/rest/tx:f31a8521-1cc1-4c80-ae6b-e834e7aecaa8
INFO|2017-02-27 09:33:03,641|__main__|Performing post-creation actions
INFO|2017-02-27 09:33:03,643|classes.pcdm.Issue|Completed post-creation actions
INFO|2017-02-27 09:33:03,643|__main__|Stopping after 10 item(s)
