INFO 17:58:43.253 (FedoraTransactions) Created transaction '8f39e971-c82b-4fb5-b4f4-a069a5b5f27e'
INFO 17:58:43.447 (FedoraLdp) Ingest with path: /stressTest/a9/92/0c/92/a9920c92-8658-43d7-870b-26caedad7a2a
INFO 17:58:43.642 (FedoraTransactions) Commit transaction 'tx:8f39e971-c82b-4fb5-b4f4-a069a5b5f27e'
INFO 17:58:43.833 (FedoraTransactions) Created transaction 'b495727a-1d53-40d3-adbc-a2b172021c2a'
INFO 17:58:44.019 (FedoraLdp) Ingest with path: /stressTest/6f/e9/dd/a6/6fe9dda6-5b39-4f33-b1bc-2cca2f366723
INFO 17:58:44.212 (FedoraTransactions) Commit transaction 'tx:b495727a-1d53-40d3-adbc-a2b172021c2a'
INFO 17:58:44.404 (FedoraTransactions) Created transaction 'c7986b9d-0bf7-412a-8c84-d5322f046700'
WARN 17:58:44.603 (Errors) The following warnings have been detected: WARNING: Unknown HK2 failure detected:
MultiException stack 1 of 2
java.lang.OutOfMemoryError: unable to create new native thread
	at java.lang.Thread.start0(Native Method)
	at java.lang.Thread.start(Thread.java:714)
	at java.util.concurrent.ThreadPoolExecutor.addWorker(ThreadPoolExecutor.java:949)
	at java.util.concurrent.ThreadPoolExecutor.execute(ThreadPoolExecutor.java:1371)
	at org.modeshape.common.collection.ring.RingBuffer.addConsumer(RingBuffer.java:248)
	at org.modeshape.common.collection.ring.RingBuffer.addConsumer(RingBuffer.java:220)
	at org.modeshape.jcr.bus.RepositoryChangeBus.register(RepositoryChangeBus.java:79)
	at org.modeshape.jcr.JcrObservationManager.<init>(JcrObservationManager.java:174)
	at org.modeshape.jcr.JcrWorkspace.observationManager(JcrWorkspace.java:627)
	at org.modeshape.jcr.JcrWorkspace.getObservationManager(JcrWorkspace.java:619)
	at org.fcrepo.http.api.FedoraBaseResource.setUpJMSBaseURIs(FedoraBaseResource.java:81)
	at org.fcrepo.http.api.FedoraLdp.postConstruct(FedoraLdp.java:133)
	at sun.reflect.GeneratedMethodAccessor37.invoke(Unknown Source)
	at sun.reflect.DelegatingMethodAccessorImpl.invoke(DelegatingMethodAccessorImpl.java:43)
	at java.lang.reflect.Method.invoke(Method.java:606)
	at org.glassfish.hk2.utilities.reflection.ReflectionHelper.invoke(ReflectionHelper.java:1019)
	at org.jvnet.hk2.internal.ClazzCreator.postConstructMe(ClazzCreator.java:335)
	at org.jvnet.hk2.internal.ClazzCreator.create(ClazzCreator.java:377)
	at org.jvnet.hk2.internal.SystemDescriptor.create(SystemDescriptor.java:461)
	at org.glassfish.jersey.process.internal.RequestScope.findOrCreate(RequestScope.java:160)
	at org.jvnet.hk2.internal.Utilities.createService(Utilities.java:2268)
	at org.jvnet.hk2.internal.ServiceLocatorImpl.internalGetService(ServiceLocatorImpl.java:690)
	at org.jvnet.hk2.internal.ServiceLocatorImpl.getService(ServiceLocatorImpl.java:655)
	at org.glassfish.jersey.internal.inject.Injections.getOrCreate(Injections.java:169)
	at org.glassfish.jersey.server.model.MethodHandler$ClassBasedMethodHandler.getInstance(MethodHandler.java:185)
	at org.glassfish.jersey.server.internal.routing.PushMethodHandlerRouter.apply(PushMethodHandlerRouter.java:74)
	at org.glassfish.jersey.server.internal.routing.RoutingStage._apply(RoutingStage.java:112)
	at org.glassfish.jersey.server.internal.routing.RoutingStage._apply(RoutingStage.java:115)
	at org.glassfish.jersey.server.internal.routing.RoutingStage._apply(RoutingStage.java:115)
	at org.glassfish.jersey.server.internal.routing.RoutingStage._apply(RoutingStage.java:115)
	at org.glassfish.jersey.server.internal.routing.RoutingStage.apply(RoutingStage.java:94)
	at org.glassfish.jersey.server.internal.routing.RoutingStage.apply(RoutingStage.java:63)
	at org.glassfish.jersey.process.internal.Stages.process(Stages.java:197)
	at org.glassfish.jersey.server.ServerRuntime$1.run(ServerRuntime.java:263)
	at org.glassfish.jersey.internal.Errors$1.call(Errors.java:271)
	at org.glassfish.jersey.internal.Errors$1.call(Errors.java:267)
	at org.glassfish.jersey.internal.Errors.process(Errors.java:315)
	at org.glassfish.jersey.internal.Errors.process(Errors.java:297)
	at org.glassfish.jersey.internal.Errors.process(Errors.java:267)
	at org.glassfish.jersey.process.internal.RequestScope.runInScope(RequestScope.java:297)
	at org.glassfish.jersey.server.ServerRuntime.process(ServerRuntime.java:254)
	at org.glassfish.jersey.server.ApplicationHandler.handle(ApplicationHandler.java:1030)
	at org.glassfish.jersey.servlet.WebComponent.service(WebComponent.java:373)
	at org.glassfish.jersey.servlet.ServletContainer.service(ServletContainer.java:381)
	at org.glassfish.jersey.servlet.ServletContainer.service(ServletContainer.java:344)
	at org.glassfish.jersey.servlet.ServletContainer.service(ServletContainer.java:221)
	at org.apache.catalina.core.ApplicationFilterChain.internalDoFilter(ApplicationFilterChain.java:303)
	at org.apache.catalina.core.ApplicationFilterChain.doFilter(ApplicationFilterChain.java:208)
	at org.apache.catalina.core.StandardWrapperValve.invoke(StandardWrapperValve.java:220)
	at org.apache.catalina.core.StandardContextValve.invoke(StandardContextValve.java:122)
	at org.apache.catalina.authenticator.AuthenticatorBase.invoke(AuthenticatorBase.java:501)
	at org.apache.catalina.core.StandardHostValve.invoke(StandardHostValve.java:171)
	at org.apache.catalina.valves.ErrorReportValve.invoke(ErrorReportValve.java:102)
	at org.apache.catalina.valves.AccessLogValve.invoke(AccessLogValve.java:950)
	at org.apache.catalina.core.StandardEngineValve.invoke(StandardEngineValve.java:116)
	at org.apache.catalina.connector.CoyoteAdapter.service(CoyoteAdapter.java:408)
	at org.apache.coyote.http11.AbstractHttp11Processor.process(AbstractHttp11Processor.java:1040)
	at org.apache.coyote.AbstractProtocol$AbstractConnectionHandler.process(AbstractProtocol.java:607)
	at org.apache.tomcat.util.net.JIoEndpoint$SocketProcessor.run(JIoEndpoint.java:316)
	at java.util.concurrent.ThreadPoolExecutor.runWorker(ThreadPoolExecutor.java:1145)
	at java.util.concurrent.ThreadPoolExecutor$Worker.run(ThreadPoolExecutor.java:615)
	at org.apache.tomcat.util.threads.TaskThread$WrappingRunnable.run(TaskThread.java:61)
	at java.lang.Thread.run(Thread.java:745)
MultiException stack 2 of 2
java.lang.IllegalStateException: Unable to perform operation: post construct on org.fcrepo.http.api.FedoraLdp
	at org.jvnet.hk2.internal.ClazzCreator.create(ClazzCreator.java:395)
	at org.jvnet.hk2.internal.SystemDescriptor.create(SystemDescriptor.java:461)
	at org.glassfish.jersey.process.internal.RequestScope.findOrCreate(RequestScope.java:160)
	at org.jvnet.hk2.internal.Utilities.createService(Utilities.java:2268)
	at org.jvnet.hk2.internal.ServiceLocatorImpl.internalGetService(ServiceLocatorImpl.java:690)
	at org.jvnet.hk2.internal.ServiceLocatorImpl.getService(ServiceLocatorImpl.java:655)
	at org.glassfish.jersey.internal.inject.Injections.getOrCreate(Injections.java:169)
	at org.glassfish.jersey.server.model.MethodHandler$ClassBasedMethodHandler.getInstance(MethodHandler.java:185)
	at org.glassfish.jersey.server.internal.routing.PushMethodHandlerRouter.apply(PushMethodHandlerRouter.java:74)
	at org.glassfish.jersey.server.internal.routing.RoutingStage._apply(RoutingStage.java:112)
	at org.glassfish.jersey.server.internal.routing.RoutingStage._apply(RoutingStage.java:115)
	at org.glassfish.jersey.server.internal.routing.RoutingStage._apply(RoutingStage.java:115)
	at org.glassfish.jersey.server.internal.routing.RoutingStage._apply(RoutingStage.java:115)
	at org.glassfish.jersey.server.internal.routing.RoutingStage.apply(RoutingStage.java:94)
	at org.glassfish.jersey.server.internal.routing.RoutingStage.apply(RoutingStage.java:63)
	at org.glassfish.jersey.process.internal.Stages.process(Stages.java:197)
	at org.glassfish.jersey.server.ServerRuntime$1.run(ServerRuntime.java:263)
	at org.glassfish.jersey.internal.Errors$1.call(Errors.java:271)
	at org.glassfish.jersey.internal.Errors$1.call(Errors.java:267)
	at org.glassfish.jersey.internal.Errors.process(Errors.java:315)
	at org.glassfish.jersey.internal.Errors.process(Errors.java:297)
	at org.glassfish.jersey.internal.Errors.process(Errors.java:267)
	at org.glassfish.jersey.process.internal.RequestScope.runInScope(RequestScope.java:297)
	at org.glassfish.jersey.server.ServerRuntime.process(ServerRuntime.java:254)
	at org.glassfish.jersey.server.ApplicationHandler.handle(ApplicationHandler.java:1030)
	at org.glassfish.jersey.servlet.WebComponent.service(WebComponent.java:373)
	at org.glassfish.jersey.servlet.ServletContainer.service(ServletContainer.java:381)
	at org.glassfish.jersey.servlet.ServletContainer.service(ServletContainer.java:344)
	at org.glassfish.jersey.servlet.ServletContainer.service(ServletContainer.java:221)
	at org.apache.catalina.core.ApplicationFilterChain.internalDoFilter(ApplicationFilterChain.java:303)
	at org.apache.catalina.core.ApplicationFilterChain.doFilter(ApplicationFilterChain.java:208)
	at org.apache.catalina.core.StandardWrapperValve.invoke(StandardWrapperValve.java:220)
	at org.apache.catalina.core.StandardContextValve.invoke(StandardContextValve.java:122)
	at org.apache.catalina.authenticator.AuthenticatorBase.invoke(AuthenticatorBase.java:501)
	at org.apache.catalina.core.StandardHostValve.invoke(StandardHostValve.java:171)
	at org.apache.catalina.valves.ErrorReportValve.invoke(ErrorReportValve.java:102)
	at org.apache.catalina.valves.AccessLogValve.invoke(AccessLogValve.java:950)
	at org.apache.catalina.core.StandardEngineValve.invoke(StandardEngineValve.java:116)
	at org.apache.catalina.connector.CoyoteAdapter.service(CoyoteAdapter.java:408)
	at org.apache.coyote.http11.AbstractHttp11Processor.process(AbstractHttp11Processor.java:1040)
	at org.apache.coyote.AbstractProtocol$AbstractConnectionHandler.process(AbstractProtocol.java:607)
	at org.apache.tomcat.util.net.JIoEndpoint$SocketProcessor.run(JIoEndpoint.java:316)
	at java.util.concurrent.ThreadPoolExecutor.runWorker(ThreadPoolExecutor.java:1145)
	at java.util.concurrent.ThreadPoolExecutor$Worker.run(ThreadPoolExecutor.java:615)
	at org.apache.tomcat.util.threads.TaskThread$WrappingRunnable.run(TaskThread.java:61)
	at java.lang.Thread.run(Thread.java:745)


INFO 17:58:44.795 (FedoraTransactions) Commit transaction 'tx:c7986b9d-0bf7-412a-8c84-d5322f046700'
INFO 17:58:44.986 (FedoraTransactions) Created transaction '9543d91d-d4f4-4815-87b5-2e4f78580b36'
WARN 17:58:45.177 (Errors) The following warnings have been detected: WARNING: Unknown HK2 failure detected:
MultiException stack 1 of 2
java.lang.OutOfMemoryError: unable to create new native thread
	at java.lang.Thread.start0(Native Method)
	at java.lang.Thread.start(Thread.java:714)
	at java.util.concurrent.ThreadPoolExecutor.addWorker(ThreadPoolExecutor.java:949)
	at java.util.concurrent.ThreadPoolExecutor.execute(ThreadPoolExecutor.java:1371)
	at org.modeshape.common.collection.ring.RingBuffer.addConsumer(RingBuffer.java:248)
	at org.modeshape.common.collection.ring.RingBuffer.addConsumer(RingBuffer.java:220)
	at org.modeshape.jcr.bus.RepositoryChangeBus.register(RepositoryChangeBus.java:79)
	at org.modeshape.jcr.JcrObservationManager.<init>(JcrObservationManager.java:174)
	at org.modeshape.jcr.JcrWorkspace.observationManager(JcrWorkspace.java:627)
	at org.modeshape.jcr.JcrWorkspace.getObservationManager(JcrWorkspace.java:619)
	at org.fcrepo.http.api.FedoraBaseResource.setUpJMSBaseURIs(FedoraBaseResource.java:81)
	at org.fcrepo.http.api.FedoraLdp.postConstruct(FedoraLdp.java:133)
	at sun.reflect.GeneratedMethodAccessor37.invoke(Unknown Source)
	at sun.reflect.DelegatingMethodAccessorImpl.invoke(DelegatingMethodAccessorImpl.java:43)
	at java.lang.reflect.Method.invoke(Method.java:606)
	at org.glassfish.hk2.utilities.reflection.ReflectionHelper.invoke(ReflectionHelper.java:1019)
	at org.jvnet.hk2.internal.ClazzCreator.postConstructMe(ClazzCreator.java:335)
	at org.jvnet.hk2.internal.ClazzCreator.create(ClazzCreator.java:377)
	at org.jvnet.hk2.internal.SystemDescriptor.create(SystemDescriptor.java:461)
	at org.glassfish.jersey.process.internal.RequestScope.findOrCreate(RequestScope.java:160)
	at org.jvnet.hk2.internal.Utilities.createService(Utilities.java:2268)
	at org.jvnet.hk2.internal.ServiceLocatorImpl.internalGetService(ServiceLocatorImpl.java:690)
	at org.jvnet.hk2.internal.ServiceLocatorImpl.getService(ServiceLocatorImpl.java:655)
	at org.glassfish.jersey.internal.inject.Injections.getOrCreate(Injections.java:169)
	at org.glassfish.jersey.server.model.MethodHandler$ClassBasedMethodHandler.getInstance(MethodHandler.java:185)
	at org.glassfish.jersey.server.internal.routing.PushMethodHandlerRouter.apply(PushMethodHandlerRouter.java:74)
	at org.glassfish.jersey.server.internal.routing.RoutingStage._apply(RoutingStage.java:112)
	at org.glassfish.jersey.server.internal.routing.RoutingStage._apply(RoutingStage.java:115)
	at org.glassfish.jersey.server.internal.routing.RoutingStage._apply(RoutingStage.java:115)
	at org.glassfish.jersey.server.internal.routing.RoutingStage._apply(RoutingStage.java:115)
	at org.glassfish.jersey.server.internal.routing.RoutingStage.apply(RoutingStage.java:94)
	at org.glassfish.jersey.server.internal.routing.RoutingStage.apply(RoutingStage.java:63)
	at org.glassfish.jersey.process.internal.Stages.process(Stages.java:197)
	at org.glassfish.jersey.server.ServerRuntime$1.run(ServerRuntime.java:263)
	at org.glassfish.jersey.internal.Errors$1.call(Errors.java:271)
	at org.glassfish.jersey.internal.Errors$1.call(Errors.java:267)
	at org.glassfish.jersey.internal.Errors.process(Errors.java:315)
	at org.glassfish.jersey.internal.Errors.process(Errors.java:297)
	at org.glassfish.jersey.internal.Errors.process(Errors.java:267)
	at org.glassfish.jersey.process.internal.RequestScope.runInScope(RequestScope.java:297)
	at org.glassfish.jersey.server.ServerRuntime.process(ServerRuntime.java:254)
	at org.glassfish.jersey.server.ApplicationHandler.handle(ApplicationHandler.java:1030)
	at org.glassfish.jersey.servlet.WebComponent.service(WebComponent.java:373)
	at org.glassfish.jersey.servlet.ServletContainer.service(ServletContainer.java:381)
	at org.glassfish.jersey.servlet.ServletContainer.service(ServletContainer.java:344)
	at org.glassfish.jersey.servlet.ServletContainer.service(ServletContainer.java:221)
	at org.apache.catalina.core.ApplicationFilterChain.internalDoFilter(ApplicationFilterChain.java:303)
	at org.apache.catalina.core.ApplicationFilterChain.doFilter(ApplicationFilterChain.java:208)
	at org.apache.catalina.core.StandardWrapperValve.invoke(StandardWrapperValve.java:220)
	at org.apache.catalina.core.StandardContextValve.invoke(StandardContextValve.java:122)
	at org.apache.catalina.authenticator.AuthenticatorBase.invoke(AuthenticatorBase.java:501)
	at org.apache.catalina.core.StandardHostValve.invoke(StandardHostValve.java:171)
	at org.apache.catalina.valves.ErrorReportValve.invoke(ErrorReportValve.java:102)
	at org.apache.catalina.valves.AccessLogValve.invoke(AccessLogValve.java:950)
	at org.apache.catalina.core.StandardEngineValve.invoke(StandardEngineValve.java:116)
	at org.apache.catalina.connector.CoyoteAdapter.service(CoyoteAdapter.java:408)
	at org.apache.coyote.http11.AbstractHttp11Processor.process(AbstractHttp11Processor.java:1040)
	at org.apache.coyote.AbstractProtocol$AbstractConnectionHandler.process(AbstractProtocol.java:607)
	at org.apache.tomcat.util.net.JIoEndpoint$SocketProcessor.run(JIoEndpoint.java:316)
	at java.util.concurrent.ThreadPoolExecutor.runWorker(ThreadPoolExecutor.java:1145)
	at java.util.concurrent.ThreadPoolExecutor$Worker.run(ThreadPoolExecutor.java:615)
	at org.apache.tomcat.util.threads.TaskThread$WrappingRunnable.run(TaskThread.java:61)
	at java.lang.Thread.run(Thread.java:745)
MultiException stack 2 of 2
java.lang.IllegalStateException: Unable to perform operation: post construct on org.fcrepo.http.api.FedoraLdp
	at org.jvnet.hk2.internal.ClazzCreator.create(ClazzCreator.java:395)
	at org.jvnet.hk2.internal.SystemDescriptor.create(SystemDescriptor.java:461)
	at org.glassfish.jersey.process.internal.RequestScope.findOrCreate(RequestScope.java:160)
	at org.jvnet.hk2.internal.Utilities.createService(Utilities.java:2268)
	at org.jvnet.hk2.internal.ServiceLocatorImpl.internalGetService(ServiceLocatorImpl.java:690)
	at org.jvnet.hk2.internal.ServiceLocatorImpl.getService(ServiceLocatorImpl.java:655)
	at org.glassfish.jersey.internal.inject.Injections.getOrCreate(Injections.java:169)
	at org.glassfish.jersey.server.model.MethodHandler$ClassBasedMethodHandler.getInstance(MethodHandler.java:185)
	at org.glassfish.jersey.server.internal.routing.PushMethodHandlerRouter.apply(PushMethodHandlerRouter.java:74)
	at org.glassfish.jersey.server.internal.routing.RoutingStage._apply(RoutingStage.java:112)
	at org.glassfish.jersey.server.internal.routing.RoutingStage._apply(RoutingStage.java:115)
	at org.glassfish.jersey.server.internal.routing.RoutingStage._apply(RoutingStage.java:115)
	at org.glassfish.jersey.server.internal.routing.RoutingStage._apply(RoutingStage.java:115)
	at org.glassfish.jersey.server.internal.routing.RoutingStage.apply(RoutingStage.java:94)
	at org.glassfish.jersey.server.internal.routing.RoutingStage.apply(RoutingStage.java:63)
	at org.glassfish.jersey.process.internal.Stages.process(Stages.java:197)
	at org.glassfish.jersey.server.ServerRuntime$1.run(ServerRuntime.java:263)
	at org.glassfish.jersey.internal.Errors$1.call(Errors.java:271)
	at org.glassfish.jersey.internal.Errors$1.call(Errors.java:267)
	at org.glassfish.jersey.internal.Errors.process(Errors.java:315)
	at org.glassfish.jersey.internal.Errors.process(Errors.java:297)
	at org.glassfish.jersey.internal.Errors.process(Errors.java:267)
	at org.glassfish.jersey.process.internal.RequestScope.runInScope(RequestScope.java:297)
	at org.glassfish.jersey.server.ServerRuntime.process(ServerRuntime.java:254)
	at org.glassfish.jersey.server.ApplicationHandler.handle(ApplicationHandler.java:1030)
	at org.glassfish.jersey.servlet.WebComponent.service(WebComponent.java:373)
	at org.glassfish.jersey.servlet.ServletContainer.service(ServletContainer.java:381)
	at org.glassfish.jersey.servlet.ServletContainer.service(ServletContainer.java:344)
	at org.glassfish.jersey.servlet.ServletContainer.service(ServletContainer.java:221)
	at org.apache.catalina.core.ApplicationFilterChain.internalDoFilter(ApplicationFilterChain.java:303)
	at org.apache.catalina.core.ApplicationFilterChain.doFilter(ApplicationFilterChain.java:208)
	at org.apache.catalina.core.StandardWrapperValve.invoke(StandardWrapperValve.java:220)
	at org.apache.catalina.core.StandardContextValve.invoke(StandardContextValve.java:122)
	at org.apache.catalina.authenticator.AuthenticatorBase.invoke(AuthenticatorBase.java:501)
	at org.apache.catalina.core.StandardHostValve.invoke(StandardHostValve.java:171)
	at org.apache.catalina.valves.ErrorReportValve.invoke(ErrorReportValve.java:102)
	at org.apache.catalina.valves.AccessLogValve.invoke(AccessLogValve.java:950)
	at org.apache.catalina.core.StandardEngineValve.invoke(StandardEngineValve.java:116)
	at org.apache.catalina.connector.CoyoteAdapter.service(CoyoteAdapter.java:408)
	at org.apache.coyote.http11.AbstractHttp11Processor.process(AbstractHttp11Processor.java:1040)
	at org.apache.coyote.AbstractProtocol$AbstractConnectionHandler.process(AbstractProtocol.java:607)
	at org.apache.tomcat.util.net.JIoEndpoint$SocketProcessor.run(JIoEndpoint.java:316)
	at java.util.concurrent.ThreadPoolExecutor.runWorker(ThreadPoolExecutor.java:1145)
	at java.util.concurrent.ThreadPoolExecutor$Worker.run(ThreadPoolExecutor.java:615)
	at org.apache.tomcat.util.threads.TaskThread$WrappingRunnable.run(TaskThread.java:61)
	at java.lang.Thread.run(Thread.java:745)


INFO 17:58:45.373 (FedoraTransactions) Commit transaction 'tx:9543d91d-d4f4-4815-87b5-2e4f78580b36'
INFO 17:58:45.563 (FedoraTransactions) Created transaction 'a30776c7-3ef2-42ad-ad82-5e5a70ff4acf'
WARN 17:58:45.759 (Errors) The following warnings have been detected: WARNING: Unknown HK2 failure detected:
MultiException stack 1 of 2
java.lang.OutOfMemoryError: unable to create new native thread
	at java.lang.Thread.start0(Native Method)
	at java.lang.Thread.start(Thread.java:714)
	at java.util.concurrent.ThreadPoolExecutor.addWorker(ThreadPoolExecutor.java:949)
	at java.util.concurrent.ThreadPoolExecutor.execute(ThreadPoolExecutor.java:1371)
	at org.modeshape.common.collection.ring.RingBuffer.addConsumer(RingBuffer.java:248)
	at org.modeshape.common.collection.ring.RingBuffer.addConsumer(RingBuffer.java:220)
	at org.modeshape.jcr.bus.RepositoryChangeBus.register(RepositoryChangeBus.java:79)
	at org.modeshape.jcr.JcrObservationManager.<init>(JcrObservationManager.java:174)
	at org.modeshape.jcr.JcrWorkspace.observationManager(JcrWorkspace.java:627)
	at org.modeshape.jcr.JcrWorkspace.getObservationManager(JcrWorkspace.java:619)
	at org.fcrepo.http.api.FedoraBaseResource.setUpJMSBaseURIs(FedoraBaseResource.java:81)
	at org.fcrepo.http.api.FedoraLdp.postConstruct(FedoraLdp.java:133)
	at sun.reflect.GeneratedMethodAccessor37.invoke(Unknown Source)
	at sun.reflect.DelegatingMethodAccessorImpl.invoke(DelegatingMethodAccessorImpl.java:43)
	at java.lang.reflect.Method.invoke(Method.java:606)
	at org.glassfish.hk2.utilities.reflection.ReflectionHelper.invoke(ReflectionHelper.java:1019)
	at org.jvnet.hk2.internal.ClazzCreator.postConstructMe(ClazzCreator.java:335)
	at org.jvnet.hk2.internal.ClazzCreator.create(ClazzCreator.java:377)
	at org.jvnet.hk2.internal.SystemDescriptor.create(SystemDescriptor.java:461)
	at org.glassfish.jersey.process.internal.RequestScope.findOrCreate(RequestScope.java:160)
	at org.jvnet.hk2.internal.Utilities.createService(Utilities.java:2268)
	at org.jvnet.hk2.internal.ServiceLocatorImpl.internalGetService(ServiceLocatorImpl.java:690)
	at org.jvnet.hk2.internal.ServiceLocatorImpl.getService(ServiceLocatorImpl.java:655)
	at org.glassfish.jersey.internal.inject.Injections.getOrCreate(Injections.java:169)
	at org.glassfish.jersey.server.model.MethodHandler$ClassBasedMethodHandler.getInstance(MethodHandler.java:185)
	at org.glassfish.jersey.server.internal.routing.PushMethodHandlerRouter.apply(PushMethodHandlerRouter.java:74)
	at org.glassfish.jersey.server.internal.routing.RoutingStage._apply(RoutingStage.java:112)
	at org.glassfish.jersey.server.internal.routing.RoutingStage._apply(RoutingStage.java:115)
	at org.glassfish.jersey.server.internal.routing.RoutingStage._apply(RoutingStage.java:115)
	at org.glassfish.jersey.server.internal.routing.RoutingStage._apply(RoutingStage.java:115)
	at org.glassfish.jersey.server.internal.routing.RoutingStage.apply(RoutingStage.java:94)
	at org.glassfish.jersey.server.internal.routing.RoutingStage.apply(RoutingStage.java:63)
	at org.glassfish.jersey.process.internal.Stages.process(Stages.java:197)
	at org.glassfish.jersey.server.ServerRuntime$1.run(ServerRuntime.java:263)
	at org.glassfish.jersey.internal.Errors$1.call(Errors.java:271)
	at org.glassfish.jersey.internal.Errors$1.call(Errors.java:267)
	at org.glassfish.jersey.internal.Errors.process(Errors.java:315)
	at org.glassfish.jersey.internal.Errors.process(Errors.java:297)
	at org.glassfish.jersey.internal.Errors.process(Errors.java:267)
	at org.glassfish.jersey.process.internal.RequestScope.runInScope(RequestScope.java:297)
	at org.glassfish.jersey.server.ServerRuntime.process(ServerRuntime.java:254)
	at org.glassfish.jersey.server.ApplicationHandler.handle(ApplicationHandler.java:1030)
	at org.glassfish.jersey.servlet.WebComponent.service(WebComponent.java:373)
	at org.glassfish.jersey.servlet.ServletContainer.service(ServletContainer.java:381)
	at org.glassfish.jersey.servlet.ServletContainer.service(ServletContainer.java:344)
	at org.glassfish.jersey.servlet.ServletContainer.service(ServletContainer.java:221)
	at org.apache.catalina.core.ApplicationFilterChain.internalDoFilter(ApplicationFilterChain.java:303)
	at org.apache.catalina.core.ApplicationFilterChain.doFilter(ApplicationFilterChain.java:208)
	at org.apache.catalina.core.StandardWrapperValve.invoke(StandardWrapperValve.java:220)
	at org.apache.catalina.core.StandardContextValve.invoke(StandardContextValve.java:122)
	at org.apache.catalina.authenticator.AuthenticatorBase.invoke(AuthenticatorBase.java:501)
	at org.apache.catalina.core.StandardHostValve.invoke(StandardHostValve.java:171)
	at org.apache.catalina.valves.ErrorReportValve.invoke(ErrorReportValve.java:102)
	at org.apache.catalina.valves.AccessLogValve.invoke(AccessLogValve.java:950)
	at org.apache.catalina.core.StandardEngineValve.invoke(StandardEngineValve.java:116)
	at org.apache.catalina.connector.CoyoteAdapter.service(CoyoteAdapter.java:408)
	at org.apache.coyote.http11.AbstractHttp11Processor.process(AbstractHttp11Processor.java:1040)
	at org.apache.coyote.AbstractProtocol$AbstractConnectionHandler.process(AbstractProtocol.java:607)
	at org.apache.tomcat.util.net.JIoEndpoint$SocketProcessor.run(JIoEndpoint.java:316)
	at java.util.concurrent.ThreadPoolExecutor.runWorker(ThreadPoolExecutor.java:1145)
	at java.util.concurrent.ThreadPoolExecutor$Worker.run(ThreadPoolExecutor.java:615)
	at org.apache.tomcat.util.threads.TaskThread$WrappingRunnable.run(TaskThread.java:61)
	at java.lang.Thread.run(Thread.java:745)
MultiException stack 2 of 2
java.lang.IllegalStateException: Unable to perform operation: post construct on org.fcrepo.http.api.FedoraLdp
	at org.jvnet.hk2.internal.ClazzCreator.create(ClazzCreator.java:395)
	at org.jvnet.hk2.internal.SystemDescriptor.create(SystemDescriptor.java:461)
	at org.glassfish.jersey.process.internal.RequestScope.findOrCreate(RequestScope.java:160)
	at org.jvnet.hk2.internal.Utilities.createService(Utilities.java:2268)
	at org.jvnet.hk2.internal.ServiceLocatorImpl.internalGetService(ServiceLocatorImpl.java:690)
	at org.jvnet.hk2.internal.ServiceLocatorImpl.getService(ServiceLocatorImpl.java:655)
	at org.glassfish.jersey.internal.inject.Injections.getOrCreate(Injections.java:169)
	at org.glassfish.jersey.server.model.MethodHandler$ClassBasedMethodHandler.getInstance(MethodHandler.java:185)
	at org.glassfish.jersey.server.internal.routing.PushMethodHandlerRouter.apply(PushMethodHandlerRouter.java:74)
	at org.glassfish.jersey.server.internal.routing.RoutingStage._apply(RoutingStage.java:112)
	at org.glassfish.jersey.server.internal.routing.RoutingStage._apply(RoutingStage.java:115)
	at org.glassfish.jersey.server.internal.routing.RoutingStage._apply(RoutingStage.java:115)
	at org.glassfish.jersey.server.internal.routing.RoutingStage._apply(RoutingStage.java:115)
	at org.glassfish.jersey.server.internal.routing.RoutingStage.apply(RoutingStage.java:94)
	at org.glassfish.jersey.server.internal.routing.RoutingStage.apply(RoutingStage.java:63)
	at org.glassfish.jersey.process.internal.Stages.process(Stages.java:197)
	at org.glassfish.jersey.server.ServerRuntime$1.run(ServerRuntime.java:263)
	at org.glassfish.jersey.internal.Errors$1.call(Errors.java:271)
	at org.glassfish.jersey.internal.Errors$1.call(Errors.java:267)
	at org.glassfish.jersey.internal.Errors.process(Errors.java:315)
	at org.glassfish.jersey.internal.Errors.process(Errors.java:297)
	at org.glassfish.jersey.internal.Errors.process(Errors.java:267)
	at org.glassfish.jersey.process.internal.RequestScope.runInScope(RequestScope.java:297)
	at org.glassfish.jersey.server.ServerRuntime.process(ServerRuntime.java:254)
	at org.glassfish.jersey.server.ApplicationHandler.handle(ApplicationHandler.java:1030)
	at org.glassfish.jersey.servlet.WebComponent.service(WebComponent.java:373)
	at org.glassfish.jersey.servlet.ServletContainer.service(ServletContainer.java:381)
	at org.glassfish.jersey.servlet.ServletContainer.service(ServletContainer.java:344)
	at org.glassfish.jersey.servlet.ServletContainer.service(ServletContainer.java:221)
	at org.apache.catalina.core.ApplicationFilterChain.internalDoFilter(ApplicationFilterChain.java:303)
	at org.apache.catalina.core.ApplicationFilterChain.doFilter(ApplicationFilterChain.java:208)
	at org.apache.catalina.core.StandardWrapperValve.invoke(StandardWrapperValve.java:220)
	at org.apache.catalina.core.StandardContextValve.invoke(StandardContextValve.java:122)
	at org.apache.catalina.authenticator.AuthenticatorBase.invoke(AuthenticatorBase.java:501)
	at org.apache.catalina.core.StandardHostValve.invoke(StandardHostValve.java:171)
	at org.apache.catalina.valves.ErrorReportValve.invoke(ErrorReportValve.java:102)
	at org.apache.catalina.valves.AccessLogValve.invoke(AccessLogValve.java:950)
	at org.apache.catalina.core.StandardEngineValve.invoke(StandardEngineValve.java:116)
	at org.apache.catalina.connector.CoyoteAdapter.service(CoyoteAdapter.java:408)
	at org.apache.coyote.http11.AbstractHttp11Processor.process(AbstractHttp11Processor.java:1040)
	at org.apache.coyote.AbstractProtocol$AbstractConnectionHandler.process(AbstractProtocol.java:607)
	at org.apache.tomcat.util.net.JIoEndpoint$SocketProcessor.run(JIoEndpoint.java:316)
	at java.util.concurrent.ThreadPoolExecutor.runWorker(ThreadPoolExecutor.java:1145)
	at java.util.concurrent.ThreadPoolExecutor$Worker.run(ThreadPoolExecutor.java:615)
	at org.apache.tomcat.util.threads.TaskThread$WrappingRunnable.run(TaskThread.java:61)
	at java.lang.Thread.run(Thread.java:745)


INFO 17:58:45.950 (FedoraTransactions) Commit transaction 'tx:a30776c7-3ef2-42ad-ad82-5e5a70ff4acf'
INFO 17:58:46.143 (FedoraTransactions) Created transaction 'a84350da-ded3-445b-afee-b626318c08d6'
WARN 17:58:46.345 (Errors) The following warnings have been detected: WARNING: Unknown HK2 failure detected:
MultiException stack 1 of 2
java.lang.OutOfMemoryError: unable to create new native thread
	at java.lang.Thread.start0(Native Method)
	at java.lang.Thread.start(Thread.java:714)
	at java.util.concurrent.ThreadPoolExecutor.addWorker(ThreadPoolExecutor.java:949)
	at java.util.concurrent.ThreadPoolExecutor.execute(ThreadPoolExecutor.java:1371)
	at org.modeshape.common.collection.ring.RingBuffer.addConsumer(RingBuffer.java:248)
	at org.modeshape.common.collection.ring.RingBuffer.addConsumer(RingBuffer.java:220)
	at org.modeshape.jcr.bus.RepositoryChangeBus.register(RepositoryChangeBus.java:79)
	at org.modeshape.jcr.JcrObservationManager.<init>(JcrObservationManager.java:174)
	at org.modeshape.jcr.JcrWorkspace.observationManager(JcrWorkspace.java:627)
	at org.modeshape.jcr.JcrWorkspace.getObservationManager(JcrWorkspace.java:619)
	at org.fcrepo.http.api.FedoraBaseResource.setUpJMSBaseURIs(FedoraBaseResource.java:81)
	at org.fcrepo.http.api.FedoraLdp.postConstruct(FedoraLdp.java:133)
	at sun.reflect.GeneratedMethodAccessor37.invoke(Unknown Source)
	at sun.reflect.DelegatingMethodAccessorImpl.invoke(DelegatingMethodAccessorImpl.java:43)
	at java.lang.reflect.Method.invoke(Method.java:606)
	at org.glassfish.hk2.utilities.reflection.ReflectionHelper.invoke(ReflectionHelper.java:1019)
	at org.jvnet.hk2.internal.ClazzCreator.postConstructMe(ClazzCreator.java:335)
	at org.jvnet.hk2.internal.ClazzCreator.create(ClazzCreator.java:377)
	at org.jvnet.hk2.internal.SystemDescriptor.create(SystemDescriptor.java:461)
	at org.glassfish.jersey.process.internal.RequestScope.findOrCreate(RequestScope.java:160)
	at org.jvnet.hk2.internal.Utilities.createService(Utilities.java:2268)
	at org.jvnet.hk2.internal.ServiceLocatorImpl.internalGetService(ServiceLocatorImpl.java:690)
	at org.jvnet.hk2.internal.ServiceLocatorImpl.getService(ServiceLocatorImpl.java:655)
	at org.glassfish.jersey.internal.inject.Injections.getOrCreate(Injections.java:169)
	at org.glassfish.jersey.server.model.MethodHandler$ClassBasedMethodHandler.getInstance(MethodHandler.java:185)
	at org.glassfish.jersey.server.internal.routing.PushMethodHandlerRouter.apply(PushMethodHandlerRouter.java:74)
	at org.glassfish.jersey.server.internal.routing.RoutingStage._apply(RoutingStage.java:112)
	at org.glassfish.jersey.server.internal.routing.RoutingStage._apply(RoutingStage.java:115)
	at org.glassfish.jersey.server.internal.routing.RoutingStage._apply(RoutingStage.java:115)
	at org.glassfish.jersey.server.internal.routing.RoutingStage._apply(RoutingStage.java:115)
	at org.glassfish.jersey.server.internal.routing.RoutingStage.apply(RoutingStage.java:94)
	at org.glassfish.jersey.server.internal.routing.RoutingStage.apply(RoutingStage.java:63)
	at org.glassfish.jersey.process.internal.Stages.process(Stages.java:197)
	at org.glassfish.jersey.server.ServerRuntime$1.run(ServerRuntime.java:263)
	at org.glassfish.jersey.internal.Errors$1.call(Errors.java:271)
	at org.glassfish.jersey.internal.Errors$1.call(Errors.java:267)
	at org.glassfish.jersey.internal.Errors.process(Errors.java:315)
	at org.glassfish.jersey.internal.Errors.process(Errors.java:297)
	at org.glassfish.jersey.internal.Errors.process(Errors.java:267)
	at org.glassfish.jersey.process.internal.RequestScope.runInScope(RequestScope.java:297)
	at org.glassfish.jersey.server.ServerRuntime.process(ServerRuntime.java:254)
	at org.glassfish.jersey.server.ApplicationHandler.handle(ApplicationHandler.java:1030)
	at org.glassfish.jersey.servlet.WebComponent.service(WebComponent.java:373)
	at org.glassfish.jersey.servlet.ServletContainer.service(ServletContainer.java:381)
	at org.glassfish.jersey.servlet.ServletContainer.service(ServletContainer.java:344)
	at org.glassfish.jersey.servlet.ServletContainer.service(ServletContainer.java:221)
	at org.apache.catalina.core.ApplicationFilterChain.internalDoFilter(ApplicationFilterChain.java:303)
	at org.apache.catalina.core.ApplicationFilterChain.doFilter(ApplicationFilterChain.java:208)
	at org.apache.catalina.core.StandardWrapperValve.invoke(StandardWrapperValve.java:220)
	at org.apache.catalina.core.StandardContextValve.invoke(StandardContextValve.java:122)
	at org.apache.catalina.authenticator.AuthenticatorBase.invoke(AuthenticatorBase.java:501)
	at org.apache.catalina.core.StandardHostValve.invoke(StandardHostValve.java:171)
	at org.apache.catalina.valves.ErrorReportValve.invoke(ErrorReportValve.java:102)
	at org.apache.catalina.valves.AccessLogValve.invoke(AccessLogValve.java:950)
	at org.apache.catalina.core.StandardEngineValve.invoke(StandardEngineValve.java:116)
	at org.apache.catalina.connector.CoyoteAdapter.service(CoyoteAdapter.java:408)
	at org.apache.coyote.http11.AbstractHttp11Processor.process(AbstractHttp11Processor.java:1040)
	at org.apache.coyote.AbstractProtocol$AbstractConnectionHandler.process(AbstractProtocol.java:607)
	at org.apache.tomcat.util.net.JIoEndpoint$SocketProcessor.run(JIoEndpoint.java:316)
	at java.util.concurrent.ThreadPoolExecutor.runWorker(ThreadPoolExecutor.java:1145)
	at java.util.concurrent.ThreadPoolExecutor$Worker.run(ThreadPoolExecutor.java:615)
	at org.apache.tomcat.util.threads.TaskThread$WrappingRunnable.run(TaskThread.java:61)
	at java.lang.Thread.run(Thread.java:745)
MultiException stack 2 of 2
java.lang.IllegalStateException: Unable to perform operation: post construct on org.fcrepo.http.api.FedoraLdp
	at org.jvnet.hk2.internal.ClazzCreator.create(ClazzCreator.java:395)
	at org.jvnet.hk2.internal.SystemDescriptor.create(SystemDescriptor.java:461)
	at org.glassfish.jersey.process.internal.RequestScope.findOrCreate(RequestScope.java:160)
	at org.jvnet.hk2.internal.Utilities.createService(Utilities.java:2268)
	at org.jvnet.hk2.internal.ServiceLocatorImpl.internalGetService(ServiceLocatorImpl.java:690)
	at org.jvnet.hk2.internal.ServiceLocatorImpl.getService(ServiceLocatorImpl.java:655)
	at org.glassfish.jersey.internal.inject.Injections.getOrCreate(Injections.java:169)
	at org.glassfish.jersey.server.model.MethodHandler$ClassBasedMethodHandler.getInstance(MethodHandler.java:185)
	at org.glassfish.jersey.server.internal.routing.PushMethodHandlerRouter.apply(PushMethodHandlerRouter.java:74)
	at org.glassfish.jersey.server.internal.routing.RoutingStage._apply(RoutingStage.java:112)
	at org.glassfish.jersey.server.internal.routing.RoutingStage._apply(RoutingStage.java:115)
	at org.glassfish.jersey.server.internal.routing.RoutingStage._apply(RoutingStage.java:115)
	at org.glassfish.jersey.server.internal.routing.RoutingStage._apply(RoutingStage.java:115)
	at org.glassfish.jersey.server.internal.routing.RoutingStage.apply(RoutingStage.java:94)
	at org.glassfish.jersey.server.internal.routing.RoutingStage.apply(RoutingStage.java:63)
	at org.glassfish.jersey.process.internal.Stages.process(Stages.java:197)
	at org.glassfish.jersey.server.ServerRuntime$1.run(ServerRuntime.java:263)
	at org.glassfish.jersey.internal.Errors$1.call(Errors.java:271)
	at org.glassfish.jersey.internal.Errors$1.call(Errors.java:267)
	at org.glassfish.jersey.internal.Errors.process(Errors.java:315)
	at org.glassfish.jersey.internal.Errors.process(Errors.java:297)
	at org.glassfish.jersey.internal.Errors.process(Errors.java:267)
	at org.glassfish.jersey.process.internal.RequestScope.runInScope(RequestScope.java:297)
	at org.glassfish.jersey.server.ServerRuntime.process(ServerRuntime.java:254)
	at org.glassfish.jersey.server.ApplicationHandler.handle(ApplicationHandler.java:1030)
	at org.glassfish.jersey.servlet.WebComponent.service(WebComponent.java:373)
	at org.glassfish.jersey.servlet.ServletContainer.service(ServletContainer.java:381)
	at org.glassfish.jersey.servlet.ServletContainer.service(ServletContainer.java:344)
	at org.glassfish.jersey.servlet.ServletContainer.service(ServletContainer.java:221)
	at org.apache.catalina.core.ApplicationFilterChain.internalDoFilter(ApplicationFilterChain.java:303)
	at org.apache.catalina.core.ApplicationFilterChain.doFilter(ApplicationFilterChain.java:208)
	at org.apache.catalina.core.StandardWrapperValve.invoke(StandardWrapperValve.java:220)
	at org.apache.catalina.core.StandardContextValve.invoke(StandardContextValve.java:122)
	at org.apache.catalina.authenticator.AuthenticatorBase.invoke(AuthenticatorBase.java:501)
	at org.apache.catalina.core.StandardHostValve.invoke(StandardHostValve.java:171)
	at org.apache.catalina.valves.ErrorReportValve.invoke(ErrorReportValve.java:102)
	at org.apache.catalina.valves.AccessLogValve.invoke(AccessLogValve.java:950)
	at org.apache.catalina.core.StandardEngineValve.invoke(StandardEngineValve.java:116)
	at org.apache.catalina.connector.CoyoteAdapter.service(CoyoteAdapter.java:408)
	at org.apache.coyote.http11.AbstractHttp11Processor.process(AbstractHttp11Processor.java:1040)
	at org.apache.coyote.AbstractProtocol$AbstractConnectionHandler.process(AbstractProtocol.java:607)
	at org.apache.tomcat.util.net.JIoEndpoint$SocketProcessor.run(JIoEndpoint.java:316)
	at java.util.concurrent.ThreadPoolExecutor.runWorker(ThreadPoolExecutor.java:1145)
	at java.util.concurrent.ThreadPoolExecutor$Worker.run(ThreadPoolExecutor.java:615)
	at org.apache.tomcat.util.threads.TaskThread$WrappingRunnable.run(TaskThread.java:61)
	at java.lang.Thread.run(Thread.java:745)


INFO 17:58:46.533 (FedoraTransactions) Commit transaction 'tx:a84350da-ded3-445b-afee-b626318c08d6'
INFO 17:58:46.724 (FedoraTransactions) Created transaction '1df6ddb2-1c95-45db-9450-757d1377483c'
WARN 17:58:46.924 (Errors) The following warnings have been detected: WARNING: Unknown HK2 failure detected:
MultiException stack 1 of 2
java.lang.OutOfMemoryError: unable to create new native thread
	at java.lang.Thread.start0(Native Method)
	at java.lang.Thread.start(Thread.java:714)
	at java.util.concurrent.ThreadPoolExecutor.addWorker(ThreadPoolExecutor.java:949)
	at java.util.concurrent.ThreadPoolExecutor.execute(ThreadPoolExecutor.java:1371)
	at org.modeshape.common.collection.ring.RingBuffer.addConsumer(RingBuffer.java:248)
	at org.modeshape.common.collection.ring.RingBuffer.addConsumer(RingBuffer.java:220)
	at org.modeshape.jcr.bus.RepositoryChangeBus.register(RepositoryChangeBus.java:79)
	at org.modeshape.jcr.JcrObservationManager.<init>(JcrObservationManager.java:174)
	at org.modeshape.jcr.JcrWorkspace.observationManager(JcrWorkspace.java:627)
	at org.modeshape.jcr.JcrWorkspace.getObservationManager(JcrWorkspace.java:619)
	at org.fcrepo.http.api.FedoraBaseResource.setUpJMSBaseURIs(FedoraBaseResource.java:81)
	at org.fcrepo.http.api.FedoraLdp.postConstruct(FedoraLdp.java:133)
	at sun.reflect.GeneratedMethodAccessor37.invoke(Unknown Source)
	at sun.reflect.DelegatingMethodAccessorImpl.invoke(DelegatingMethodAccessorImpl.java:43)
	at java.lang.reflect.Method.invoke(Method.java:606)
	at org.glassfish.hk2.utilities.reflection.ReflectionHelper.invoke(ReflectionHelper.java:1019)
	at org.jvnet.hk2.internal.ClazzCreator.postConstructMe(ClazzCreator.java:335)
	at org.jvnet.hk2.internal.ClazzCreator.create(ClazzCreator.java:377)
	at org.jvnet.hk2.internal.SystemDescriptor.create(SystemDescriptor.java:461)
	at org.glassfish.jersey.process.internal.RequestScope.findOrCreate(RequestScope.java:160)
	at org.jvnet.hk2.internal.Utilities.createService(Utilities.java:2268)
	at org.jvnet.hk2.internal.ServiceLocatorImpl.internalGetService(ServiceLocatorImpl.java:690)
	at org.jvnet.hk2.internal.ServiceLocatorImpl.getService(ServiceLocatorImpl.java:655)
	at org.glassfish.jersey.internal.inject.Injections.getOrCreate(Injections.java:169)
	at org.glassfish.jersey.server.model.MethodHandler$ClassBasedMethodHandler.getInstance(MethodHandler.java:185)
	at org.glassfish.jersey.server.internal.routing.PushMethodHandlerRouter.apply(PushMethodHandlerRouter.java:74)
	at org.glassfish.jersey.server.internal.routing.RoutingStage._apply(RoutingStage.java:112)
	at org.glassfish.jersey.server.internal.routing.RoutingStage._apply(RoutingStage.java:115)
	at org.glassfish.jersey.server.internal.routing.RoutingStage._apply(RoutingStage.java:115)
	at org.glassfish.jersey.server.internal.routing.RoutingStage._apply(RoutingStage.java:115)
	at org.glassfish.jersey.server.internal.routing.RoutingStage.apply(RoutingStage.java:94)
	at org.glassfish.jersey.server.internal.routing.RoutingStage.apply(RoutingStage.java:63)
	at org.glassfish.jersey.process.internal.Stages.process(Stages.java:197)
	at org.glassfish.jersey.server.ServerRuntime$1.run(ServerRuntime.java:263)
	at org.glassfish.jersey.internal.Errors$1.call(Errors.java:271)
	at org.glassfish.jersey.internal.Errors$1.call(Errors.java:267)
	at org.glassfish.jersey.internal.Errors.process(Errors.java:315)
	at org.glassfish.jersey.internal.Errors.process(Errors.java:297)
	at org.glassfish.jersey.internal.Errors.process(Errors.java:267)
	at org.glassfish.jersey.process.internal.RequestScope.runInScope(RequestScope.java:297)
	at org.glassfish.jersey.server.ServerRuntime.process(ServerRuntime.java:254)
	at org.glassfish.jersey.server.ApplicationHandler.handle(ApplicationHandler.java:1030)
	at org.glassfish.jersey.servlet.WebComponent.service(WebComponent.java:373)
	at org.glassfish.jersey.servlet.ServletContainer.service(ServletContainer.java:381)
	at org.glassfish.jersey.servlet.ServletContainer.service(ServletContainer.java:344)
	at org.glassfish.jersey.servlet.ServletContainer.service(ServletContainer.java:221)
	at org.apache.catalina.core.ApplicationFilterChain.internalDoFilter(ApplicationFilterChain.java:303)
	at org.apache.catalina.core.ApplicationFilterChain.doFilter(ApplicationFilterChain.java:208)
	at org.apache.catalina.core.StandardWrapperValve.invoke(StandardWrapperValve.java:220)
	at org.apache.catalina.core.StandardContextValve.invoke(StandardContextValve.java:122)
	at org.apache.catalina.authenticator.AuthenticatorBase.invoke(AuthenticatorBase.java:501)
	at org.apache.catalina.core.StandardHostValve.invoke(StandardHostValve.java:171)
	at org.apache.catalina.valves.ErrorReportValve.invoke(ErrorReportValve.java:102)
	at org.apache.catalina.valves.AccessLogValve.invoke(AccessLogValve.java:950)
	at org.apache.catalina.core.StandardEngineValve.invoke(StandardEngineValve.java:116)
	at org.apache.catalina.connector.CoyoteAdapter.service(CoyoteAdapter.java:408)
	at org.apache.coyote.http11.AbstractHttp11Processor.process(AbstractHttp11Processor.java:1040)
	at org.apache.coyote.AbstractProtocol$AbstractConnectionHandler.process(AbstractProtocol.java:607)
	at org.apache.tomcat.util.net.JIoEndpoint$SocketProcessor.run(JIoEndpoint.java:316)
	at java.util.concurrent.ThreadPoolExecutor.runWorker(ThreadPoolExecutor.java:1145)
	at java.util.concurrent.ThreadPoolExecutor$Worker.run(ThreadPoolExecutor.java:615)
	at org.apache.tomcat.util.threads.TaskThread$WrappingRunnable.run(TaskThread.java:61)
	at java.lang.Thread.run(Thread.java:745)
MultiException stack 2 of 2
java.lang.IllegalStateException: Unable to perform operation: post construct on org.fcrepo.http.api.FedoraLdp
	at org.jvnet.hk2.internal.ClazzCreator.create(ClazzCreator.java:395)
	at org.jvnet.hk2.internal.SystemDescriptor.create(SystemDescriptor.java:461)
	at org.glassfish.jersey.process.internal.RequestScope.findOrCreate(RequestScope.java:160)
	at org.jvnet.hk2.internal.Utilities.createService(Utilities.java:2268)
	at org.jvnet.hk2.internal.ServiceLocatorImpl.internalGetService(ServiceLocatorImpl.java:690)
	at org.jvnet.hk2.internal.ServiceLocatorImpl.getService(ServiceLocatorImpl.java:655)
	at org.glassfish.jersey.internal.inject.Injections.getOrCreate(Injections.java:169)
	at org.glassfish.jersey.server.model.MethodHandler$ClassBasedMethodHandler.getInstance(MethodHandler.java:185)
	at org.glassfish.jersey.server.internal.routing.PushMethodHandlerRouter.apply(PushMethodHandlerRouter.java:74)
	at org.glassfish.jersey.server.internal.routing.RoutingStage._apply(RoutingStage.java:112)
	at org.glassfish.jersey.server.internal.routing.RoutingStage._apply(RoutingStage.java:115)
	at org.glassfish.jersey.server.internal.routing.RoutingStage._apply(RoutingStage.java:115)
	at org.glassfish.jersey.server.internal.routing.RoutingStage._apply(RoutingStage.java:115)
	at org.glassfish.jersey.server.internal.routing.RoutingStage.apply(RoutingStage.java:94)
	at org.glassfish.jersey.server.internal.routing.RoutingStage.apply(RoutingStage.java:63)
	at org.glassfish.jersey.process.internal.Stages.process(Stages.java:197)
	at org.glassfish.jersey.server.ServerRuntime$1.run(ServerRuntime.java:263)
	at org.glassfish.jersey.internal.Errors$1.call(Errors.java:271)
	at org.glassfish.jersey.internal.Errors$1.call(Errors.java:267)
	at org.glassfish.jersey.internal.Errors.process(Errors.java:315)
	at org.glassfish.jersey.internal.Errors.process(Errors.java:297)
	at org.glassfish.jersey.internal.Errors.process(Errors.java:267)
	at org.glassfish.jersey.process.internal.RequestScope.runInScope(RequestScope.java:297)
	at org.glassfish.jersey.server.ServerRuntime.process(ServerRuntime.java:254)
	at org.glassfish.jersey.server.ApplicationHandler.handle(ApplicationHandler.java:1030)
	at org.glassfish.jersey.servlet.WebComponent.service(WebComponent.java:373)
	at org.glassfish.jersey.servlet.ServletContainer.service(ServletContainer.java:381)
	at org.glassfish.jersey.servlet.ServletContainer.service(ServletContainer.java:344)
	at org.glassfish.jersey.servlet.ServletContainer.service(ServletContainer.java:221)
	at org.apache.catalina.core.ApplicationFilterChain.internalDoFilter(ApplicationFilterChain.java:303)
	at org.apache.catalina.core.ApplicationFilterChain.doFilter(ApplicationFilterChain.java:208)
	at org.apache.catalina.core.StandardWrapperValve.invoke(StandardWrapperValve.java:220)
	at org.apache.catalina.core.StandardContextValve.invoke(StandardContextValve.java:122)
	at org.apache.catalina.authenticator.AuthenticatorBase.invoke(AuthenticatorBase.java:501)
	at org.apache.catalina.core.StandardHostValve.invoke(StandardHostValve.java:171)
	at org.apache.catalina.valves.ErrorReportValve.invoke(ErrorReportValve.java:102)
	at org.apache.catalina.valves.AccessLogValve.invoke(AccessLogValve.java:950)
	at org.apache.catalina.core.StandardEngineValve.invoke(StandardEngineValve.java:116)
	at org.apache.catalina.connector.CoyoteAdapter.service(CoyoteAdapter.java:408)
	at org.apache.coyote.http11.AbstractHttp11Processor.process(AbstractHttp11Processor.java:1040)
	at org.apache.coyote.AbstractProtocol$AbstractConnectionHandler.process(AbstractProtocol.java:607)
	at org.apache.tomcat.util.net.JIoEndpoint$SocketProcessor.run(JIoEndpoint.java:316)
	at java.util.concurrent.ThreadPoolExecutor.runWorker(ThreadPoolExecutor.java:1145)
	at java.util.concurrent.ThreadPoolExecutor$Worker.run(ThreadPoolExecutor.java:615)
	at org.apache.tomcat.util.threads.TaskThread$WrappingRunnable.run(TaskThread.java:61)
	at java.lang.Thread.run(Thread.java:745)


INFO 17:58:47.107 (FedoraTransactions) Commit transaction 'tx:1df6ddb2-1c95-45db-9450-757d1377483c'
INFO 17:58:47.294 (FedoraTransactions) Created transaction 'e88fd246-4f35-451e-8293-ba3ed227f740'
WARN 17:58:47.483 (Errors) The following warnings have been detected: WARNING: Unknown HK2 failure detected:
MultiException stack 1 of 2
java.lang.OutOfMemoryError: unable to create new native thread
	at java.lang.Thread.start0(Native Method)
	at java.lang.Thread.start(Thread.java:714)
	at java.util.concurrent.ThreadPoolExecutor.addWorker(ThreadPoolExecutor.java:949)
	at java.util.concurrent.ThreadPoolExecutor.execute(ThreadPoolExecutor.java:1371)
	at org.modeshape.common.collection.ring.RingBuffer.addConsumer(RingBuffer.java:248)
	at org.modeshape.common.collection.ring.RingBuffer.addConsumer(RingBuffer.java:220)
	at org.modeshape.jcr.bus.RepositoryChangeBus.register(RepositoryChangeBus.java:79)
	at org.modeshape.jcr.JcrObservationManager.<init>(JcrObservationManager.java:174)
	at org.modeshape.jcr.JcrWorkspace.observationManager(JcrWorkspace.java:627)
	at org.modeshape.jcr.JcrWorkspace.getObservationManager(JcrWorkspace.java:619)
	at org.fcrepo.http.api.FedoraBaseResource.setUpJMSBaseURIs(FedoraBaseResource.java:81)
	at org.fcrepo.http.api.FedoraLdp.postConstruct(FedoraLdp.java:133)
	at sun.reflect.GeneratedMethodAccessor37.invoke(Unknown Source)
	at sun.reflect.DelegatingMethodAccessorImpl.invoke(DelegatingMethodAccessorImpl.java:43)
	at java.lang.reflect.Method.invoke(Method.java:606)
	at org.glassfish.hk2.utilities.reflection.ReflectionHelper.invoke(ReflectionHelper.java:1019)
	at org.jvnet.hk2.internal.ClazzCreator.postConstructMe(ClazzCreator.java:335)
	at org.jvnet.hk2.internal.ClazzCreator.create(ClazzCreator.java:377)
	at org.jvnet.hk2.internal.SystemDescriptor.create(SystemDescriptor.java:461)
	at org.glassfish.jersey.process.internal.RequestScope.findOrCreate(RequestScope.java:160)
	at org.jvnet.hk2.internal.Utilities.createService(Utilities.java:2268)
	at org.jvnet.hk2.internal.ServiceLocatorImpl.internalGetService(ServiceLocatorImpl.java:690)
	at org.jvnet.hk2.internal.ServiceLocatorImpl.getService(ServiceLocatorImpl.java:655)
	at org.glassfish.jersey.internal.inject.Injections.getOrCreate(Injections.java:169)
	at org.glassfish.jersey.server.model.MethodHandler$ClassBasedMethodHandler.getInstance(MethodHandler.java:185)
	at org.glassfish.jersey.server.internal.routing.PushMethodHandlerRouter.apply(PushMethodHandlerRouter.java:74)
	at org.glassfish.jersey.server.internal.routing.RoutingStage._apply(RoutingStage.java:112)
	at org.glassfish.jersey.server.internal.routing.RoutingStage._apply(RoutingStage.java:115)
	at org.glassfish.jersey.server.internal.routing.RoutingStage._apply(RoutingStage.java:115)
	at org.glassfish.jersey.server.internal.routing.RoutingStage._apply(RoutingStage.java:115)
	at org.glassfish.jersey.server.internal.routing.RoutingStage.apply(RoutingStage.java:94)
	at org.glassfish.jersey.server.internal.routing.RoutingStage.apply(RoutingStage.java:63)
	at org.glassfish.jersey.process.internal.Stages.process(Stages.java:197)
	at org.glassfish.jersey.server.ServerRuntime$1.run(ServerRuntime.java:263)
	at org.glassfish.jersey.internal.Errors$1.call(Errors.java:271)
	at org.glassfish.jersey.internal.Errors$1.call(Errors.java:267)
	at org.glassfish.jersey.internal.Errors.process(Errors.java:315)
	at org.glassfish.jersey.internal.Errors.process(Errors.java:297)
	at org.glassfish.jersey.internal.Errors.process(Errors.java:267)
	at org.glassfish.jersey.process.internal.RequestScope.runInScope(RequestScope.java:297)
	at org.glassfish.jersey.server.ServerRuntime.process(ServerRuntime.java:254)
	at org.glassfish.jersey.server.ApplicationHandler.handle(ApplicationHandler.java:1030)
	at org.glassfish.jersey.servlet.WebComponent.service(WebComponent.java:373)
	at org.glassfish.jersey.servlet.ServletContainer.service(ServletContainer.java:381)
	at org.glassfish.jersey.servlet.ServletContainer.service(ServletContainer.java:344)
	at org.glassfish.jersey.servlet.ServletContainer.service(ServletContainer.java:221)
	at org.apache.catalina.core.ApplicationFilterChain.internalDoFilter(ApplicationFilterChain.java:303)
	at org.apache.catalina.core.ApplicationFilterChain.doFilter(ApplicationFilterChain.java:208)
	at org.apache.catalina.core.StandardWrapperValve.invoke(StandardWrapperValve.java:220)
	at org.apache.catalina.core.StandardContextValve.invoke(StandardContextValve.java:122)
	at org.apache.catalina.authenticator.AuthenticatorBase.invoke(AuthenticatorBase.java:501)
	at org.apache.catalina.core.StandardHostValve.invoke(StandardHostValve.java:171)
	at org.apache.catalina.valves.ErrorReportValve.invoke(ErrorReportValve.java:102)
	at org.apache.catalina.valves.AccessLogValve.invoke(AccessLogValve.java:950)
	at org.apache.catalina.core.StandardEngineValve.invoke(StandardEngineValve.java:116)
	at org.apache.catalina.connector.CoyoteAdapter.service(CoyoteAdapter.java:408)
	at org.apache.coyote.http11.AbstractHttp11Processor.process(AbstractHttp11Processor.java:1040)
	at org.apache.coyote.AbstractProtocol$AbstractConnectionHandler.process(AbstractProtocol.java:607)
	at org.apache.tomcat.util.net.JIoEndpoint$SocketProcessor.run(JIoEndpoint.java:316)
	at java.util.concurrent.ThreadPoolExecutor.runWorker(ThreadPoolExecutor.java:1145)
	at java.util.concurrent.ThreadPoolExecutor$Worker.run(ThreadPoolExecutor.java:615)
	at org.apache.tomcat.util.threads.TaskThread$WrappingRunnable.run(TaskThread.java:61)
	at java.lang.Thread.run(Thread.java:745)
MultiException stack 2 of 2
java.lang.IllegalStateException: Unable to perform operation: post construct on org.fcrepo.http.api.FedoraLdp
	at org.jvnet.hk2.internal.ClazzCreator.create(ClazzCreator.java:395)
	at org.jvnet.hk2.internal.SystemDescriptor.create(SystemDescriptor.java:461)
	at org.glassfish.jersey.process.internal.RequestScope.findOrCreate(RequestScope.java:160)
	at org.jvnet.hk2.internal.Utilities.createService(Utilities.java:2268)
	at org.jvnet.hk2.internal.ServiceLocatorImpl.internalGetService(ServiceLocatorImpl.java:690)
	at org.jvnet.hk2.internal.ServiceLocatorImpl.getService(ServiceLocatorImpl.java:655)
	at org.glassfish.jersey.internal.inject.Injections.getOrCreate(Injections.java:169)
	at org.glassfish.jersey.server.model.MethodHandler$ClassBasedMethodHandler.getInstance(MethodHandler.java:185)
	at org.glassfish.jersey.server.internal.routing.PushMethodHandlerRouter.apply(PushMethodHandlerRouter.java:74)
	at org.glassfish.jersey.server.internal.routing.RoutingStage._apply(RoutingStage.java:112)
	at org.glassfish.jersey.server.internal.routing.RoutingStage._apply(RoutingStage.java:115)
	at org.glassfish.jersey.server.internal.routing.RoutingStage._apply(RoutingStage.java:115)
	at org.glassfish.jersey.server.internal.routing.RoutingStage._apply(RoutingStage.java:115)
	at org.glassfish.jersey.server.internal.routing.RoutingStage.apply(RoutingStage.java:94)
	at org.glassfish.jersey.server.internal.routing.RoutingStage.apply(RoutingStage.java:63)
	at org.glassfish.jersey.process.internal.Stages.process(Stages.java:197)
	at org.glassfish.jersey.server.ServerRuntime$1.run(ServerRuntime.java:263)
	at org.glassfish.jersey.internal.Errors$1.call(Errors.java:271)
	at org.glassfish.jersey.internal.Errors$1.call(Errors.java:267)
	at org.glassfish.jersey.internal.Errors.process(Errors.java:315)
	at org.glassfish.jersey.internal.Errors.process(Errors.java:297)
	at org.glassfish.jersey.internal.Errors.process(Errors.java:267)
	at org.glassfish.jersey.process.internal.RequestScope.runInScope(RequestScope.java:297)
	at org.glassfish.jersey.server.ServerRuntime.process(ServerRuntime.java:254)
	at org.glassfish.jersey.server.ApplicationHandler.handle(ApplicationHandler.java:1030)
	at org.glassfish.jersey.servlet.WebComponent.service(WebComponent.java:373)
	at org.glassfish.jersey.servlet.ServletContainer.service(ServletContainer.java:381)
	at org.glassfish.jersey.servlet.ServletContainer.service(ServletContainer.java:344)
	at org.glassfish.jersey.servlet.ServletContainer.service(ServletContainer.java:221)
	at org.apache.catalina.core.ApplicationFilterChain.internalDoFilter(ApplicationFilterChain.java:303)
	at org.apache.catalina.core.ApplicationFilterChain.doFilter(ApplicationFilterChain.java:208)
	at org.apache.catalina.core.StandardWrapperValve.invoke(StandardWrapperValve.java:220)
	at org.apache.catalina.core.StandardContextValve.invoke(StandardContextValve.java:122)
	at org.apache.catalina.authenticator.AuthenticatorBase.invoke(AuthenticatorBase.java:501)
	at org.apache.catalina.core.StandardHostValve.invoke(StandardHostValve.java:171)
	at org.apache.catalina.valves.ErrorReportValve.invoke(ErrorReportValve.java:102)
	at org.apache.catalina.valves.AccessLogValve.invoke(AccessLogValve.java:950)
	at org.apache.catalina.core.StandardEngineValve.invoke(StandardEngineValve.java:116)
	at org.apache.catalina.connector.CoyoteAdapter.service(CoyoteAdapter.java:408)
	at org.apache.coyote.http11.AbstractHttp11Processor.process(AbstractHttp11Processor.java:1040)
	at org.apache.coyote.AbstractProtocol$AbstractConnectionHandler.process(AbstractProtocol.java:607)
	at org.apache.tomcat.util.net.JIoEndpoint$SocketProcessor.run(JIoEndpoint.java:316)
	at java.util.concurrent.ThreadPoolExecutor.runWorker(ThreadPoolExecutor.java:1145)
	at java.util.concurrent.ThreadPoolExecutor$Worker.run(ThreadPoolExecutor.java:615)
	at org.apache.tomcat.util.threads.TaskThread$WrappingRunnable.run(TaskThread.java:61)
	at java.lang.Thread.run(Thread.java:745)


INFO 17:58:47.675 (FedoraTransactions) Commit transaction 'tx:e88fd246-4f35-451e-8293-ba3ed227f740'
INFO 17:58:47.871 (FedoraTransactions) Created transaction 'b6a48295-211e-4c9e-868d-6d36e70772e4'
WARN 17:58:48.067 (Errors) The following warnings have been detected: WARNING: Unknown HK2 failure detected:
MultiException stack 1 of 2
java.lang.OutOfMemoryError: unable to create new native thread
	at java.lang.Thread.start0(Native Method)
	at java.lang.Thread.start(Thread.java:714)
	at java.util.concurrent.ThreadPoolExecutor.addWorker(ThreadPoolExecutor.java:949)
	at java.util.concurrent.ThreadPoolExecutor.execute(ThreadPoolExecutor.java:1371)
	at org.modeshape.common.collection.ring.RingBuffer.addConsumer(RingBuffer.java:248)
	at org.modeshape.common.collection.ring.RingBuffer.addConsumer(RingBuffer.java:220)
	at org.modeshape.jcr.bus.RepositoryChangeBus.register(RepositoryChangeBus.java:79)
	at org.modeshape.jcr.JcrObservationManager.<init>(JcrObservationManager.java:174)
	at org.modeshape.jcr.JcrWorkspace.observationManager(JcrWorkspace.java:627)
	at org.modeshape.jcr.JcrWorkspace.getObservationManager(JcrWorkspace.java:619)
	at org.fcrepo.http.api.FedoraBaseResource.setUpJMSBaseURIs(FedoraBaseResource.java:81)
	at org.fcrepo.http.api.FedoraLdp.postConstruct(FedoraLdp.java:133)
	at sun.reflect.GeneratedMethodAccessor37.invoke(Unknown Source)
	at sun.reflect.DelegatingMethodAccessorImpl.invoke(DelegatingMethodAccessorImpl.java:43)
	at java.lang.reflect.Method.invoke(Method.java:606)
	at org.glassfish.hk2.utilities.reflection.ReflectionHelper.invoke(ReflectionHelper.java:1019)
	at org.jvnet.hk2.internal.ClazzCreator.postConstructMe(ClazzCreator.java:335)
	at org.jvnet.hk2.internal.ClazzCreator.create(ClazzCreator.java:377)
	at org.jvnet.hk2.internal.SystemDescriptor.create(SystemDescriptor.java:461)
	at org.glassfish.jersey.process.internal.RequestScope.findOrCreate(RequestScope.java:160)
	at org.jvnet.hk2.internal.Utilities.createService(Utilities.java:2268)
	at org.jvnet.hk2.internal.ServiceLocatorImpl.internalGetService(ServiceLocatorImpl.java:690)
	at org.jvnet.hk2.internal.ServiceLocatorImpl.getService(ServiceLocatorImpl.java:655)
	at org.glassfish.jersey.internal.inject.Injections.getOrCreate(Injections.java:169)
	at org.glassfish.jersey.server.model.MethodHandler$ClassBasedMethodHandler.getInstance(MethodHandler.java:185)
	at org.glassfish.jersey.server.internal.routing.PushMethodHandlerRouter.apply(PushMethodHandlerRouter.java:74)
	at org.glassfish.jersey.server.internal.routing.RoutingStage._apply(RoutingStage.java:112)
	at org.glassfish.jersey.server.internal.routing.RoutingStage._apply(RoutingStage.java:115)
	at org.glassfish.jersey.server.internal.routing.RoutingStage._apply(RoutingStage.java:115)
	at org.glassfish.jersey.server.internal.routing.RoutingStage._apply(RoutingStage.java:115)
	at org.glassfish.jersey.server.internal.routing.RoutingStage.apply(RoutingStage.java:94)
	at org.glassfish.jersey.server.internal.routing.RoutingStage.apply(RoutingStage.java:63)
	at org.glassfish.jersey.process.internal.Stages.process(Stages.java:197)
	at org.glassfish.jersey.server.ServerRuntime$1.run(ServerRuntime.java:263)
	at org.glassfish.jersey.internal.Errors$1.call(Errors.java:271)
	at org.glassfish.jersey.internal.Errors$1.call(Errors.java:267)
	at org.glassfish.jersey.internal.Errors.process(Errors.java:315)
	at org.glassfish.jersey.internal.Errors.process(Errors.java:297)
	at org.glassfish.jersey.internal.Errors.process(Errors.java:267)
	at org.glassfish.jersey.process.internal.RequestScope.runInScope(RequestScope.java:297)
	at org.glassfish.jersey.server.ServerRuntime.process(ServerRuntime.java:254)
	at org.glassfish.jersey.server.ApplicationHandler.handle(ApplicationHandler.java:1030)
	at org.glassfish.jersey.servlet.WebComponent.service(WebComponent.java:373)
	at org.glassfish.jersey.servlet.ServletContainer.service(ServletContainer.java:381)
	at org.glassfish.jersey.servlet.ServletContainer.service(ServletContainer.java:344)
	at org.glassfish.jersey.servlet.ServletContainer.service(ServletContainer.java:221)
	at org.apache.catalina.core.ApplicationFilterChain.internalDoFilter(ApplicationFilterChain.java:303)
	at org.apache.catalina.core.ApplicationFilterChain.doFilter(ApplicationFilterChain.java:208)
	at org.apache.catalina.core.StandardWrapperValve.invoke(StandardWrapperValve.java:220)
	at org.apache.catalina.core.StandardContextValve.invoke(StandardContextValve.java:122)
	at org.apache.catalina.authenticator.AuthenticatorBase.invoke(AuthenticatorBase.java:501)
	at org.apache.catalina.core.StandardHostValve.invoke(StandardHostValve.java:171)
	at org.apache.catalina.valves.ErrorReportValve.invoke(ErrorReportValve.java:102)
	at org.apache.catalina.valves.AccessLogValve.invoke(AccessLogValve.java:950)
	at org.apache.catalina.core.StandardEngineValve.invoke(StandardEngineValve.java:116)
	at org.apache.catalina.connector.CoyoteAdapter.service(CoyoteAdapter.java:408)
	at org.apache.coyote.http11.AbstractHttp11Processor.process(AbstractHttp11Processor.java:1040)
	at org.apache.coyote.AbstractProtocol$AbstractConnectionHandler.process(AbstractProtocol.java:607)
	at org.apache.tomcat.util.net.JIoEndpoint$SocketProcessor.run(JIoEndpoint.java:316)
	at java.util.concurrent.ThreadPoolExecutor.runWorker(ThreadPoolExecutor.java:1145)
	at java.util.concurrent.ThreadPoolExecutor$Worker.run(ThreadPoolExecutor.java:615)
	at org.apache.tomcat.util.threads.TaskThread$WrappingRunnable.run(TaskThread.java:61)
	at java.lang.Thread.run(Thread.java:745)
MultiException stack 2 of 2
java.lang.IllegalStateException: Unable to perform operation: post construct on org.fcrepo.http.api.FedoraLdp
	at org.jvnet.hk2.internal.ClazzCreator.create(ClazzCreator.java:395)
	at org.jvnet.hk2.internal.SystemDescriptor.create(SystemDescriptor.java:461)
	at org.glassfish.jersey.process.internal.RequestScope.findOrCreate(RequestScope.java:160)
	at org.jvnet.hk2.internal.Utilities.createService(Utilities.java:2268)
	at org.jvnet.hk2.internal.ServiceLocatorImpl.internalGetService(ServiceLocatorImpl.java:690)
	at org.jvnet.hk2.internal.ServiceLocatorImpl.getService(ServiceLocatorImpl.java:655)
	at org.glassfish.jersey.internal.inject.Injections.getOrCreate(Injections.java:169)
	at org.glassfish.jersey.server.model.MethodHandler$ClassBasedMethodHandler.getInstance(MethodHandler.java:185)
	at org.glassfish.jersey.server.internal.routing.PushMethodHandlerRouter.apply(PushMethodHandlerRouter.java:74)
	at org.glassfish.jersey.server.internal.routing.RoutingStage._apply(RoutingStage.java:112)
	at org.glassfish.jersey.server.internal.routing.RoutingStage._apply(RoutingStage.java:115)
	at org.glassfish.jersey.server.internal.routing.RoutingStage._apply(RoutingStage.java:115)
	at org.glassfish.jersey.server.internal.routing.RoutingStage._apply(RoutingStage.java:115)
	at org.glassfish.jersey.server.internal.routing.RoutingStage.apply(RoutingStage.java:94)
	at org.glassfish.jersey.server.internal.routing.RoutingStage.apply(RoutingStage.java:63)
	at org.glassfish.jersey.process.internal.Stages.process(Stages.java:197)
	at org.glassfish.jersey.server.ServerRuntime$1.run(ServerRuntime.java:263)
	at org.glassfish.jersey.internal.Errors$1.call(Errors.java:271)
	at org.glassfish.jersey.internal.Errors$1.call(Errors.java:267)
	at org.glassfish.jersey.internal.Errors.process(Errors.java:315)
	at org.glassfish.jersey.internal.Errors.process(Errors.java:297)
	at org.glassfish.jersey.internal.Errors.process(Errors.java:267)
	at org.glassfish.jersey.process.internal.RequestScope.runInScope(RequestScope.java:297)
	at org.glassfish.jersey.server.ServerRuntime.process(ServerRuntime.java:254)
	at org.glassfish.jersey.server.ApplicationHandler.handle(ApplicationHandler.java:1030)
	at org.glassfish.jersey.servlet.WebComponent.service(WebComponent.java:373)
	at org.glassfish.jersey.servlet.ServletContainer.service(ServletContainer.java:381)
	at org.glassfish.jersey.servlet.ServletContainer.service(ServletContainer.java:344)
	at org.glassfish.jersey.servlet.ServletContainer.service(ServletContainer.java:221)
	at org.apache.catalina.core.ApplicationFilterChain.internalDoFilter(ApplicationFilterChain.java:303)
	at org.apache.catalina.core.ApplicationFilterChain.doFilter(ApplicationFilterChain.java:208)
	at org.apache.catalina.core.StandardWrapperValve.invoke(StandardWrapperValve.java:220)
	at org.apache.catalina.core.StandardContextValve.invoke(StandardContextValve.java:122)
	at org.apache.catalina.authenticator.AuthenticatorBase.invoke(AuthenticatorBase.java:501)
	at org.apache.catalina.core.StandardHostValve.invoke(StandardHostValve.java:171)
	at org.apache.catalina.valves.ErrorReportValve.invoke(ErrorReportValve.java:102)
	at org.apache.catalina.valves.AccessLogValve.invoke(AccessLogValve.java:950)
	at org.apache.catalina.core.StandardEngineValve.invoke(StandardEngineValve.java:116)
	at org.apache.catalina.connector.CoyoteAdapter.service(CoyoteAdapter.java:408)
	at org.apache.coyote.http11.AbstractHttp11Processor.process(AbstractHttp11Processor.java:1040)
	at org.apache.coyote.AbstractProtocol$AbstractConnectionHandler.process(AbstractProtocol.java:607)
	at org.apache.tomcat.util.net.JIoEndpoint$SocketProcessor.run(JIoEndpoint.java:316)
	at java.util.concurrent.ThreadPoolExecutor.runWorker(ThreadPoolExecutor.java:1145)
	at java.util.concurrent.ThreadPoolExecutor$Worker.run(ThreadPoolExecutor.java:615)
	at org.apache.tomcat.util.threads.TaskThread$WrappingRunnable.run(TaskThread.java:61)
	at java.lang.Thread.run(Thread.java:745)


INFO 17:58:48.254 (FedoraTransactions) Commit transaction 'tx:b6a48295-211e-4c9e-868d-6d36e70772e4'
INFO 17:58:48.435 (FedoraTransactions) Created transaction '1f974d1e-53c6-446d-a191-56d07d6e19eb'
WARN 17:58:48.622 (Errors) The following warnings have been detected: WARNING: Unknown HK2 failure detected:
MultiException stack 1 of 2
java.lang.OutOfMemoryError: unable to create new native thread
	at java.lang.Thread.start0(Native Method)
	at java.lang.Thread.start(Thread.java:714)
	at java.util.concurrent.ThreadPoolExecutor.addWorker(ThreadPoolExecutor.java:949)
	at java.util.concurrent.ThreadPoolExecutor.execute(ThreadPoolExecutor.java:1371)
	at org.modeshape.common.collection.ring.RingBuffer.addConsumer(RingBuffer.java:248)
	at org.modeshape.common.collection.ring.RingBuffer.addConsumer(RingBuffer.java:220)
	at org.modeshape.jcr.bus.RepositoryChangeBus.register(RepositoryChangeBus.java:79)
	at org.modeshape.jcr.JcrObservationManager.<init>(JcrObservationManager.java:174)
	at org.modeshape.jcr.JcrWorkspace.observationManager(JcrWorkspace.java:627)
	at org.modeshape.jcr.JcrWorkspace.getObservationManager(JcrWorkspace.java:619)
	at org.fcrepo.http.api.FedoraBaseResource.setUpJMSBaseURIs(FedoraBaseResource.java:81)
	at org.fcrepo.http.api.FedoraLdp.postConstruct(FedoraLdp.java:133)
	at sun.reflect.GeneratedMethodAccessor37.invoke(Unknown Source)
	at sun.reflect.DelegatingMethodAccessorImpl.invoke(DelegatingMethodAccessorImpl.java:43)
	at java.lang.reflect.Method.invoke(Method.java:606)
	at org.glassfish.hk2.utilities.reflection.ReflectionHelper.invoke(ReflectionHelper.java:1019)
	at org.jvnet.hk2.internal.ClazzCreator.postConstructMe(ClazzCreator.java:335)
	at org.jvnet.hk2.internal.ClazzCreator.create(ClazzCreator.java:377)
	at org.jvnet.hk2.internal.SystemDescriptor.create(SystemDescriptor.java:461)
	at org.glassfish.jersey.process.internal.RequestScope.findOrCreate(RequestScope.java:160)
	at org.jvnet.hk2.internal.Utilities.createService(Utilities.java:2268)
	at org.jvnet.hk2.internal.ServiceLocatorImpl.internalGetService(ServiceLocatorImpl.java:690)
	at org.jvnet.hk2.internal.ServiceLocatorImpl.getService(ServiceLocatorImpl.java:655)
	at org.glassfish.jersey.internal.inject.Injections.getOrCreate(Injections.java:169)
	at org.glassfish.jersey.server.model.MethodHandler$ClassBasedMethodHandler.getInstance(MethodHandler.java:185)
	at org.glassfish.jersey.server.internal.routing.PushMethodHandlerRouter.apply(PushMethodHandlerRouter.java:74)
	at org.glassfish.jersey.server.internal.routing.RoutingStage._apply(RoutingStage.java:112)
	at org.glassfish.jersey.server.internal.routing.RoutingStage._apply(RoutingStage.java:115)
	at org.glassfish.jersey.server.internal.routing.RoutingStage._apply(RoutingStage.java:115)
	at org.glassfish.jersey.server.internal.routing.RoutingStage._apply(RoutingStage.java:115)
	at org.glassfish.jersey.server.internal.routing.RoutingStage.apply(RoutingStage.java:94)
	at org.glassfish.jersey.server.internal.routing.RoutingStage.apply(RoutingStage.java:63)
	at org.glassfish.jersey.process.internal.Stages.process(Stages.java:197)
	at org.glassfish.jersey.server.ServerRuntime$1.run(ServerRuntime.java:263)
	at org.glassfish.jersey.internal.Errors$1.call(Errors.java:271)
	at org.glassfish.jersey.internal.Errors$1.call(Errors.java:267)
	at org.glassfish.jersey.internal.Errors.process(Errors.java:315)
	at org.glassfish.jersey.internal.Errors.process(Errors.java:297)
	at org.glassfish.jersey.internal.Errors.process(Errors.java:267)
	at org.glassfish.jersey.process.internal.RequestScope.runInScope(RequestScope.java:297)
	at org.glassfish.jersey.server.ServerRuntime.process(ServerRuntime.java:254)
	at org.glassfish.jersey.server.ApplicationHandler.handle(ApplicationHandler.java:1030)
	at org.glassfish.jersey.servlet.WebComponent.service(WebComponent.java:373)
	at org.glassfish.jersey.servlet.ServletContainer.service(ServletContainer.java:381)
	at org.glassfish.jersey.servlet.ServletContainer.service(ServletContainer.java:344)
	at org.glassfish.jersey.servlet.ServletContainer.service(ServletContainer.java:221)
	at org.apache.catalina.core.ApplicationFilterChain.internalDoFilter(ApplicationFilterChain.java:303)
	at org.apache.catalina.core.ApplicationFilterChain.doFilter(ApplicationFilterChain.java:208)
	at org.apache.catalina.core.StandardWrapperValve.invoke(StandardWrapperValve.java:220)
	at org.apache.catalina.core.StandardContextValve.invoke(StandardContextValve.java:122)
	at org.apache.catalina.authenticator.AuthenticatorBase.invoke(AuthenticatorBase.java:501)
	at org.apache.catalina.core.StandardHostValve.invoke(StandardHostValve.java:171)
	at org.apache.catalina.valves.ErrorReportValve.invoke(ErrorReportValve.java:102)
	at org.apache.catalina.valves.AccessLogValve.invoke(AccessLogValve.java:950)
	at org.apache.catalina.core.StandardEngineValve.invoke(StandardEngineValve.java:116)
	at org.apache.catalina.connector.CoyoteAdapter.service(CoyoteAdapter.java:408)
	at org.apache.coyote.http11.AbstractHttp11Processor.process(AbstractHttp11Processor.java:1040)
	at org.apache.coyote.AbstractProtocol$AbstractConnectionHandler.process(AbstractProtocol.java:607)
	at org.apache.tomcat.util.net.JIoEndpoint$SocketProcessor.run(JIoEndpoint.java:316)
	at java.util.concurrent.ThreadPoolExecutor.runWorker(ThreadPoolExecutor.java:1145)
	at java.util.concurrent.ThreadPoolExecutor$Worker.run(ThreadPoolExecutor.java:615)
	at org.apache.tomcat.util.threads.TaskThread$WrappingRunnable.run(TaskThread.java:61)
	at java.lang.Thread.run(Thread.java:745)
MultiException stack 2 of 2
java.lang.IllegalStateException: Unable to perform operation: post construct on org.fcrepo.http.api.FedoraLdp
	at org.jvnet.hk2.internal.ClazzCreator.create(ClazzCreator.java:395)
	at org.jvnet.hk2.internal.SystemDescriptor.create(SystemDescriptor.java:461)
	at org.glassfish.jersey.process.internal.RequestScope.findOrCreate(RequestScope.java:160)
	at org.jvnet.hk2.internal.Utilities.createService(Utilities.java:2268)
	at org.jvnet.hk2.internal.ServiceLocatorImpl.internalGetService(ServiceLocatorImpl.java:690)
	at org.jvnet.hk2.internal.ServiceLocatorImpl.getService(ServiceLocatorImpl.java:655)
	at org.glassfish.jersey.internal.inject.Injections.getOrCreate(Injections.java:169)
	at org.glassfish.jersey.server.model.MethodHandler$ClassBasedMethodHandler.getInstance(MethodHandler.java:185)
	at org.glassfish.jersey.server.internal.routing.PushMethodHandlerRouter.apply(PushMethodHandlerRouter.java:74)
	at org.glassfish.jersey.server.internal.routing.RoutingStage._apply(RoutingStage.java:112)
	at org.glassfish.jersey.server.internal.routing.RoutingStage._apply(RoutingStage.java:115)
	at org.glassfish.jersey.server.internal.routing.RoutingStage._apply(RoutingStage.java:115)
	at org.glassfish.jersey.server.internal.routing.RoutingStage._apply(RoutingStage.java:115)
	at org.glassfish.jersey.server.internal.routing.RoutingStage.apply(RoutingStage.java:94)
	at org.glassfish.jersey.server.internal.routing.RoutingStage.apply(RoutingStage.java:63)
	at org.glassfish.jersey.process.internal.Stages.process(Stages.java:197)
	at org.glassfish.jersey.server.ServerRuntime$1.run(ServerRuntime.java:263)
	at org.glassfish.jersey.internal.Errors$1.call(Errors.java:271)
	at org.glassfish.jersey.internal.Errors$1.call(Errors.java:267)
	at org.glassfish.jersey.internal.Errors.process(Errors.java:315)
	at org.glassfish.jersey.internal.Errors.process(Errors.java:297)
	at org.glassfish.jersey.internal.Errors.process(Errors.java:267)
	at org.glassfish.jersey.process.internal.RequestScope.runInScope(RequestScope.java:297)
	at org.glassfish.jersey.server.ServerRuntime.process(ServerRuntime.java:254)
	at org.glassfish.jersey.server.ApplicationHandler.handle(ApplicationHandler.java:1030)
	at org.glassfish.jersey.servlet.WebComponent.service(WebComponent.java:373)
	at org.glassfish.jersey.servlet.ServletContainer.service(ServletContainer.java:381)
	at org.glassfish.jersey.servlet.ServletContainer.service(ServletContainer.java:344)
	at org.glassfish.jersey.servlet.ServletContainer.service(ServletContainer.java:221)
	at org.apache.catalina.core.ApplicationFilterChain.internalDoFilter(ApplicationFilterChain.java:303)
	at org.apache.catalina.core.ApplicationFilterChain.doFilter(ApplicationFilterChain.java:208)
	at org.apache.catalina.core.StandardWrapperValve.invoke(StandardWrapperValve.java:220)
	at org.apache.catalina.core.StandardContextValve.invoke(StandardContextValve.java:122)
	at org.apache.catalina.authenticator.AuthenticatorBase.invoke(AuthenticatorBase.java:501)
	at org.apache.catalina.core.StandardHostValve.invoke(StandardHostValve.java:171)
	at org.apache.catalina.valves.ErrorReportValve.invoke(ErrorReportValve.java:102)
	at org.apache.catalina.valves.AccessLogValve.invoke(AccessLogValve.java:950)
	at org.apache.catalina.core.StandardEngineValve.invoke(StandardEngineValve.java:116)
	at org.apache.catalina.connector.CoyoteAdapter.service(CoyoteAdapter.java:408)
	at org.apache.coyote.http11.AbstractHttp11Processor.process(AbstractHttp11Processor.java:1040)
	at org.apache.coyote.AbstractProtocol$AbstractConnectionHandler.process(AbstractProtocol.java:607)
	at org.apache.tomcat.util.net.JIoEndpoint$SocketProcessor.run(JIoEndpoint.java:316)
	at java.util.concurrent.ThreadPoolExecutor.runWorker(ThreadPoolExecutor.java:1145)
	at java.util.concurrent.ThreadPoolExecutor$Worker.run(ThreadPoolExecutor.java:615)
	at org.apache.tomcat.util.threads.TaskThread$WrappingRunnable.run(TaskThread.java:61)
	at java.lang.Thread.run(Thread.java:745)


INFO 17:58:48.815 (FedoraTransactions) Commit transaction 'tx:1f974d1e-53c6-446d-a191-56d07d6e19eb'
INFO 17:58:49.005 (FedoraTransactions) Created transaction '37057af3-ff7b-4e6d-8724-dd8e34dd5683'
WARN 17:58:49.199 (Errors) The following warnings have been detected: WARNING: Unknown HK2 failure detected:
MultiException stack 1 of 2
java.lang.OutOfMemoryError: unable to create new native thread
	at java.lang.Thread.start0(Native Method)
	at java.lang.Thread.start(Thread.java:714)
	at java.util.concurrent.ThreadPoolExecutor.addWorker(ThreadPoolExecutor.java:949)
	at java.util.concurrent.ThreadPoolExecutor.execute(ThreadPoolExecutor.java:1371)
	at org.modeshape.common.collection.ring.RingBuffer.addConsumer(RingBuffer.java:248)
	at org.modeshape.common.collection.ring.RingBuffer.addConsumer(RingBuffer.java:220)
	at org.modeshape.jcr.bus.RepositoryChangeBus.register(RepositoryChangeBus.java:79)
	at org.modeshape.jcr.JcrObservationManager.<init>(JcrObservationManager.java:174)
	at org.modeshape.jcr.JcrWorkspace.observationManager(JcrWorkspace.java:627)
	at org.modeshape.jcr.JcrWorkspace.getObservationManager(JcrWorkspace.java:619)
	at org.fcrepo.http.api.FedoraBaseResource.setUpJMSBaseURIs(FedoraBaseResource.java:81)
	at org.fcrepo.http.api.FedoraLdp.postConstruct(FedoraLdp.java:133)
	at sun.reflect.GeneratedMethodAccessor37.invoke(Unknown Source)
	at sun.reflect.DelegatingMethodAccessorImpl.invoke(DelegatingMethodAccessorImpl.java:43)
	at java.lang.reflect.Method.invoke(Method.java:606)
	at org.glassfish.hk2.utilities.reflection.ReflectionHelper.invoke(ReflectionHelper.java:1019)
	at org.jvnet.hk2.internal.ClazzCreator.postConstructMe(ClazzCreator.java:335)
	at org.jvnet.hk2.internal.ClazzCreator.create(ClazzCreator.java:377)
	at org.jvnet.hk2.internal.SystemDescriptor.create(SystemDescriptor.java:461)
	at org.glassfish.jersey.process.internal.RequestScope.findOrCreate(RequestScope.java:160)
	at org.jvnet.hk2.internal.Utilities.createService(Utilities.java:2268)
	at org.jvnet.hk2.internal.ServiceLocatorImpl.internalGetService(ServiceLocatorImpl.java:690)
	at org.jvnet.hk2.internal.ServiceLocatorImpl.getService(ServiceLocatorImpl.java:655)
	at org.glassfish.jersey.internal.inject.Injections.getOrCreate(Injections.java:169)
	at org.glassfish.jersey.server.model.MethodHandler$ClassBasedMethodHandler.getInstance(MethodHandler.java:185)
	at org.glassfish.jersey.server.internal.routing.PushMethodHandlerRouter.apply(PushMethodHandlerRouter.java:74)
	at org.glassfish.jersey.server.internal.routing.RoutingStage._apply(RoutingStage.java:112)
	at org.glassfish.jersey.server.internal.routing.RoutingStage._apply(RoutingStage.java:115)
	at org.glassfish.jersey.server.internal.routing.RoutingStage._apply(RoutingStage.java:115)
	at org.glassfish.jersey.server.internal.routing.RoutingStage._apply(RoutingStage.java:115)
	at org.glassfish.jersey.server.internal.routing.RoutingStage.apply(RoutingStage.java:94)
	at org.glassfish.jersey.server.internal.routing.RoutingStage.apply(RoutingStage.java:63)
	at org.glassfish.jersey.process.internal.Stages.process(Stages.java:197)
	at org.glassfish.jersey.server.ServerRuntime$1.run(ServerRuntime.java:263)
	at org.glassfish.jersey.internal.Errors$1.call(Errors.java:271)
	at org.glassfish.jersey.internal.Errors$1.call(Errors.java:267)
	at org.glassfish.jersey.internal.Errors.process(Errors.java:315)
	at org.glassfish.jersey.internal.Errors.process(Errors.java:297)
	at org.glassfish.jersey.internal.Errors.process(Errors.java:267)
	at org.glassfish.jersey.process.internal.RequestScope.runInScope(RequestScope.java:297)
	at org.glassfish.jersey.server.ServerRuntime.process(ServerRuntime.java:254)
	at org.glassfish.jersey.server.ApplicationHandler.handle(ApplicationHandler.java:1030)
	at org.glassfish.jersey.servlet.WebComponent.service(WebComponent.java:373)
	at org.glassfish.jersey.servlet.ServletContainer.service(ServletContainer.java:381)
	at org.glassfish.jersey.servlet.ServletContainer.service(ServletContainer.java:344)
	at org.glassfish.jersey.servlet.ServletContainer.service(ServletContainer.java:221)
	at org.apache.catalina.core.ApplicationFilterChain.internalDoFilter(ApplicationFilterChain.java:303)
	at org.apache.catalina.core.ApplicationFilterChain.doFilter(ApplicationFilterChain.java:208)
	at org.apache.catalina.core.StandardWrapperValve.invoke(StandardWrapperValve.java:220)
	at org.apache.catalina.core.StandardContextValve.invoke(StandardContextValve.java:122)
	at org.apache.catalina.authenticator.AuthenticatorBase.invoke(AuthenticatorBase.java:501)
	at org.apache.catalina.core.StandardHostValve.invoke(StandardHostValve.java:171)
	at org.apache.catalina.valves.ErrorReportValve.invoke(ErrorReportValve.java:102)
	at org.apache.catalina.valves.AccessLogValve.invoke(AccessLogValve.java:950)
	at org.apache.catalina.core.StandardEngineValve.invoke(StandardEngineValve.java:116)
	at org.apache.catalina.connector.CoyoteAdapter.service(CoyoteAdapter.java:408)
	at org.apache.coyote.http11.AbstractHttp11Processor.process(AbstractHttp11Processor.java:1040)
	at org.apache.coyote.AbstractProtocol$AbstractConnectionHandler.process(AbstractProtocol.java:607)
	at org.apache.tomcat.util.net.JIoEndpoint$SocketProcessor.run(JIoEndpoint.java:316)
	at java.util.concurrent.ThreadPoolExecutor.runWorker(ThreadPoolExecutor.java:1145)
	at java.util.concurrent.ThreadPoolExecutor$Worker.run(ThreadPoolExecutor.java:615)
	at org.apache.tomcat.util.threads.TaskThread$WrappingRunnable.run(TaskThread.java:61)
	at java.lang.Thread.run(Thread.java:745)
MultiException stack 2 of 2
java.lang.IllegalStateException: Unable to perform operation: post construct on org.fcrepo.http.api.FedoraLdp
	at org.jvnet.hk2.internal.ClazzCreator.create(ClazzCreator.java:395)
	at org.jvnet.hk2.internal.SystemDescriptor.create(SystemDescriptor.java:461)
	at org.glassfish.jersey.process.internal.RequestScope.findOrCreate(RequestScope.java:160)
	at org.jvnet.hk2.internal.Utilities.createService(Utilities.java:2268)
	at org.jvnet.hk2.internal.ServiceLocatorImpl.internalGetService(ServiceLocatorImpl.java:690)
	at org.jvnet.hk2.internal.ServiceLocatorImpl.getService(ServiceLocatorImpl.java:655)
	at org.glassfish.jersey.internal.inject.Injections.getOrCreate(Injections.java:169)
	at org.glassfish.jersey.server.model.MethodHandler$ClassBasedMethodHandler.getInstance(MethodHandler.java:185)
	at org.glassfish.jersey.server.internal.routing.PushMethodHandlerRouter.apply(PushMethodHandlerRouter.java:74)
	at org.glassfish.jersey.server.internal.routing.RoutingStage._apply(RoutingStage.java:112)
	at org.glassfish.jersey.server.internal.routing.RoutingStage._apply(RoutingStage.java:115)
	at org.glassfish.jersey.server.internal.routing.RoutingStage._apply(RoutingStage.java:115)
	at org.glassfish.jersey.server.internal.routing.RoutingStage._apply(RoutingStage.java:115)
	at org.glassfish.jersey.server.internal.routing.RoutingStage.apply(RoutingStage.java:94)
	at org.glassfish.jersey.server.internal.routing.RoutingStage.apply(RoutingStage.java:63)
	at org.glassfish.jersey.process.internal.Stages.process(Stages.java:197)
	at org.glassfish.jersey.server.ServerRuntime$1.run(ServerRuntime.java:263)
	at org.glassfish.jersey.internal.Errors$1.call(Errors.java:271)
	at org.glassfish.jersey.internal.Errors$1.call(Errors.java:267)
	at org.glassfish.jersey.internal.Errors.process(Errors.java:315)
	at org.glassfish.jersey.internal.Errors.process(Errors.java:297)
	at org.glassfish.jersey.internal.Errors.process(Errors.java:267)
	at org.glassfish.jersey.process.internal.RequestScope.runInScope(RequestScope.java:297)
	at org.glassfish.jersey.server.ServerRuntime.process(ServerRuntime.java:254)
	at org.glassfish.jersey.server.ApplicationHandler.handle(ApplicationHandler.java:1030)
	at org.glassfish.jersey.servlet.WebComponent.service(WebComponent.java:373)
	at org.glassfish.jersey.servlet.ServletContainer.service(ServletContainer.java:381)
	at org.glassfish.jersey.servlet.ServletContainer.service(ServletContainer.java:344)
	at org.glassfish.jersey.servlet.ServletContainer.service(ServletContainer.java:221)
	at org.apache.catalina.core.ApplicationFilterChain.internalDoFilter(ApplicationFilterChain.java:303)
	at org.apache.catalina.core.ApplicationFilterChain.doFilter(ApplicationFilterChain.java:208)
	at org.apache.catalina.core.StandardWrapperValve.invoke(StandardWrapperValve.java:220)
	at org.apache.catalina.core.StandardContextValve.invoke(StandardContextValve.java:122)
	at org.apache.catalina.authenticator.AuthenticatorBase.invoke(AuthenticatorBase.java:501)
	at org.apache.catalina.core.StandardHostValve.invoke(StandardHostValve.java:171)
	at org.apache.catalina.valves.ErrorReportValve.invoke(ErrorReportValve.java:102)
	at org.apache.catalina.valves.AccessLogValve.invoke(AccessLogValve.java:950)
	at org.apache.catalina.core.StandardEngineValve.invoke(StandardEngineValve.java:116)
	at org.apache.catalina.connector.CoyoteAdapter.service(CoyoteAdapter.java:408)
	at org.apache.coyote.http11.AbstractHttp11Processor.process(AbstractHttp11Processor.java:1040)
	at org.apache.coyote.AbstractProtocol$AbstractConnectionHandler.process(AbstractProtocol.java:607)
	at org.apache.tomcat.util.net.JIoEndpoint$SocketProcessor.run(JIoEndpoint.java:316)
	at java.util.concurrent.ThreadPoolExecutor.runWorker(ThreadPoolExecutor.java:1145)
	at java.util.concurrent.ThreadPoolExecutor$Worker.run(ThreadPoolExecutor.java:615)
	at org.apache.tomcat.util.threads.TaskThread$WrappingRunnable.run(TaskThread.java:61)
	at java.lang.Thread.run(Thread.java:745)


INFO 17:58:49.385 (FedoraTransactions) Commit transaction 'tx:37057af3-ff7b-4e6d-8724-dd8e34dd5683'
INFO 17:58:49.577 (FedoraTransactions) Created transaction 'cfcf26ef-a62c-4c16-ad01-d22b0e9285ba'
WARN 17:58:49.772 (Errors) The following warnings have been detected: WARNING: Unknown HK2 failure detected:
MultiException stack 1 of 2
java.lang.OutOfMemoryError: unable to create new native thread
	at java.lang.Thread.start0(Native Method)
	at java.lang.Thread.start(Thread.java:714)
	at java.util.concurrent.ThreadPoolExecutor.addWorker(ThreadPoolExecutor.java:949)
	at java.util.concurrent.ThreadPoolExecutor.execute(ThreadPoolExecutor.java:1371)
	at org.modeshape.common.collection.ring.RingBuffer.addConsumer(RingBuffer.java:248)
	at org.modeshape.common.collection.ring.RingBuffer.addConsumer(RingBuffer.java:220)
	at org.modeshape.jcr.bus.RepositoryChangeBus.register(RepositoryChangeBus.java:79)
	at org.modeshape.jcr.JcrObservationManager.<init>(JcrObservationManager.java:174)
	at org.modeshape.jcr.JcrWorkspace.observationManager(JcrWorkspace.java:627)
	at org.modeshape.jcr.JcrWorkspace.getObservationManager(JcrWorkspace.java:619)
	at org.fcrepo.http.api.FedoraBaseResource.setUpJMSBaseURIs(FedoraBaseResource.java:81)
	at org.fcrepo.http.api.FedoraLdp.postConstruct(FedoraLdp.java:133)
	at sun.reflect.GeneratedMethodAccessor37.invoke(Unknown Source)
	at sun.reflect.DelegatingMethodAccessorImpl.invoke(DelegatingMethodAccessorImpl.java:43)
	at java.lang.reflect.Method.invoke(Method.java:606)
	at org.glassfish.hk2.utilities.reflection.ReflectionHelper.invoke(ReflectionHelper.java:1019)
	at org.jvnet.hk2.internal.ClazzCreator.postConstructMe(ClazzCreator.java:335)
	at org.jvnet.hk2.internal.ClazzCreator.create(ClazzCreator.java:377)
	at org.jvnet.hk2.internal.SystemDescriptor.create(SystemDescriptor.java:461)
	at org.glassfish.jersey.process.internal.RequestScope.findOrCreate(RequestScope.java:160)
	at org.jvnet.hk2.internal.Utilities.createService(Utilities.java:2268)
	at org.jvnet.hk2.internal.ServiceLocatorImpl.internalGetService(ServiceLocatorImpl.java:690)
	at org.jvnet.hk2.internal.ServiceLocatorImpl.getService(ServiceLocatorImpl.java:655)
	at org.glassfish.jersey.internal.inject.Injections.getOrCreate(Injections.java:169)
	at org.glassfish.jersey.server.model.MethodHandler$ClassBasedMethodHandler.getInstance(MethodHandler.java:185)
	at org.glassfish.jersey.server.internal.routing.PushMethodHandlerRouter.apply(PushMethodHandlerRouter.java:74)
	at org.glassfish.jersey.server.internal.routing.RoutingStage._apply(RoutingStage.java:112)
	at org.glassfish.jersey.server.internal.routing.RoutingStage._apply(RoutingStage.java:115)
	at org.glassfish.jersey.server.internal.routing.RoutingStage._apply(RoutingStage.java:115)
	at org.glassfish.jersey.server.internal.routing.RoutingStage._apply(RoutingStage.java:115)
	at org.glassfish.jersey.server.internal.routing.RoutingStage.apply(RoutingStage.java:94)
	at org.glassfish.jersey.server.internal.routing.RoutingStage.apply(RoutingStage.java:63)
	at org.glassfish.jersey.process.internal.Stages.process(Stages.java:197)
	at org.glassfish.jersey.server.ServerRuntime$1.run(ServerRuntime.java:263)
	at org.glassfish.jersey.internal.Errors$1.call(Errors.java:271)
	at org.glassfish.jersey.internal.Errors$1.call(Errors.java:267)
	at org.glassfish.jersey.internal.Errors.process(Errors.java:315)
	at org.glassfish.jersey.internal.Errors.process(Errors.java:297)
	at org.glassfish.jersey.internal.Errors.process(Errors.java:267)
	at org.glassfish.jersey.process.internal.RequestScope.runInScope(RequestScope.java:297)
	at org.glassfish.jersey.server.ServerRuntime.process(ServerRuntime.java:254)
	at org.glassfish.jersey.server.ApplicationHandler.handle(ApplicationHandler.java:1030)
	at org.glassfish.jersey.servlet.WebComponent.service(WebComponent.java:373)
	at org.glassfish.jersey.servlet.ServletContainer.service(ServletContainer.java:381)
	at org.glassfish.jersey.servlet.ServletContainer.service(ServletContainer.java:344)
	at org.glassfish.jersey.servlet.ServletContainer.service(ServletContainer.java:221)
	at org.apache.catalina.core.ApplicationFilterChain.internalDoFilter(ApplicationFilterChain.java:303)
	at org.apache.catalina.core.ApplicationFilterChain.doFilter(ApplicationFilterChain.java:208)
	at org.apache.catalina.core.StandardWrapperValve.invoke(StandardWrapperValve.java:220)
	at org.apache.catalina.core.StandardContextValve.invoke(StandardContextValve.java:122)
	at org.apache.catalina.authenticator.AuthenticatorBase.invoke(AuthenticatorBase.java:501)
	at org.apache.catalina.core.StandardHostValve.invoke(StandardHostValve.java:171)
	at org.apache.catalina.valves.ErrorReportValve.invoke(ErrorReportValve.java:102)
	at org.apache.catalina.valves.AccessLogValve.invoke(AccessLogValve.java:950)
	at org.apache.catalina.core.StandardEngineValve.invoke(StandardEngineValve.java:116)
	at org.apache.catalina.connector.CoyoteAdapter.service(CoyoteAdapter.java:408)
	at org.apache.coyote.http11.AbstractHttp11Processor.process(AbstractHttp11Processor.java:1040)
	at org.apache.coyote.AbstractProtocol$AbstractConnectionHandler.process(AbstractProtocol.java:607)
	at org.apache.tomcat.util.net.JIoEndpoint$SocketProcessor.run(JIoEndpoint.java:316)
	at java.util.concurrent.ThreadPoolExecutor.runWorker(ThreadPoolExecutor.java:1145)
	at java.util.concurrent.ThreadPoolExecutor$Worker.run(ThreadPoolExecutor.java:615)
	at org.apache.tomcat.util.threads.TaskThread$WrappingRunnable.run(TaskThread.java:61)
	at java.lang.Thread.run(Thread.java:745)
MultiException stack 2 of 2
java.lang.IllegalStateException: Unable to perform operation: post construct on org.fcrepo.http.api.FedoraLdp
	at org.jvnet.hk2.internal.ClazzCreator.create(ClazzCreator.java:395)
	at org.jvnet.hk2.internal.SystemDescriptor.create(SystemDescriptor.java:461)
	at org.glassfish.jersey.process.internal.RequestScope.findOrCreate(RequestScope.java:160)
	at org.jvnet.hk2.internal.Utilities.createService(Utilities.java:2268)
	at org.jvnet.hk2.internal.ServiceLocatorImpl.internalGetService(ServiceLocatorImpl.java:690)
	at org.jvnet.hk2.internal.ServiceLocatorImpl.getService(ServiceLocatorImpl.java:655)
	at org.glassfish.jersey.internal.inject.Injections.getOrCreate(Injections.java:169)
	at org.glassfish.jersey.server.model.MethodHandler$ClassBasedMethodHandler.getInstance(MethodHandler.java:185)
	at org.glassfish.jersey.server.internal.routing.PushMethodHandlerRouter.apply(PushMethodHandlerRouter.java:74)
	at org.glassfish.jersey.server.internal.routing.RoutingStage._apply(RoutingStage.java:112)
	at org.glassfish.jersey.server.internal.routing.RoutingStage._apply(RoutingStage.java:115)
	at org.glassfish.jersey.server.internal.routing.RoutingStage._apply(RoutingStage.java:115)
	at org.glassfish.jersey.server.internal.routing.RoutingStage._apply(RoutingStage.java:115)
	at org.glassfish.jersey.server.internal.routing.RoutingStage.apply(RoutingStage.java:94)
	at org.glassfish.jersey.server.internal.routing.RoutingStage.apply(RoutingStage.java:63)
	at org.glassfish.jersey.process.internal.Stages.process(Stages.java:197)
	at org.glassfish.jersey.server.ServerRuntime$1.run(ServerRuntime.java:263)
	at org.glassfish.jersey.internal.Errors$1.call(Errors.java:271)
	at org.glassfish.jersey.internal.Errors$1.call(Errors.java:267)
	at org.glassfish.jersey.internal.Errors.process(Errors.java:315)
	at org.glassfish.jersey.internal.Errors.process(Errors.java:297)
	at org.glassfish.jersey.internal.Errors.process(Errors.java:267)
	at org.glassfish.jersey.process.internal.RequestScope.runInScope(RequestScope.java:297)
	at org.glassfish.jersey.server.ServerRuntime.process(ServerRuntime.java:254)
	at org.glassfish.jersey.server.ApplicationHandler.handle(ApplicationHandler.java:1030)
	at org.glassfish.jersey.servlet.WebComponent.service(WebComponent.java:373)
	at org.glassfish.jersey.servlet.ServletContainer.service(ServletContainer.java:381)
	at org.glassfish.jersey.servlet.ServletContainer.service(ServletContainer.java:344)
	at org.glassfish.jersey.servlet.ServletContainer.service(ServletContainer.java:221)
	at org.apache.catalina.core.ApplicationFilterChain.internalDoFilter(ApplicationFilterChain.java:303)
	at org.apache.catalina.core.ApplicationFilterChain.doFilter(ApplicationFilterChain.java:208)
	at org.apache.catalina.core.StandardWrapperValve.invoke(StandardWrapperValve.java:220)
	at org.apache.catalina.core.StandardContextValve.invoke(StandardContextValve.java:122)
	at org.apache.catalina.authenticator.AuthenticatorBase.invoke(AuthenticatorBase.java:501)
	at org.apache.catalina.core.StandardHostValve.invoke(StandardHostValve.java:171)
	at org.apache.catalina.valves.ErrorReportValve.invoke(ErrorReportValve.java:102)
	at org.apache.catalina.valves.AccessLogValve.invoke(AccessLogValve.java:950)
	at org.apache.catalina.core.StandardEngineValve.invoke(StandardEngineValve.java:116)
	at org.apache.catalina.connector.CoyoteAdapter.service(CoyoteAdapter.java:408)
	at org.apache.coyote.http11.AbstractHttp11Processor.process(AbstractHttp11Processor.java:1040)
	at org.apache.coyote.AbstractProtocol$AbstractConnectionHandler.process(AbstractProtocol.java:607)
	at org.apache.tomcat.util.net.JIoEndpoint$SocketProcessor.run(JIoEndpoint.java:316)
	at java.util.concurrent.ThreadPoolExecutor.runWorker(ThreadPoolExecutor.java:1145)
	at java.util.concurrent.ThreadPoolExecutor$Worker.run(ThreadPoolExecutor.java:615)
	at org.apache.tomcat.util.threads.TaskThread$WrappingRunnable.run(TaskThread.java:61)
	at java.lang.Thread.run(Thread.java:745)


INFO 17:58:49.956 (FedoraTransactions) Commit transaction 'tx:cfcf26ef-a62c-4c16-ad01-d22b0e9285ba'
INFO 17:58:50.145 (FedoraTransactions) Created transaction '78f33842-b4d4-4573-a536-53b3f508a553'
WARN 17:58:50.344 (Errors) The following warnings have been detected: WARNING: Unknown HK2 failure detected:
MultiException stack 1 of 2
java.lang.OutOfMemoryError: unable to create new native thread
	at java.lang.Thread.start0(Native Method)
	at java.lang.Thread.start(Thread.java:714)
	at java.util.concurrent.ThreadPoolExecutor.addWorker(ThreadPoolExecutor.java:949)
	at java.util.concurrent.ThreadPoolExecutor.execute(ThreadPoolExecutor.java:1371)
	at org.modeshape.common.collection.ring.RingBuffer.addConsumer(RingBuffer.java:248)
	at org.modeshape.common.collection.ring.RingBuffer.addConsumer(RingBuffer.java:220)
	at org.modeshape.jcr.bus.RepositoryChangeBus.register(RepositoryChangeBus.java:79)
	at org.modeshape.jcr.JcrObservationManager.<init>(JcrObservationManager.java:174)
	at org.modeshape.jcr.JcrWorkspace.observationManager(JcrWorkspace.java:627)
	at org.modeshape.jcr.JcrWorkspace.getObservationManager(JcrWorkspace.java:619)
	at org.fcrepo.http.api.FedoraBaseResource.setUpJMSBaseURIs(FedoraBaseResource.java:81)
	at org.fcrepo.http.api.FedoraLdp.postConstruct(FedoraLdp.java:133)
	at sun.reflect.GeneratedMethodAccessor37.invoke(Unknown Source)
	at sun.reflect.DelegatingMethodAccessorImpl.invoke(DelegatingMethodAccessorImpl.java:43)
	at java.lang.reflect.Method.invoke(Method.java:606)
	at org.glassfish.hk2.utilities.reflection.ReflectionHelper.invoke(ReflectionHelper.java:1019)
	at org.jvnet.hk2.internal.ClazzCreator.postConstructMe(ClazzCreator.java:335)
	at org.jvnet.hk2.internal.ClazzCreator.create(ClazzCreator.java:377)
	at org.jvnet.hk2.internal.SystemDescriptor.create(SystemDescriptor.java:461)
	at org.glassfish.jersey.process.internal.RequestScope.findOrCreate(RequestScope.java:160)
	at org.jvnet.hk2.internal.Utilities.createService(Utilities.java:2268)
	at org.jvnet.hk2.internal.ServiceLocatorImpl.internalGetService(ServiceLocatorImpl.java:690)
	at org.jvnet.hk2.internal.ServiceLocatorImpl.getService(ServiceLocatorImpl.java:655)
	at org.glassfish.jersey.internal.inject.Injections.getOrCreate(Injections.java:169)
	at org.glassfish.jersey.server.model.MethodHandler$ClassBasedMethodHandler.getInstance(MethodHandler.java:185)
	at org.glassfish.jersey.server.internal.routing.PushMethodHandlerRouter.apply(PushMethodHandlerRouter.java:74)
	at org.glassfish.jersey.server.internal.routing.RoutingStage._apply(RoutingStage.java:112)
	at org.glassfish.jersey.server.internal.routing.RoutingStage._apply(RoutingStage.java:115)
	at org.glassfish.jersey.server.internal.routing.RoutingStage._apply(RoutingStage.java:115)
	at org.glassfish.jersey.server.internal.routing.RoutingStage._apply(RoutingStage.java:115)
	at org.glassfish.jersey.server.internal.routing.RoutingStage.apply(RoutingStage.java:94)
	at org.glassfish.jersey.server.internal.routing.RoutingStage.apply(RoutingStage.java:63)
	at org.glassfish.jersey.process.internal.Stages.process(Stages.java:197)
	at org.glassfish.jersey.server.ServerRuntime$1.run(ServerRuntime.java:263)
	at org.glassfish.jersey.internal.Errors$1.call(Errors.java:271)
	at org.glassfish.jersey.internal.Errors$1.call(Errors.java:267)
	at org.glassfish.jersey.internal.Errors.process(Errors.java:315)
	at org.glassfish.jersey.internal.Errors.process(Errors.java:297)
	at org.glassfish.jersey.internal.Errors.process(Errors.java:267)
	at org.glassfish.jersey.process.internal.RequestScope.runInScope(RequestScope.java:297)
	at org.glassfish.jersey.server.ServerRuntime.process(ServerRuntime.java:254)
	at org.glassfish.jersey.server.ApplicationHandler.handle(ApplicationHandler.java:1030)
	at org.glassfish.jersey.servlet.WebComponent.service(WebComponent.java:373)
	at org.glassfish.jersey.servlet.ServletContainer.service(ServletContainer.java:381)
	at org.glassfish.jersey.servlet.ServletContainer.service(ServletContainer.java:344)
	at org.glassfish.jersey.servlet.ServletContainer.service(ServletContainer.java:221)
	at org.apache.catalina.core.ApplicationFilterChain.internalDoFilter(ApplicationFilterChain.java:303)
	at org.apache.catalina.core.ApplicationFilterChain.doFilter(ApplicationFilterChain.java:208)
	at org.apache.catalina.core.StandardWrapperValve.invoke(StandardWrapperValve.java:220)
	at org.apache.catalina.core.StandardContextValve.invoke(StandardContextValve.java:122)
	at org.apache.catalina.authenticator.AuthenticatorBase.invoke(AuthenticatorBase.java:501)
	at org.apache.catalina.core.StandardHostValve.invoke(StandardHostValve.java:171)
	at org.apache.catalina.valves.ErrorReportValve.invoke(ErrorReportValve.java:102)
	at org.apache.catalina.valves.AccessLogValve.invoke(AccessLogValve.java:950)
	at org.apache.catalina.core.StandardEngineValve.invoke(StandardEngineValve.java:116)
	at org.apache.catalina.connector.CoyoteAdapter.service(CoyoteAdapter.java:408)
	at org.apache.coyote.http11.AbstractHttp11Processor.process(AbstractHttp11Processor.java:1040)
	at org.apache.coyote.AbstractProtocol$AbstractConnectionHandler.process(AbstractProtocol.java:607)
	at org.apache.tomcat.util.net.JIoEndpoint$SocketProcessor.run(JIoEndpoint.java:316)
	at java.util.concurrent.ThreadPoolExecutor.runWorker(ThreadPoolExecutor.java:1145)
	at java.util.concurrent.ThreadPoolExecutor$Worker.run(ThreadPoolExecutor.java:615)
	at org.apache.tomcat.util.threads.TaskThread$WrappingRunnable.run(TaskThread.java:61)
	at java.lang.Thread.run(Thread.java:745)
MultiException stack 2 of 2
java.lang.IllegalStateException: Unable to perform operation: post construct on org.fcrepo.http.api.FedoraLdp
	at org.jvnet.hk2.internal.ClazzCreator.create(ClazzCreator.java:395)
	at org.jvnet.hk2.internal.SystemDescriptor.create(SystemDescriptor.java:461)
	at org.glassfish.jersey.process.internal.RequestScope.findOrCreate(RequestScope.java:160)
	at org.jvnet.hk2.internal.Utilities.createService(Utilities.java:2268)
	at org.jvnet.hk2.internal.ServiceLocatorImpl.internalGetService(ServiceLocatorImpl.java:690)
	at org.jvnet.hk2.internal.ServiceLocatorImpl.getService(ServiceLocatorImpl.java:655)
	at org.glassfish.jersey.internal.inject.Injections.getOrCreate(Injections.java:169)
	at org.glassfish.jersey.server.model.MethodHandler$ClassBasedMethodHandler.getInstance(MethodHandler.java:185)
	at org.glassfish.jersey.server.internal.routing.PushMethodHandlerRouter.apply(PushMethodHandlerRouter.java:74)
	at org.glassfish.jersey.server.internal.routing.RoutingStage._apply(RoutingStage.java:112)
	at org.glassfish.jersey.server.internal.routing.RoutingStage._apply(RoutingStage.java:115)
	at org.glassfish.jersey.server.internal.routing.RoutingStage._apply(RoutingStage.java:115)
	at org.glassfish.jersey.server.internal.routing.RoutingStage._apply(RoutingStage.java:115)
	at org.glassfish.jersey.server.internal.routing.RoutingStage.apply(RoutingStage.java:94)
	at org.glassfish.jersey.server.internal.routing.RoutingStage.apply(RoutingStage.java:63)
	at org.glassfish.jersey.process.internal.Stages.process(Stages.java:197)
	at org.glassfish.jersey.server.ServerRuntime$1.run(ServerRuntime.java:263)
	at org.glassfish.jersey.internal.Errors$1.call(Errors.java:271)
	at org.glassfish.jersey.internal.Errors$1.call(Errors.java:267)
	at org.glassfish.jersey.internal.Errors.process(Errors.java:315)
	at org.glassfish.jersey.internal.Errors.process(Errors.java:297)
	at org.glassfish.jersey.internal.Errors.process(Errors.java:267)
	at org.glassfish.jersey.process.internal.RequestScope.runInScope(RequestScope.java:297)
	at org.glassfish.jersey.server.ServerRuntime.process(ServerRuntime.java:254)
	at org.glassfish.jersey.server.ApplicationHandler.handle(ApplicationHandler.java:1030)
	at org.glassfish.jersey.servlet.WebComponent.service(WebComponent.java:373)
	at org.glassfish.jersey.servlet.ServletContainer.service(ServletContainer.java:381)
	at org.glassfish.jersey.servlet.ServletContainer.service(ServletContainer.java:344)
	at org.glassfish.jersey.servlet.ServletContainer.service(ServletContainer.java:221)
	at org.apache.catalina.core.ApplicationFilterChain.internalDoFilter(ApplicationFilterChain.java:303)
	at org.apache.catalina.core.ApplicationFilterChain.doFilter(ApplicationFilterChain.java:208)
	at org.apache.catalina.core.StandardWrapperValve.invoke(StandardWrapperValve.java:220)
	at org.apache.catalina.core.StandardContextValve.invoke(StandardContextValve.java:122)
	at org.apache.catalina.authenticator.AuthenticatorBase.invoke(AuthenticatorBase.java:501)
	at org.apache.catalina.core.StandardHostValve.invoke(StandardHostValve.java:171)
	at org.apache.catalina.valves.ErrorReportValve.invoke(ErrorReportValve.java:102)
	at org.apache.catalina.valves.AccessLogValve.invoke(AccessLogValve.java:950)
	at org.apache.catalina.core.StandardEngineValve.invoke(StandardEngineValve.java:116)
	at org.apache.catalina.connector.CoyoteAdapter.service(CoyoteAdapter.java:408)
	at org.apache.coyote.http11.AbstractHttp11Processor.process(AbstractHttp11Processor.java:1040)
	at org.apache.coyote.AbstractProtocol$AbstractConnectionHandler.process(AbstractProtocol.java:607)
	at org.apache.tomcat.util.net.JIoEndpoint$SocketProcessor.run(JIoEndpoint.java:316)
	at java.util.concurrent.ThreadPoolExecutor.runWorker(ThreadPoolExecutor.java:1145)
	at java.util.concurrent.ThreadPoolExecutor$Worker.run(ThreadPoolExecutor.java:615)
	at org.apache.tomcat.util.threads.TaskThread$WrappingRunnable.run(TaskThread.java:61)
	at java.lang.Thread.run(Thread.java:745)


INFO 17:58:50.533 (FedoraTransactions) Commit transaction 'tx:78f33842-b4d4-4573-a536-53b3f508a553'
INFO 17:58:50.724 (FedoraTransactions) Created transaction '769ea31e-c568-4b57-8c69-efa92fd11d72'
WARN 17:58:50.916 (Errors) The following warnings have been detected: WARNING: Unknown HK2 failure detected:
MultiException stack 1 of 2
java.lang.OutOfMemoryError: unable to create new native thread
	at java.lang.Thread.start0(Native Method)
	at java.lang.Thread.start(Thread.java:714)
	at java.util.concurrent.ThreadPoolExecutor.addWorker(ThreadPoolExecutor.java:949)
	at java.util.concurrent.ThreadPoolExecutor.execute(ThreadPoolExecutor.java:1371)
	at org.modeshape.common.collection.ring.RingBuffer.addConsumer(RingBuffer.java:248)
	at org.modeshape.common.collection.ring.RingBuffer.addConsumer(RingBuffer.java:220)
	at org.modeshape.jcr.bus.RepositoryChangeBus.register(RepositoryChangeBus.java:79)
	at org.modeshape.jcr.JcrObservationManager.<init>(JcrObservationManager.java:174)
	at org.modeshape.jcr.JcrWorkspace.observationManager(JcrWorkspace.java:627)
	at org.modeshape.jcr.JcrWorkspace.getObservationManager(JcrWorkspace.java:619)
	at org.fcrepo.http.api.FedoraBaseResource.setUpJMSBaseURIs(FedoraBaseResource.java:81)
	at org.fcrepo.http.api.FedoraLdp.postConstruct(FedoraLdp.java:133)
	at sun.reflect.GeneratedMethodAccessor37.invoke(Unknown Source)
	at sun.reflect.DelegatingMethodAccessorImpl.invoke(DelegatingMethodAccessorImpl.java:43)
	at java.lang.reflect.Method.invoke(Method.java:606)
	at org.glassfish.hk2.utilities.reflection.ReflectionHelper.invoke(ReflectionHelper.java:1019)
	at org.jvnet.hk2.internal.ClazzCreator.postConstructMe(ClazzCreator.java:335)
	at org.jvnet.hk2.internal.ClazzCreator.create(ClazzCreator.java:377)
	at org.jvnet.hk2.internal.SystemDescriptor.create(SystemDescriptor.java:461)
	at org.glassfish.jersey.process.internal.RequestScope.findOrCreate(RequestScope.java:160)
	at org.jvnet.hk2.internal.Utilities.createService(Utilities.java:2268)
	at org.jvnet.hk2.internal.ServiceLocatorImpl.internalGetService(ServiceLocatorImpl.java:690)
	at org.jvnet.hk2.internal.ServiceLocatorImpl.getService(ServiceLocatorImpl.java:655)
	at org.glassfish.jersey.internal.inject.Injections.getOrCreate(Injections.java:169)
	at org.glassfish.jersey.server.model.MethodHandler$ClassBasedMethodHandler.getInstance(MethodHandler.java:185)
	at org.glassfish.jersey.server.internal.routing.PushMethodHandlerRouter.apply(PushMethodHandlerRouter.java:74)
	at org.glassfish.jersey.server.internal.routing.RoutingStage._apply(RoutingStage.java:112)
	at org.glassfish.jersey.server.internal.routing.RoutingStage._apply(RoutingStage.java:115)
	at org.glassfish.jersey.server.internal.routing.RoutingStage._apply(RoutingStage.java:115)
	at org.glassfish.jersey.server.internal.routing.RoutingStage._apply(RoutingStage.java:115)
	at org.glassfish.jersey.server.internal.routing.RoutingStage.apply(RoutingStage.java:94)
	at org.glassfish.jersey.server.internal.routing.RoutingStage.apply(RoutingStage.java:63)
	at org.glassfish.jersey.process.internal.Stages.process(Stages.java:197)
	at org.glassfish.jersey.server.ServerRuntime$1.run(ServerRuntime.java:263)
	at org.glassfish.jersey.internal.Errors$1.call(Errors.java:271)
	at org.glassfish.jersey.internal.Errors$1.call(Errors.java:267)
	at org.glassfish.jersey.internal.Errors.process(Errors.java:315)
	at org.glassfish.jersey.internal.Errors.process(Errors.java:297)
	at org.glassfish.jersey.internal.Errors.process(Errors.java:267)
	at org.glassfish.jersey.process.internal.RequestScope.runInScope(RequestScope.java:297)
	at org.glassfish.jersey.server.ServerRuntime.process(ServerRuntime.java:254)
	at org.glassfish.jersey.server.ApplicationHandler.handle(ApplicationHandler.java:1030)
	at org.glassfish.jersey.servlet.WebComponent.service(WebComponent.java:373)
	at org.glassfish.jersey.servlet.ServletContainer.service(ServletContainer.java:381)
	at org.glassfish.jersey.servlet.ServletContainer.service(ServletContainer.java:344)
	at org.glassfish.jersey.servlet.ServletContainer.service(ServletContainer.java:221)
	at org.apache.catalina.core.ApplicationFilterChain.internalDoFilter(ApplicationFilterChain.java:303)
	at org.apache.catalina.core.ApplicationFilterChain.doFilter(ApplicationFilterChain.java:208)
	at org.apache.catalina.core.StandardWrapperValve.invoke(StandardWrapperValve.java:220)
	at org.apache.catalina.core.StandardContextValve.invoke(StandardContextValve.java:122)
	at org.apache.catalina.authenticator.AuthenticatorBase.invoke(AuthenticatorBase.java:501)
	at org.apache.catalina.core.StandardHostValve.invoke(StandardHostValve.java:171)
	at org.apache.catalina.valves.ErrorReportValve.invoke(ErrorReportValve.java:102)
	at org.apache.catalina.valves.AccessLogValve.invoke(AccessLogValve.java:950)
	at org.apache.catalina.core.StandardEngineValve.invoke(StandardEngineValve.java:116)
	at org.apache.catalina.connector.CoyoteAdapter.service(CoyoteAdapter.java:408)
	at org.apache.coyote.http11.AbstractHttp11Processor.process(AbstractHttp11Processor.java:1040)
	at org.apache.coyote.AbstractProtocol$AbstractConnectionHandler.process(AbstractProtocol.java:607)
	at org.apache.tomcat.util.net.JIoEndpoint$SocketProcessor.run(JIoEndpoint.java:316)
	at java.util.concurrent.ThreadPoolExecutor.runWorker(ThreadPoolExecutor.java:1145)
	at java.util.concurrent.ThreadPoolExecutor$Worker.run(ThreadPoolExecutor.java:615)
	at org.apache.tomcat.util.threads.TaskThread$WrappingRunnable.run(TaskThread.java:61)
	at java.lang.Thread.run(Thread.java:745)
MultiException stack 2 of 2
java.lang.IllegalStateException: Unable to perform operation: post construct on org.fcrepo.http.api.FedoraLdp
	at org.jvnet.hk2.internal.ClazzCreator.create(ClazzCreator.java:395)
	at org.jvnet.hk2.internal.SystemDescriptor.create(SystemDescriptor.java:461)
	at org.glassfish.jersey.process.internal.RequestScope.findOrCreate(RequestScope.java:160)
	at org.jvnet.hk2.internal.Utilities.createService(Utilities.java:2268)
	at org.jvnet.hk2.internal.ServiceLocatorImpl.internalGetService(ServiceLocatorImpl.java:690)
	at org.jvnet.hk2.internal.ServiceLocatorImpl.getService(ServiceLocatorImpl.java:655)
	at org.glassfish.jersey.internal.inject.Injections.getOrCreate(Injections.java:169)
	at org.glassfish.jersey.server.model.MethodHandler$ClassBasedMethodHandler.getInstance(MethodHandler.java:185)
	at org.glassfish.jersey.server.internal.routing.PushMethodHandlerRouter.apply(PushMethodHandlerRouter.java:74)
	at org.glassfish.jersey.server.internal.routing.RoutingStage._apply(RoutingStage.java:112)
	at org.glassfish.jersey.server.internal.routing.RoutingStage._apply(RoutingStage.java:115)
	at org.glassfish.jersey.server.internal.routing.RoutingStage._apply(RoutingStage.java:115)
	at org.glassfish.jersey.server.internal.routing.RoutingStage._apply(RoutingStage.java:115)
	at org.glassfish.jersey.server.internal.routing.RoutingStage.apply(RoutingStage.java:94)
	at org.glassfish.jersey.server.internal.routing.RoutingStage.apply(RoutingStage.java:63)
	at org.glassfish.jersey.process.internal.Stages.process(Stages.java:197)
	at org.glassfish.jersey.server.ServerRuntime$1.run(ServerRuntime.java:263)
	at org.glassfish.jersey.internal.Errors$1.call(Errors.java:271)
	at org.glassfish.jersey.internal.Errors$1.call(Errors.java:267)
	at org.glassfish.jersey.internal.Errors.process(Errors.java:315)
	at org.glassfish.jersey.internal.Errors.process(Errors.java:297)
	at org.glassfish.jersey.internal.Errors.process(Errors.java:267)
	at org.glassfish.jersey.process.internal.RequestScope.runInScope(RequestScope.java:297)
	at org.glassfish.jersey.server.ServerRuntime.process(ServerRuntime.java:254)
	at org.glassfish.jersey.server.ApplicationHandler.handle(ApplicationHandler.java:1030)
	at org.glassfish.jersey.servlet.WebComponent.service(WebComponent.java:373)
	at org.glassfish.jersey.servlet.ServletContainer.service(ServletContainer.java:381)
	at org.glassfish.jersey.servlet.ServletContainer.service(ServletContainer.java:344)
	at org.glassfish.jersey.servlet.ServletContainer.service(ServletContainer.java:221)
	at org.apache.catalina.core.ApplicationFilterChain.internalDoFilter(ApplicationFilterChain.java:303)
	at org.apache.catalina.core.ApplicationFilterChain.doFilter(ApplicationFilterChain.java:208)
	at org.apache.catalina.core.StandardWrapperValve.invoke(StandardWrapperValve.java:220)
	at org.apache.catalina.core.StandardContextValve.invoke(StandardContextValve.java:122)
	at org.apache.catalina.authenticator.AuthenticatorBase.invoke(AuthenticatorBase.java:501)
	at org.apache.catalina.core.StandardHostValve.invoke(StandardHostValve.java:171)
	at org.apache.catalina.valves.ErrorReportValve.invoke(ErrorReportValve.java:102)
	at org.apache.catalina.valves.AccessLogValve.invoke(AccessLogValve.java:950)
	at org.apache.catalina.core.StandardEngineValve.invoke(StandardEngineValve.java:116)
	at org.apache.catalina.connector.CoyoteAdapter.service(CoyoteAdapter.java:408)
	at org.apache.coyote.http11.AbstractHttp11Processor.process(AbstractHttp11Processor.java:1040)
	at org.apache.coyote.AbstractProtocol$AbstractConnectionHandler.process(AbstractProtocol.java:607)
	at org.apache.tomcat.util.net.JIoEndpoint$SocketProcessor.run(JIoEndpoint.java:316)
	at java.util.concurrent.ThreadPoolExecutor.runWorker(ThreadPoolExecutor.java:1145)
	at java.util.concurrent.ThreadPoolExecutor$Worker.run(ThreadPoolExecutor.java:615)
	at org.apache.tomcat.util.threads.TaskThread$WrappingRunnable.run(TaskThread.java:61)
	at java.lang.Thread.run(Thread.java:745)


INFO 17:58:51.111 (FedoraTransactions) Commit transaction 'tx:769ea31e-c568-4b57-8c69-efa92fd11d72'
INFO 17:58:51.321 (FedoraTransactions) Created transaction '2d131e15-873c-40cd-8c61-5ed8829a556e'
WARN 17:58:51.517 (Errors) The following warnings have been detected: WARNING: Unknown HK2 failure detected:
MultiException stack 1 of 2
java.lang.OutOfMemoryError: unable to create new native thread
	at java.lang.Thread.start0(Native Method)
	at java.lang.Thread.start(Thread.java:714)
	at java.util.concurrent.ThreadPoolExecutor.addWorker(ThreadPoolExecutor.java:949)
	at java.util.concurrent.ThreadPoolExecutor.execute(ThreadPoolExecutor.java:1371)
	at org.modeshape.common.collection.ring.RingBuffer.addConsumer(RingBuffer.java:248)
	at org.modeshape.common.collection.ring.RingBuffer.addConsumer(RingBuffer.java:220)
	at org.modeshape.jcr.bus.RepositoryChangeBus.register(RepositoryChangeBus.java:79)
	at org.modeshape.jcr.JcrObservationManager.<init>(JcrObservationManager.java:174)
	at org.modeshape.jcr.JcrWorkspace.observationManager(JcrWorkspace.java:627)
	at org.modeshape.jcr.JcrWorkspace.getObservationManager(JcrWorkspace.java:619)
	at org.fcrepo.http.api.FedoraBaseResource.setUpJMSBaseURIs(FedoraBaseResource.java:81)
	at org.fcrepo.http.api.FedoraLdp.postConstruct(FedoraLdp.java:133)
	at sun.reflect.GeneratedMethodAccessor37.invoke(Unknown Source)
	at sun.reflect.DelegatingMethodAccessorImpl.invoke(DelegatingMethodAccessorImpl.java:43)
	at java.lang.reflect.Method.invoke(Method.java:606)
	at org.glassfish.hk2.utilities.reflection.ReflectionHelper.invoke(ReflectionHelper.java:1019)
	at org.jvnet.hk2.internal.ClazzCreator.postConstructMe(ClazzCreator.java:335)
	at org.jvnet.hk2.internal.ClazzCreator.create(ClazzCreator.java:377)
	at org.jvnet.hk2.internal.SystemDescriptor.create(SystemDescriptor.java:461)
	at org.glassfish.jersey.process.internal.RequestScope.findOrCreate(RequestScope.java:160)
	at org.jvnet.hk2.internal.Utilities.createService(Utilities.java:2268)
	at org.jvnet.hk2.internal.ServiceLocatorImpl.internalGetService(ServiceLocatorImpl.java:690)
	at org.jvnet.hk2.internal.ServiceLocatorImpl.getService(ServiceLocatorImpl.java:655)
	at org.glassfish.jersey.internal.inject.Injections.getOrCreate(Injections.java:169)
	at org.glassfish.jersey.server.model.MethodHandler$ClassBasedMethodHandler.getInstance(MethodHandler.java:185)
	at org.glassfish.jersey.server.internal.routing.PushMethodHandlerRouter.apply(PushMethodHandlerRouter.java:74)
	at org.glassfish.jersey.server.internal.routing.RoutingStage._apply(RoutingStage.java:112)
	at org.glassfish.jersey.server.internal.routing.RoutingStage._apply(RoutingStage.java:115)
	at org.glassfish.jersey.server.internal.routing.RoutingStage._apply(RoutingStage.java:115)
	at org.glassfish.jersey.server.internal.routing.RoutingStage._apply(RoutingStage.java:115)
	at org.glassfish.jersey.server.internal.routing.RoutingStage.apply(RoutingStage.java:94)
	at org.glassfish.jersey.server.internal.routing.RoutingStage.apply(RoutingStage.java:63)
	at org.glassfish.jersey.process.internal.Stages.process(Stages.java:197)
	at org.glassfish.jersey.server.ServerRuntime$1.run(ServerRuntime.java:263)
	at org.glassfish.jersey.internal.Errors$1.call(Errors.java:271)
	at org.glassfish.jersey.internal.Errors$1.call(Errors.java:267)
	at org.glassfish.jersey.internal.Errors.process(Errors.java:315)
	at org.glassfish.jersey.internal.Errors.process(Errors.java:297)
	at org.glassfish.jersey.internal.Errors.process(Errors.java:267)
	at org.glassfish.jersey.process.internal.RequestScope.runInScope(RequestScope.java:297)
	at org.glassfish.jersey.server.ServerRuntime.process(ServerRuntime.java:254)
	at org.glassfish.jersey.server.ApplicationHandler.handle(ApplicationHandler.java:1030)
	at org.glassfish.jersey.servlet.WebComponent.service(WebComponent.java:373)
	at org.glassfish.jersey.servlet.ServletContainer.service(ServletContainer.java:381)
	at org.glassfish.jersey.servlet.ServletContainer.service(ServletContainer.java:344)
	at org.glassfish.jersey.servlet.ServletContainer.service(ServletContainer.java:221)
	at org.apache.catalina.core.ApplicationFilterChain.internalDoFilter(ApplicationFilterChain.java:303)
	at org.apache.catalina.core.ApplicationFilterChain.doFilter(ApplicationFilterChain.java:208)
	at org.apache.catalina.core.StandardWrapperValve.invoke(StandardWrapperValve.java:220)
	at org.apache.catalina.core.StandardContextValve.invoke(StandardContextValve.java:122)
	at org.apache.catalina.authenticator.AuthenticatorBase.invoke(AuthenticatorBase.java:501)
	at org.apache.catalina.core.StandardHostValve.invoke(StandardHostValve.java:171)
	at org.apache.catalina.valves.ErrorReportValve.invoke(ErrorReportValve.java:102)
	at org.apache.catalina.valves.AccessLogValve.invoke(AccessLogValve.java:950)
	at org.apache.catalina.core.StandardEngineValve.invoke(StandardEngineValve.java:116)
	at org.apache.catalina.connector.CoyoteAdapter.service(CoyoteAdapter.java:408)
	at org.apache.coyote.http11.AbstractHttp11Processor.process(AbstractHttp11Processor.java:1040)
	at org.apache.coyote.AbstractProtocol$AbstractConnectionHandler.process(AbstractProtocol.java:607)
	at org.apache.tomcat.util.net.JIoEndpoint$SocketProcessor.run(JIoEndpoint.java:316)
	at java.util.concurrent.ThreadPoolExecutor.runWorker(ThreadPoolExecutor.java:1145)
	at java.util.concurrent.ThreadPoolExecutor$Worker.run(ThreadPoolExecutor.java:615)
	at org.apache.tomcat.util.threads.TaskThread$WrappingRunnable.run(TaskThread.java:61)
	at java.lang.Thread.run(Thread.java:745)
MultiException stack 2 of 2
java.lang.IllegalStateException: Unable to perform operation: post construct on org.fcrepo.http.api.FedoraLdp
	at org.jvnet.hk2.internal.ClazzCreator.create(ClazzCreator.java:395)
	at org.jvnet.hk2.internal.SystemDescriptor.create(SystemDescriptor.java:461)
	at org.glassfish.jersey.process.internal.RequestScope.findOrCreate(RequestScope.java:160)
	at org.jvnet.hk2.internal.Utilities.createService(Utilities.java:2268)
	at org.jvnet.hk2.internal.ServiceLocatorImpl.internalGetService(ServiceLocatorImpl.java:690)
	at org.jvnet.hk2.internal.ServiceLocatorImpl.getService(ServiceLocatorImpl.java:655)
	at org.glassfish.jersey.internal.inject.Injections.getOrCreate(Injections.java:169)
	at org.glassfish.jersey.server.model.MethodHandler$ClassBasedMethodHandler.getInstance(MethodHandler.java:185)
	at org.glassfish.jersey.server.internal.routing.PushMethodHandlerRouter.apply(PushMethodHandlerRouter.java:74)
	at org.glassfish.jersey.server.internal.routing.RoutingStage._apply(RoutingStage.java:112)
	at org.glassfish.jersey.server.internal.routing.RoutingStage._apply(RoutingStage.java:115)
	at org.glassfish.jersey.server.internal.routing.RoutingStage._apply(RoutingStage.java:115)
	at org.glassfish.jersey.server.internal.routing.RoutingStage._apply(RoutingStage.java:115)
	at org.glassfish.jersey.server.internal.routing.RoutingStage.apply(RoutingStage.java:94)
	at org.glassfish.jersey.server.internal.routing.RoutingStage.apply(RoutingStage.java:63)
	at org.glassfish.jersey.process.internal.Stages.process(Stages.java:197)
	at org.glassfish.jersey.server.ServerRuntime$1.run(ServerRuntime.java:263)
	at org.glassfish.jersey.internal.Errors$1.call(Errors.java:271)
	at org.glassfish.jersey.internal.Errors$1.call(Errors.java:267)
	at org.glassfish.jersey.internal.Errors.process(Errors.java:315)
	at org.glassfish.jersey.internal.Errors.process(Errors.java:297)
	at org.glassfish.jersey.internal.Errors.process(Errors.java:267)
	at org.glassfish.jersey.process.internal.RequestScope.runInScope(RequestScope.java:297)
	at org.glassfish.jersey.server.ServerRuntime.process(ServerRuntime.java:254)
	at org.glassfish.jersey.server.ApplicationHandler.handle(ApplicationHandler.java:1030)
	at org.glassfish.jersey.servlet.WebComponent.service(WebComponent.java:373)
	at org.glassfish.jersey.servlet.ServletContainer.service(ServletContainer.java:381)
	at org.glassfish.jersey.servlet.ServletContainer.service(ServletContainer.java:344)
	at org.glassfish.jersey.servlet.ServletContainer.service(ServletContainer.java:221)
	at org.apache.catalina.core.ApplicationFilterChain.internalDoFilter(ApplicationFilterChain.java:303)
	at org.apache.catalina.core.ApplicationFilterChain.doFilter(ApplicationFilterChain.java:208)
	at org.apache.catalina.core.StandardWrapperValve.invoke(StandardWrapperValve.java:220)
	at org.apache.catalina.core.StandardContextValve.invoke(StandardContextValve.java:122)
	at org.apache.catalina.authenticator.AuthenticatorBase.invoke(AuthenticatorBase.java:501)
	at org.apache.catalina.core.StandardHostValve.invoke(StandardHostValve.java:171)
	at org.apache.catalina.valves.ErrorReportValve.invoke(ErrorReportValve.java:102)
	at org.apache.catalina.valves.AccessLogValve.invoke(AccessLogValve.java:950)
	at org.apache.catalina.core.StandardEngineValve.invoke(StandardEngineValve.java:116)
	at org.apache.catalina.connector.CoyoteAdapter.service(CoyoteAdapter.java:408)
	at org.apache.coyote.http11.AbstractHttp11Processor.process(AbstractHttp11Processor.java:1040)
	at org.apache.coyote.AbstractProtocol$AbstractConnectionHandler.process(AbstractProtocol.java:607)
	at org.apache.tomcat.util.net.JIoEndpoint$SocketProcessor.run(JIoEndpoint.java:316)
	at java.util.concurrent.ThreadPoolExecutor.runWorker(ThreadPoolExecutor.java:1145)
	at java.util.concurrent.ThreadPoolExecutor$Worker.run(ThreadPoolExecutor.java:615)
	at org.apache.tomcat.util.threads.TaskThread$WrappingRunnable.run(TaskThread.java:61)
	at java.lang.Thread.run(Thread.java:745)


INFO 17:58:51.702 (FedoraTransactions) Commit transaction 'tx:2d131e15-873c-40cd-8c61-5ed8829a556e'
INFO 17:58:51.893 (FedoraTransactions) Created transaction 'e5e32e5d-0add-4d85-bc3e-55de5a3237af'
WARN 17:58:52.097 (Errors) The following warnings have been detected: WARNING: Unknown HK2 failure detected:
MultiException stack 1 of 2
java.lang.OutOfMemoryError: unable to create new native thread
	at java.lang.Thread.start0(Native Method)
	at java.lang.Thread.start(Thread.java:714)
	at java.util.concurrent.ThreadPoolExecutor.addWorker(ThreadPoolExecutor.java:949)
	at java.util.concurrent.ThreadPoolExecutor.execute(ThreadPoolExecutor.java:1371)
	at org.modeshape.common.collection.ring.RingBuffer.addConsumer(RingBuffer.java:248)
	at org.modeshape.common.collection.ring.RingBuffer.addConsumer(RingBuffer.java:220)
	at org.modeshape.jcr.bus.RepositoryChangeBus.register(RepositoryChangeBus.java:79)
	at org.modeshape.jcr.JcrObservationManager.<init>(JcrObservationManager.java:174)
	at org.modeshape.jcr.JcrWorkspace.observationManager(JcrWorkspace.java:627)
	at org.modeshape.jcr.JcrWorkspace.getObservationManager(JcrWorkspace.java:619)
	at org.fcrepo.http.api.FedoraBaseResource.setUpJMSBaseURIs(FedoraBaseResource.java:81)
	at org.fcrepo.http.api.FedoraLdp.postConstruct(FedoraLdp.java:133)
	at sun.reflect.GeneratedMethodAccessor37.invoke(Unknown Source)
	at sun.reflect.DelegatingMethodAccessorImpl.invoke(DelegatingMethodAccessorImpl.java:43)
	at java.lang.reflect.Method.invoke(Method.java:606)
	at org.glassfish.hk2.utilities.reflection.ReflectionHelper.invoke(ReflectionHelper.java:1019)
	at org.jvnet.hk2.internal.ClazzCreator.postConstructMe(ClazzCreator.java:335)
	at org.jvnet.hk2.internal.ClazzCreator.create(ClazzCreator.java:377)
	at org.jvnet.hk2.internal.SystemDescriptor.create(SystemDescriptor.java:461)
	at org.glassfish.jersey.process.internal.RequestScope.findOrCreate(RequestScope.java:160)
	at org.jvnet.hk2.internal.Utilities.createService(Utilities.java:2268)
	at org.jvnet.hk2.internal.ServiceLocatorImpl.internalGetService(ServiceLocatorImpl.java:690)
	at org.jvnet.hk2.internal.ServiceLocatorImpl.getService(ServiceLocatorImpl.java:655)
	at org.glassfish.jersey.internal.inject.Injections.getOrCreate(Injections.java:169)
	at org.glassfish.jersey.server.model.MethodHandler$ClassBasedMethodHandler.getInstance(MethodHandler.java:185)
	at org.glassfish.jersey.server.internal.routing.PushMethodHandlerRouter.apply(PushMethodHandlerRouter.java:74)
	at org.glassfish.jersey.server.internal.routing.RoutingStage._apply(RoutingStage.java:112)
	at org.glassfish.jersey.server.internal.routing.RoutingStage._apply(RoutingStage.java:115)
	at org.glassfish.jersey.server.internal.routing.RoutingStage._apply(RoutingStage.java:115)
	at org.glassfish.jersey.server.internal.routing.RoutingStage._apply(RoutingStage.java:115)
	at org.glassfish.jersey.server.internal.routing.RoutingStage.apply(RoutingStage.java:94)
	at org.glassfish.jersey.server.internal.routing.RoutingStage.apply(RoutingStage.java:63)
	at org.glassfish.jersey.process.internal.Stages.process(Stages.java:197)
	at org.glassfish.jersey.server.ServerRuntime$1.run(ServerRuntime.java:263)
	at org.glassfish.jersey.internal.Errors$1.call(Errors.java:271)
	at org.glassfish.jersey.internal.Errors$1.call(Errors.java:267)
	at org.glassfish.jersey.internal.Errors.process(Errors.java:315)
	at org.glassfish.jersey.internal.Errors.process(Errors.java:297)
	at org.glassfish.jersey.internal.Errors.process(Errors.java:267)
	at org.glassfish.jersey.process.internal.RequestScope.runInScope(RequestScope.java:297)
	at org.glassfish.jersey.server.ServerRuntime.process(ServerRuntime.java:254)
	at org.glassfish.jersey.server.ApplicationHandler.handle(ApplicationHandler.java:1030)
	at org.glassfish.jersey.servlet.WebComponent.service(WebComponent.java:373)
	at org.glassfish.jersey.servlet.ServletContainer.service(ServletContainer.java:381)
	at org.glassfish.jersey.servlet.ServletContainer.service(ServletContainer.java:344)
	at org.glassfish.jersey.servlet.ServletContainer.service(ServletContainer.java:221)
	at org.apache.catalina.core.ApplicationFilterChain.internalDoFilter(ApplicationFilterChain.java:303)
	at org.apache.catalina.core.ApplicationFilterChain.doFilter(ApplicationFilterChain.java:208)
	at org.apache.catalina.core.StandardWrapperValve.invoke(StandardWrapperValve.java:220)
	at org.apache.catalina.core.StandardContextValve.invoke(StandardContextValve.java:122)
	at org.apache.catalina.authenticator.AuthenticatorBase.invoke(AuthenticatorBase.java:501)
	at org.apache.catalina.core.StandardHostValve.invoke(StandardHostValve.java:171)
	at org.apache.catalina.valves.ErrorReportValve.invoke(ErrorReportValve.java:102)
	at org.apache.catalina.valves.AccessLogValve.invoke(AccessLogValve.java:950)
	at org.apache.catalina.core.StandardEngineValve.invoke(StandardEngineValve.java:116)
	at org.apache.catalina.connector.CoyoteAdapter.service(CoyoteAdapter.java:408)
	at org.apache.coyote.http11.AbstractHttp11Processor.process(AbstractHttp11Processor.java:1040)
	at org.apache.coyote.AbstractProtocol$AbstractConnectionHandler.process(AbstractProtocol.java:607)
	at org.apache.tomcat.util.net.JIoEndpoint$SocketProcessor.run(JIoEndpoint.java:316)
	at java.util.concurrent.ThreadPoolExecutor.runWorker(ThreadPoolExecutor.java:1145)
	at java.util.concurrent.ThreadPoolExecutor$Worker.run(ThreadPoolExecutor.java:615)
	at org.apache.tomcat.util.threads.TaskThread$WrappingRunnable.run(TaskThread.java:61)
	at java.lang.Thread.run(Thread.java:745)
MultiException stack 2 of 2
java.lang.IllegalStateException: Unable to perform operation: post construct on org.fcrepo.http.api.FedoraLdp
	at org.jvnet.hk2.internal.ClazzCreator.create(ClazzCreator.java:395)
	at org.jvnet.hk2.internal.SystemDescriptor.create(SystemDescriptor.java:461)
	at org.glassfish.jersey.process.internal.RequestScope.findOrCreate(RequestScope.java:160)
	at org.jvnet.hk2.internal.Utilities.createService(Utilities.java:2268)
	at org.jvnet.hk2.internal.ServiceLocatorImpl.internalGetService(ServiceLocatorImpl.java:690)
	at org.jvnet.hk2.internal.ServiceLocatorImpl.getService(ServiceLocatorImpl.java:655)
	at org.glassfish.jersey.internal.inject.Injections.getOrCreate(Injections.java:169)
	at org.glassfish.jersey.server.model.MethodHandler$ClassBasedMethodHandler.getInstance(MethodHandler.java:185)
	at org.glassfish.jersey.server.internal.routing.PushMethodHandlerRouter.apply(PushMethodHandlerRouter.java:74)
	at org.glassfish.jersey.server.internal.routing.RoutingStage._apply(RoutingStage.java:112)
	at org.glassfish.jersey.server.internal.routing.RoutingStage._apply(RoutingStage.java:115)
	at org.glassfish.jersey.server.internal.routing.RoutingStage._apply(RoutingStage.java:115)
	at org.glassfish.jersey.server.internal.routing.RoutingStage._apply(RoutingStage.java:115)
	at org.glassfish.jersey.server.internal.routing.RoutingStage.apply(RoutingStage.java:94)
	at org.glassfish.jersey.server.internal.routing.RoutingStage.apply(RoutingStage.java:63)
	at org.glassfish.jersey.process.internal.Stages.process(Stages.java:197)
	at org.glassfish.jersey.server.ServerRuntime$1.run(ServerRuntime.java:263)
	at org.glassfish.jersey.internal.Errors$1.call(Errors.java:271)
	at org.glassfish.jersey.internal.Errors$1.call(Errors.java:267)
	at org.glassfish.jersey.internal.Errors.process(Errors.java:315)
	at org.glassfish.jersey.internal.Errors.process(Errors.java:297)
	at org.glassfish.jersey.internal.Errors.process(Errors.java:267)
	at org.glassfish.jersey.process.internal.RequestScope.runInScope(RequestScope.java:297)
	at org.glassfish.jersey.server.ServerRuntime.process(ServerRuntime.java:254)
	at org.glassfish.jersey.server.ApplicationHandler.handle(ApplicationHandler.java:1030)
	at org.glassfish.jersey.servlet.WebComponent.service(WebComponent.java:373)
	at org.glassfish.jersey.servlet.ServletContainer.service(ServletContainer.java:381)
	at org.glassfish.jersey.servlet.ServletContainer.service(ServletContainer.java:344)
	at org.glassfish.jersey.servlet.ServletContainer.service(ServletContainer.java:221)
	at org.apache.catalina.core.ApplicationFilterChain.internalDoFilter(ApplicationFilterChain.java:303)
	at org.apache.catalina.core.ApplicationFilterChain.doFilter(ApplicationFilterChain.java:208)
	at org.apache.catalina.core.StandardWrapperValve.invoke(StandardWrapperValve.java:220)
	at org.apache.catalina.core.StandardContextValve.invoke(StandardContextValve.java:122)
	at org.apache.catalina.authenticator.AuthenticatorBase.invoke(AuthenticatorBase.java:501)
	at org.apache.catalina.core.StandardHostValve.invoke(StandardHostValve.java:171)
	at org.apache.catalina.valves.ErrorReportValve.invoke(ErrorReportValve.java:102)
	at org.apache.catalina.valves.AccessLogValve.invoke(AccessLogValve.java:950)
	at org.apache.catalina.core.StandardEngineValve.invoke(StandardEngineValve.java:116)
	at org.apache.catalina.connector.CoyoteAdapter.service(CoyoteAdapter.java:408)
	at org.apache.coyote.http11.AbstractHttp11Processor.process(AbstractHttp11Processor.java:1040)
	at org.apache.coyote.AbstractProtocol$AbstractConnectionHandler.process(AbstractProtocol.java:607)
	at org.apache.tomcat.util.net.JIoEndpoint$SocketProcessor.run(JIoEndpoint.java:316)
	at java.util.concurrent.ThreadPoolExecutor.runWorker(ThreadPoolExecutor.java:1145)
	at java.util.concurrent.ThreadPoolExecutor$Worker.run(ThreadPoolExecutor.java:615)
	at org.apache.tomcat.util.threads.TaskThread$WrappingRunnable.run(TaskThread.java:61)
	at java.lang.Thread.run(Thread.java:745)


INFO 17:58:52.292 (FedoraTransactions) Commit transaction 'tx:e5e32e5d-0add-4d85-bc3e-55de5a3237af'
INFO 17:58:52.477 (FedoraTransactions) Created transaction '9fd36ec2-cd9e-4c1e-bd8c-dbc14c1abcfd'
WARN 17:58:52.673 (Errors) The following warnings have been detected: WARNING: Unknown HK2 failure detected:
MultiException stack 1 of 2
java.lang.OutOfMemoryError: unable to create new native thread
	at java.lang.Thread.start0(Native Method)
	at java.lang.Thread.start(Thread.java:714)
	at java.util.concurrent.ThreadPoolExecutor.addWorker(ThreadPoolExecutor.java:949)
	at java.util.concurrent.ThreadPoolExecutor.execute(ThreadPoolExecutor.java:1371)
	at org.modeshape.common.collection.ring.RingBuffer.addConsumer(RingBuffer.java:248)
	at org.modeshape.common.collection.ring.RingBuffer.addConsumer(RingBuffer.java:220)
	at org.modeshape.jcr.bus.RepositoryChangeBus.register(RepositoryChangeBus.java:79)
	at org.modeshape.jcr.JcrObservationManager.<init>(JcrObservationManager.java:174)
	at org.modeshape.jcr.JcrWorkspace.observationManager(JcrWorkspace.java:627)
	at org.modeshape.jcr.JcrWorkspace.getObservationManager(JcrWorkspace.java:619)
	at org.fcrepo.http.api.FedoraBaseResource.setUpJMSBaseURIs(FedoraBaseResource.java:81)
	at org.fcrepo.http.api.FedoraLdp.postConstruct(FedoraLdp.java:133)
	at sun.reflect.GeneratedMethodAccessor37.invoke(Unknown Source)
	at sun.reflect.DelegatingMethodAccessorImpl.invoke(DelegatingMethodAccessorImpl.java:43)
	at java.lang.reflect.Method.invoke(Method.java:606)
	at org.glassfish.hk2.utilities.reflection.ReflectionHelper.invoke(ReflectionHelper.java:1019)
	at org.jvnet.hk2.internal.ClazzCreator.postConstructMe(ClazzCreator.java:335)
	at org.jvnet.hk2.internal.ClazzCreator.create(ClazzCreator.java:377)
	at org.jvnet.hk2.internal.SystemDescriptor.create(SystemDescriptor.java:461)
	at org.glassfish.jersey.process.internal.RequestScope.findOrCreate(RequestScope.java:160)
	at org.jvnet.hk2.internal.Utilities.createService(Utilities.java:2268)
	at org.jvnet.hk2.internal.ServiceLocatorImpl.internalGetService(ServiceLocatorImpl.java:690)
	at org.jvnet.hk2.internal.ServiceLocatorImpl.getService(ServiceLocatorImpl.java:655)
	at org.glassfish.jersey.internal.inject.Injections.getOrCreate(Injections.java:169)
	at org.glassfish.jersey.server.model.MethodHandler$ClassBasedMethodHandler.getInstance(MethodHandler.java:185)
	at org.glassfish.jersey.server.internal.routing.PushMethodHandlerRouter.apply(PushMethodHandlerRouter.java:74)
	at org.glassfish.jersey.server.internal.routing.RoutingStage._apply(RoutingStage.java:112)
	at org.glassfish.jersey.server.internal.routing.RoutingStage._apply(RoutingStage.java:115)
	at org.glassfish.jersey.server.internal.routing.RoutingStage._apply(RoutingStage.java:115)
	at org.glassfish.jersey.server.internal.routing.RoutingStage._apply(RoutingStage.java:115)
	at org.glassfish.jersey.server.internal.routing.RoutingStage.apply(RoutingStage.java:94)
	at org.glassfish.jersey.server.internal.routing.RoutingStage.apply(RoutingStage.java:63)
	at org.glassfish.jersey.process.internal.Stages.process(Stages.java:197)
	at org.glassfish.jersey.server.ServerRuntime$1.run(ServerRuntime.java:263)
	at org.glassfish.jersey.internal.Errors$1.call(Errors.java:271)
	at org.glassfish.jersey.internal.Errors$1.call(Errors.java:267)
	at org.glassfish.jersey.internal.Errors.process(Errors.java:315)
	at org.glassfish.jersey.internal.Errors.process(Errors.java:297)
	at org.glassfish.jersey.internal.Errors.process(Errors.java:267)
	at org.glassfish.jersey.process.internal.RequestScope.runInScope(RequestScope.java:297)
	at org.glassfish.jersey.server.ServerRuntime.process(ServerRuntime.java:254)
	at org.glassfish.jersey.server.ApplicationHandler.handle(ApplicationHandler.java:1030)
	at org.glassfish.jersey.servlet.WebComponent.service(WebComponent.java:373)
	at org.glassfish.jersey.servlet.ServletContainer.service(ServletContainer.java:381)
	at org.glassfish.jersey.servlet.ServletContainer.service(ServletContainer.java:344)
	at org.glassfish.jersey.servlet.ServletContainer.service(ServletContainer.java:221)
	at org.apache.catalina.core.ApplicationFilterChain.internalDoFilter(ApplicationFilterChain.java:303)
	at org.apache.catalina.core.ApplicationFilterChain.doFilter(ApplicationFilterChain.java:208)
	at org.apache.catalina.core.StandardWrapperValve.invoke(StandardWrapperValve.java:220)
	at org.apache.catalina.core.StandardContextValve.invoke(StandardContextValve.java:122)
	at org.apache.catalina.authenticator.AuthenticatorBase.invoke(AuthenticatorBase.java:501)
	at org.apache.catalina.core.StandardHostValve.invoke(StandardHostValve.java:171)
	at org.apache.catalina.valves.ErrorReportValve.invoke(ErrorReportValve.java:102)
	at org.apache.catalina.valves.AccessLogValve.invoke(AccessLogValve.java:950)
	at org.apache.catalina.core.StandardEngineValve.invoke(StandardEngineValve.java:116)
	at org.apache.catalina.connector.CoyoteAdapter.service(CoyoteAdapter.java:408)
	at org.apache.coyote.http11.AbstractHttp11Processor.process(AbstractHttp11Processor.java:1040)
	at org.apache.coyote.AbstractProtocol$AbstractConnectionHandler.process(AbstractProtocol.java:607)
	at org.apache.tomcat.util.net.JIoEndpoint$SocketProcessor.run(JIoEndpoint.java:316)
	at java.util.concurrent.ThreadPoolExecutor.runWorker(ThreadPoolExecutor.java:1145)
	at java.util.concurrent.ThreadPoolExecutor$Worker.run(ThreadPoolExecutor.java:615)
	at org.apache.tomcat.util.threads.TaskThread$WrappingRunnable.run(TaskThread.java:61)
	at java.lang.Thread.run(Thread.java:745)
MultiException stack 2 of 2
java.lang.IllegalStateException: Unable to perform operation: post construct on org.fcrepo.http.api.FedoraLdp
	at org.jvnet.hk2.internal.ClazzCreator.create(ClazzCreator.java:395)
	at org.jvnet.hk2.internal.SystemDescriptor.create(SystemDescriptor.java:461)
	at org.glassfish.jersey.process.internal.RequestScope.findOrCreate(RequestScope.java:160)
	at org.jvnet.hk2.internal.Utilities.createService(Utilities.java:2268)
	at org.jvnet.hk2.internal.ServiceLocatorImpl.internalGetService(ServiceLocatorImpl.java:690)
	at org.jvnet.hk2.internal.ServiceLocatorImpl.getService(ServiceLocatorImpl.java:655)
	at org.glassfish.jersey.internal.inject.Injections.getOrCreate(Injections.java:169)
	at org.glassfish.jersey.server.model.MethodHandler$ClassBasedMethodHandler.getInstance(MethodHandler.java:185)
	at org.glassfish.jersey.server.internal.routing.PushMethodHandlerRouter.apply(PushMethodHandlerRouter.java:74)
	at org.glassfish.jersey.server.internal.routing.RoutingStage._apply(RoutingStage.java:112)
	at org.glassfish.jersey.server.internal.routing.RoutingStage._apply(RoutingStage.java:115)
	at org.glassfish.jersey.server.internal.routing.RoutingStage._apply(RoutingStage.java:115)
	at org.glassfish.jersey.server.internal.routing.RoutingStage._apply(RoutingStage.java:115)
	at org.glassfish.jersey.server.internal.routing.RoutingStage.apply(RoutingStage.java:94)
	at org.glassfish.jersey.server.internal.routing.RoutingStage.apply(RoutingStage.java:63)
	at org.glassfish.jersey.process.internal.Stages.process(Stages.java:197)
	at org.glassfish.jersey.server.ServerRuntime$1.run(ServerRuntime.java:263)
	at org.glassfish.jersey.internal.Errors$1.call(Errors.java:271)
	at org.glassfish.jersey.internal.Errors$1.call(Errors.java:267)
	at org.glassfish.jersey.internal.Errors.process(Errors.java:315)
	at org.glassfish.jersey.internal.Errors.process(Errors.java:297)
	at org.glassfish.jersey.internal.Errors.process(Errors.java:267)
	at org.glassfish.jersey.process.internal.RequestScope.runInScope(RequestScope.java:297)
	at org.glassfish.jersey.server.ServerRuntime.process(ServerRuntime.java:254)
	at org.glassfish.jersey.server.ApplicationHandler.handle(ApplicationHandler.java:1030)
	at org.glassfish.jersey.servlet.WebComponent.service(WebComponent.java:373)
	at org.glassfish.jersey.servlet.ServletContainer.service(ServletContainer.java:381)
	at org.glassfish.jersey.servlet.ServletContainer.service(ServletContainer.java:344)
	at org.glassfish.jersey.servlet.ServletContainer.service(ServletContainer.java:221)
	at org.apache.catalina.core.ApplicationFilterChain.internalDoFilter(ApplicationFilterChain.java:303)
	at org.apache.catalina.core.ApplicationFilterChain.doFilter(ApplicationFilterChain.java:208)
	at org.apache.catalina.core.StandardWrapperValve.invoke(StandardWrapperValve.java:220)
	at org.apache.catalina.core.StandardContextValve.invoke(StandardContextValve.java:122)
	at org.apache.catalina.authenticator.AuthenticatorBase.invoke(AuthenticatorBase.java:501)
	at org.apache.catalina.core.StandardHostValve.invoke(StandardHostValve.java:171)
	at org.apache.catalina.valves.ErrorReportValve.invoke(ErrorReportValve.java:102)
	at org.apache.catalina.valves.AccessLogValve.invoke(AccessLogValve.java:950)
	at org.apache.catalina.core.StandardEngineValve.invoke(StandardEngineValve.java:116)
	at org.apache.catalina.connector.CoyoteAdapter.service(CoyoteAdapter.java:408)
	at org.apache.coyote.http11.AbstractHttp11Processor.process(AbstractHttp11Processor.java:1040)
	at org.apache.coyote.AbstractProtocol$AbstractConnectionHandler.process(AbstractProtocol.java:607)
	at org.apache.tomcat.util.net.JIoEndpoint$SocketProcessor.run(JIoEndpoint.java:316)
	at java.util.concurrent.ThreadPoolExecutor.runWorker(ThreadPoolExecutor.java:1145)
	at java.util.concurrent.ThreadPoolExecutor$Worker.run(ThreadPoolExecutor.java:615)
	at org.apache.tomcat.util.threads.TaskThread$WrappingRunnable.run(TaskThread.java:61)
	at java.lang.Thread.run(Thread.java:745)


INFO 17:58:52.863 (FedoraTransactions) Commit transaction 'tx:9fd36ec2-cd9e-4c1e-bd8c-dbc14c1abcfd'
INFO 17:58:53.056 (FedoraTransactions) Created transaction '80427af8-5f17-4292-ab45-e92ea8fe13b6'
WARN 17:58:53.248 (Errors) The following warnings have been detected: WARNING: Unknown HK2 failure detected:
MultiException stack 1 of 2
java.lang.OutOfMemoryError: unable to create new native thread
	at java.lang.Thread.start0(Native Method)
	at java.lang.Thread.start(Thread.java:714)
	at java.util.concurrent.ThreadPoolExecutor.addWorker(ThreadPoolExecutor.java:949)
	at java.util.concurrent.ThreadPoolExecutor.execute(ThreadPoolExecutor.java:1371)
	at org.modeshape.common.collection.ring.RingBuffer.addConsumer(RingBuffer.java:248)
	at org.modeshape.common.collection.ring.RingBuffer.addConsumer(RingBuffer.java:220)
	at org.modeshape.jcr.bus.RepositoryChangeBus.register(RepositoryChangeBus.java:79)
	at org.modeshape.jcr.JcrObservationManager.<init>(JcrObservationManager.java:174)
	at org.modeshape.jcr.JcrWorkspace.observationManager(JcrWorkspace.java:627)
	at org.modeshape.jcr.JcrWorkspace.getObservationManager(JcrWorkspace.java:619)
	at org.fcrepo.http.api.FedoraBaseResource.setUpJMSBaseURIs(FedoraBaseResource.java:81)
	at org.fcrepo.http.api.FedoraLdp.postConstruct(FedoraLdp.java:133)
	at sun.reflect.GeneratedMethodAccessor37.invoke(Unknown Source)
	at sun.reflect.DelegatingMethodAccessorImpl.invoke(DelegatingMethodAccessorImpl.java:43)
	at java.lang.reflect.Method.invoke(Method.java:606)
	at org.glassfish.hk2.utilities.reflection.ReflectionHelper.invoke(ReflectionHelper.java:1019)
	at org.jvnet.hk2.internal.ClazzCreator.postConstructMe(ClazzCreator.java:335)
	at org.jvnet.hk2.internal.ClazzCreator.create(ClazzCreator.java:377)
	at org.jvnet.hk2.internal.SystemDescriptor.create(SystemDescriptor.java:461)
	at org.glassfish.jersey.process.internal.RequestScope.findOrCreate(RequestScope.java:160)
	at org.jvnet.hk2.internal.Utilities.createService(Utilities.java:2268)
	at org.jvnet.hk2.internal.ServiceLocatorImpl.internalGetService(ServiceLocatorImpl.java:690)
	at org.jvnet.hk2.internal.ServiceLocatorImpl.getService(ServiceLocatorImpl.java:655)
	at org.glassfish.jersey.internal.inject.Injections.getOrCreate(Injections.java:169)
	at org.glassfish.jersey.server.model.MethodHandler$ClassBasedMethodHandler.getInstance(MethodHandler.java:185)
	at org.glassfish.jersey.server.internal.routing.PushMethodHandlerRouter.apply(PushMethodHandlerRouter.java:74)
	at org.glassfish.jersey.server.internal.routing.RoutingStage._apply(RoutingStage.java:112)
	at org.glassfish.jersey.server.internal.routing.RoutingStage._apply(RoutingStage.java:115)
	at org.glassfish.jersey.server.internal.routing.RoutingStage._apply(RoutingStage.java:115)
	at org.glassfish.jersey.server.internal.routing.RoutingStage._apply(RoutingStage.java:115)
	at org.glassfish.jersey.server.internal.routing.RoutingStage.apply(RoutingStage.java:94)
	at org.glassfish.jersey.server.internal.routing.RoutingStage.apply(RoutingStage.java:63)
	at org.glassfish.jersey.process.internal.Stages.process(Stages.java:197)
	at org.glassfish.jersey.server.ServerRuntime$1.run(ServerRuntime.java:263)
	at org.glassfish.jersey.internal.Errors$1.call(Errors.java:271)
	at org.glassfish.jersey.internal.Errors$1.call(Errors.java:267)
	at org.glassfish.jersey.internal.Errors.process(Errors.java:315)
	at org.glassfish.jersey.internal.Errors.process(Errors.java:297)
	at org.glassfish.jersey.internal.Errors.process(Errors.java:267)
	at org.glassfish.jersey.process.internal.RequestScope.runInScope(RequestScope.java:297)
	at org.glassfish.jersey.server.ServerRuntime.process(ServerRuntime.java:254)
	at org.glassfish.jersey.server.ApplicationHandler.handle(ApplicationHandler.java:1030)
	at org.glassfish.jersey.servlet.WebComponent.service(WebComponent.java:373)
	at org.glassfish.jersey.servlet.ServletContainer.service(ServletContainer.java:381)
	at org.glassfish.jersey.servlet.ServletContainer.service(ServletContainer.java:344)
	at org.glassfish.jersey.servlet.ServletContainer.service(ServletContainer.java:221)
	at org.apache.catalina.core.ApplicationFilterChain.internalDoFilter(ApplicationFilterChain.java:303)
	at org.apache.catalina.core.ApplicationFilterChain.doFilter(ApplicationFilterChain.java:208)
	at org.apache.catalina.core.StandardWrapperValve.invoke(StandardWrapperValve.java:220)
	at org.apache.catalina.core.StandardContextValve.invoke(StandardContextValve.java:122)
	at org.apache.catalina.authenticator.AuthenticatorBase.invoke(AuthenticatorBase.java:501)
	at org.apache.catalina.core.StandardHostValve.invoke(StandardHostValve.java:171)
	at org.apache.catalina.valves.ErrorReportValve.invoke(ErrorReportValve.java:102)
	at org.apache.catalina.valves.AccessLogValve.invoke(AccessLogValve.java:950)
	at org.apache.catalina.core.StandardEngineValve.invoke(StandardEngineValve.java:116)
	at org.apache.catalina.connector.CoyoteAdapter.service(CoyoteAdapter.java:408)
	at org.apache.coyote.http11.AbstractHttp11Processor.process(AbstractHttp11Processor.java:1040)
	at org.apache.coyote.AbstractProtocol$AbstractConnectionHandler.process(AbstractProtocol.java:607)
	at org.apache.tomcat.util.net.JIoEndpoint$SocketProcessor.run(JIoEndpoint.java:316)
	at java.util.concurrent.ThreadPoolExecutor.runWorker(ThreadPoolExecutor.java:1145)
	at java.util.concurrent.ThreadPoolExecutor$Worker.run(ThreadPoolExecutor.java:615)
	at org.apache.tomcat.util.threads.TaskThread$WrappingRunnable.run(TaskThread.java:61)
	at java.lang.Thread.run(Thread.java:745)
MultiException stack 2 of 2
java.lang.IllegalStateException: Unable to perform operation: post construct on org.fcrepo.http.api.FedoraLdp
	at org.jvnet.hk2.internal.ClazzCreator.create(ClazzCreator.java:395)
	at org.jvnet.hk2.internal.SystemDescriptor.create(SystemDescriptor.java:461)
	at org.glassfish.jersey.process.internal.RequestScope.findOrCreate(RequestScope.java:160)
	at org.jvnet.hk2.internal.Utilities.createService(Utilities.java:2268)
	at org.jvnet.hk2.internal.ServiceLocatorImpl.internalGetService(ServiceLocatorImpl.java:690)
	at org.jvnet.hk2.internal.ServiceLocatorImpl.getService(ServiceLocatorImpl.java:655)
	at org.glassfish.jersey.internal.inject.Injections.getOrCreate(Injections.java:169)
	at org.glassfish.jersey.server.model.MethodHandler$ClassBasedMethodHandler.getInstance(MethodHandler.java:185)
	at org.glassfish.jersey.server.internal.routing.PushMethodHandlerRouter.apply(PushMethodHandlerRouter.java:74)
	at org.glassfish.jersey.server.internal.routing.RoutingStage._apply(RoutingStage.java:112)
	at org.glassfish.jersey.server.internal.routing.RoutingStage._apply(RoutingStage.java:115)
	at org.glassfish.jersey.server.internal.routing.RoutingStage._apply(RoutingStage.java:115)
	at org.glassfish.jersey.server.internal.routing.RoutingStage._apply(RoutingStage.java:115)
	at org.glassfish.jersey.server.internal.routing.RoutingStage.apply(RoutingStage.java:94)
	at org.glassfish.jersey.server.internal.routing.RoutingStage.apply(RoutingStage.java:63)
	at org.glassfish.jersey.process.internal.Stages.process(Stages.java:197)
	at org.glassfish.jersey.server.ServerRuntime$1.run(ServerRuntime.java:263)
	at org.glassfish.jersey.internal.Errors$1.call(Errors.java:271)
	at org.glassfish.jersey.internal.Errors$1.call(Errors.java:267)
	at org.glassfish.jersey.internal.Errors.process(Errors.java:315)
	at org.glassfish.jersey.internal.Errors.process(Errors.java:297)
	at org.glassfish.jersey.internal.Errors.process(Errors.java:267)
	at org.glassfish.jersey.process.internal.RequestScope.runInScope(RequestScope.java:297)
	at org.glassfish.jersey.server.ServerRuntime.process(ServerRuntime.java:254)
	at org.glassfish.jersey.server.ApplicationHandler.handle(ApplicationHandler.java:1030)
	at org.glassfish.jersey.servlet.WebComponent.service(WebComponent.java:373)
	at org.glassfish.jersey.servlet.ServletContainer.service(ServletContainer.java:381)
	at org.glassfish.jersey.servlet.ServletContainer.service(ServletContainer.java:344)
	at org.glassfish.jersey.servlet.ServletContainer.service(ServletContainer.java:221)
	at org.apache.catalina.core.ApplicationFilterChain.internalDoFilter(ApplicationFilterChain.java:303)
	at org.apache.catalina.core.ApplicationFilterChain.doFilter(ApplicationFilterChain.java:208)
	at org.apache.catalina.core.StandardWrapperValve.invoke(StandardWrapperValve.java:220)
	at org.apache.catalina.core.StandardContextValve.invoke(StandardContextValve.java:122)
	at org.apache.catalina.authenticator.AuthenticatorBase.invoke(AuthenticatorBase.java:501)
	at org.apache.catalina.core.StandardHostValve.invoke(StandardHostValve.java:171)
	at org.apache.catalina.valves.ErrorReportValve.invoke(ErrorReportValve.java:102)
	at org.apache.catalina.valves.AccessLogValve.invoke(AccessLogValve.java:950)
	at org.apache.catalina.core.StandardEngineValve.invoke(StandardEngineValve.java:116)
	at org.apache.catalina.connector.CoyoteAdapter.service(CoyoteAdapter.java:408)
	at org.apache.coyote.http11.AbstractHttp11Processor.process(AbstractHttp11Processor.java:1040)
	at org.apache.coyote.AbstractProtocol$AbstractConnectionHandler.process(AbstractProtocol.java:607)
	at org.apache.tomcat.util.net.JIoEndpoint$SocketProcessor.run(JIoEndpoint.java:316)
	at java.util.concurrent.ThreadPoolExecutor.runWorker(ThreadPoolExecutor.java:1145)
	at java.util.concurrent.ThreadPoolExecutor$Worker.run(ThreadPoolExecutor.java:615)
	at org.apache.tomcat.util.threads.TaskThread$WrappingRunnable.run(TaskThread.java:61)
	at java.lang.Thread.run(Thread.java:745)


INFO 17:58:53.440 (FedoraTransactions) Commit transaction 'tx:80427af8-5f17-4292-ab45-e92ea8fe13b6'
INFO 17:58:53.636 (FedoraTransactions) Created transaction 'c546d15a-4c4c-4393-8529-747c85d37d81'
WARN 17:58:53.826 (Errors) The following warnings have been detected: WARNING: Unknown HK2 failure detected:
MultiException stack 1 of 2
java.lang.OutOfMemoryError: unable to create new native thread
	at java.lang.Thread.start0(Native Method)
	at java.lang.Thread.start(Thread.java:714)
	at java.util.concurrent.ThreadPoolExecutor.addWorker(ThreadPoolExecutor.java:949)
	at java.util.concurrent.ThreadPoolExecutor.execute(ThreadPoolExecutor.java:1371)
	at org.modeshape.common.collection.ring.RingBuffer.addConsumer(RingBuffer.java:248)
	at org.modeshape.common.collection.ring.RingBuffer.addConsumer(RingBuffer.java:220)
	at org.modeshape.jcr.bus.RepositoryChangeBus.register(RepositoryChangeBus.java:79)
	at org.modeshape.jcr.JcrObservationManager.<init>(JcrObservationManager.java:174)
	at org.modeshape.jcr.JcrWorkspace.observationManager(JcrWorkspace.java:627)
	at org.modeshape.jcr.JcrWorkspace.getObservationManager(JcrWorkspace.java:619)
	at org.fcrepo.http.api.FedoraBaseResource.setUpJMSBaseURIs(FedoraBaseResource.java:81)
	at org.fcrepo.http.api.FedoraLdp.postConstruct(FedoraLdp.java:133)
	at sun.reflect.GeneratedMethodAccessor37.invoke(Unknown Source)
	at sun.reflect.DelegatingMethodAccessorImpl.invoke(DelegatingMethodAccessorImpl.java:43)
	at java.lang.reflect.Method.invoke(Method.java:606)
	at org.glassfish.hk2.utilities.reflection.ReflectionHelper.invoke(ReflectionHelper.java:1019)
	at org.jvnet.hk2.internal.ClazzCreator.postConstructMe(ClazzCreator.java:335)
	at org.jvnet.hk2.internal.ClazzCreator.create(ClazzCreator.java:377)
	at org.jvnet.hk2.internal.SystemDescriptor.create(SystemDescriptor.java:461)
	at org.glassfish.jersey.process.internal.RequestScope.findOrCreate(RequestScope.java:160)
	at org.jvnet.hk2.internal.Utilities.createService(Utilities.java:2268)
	at org.jvnet.hk2.internal.ServiceLocatorImpl.internalGetService(ServiceLocatorImpl.java:690)
	at org.jvnet.hk2.internal.ServiceLocatorImpl.getService(ServiceLocatorImpl.java:655)
	at org.glassfish.jersey.internal.inject.Injections.getOrCreate(Injections.java:169)
	at org.glassfish.jersey.server.model.MethodHandler$ClassBasedMethodHandler.getInstance(MethodHandler.java:185)
	at org.glassfish.jersey.server.internal.routing.PushMethodHandlerRouter.apply(PushMethodHandlerRouter.java:74)
	at org.glassfish.jersey.server.internal.routing.RoutingStage._apply(RoutingStage.java:112)
	at org.glassfish.jersey.server.internal.routing.RoutingStage._apply(RoutingStage.java:115)
	at org.glassfish.jersey.server.internal.routing.RoutingStage._apply(RoutingStage.java:115)
	at org.glassfish.jersey.server.internal.routing.RoutingStage._apply(RoutingStage.java:115)
	at org.glassfish.jersey.server.internal.routing.RoutingStage.apply(RoutingStage.java:94)
	at org.glassfish.jersey.server.internal.routing.RoutingStage.apply(RoutingStage.java:63)
	at org.glassfish.jersey.process.internal.Stages.process(Stages.java:197)
	at org.glassfish.jersey.server.ServerRuntime$1.run(ServerRuntime.java:263)
	at org.glassfish.jersey.internal.Errors$1.call(Errors.java:271)
	at org.glassfish.jersey.internal.Errors$1.call(Errors.java:267)
	at org.glassfish.jersey.internal.Errors.process(Errors.java:315)
	at org.glassfish.jersey.internal.Errors.process(Errors.java:297)
	at org.glassfish.jersey.internal.Errors.process(Errors.java:267)
	at org.glassfish.jersey.process.internal.RequestScope.runInScope(RequestScope.java:297)
	at org.glassfish.jersey.server.ServerRuntime.process(ServerRuntime.java:254)
	at org.glassfish.jersey.server.ApplicationHandler.handle(ApplicationHandler.java:1030)
	at org.glassfish.jersey.servlet.WebComponent.service(WebComponent.java:373)
	at org.glassfish.jersey.servlet.ServletContainer.service(ServletContainer.java:381)
	at org.glassfish.jersey.servlet.ServletContainer.service(ServletContainer.java:344)
	at org.glassfish.jersey.servlet.ServletContainer.service(ServletContainer.java:221)
	at org.apache.catalina.core.ApplicationFilterChain.internalDoFilter(ApplicationFilterChain.java:303)
	at org.apache.catalina.core.ApplicationFilterChain.doFilter(ApplicationFilterChain.java:208)
	at org.apache.catalina.core.StandardWrapperValve.invoke(StandardWrapperValve.java:220)
	at org.apache.catalina.core.StandardContextValve.invoke(StandardContextValve.java:122)
	at org.apache.catalina.authenticator.AuthenticatorBase.invoke(AuthenticatorBase.java:501)
	at org.apache.catalina.core.StandardHostValve.invoke(StandardHostValve.java:171)
	at org.apache.catalina.valves.ErrorReportValve.invoke(ErrorReportValve.java:102)
	at org.apache.catalina.valves.AccessLogValve.invoke(AccessLogValve.java:950)
	at org.apache.catalina.core.StandardEngineValve.invoke(StandardEngineValve.java:116)
	at org.apache.catalina.connector.CoyoteAdapter.service(CoyoteAdapter.java:408)
	at org.apache.coyote.http11.AbstractHttp11Processor.process(AbstractHttp11Processor.java:1040)
	at org.apache.coyote.AbstractProtocol$AbstractConnectionHandler.process(AbstractProtocol.java:607)
	at org.apache.tomcat.util.net.JIoEndpoint$SocketProcessor.run(JIoEndpoint.java:316)
	at java.util.concurrent.ThreadPoolExecutor.runWorker(ThreadPoolExecutor.java:1145)
	at java.util.concurrent.ThreadPoolExecutor$Worker.run(ThreadPoolExecutor.java:615)
	at org.apache.tomcat.util.threads.TaskThread$WrappingRunnable.run(TaskThread.java:61)
	at java.lang.Thread.run(Thread.java:745)
MultiException stack 2 of 2
java.lang.IllegalStateException: Unable to perform operation: post construct on org.fcrepo.http.api.FedoraLdp
	at org.jvnet.hk2.internal.ClazzCreator.create(ClazzCreator.java:395)
	at org.jvnet.hk2.internal.SystemDescriptor.create(SystemDescriptor.java:461)
	at org.glassfish.jersey.process.internal.RequestScope.findOrCreate(RequestScope.java:160)
	at org.jvnet.hk2.internal.Utilities.createService(Utilities.java:2268)
	at org.jvnet.hk2.internal.ServiceLocatorImpl.internalGetService(ServiceLocatorImpl.java:690)
	at org.jvnet.hk2.internal.ServiceLocatorImpl.getService(ServiceLocatorImpl.java:655)
	at org.glassfish.jersey.internal.inject.Injections.getOrCreate(Injections.java:169)
	at org.glassfish.jersey.server.model.MethodHandler$ClassBasedMethodHandler.getInstance(MethodHandler.java:185)
	at org.glassfish.jersey.server.internal.routing.PushMethodHandlerRouter.apply(PushMethodHandlerRouter.java:74)
	at org.glassfish.jersey.server.internal.routing.RoutingStage._apply(RoutingStage.java:112)
	at org.glassfish.jersey.server.internal.routing.RoutingStage._apply(RoutingStage.java:115)
	at org.glassfish.jersey.server.internal.routing.RoutingStage._apply(RoutingStage.java:115)
	at org.glassfish.jersey.server.internal.routing.RoutingStage._apply(RoutingStage.java:115)
	at org.glassfish.jersey.server.internal.routing.RoutingStage.apply(RoutingStage.java:94)
	at org.glassfish.jersey.server.internal.routing.RoutingStage.apply(RoutingStage.java:63)
	at org.glassfish.jersey.process.internal.Stages.process(Stages.java:197)
	at org.glassfish.jersey.server.ServerRuntime$1.run(ServerRuntime.java:263)
	at org.glassfish.jersey.internal.Errors$1.call(Errors.java:271)
	at org.glassfish.jersey.internal.Errors$1.call(Errors.java:267)
	at org.glassfish.jersey.internal.Errors.process(Errors.java:315)
	at org.glassfish.jersey.internal.Errors.process(Errors.java:297)
	at org.glassfish.jersey.internal.Errors.process(Errors.java:267)
	at org.glassfish.jersey.process.internal.RequestScope.runInScope(RequestScope.java:297)
	at org.glassfish.jersey.server.ServerRuntime.process(ServerRuntime.java:254)
	at org.glassfish.jersey.server.ApplicationHandler.handle(ApplicationHandler.java:1030)
	at org.glassfish.jersey.servlet.WebComponent.service(WebComponent.java:373)
	at org.glassfish.jersey.servlet.ServletContainer.service(ServletContainer.java:381)
	at org.glassfish.jersey.servlet.ServletContainer.service(ServletContainer.java:344)
	at org.glassfish.jersey.servlet.ServletContainer.service(ServletContainer.java:221)
	at org.apache.catalina.core.ApplicationFilterChain.internalDoFilter(ApplicationFilterChain.java:303)
	at org.apache.catalina.core.ApplicationFilterChain.doFilter(ApplicationFilterChain.java:208)
	at org.apache.catalina.core.StandardWrapperValve.invoke(StandardWrapperValve.java:220)
	at org.apache.catalina.core.StandardContextValve.invoke(StandardContextValve.java:122)
	at org.apache.catalina.authenticator.AuthenticatorBase.invoke(AuthenticatorBase.java:501)
	at org.apache.catalina.core.StandardHostValve.invoke(StandardHostValve.java:171)
	at org.apache.catalina.valves.ErrorReportValve.invoke(ErrorReportValve.java:102)
	at org.apache.catalina.valves.AccessLogValve.invoke(AccessLogValve.java:950)
	at org.apache.catalina.core.StandardEngineValve.invoke(StandardEngineValve.java:116)
	at org.apache.catalina.connector.CoyoteAdapter.service(CoyoteAdapter.java:408)
	at org.apache.coyote.http11.AbstractHttp11Processor.process(AbstractHttp11Processor.java:1040)
	at org.apache.coyote.AbstractProtocol$AbstractConnectionHandler.process(AbstractProtocol.java:607)
	at org.apache.tomcat.util.net.JIoEndpoint$SocketProcessor.run(JIoEndpoint.java:316)
	at java.util.concurrent.ThreadPoolExecutor.runWorker(ThreadPoolExecutor.java:1145)
	at java.util.concurrent.ThreadPoolExecutor$Worker.run(ThreadPoolExecutor.java:615)
	at org.apache.tomcat.util.threads.TaskThread$WrappingRunnable.run(TaskThread.java:61)
	at java.lang.Thread.run(Thread.java:745)


INFO 17:58:54.014 (FedoraTransactions) Commit transaction 'tx:c546d15a-4c4c-4393-8529-747c85d37d81'
INFO 17:58:54.209 (FedoraTransactions) Created transaction 'b572db8e-09d3-44b4-b12c-c3abbc0f80d9'
WARN 17:58:54.404 (Errors) The following warnings have been detected: WARNING: Unknown HK2 failure detected:
MultiException stack 1 of 2
java.lang.OutOfMemoryError: unable to create new native thread
	at java.lang.Thread.start0(Native Method)
	at java.lang.Thread.start(Thread.java:714)
	at java.util.concurrent.ThreadPoolExecutor.addWorker(ThreadPoolExecutor.java:949)
	at java.util.concurrent.ThreadPoolExecutor.execute(ThreadPoolExecutor.java:1371)
	at org.modeshape.common.collection.ring.RingBuffer.addConsumer(RingBuffer.java:248)
	at org.modeshape.common.collection.ring.RingBuffer.addConsumer(RingBuffer.java:220)
	at org.modeshape.jcr.bus.RepositoryChangeBus.register(RepositoryChangeBus.java:79)
	at org.modeshape.jcr.JcrObservationManager.<init>(JcrObservationManager.java:174)
	at org.modeshape.jcr.JcrWorkspace.observationManager(JcrWorkspace.java:627)
	at org.modeshape.jcr.JcrWorkspace.getObservationManager(JcrWorkspace.java:619)
	at org.fcrepo.http.api.FedoraBaseResource.setUpJMSBaseURIs(FedoraBaseResource.java:81)
	at org.fcrepo.http.api.FedoraLdp.postConstruct(FedoraLdp.java:133)
	at sun.reflect.GeneratedMethodAccessor37.invoke(Unknown Source)
	at sun.reflect.DelegatingMethodAccessorImpl.invoke(DelegatingMethodAccessorImpl.java:43)
	at java.lang.reflect.Method.invoke(Method.java:606)
	at org.glassfish.hk2.utilities.reflection.ReflectionHelper.invoke(ReflectionHelper.java:1019)
	at org.jvnet.hk2.internal.ClazzCreator.postConstructMe(ClazzCreator.java:335)
	at org.jvnet.hk2.internal.ClazzCreator.create(ClazzCreator.java:377)
	at org.jvnet.hk2.internal.SystemDescriptor.create(SystemDescriptor.java:461)
	at org.glassfish.jersey.process.internal.RequestScope.findOrCreate(RequestScope.java:160)
	at org.jvnet.hk2.internal.Utilities.createService(Utilities.java:2268)
	at org.jvnet.hk2.internal.ServiceLocatorImpl.internalGetService(ServiceLocatorImpl.java:690)
	at org.jvnet.hk2.internal.ServiceLocatorImpl.getService(ServiceLocatorImpl.java:655)
	at org.glassfish.jersey.internal.inject.Injections.getOrCreate(Injections.java:169)
	at org.glassfish.jersey.server.model.MethodHandler$ClassBasedMethodHandler.getInstance(MethodHandler.java:185)
	at org.glassfish.jersey.server.internal.routing.PushMethodHandlerRouter.apply(PushMethodHandlerRouter.java:74)
	at org.glassfish.jersey.server.internal.routing.RoutingStage._apply(RoutingStage.java:112)
	at org.glassfish.jersey.server.internal.routing.RoutingStage._apply(RoutingStage.java:115)
	at org.glassfish.jersey.server.internal.routing.RoutingStage._apply(RoutingStage.java:115)
	at org.glassfish.jersey.server.internal.routing.RoutingStage._apply(RoutingStage.java:115)
	at org.glassfish.jersey.server.internal.routing.RoutingStage.apply(RoutingStage.java:94)
	at org.glassfish.jersey.server.internal.routing.RoutingStage.apply(RoutingStage.java:63)
	at org.glassfish.jersey.process.internal.Stages.process(Stages.java:197)
	at org.glassfish.jersey.server.ServerRuntime$1.run(ServerRuntime.java:263)
	at org.glassfish.jersey.internal.Errors$1.call(Errors.java:271)
	at org.glassfish.jersey.internal.Errors$1.call(Errors.java:267)
	at org.glassfish.jersey.internal.Errors.process(Errors.java:315)
	at org.glassfish.jersey.internal.Errors.process(Errors.java:297)
	at org.glassfish.jersey.internal.Errors.process(Errors.java:267)
	at org.glassfish.jersey.process.internal.RequestScope.runInScope(RequestScope.java:297)
	at org.glassfish.jersey.server.ServerRuntime.process(ServerRuntime.java:254)
	at org.glassfish.jersey.server.ApplicationHandler.handle(ApplicationHandler.java:1030)
	at org.glassfish.jersey.servlet.WebComponent.service(WebComponent.java:373)
	at org.glassfish.jersey.servlet.ServletContainer.service(ServletContainer.java:381)
	at org.glassfish.jersey.servlet.ServletContainer.service(ServletContainer.java:344)
	at org.glassfish.jersey.servlet.ServletContainer.service(ServletContainer.java:221)
	at org.apache.catalina.core.ApplicationFilterChain.internalDoFilter(ApplicationFilterChain.java:303)
	at org.apache.catalina.core.ApplicationFilterChain.doFilter(ApplicationFilterChain.java:208)
	at org.apache.catalina.core.StandardWrapperValve.invoke(StandardWrapperValve.java:220)
	at org.apache.catalina.core.StandardContextValve.invoke(StandardContextValve.java:122)
	at org.apache.catalina.authenticator.AuthenticatorBase.invoke(AuthenticatorBase.java:501)
	at org.apache.catalina.core.StandardHostValve.invoke(StandardHostValve.java:171)
	at org.apache.catalina.valves.ErrorReportValve.invoke(ErrorReportValve.java:102)
	at org.apache.catalina.valves.AccessLogValve.invoke(AccessLogValve.java:950)
	at org.apache.catalina.core.StandardEngineValve.invoke(StandardEngineValve.java:116)
	at org.apache.catalina.connector.CoyoteAdapter.service(CoyoteAdapter.java:408)
	at org.apache.coyote.http11.AbstractHttp11Processor.process(AbstractHttp11Processor.java:1040)
	at org.apache.coyote.AbstractProtocol$AbstractConnectionHandler.process(AbstractProtocol.java:607)
	at org.apache.tomcat.util.net.JIoEndpoint$SocketProcessor.run(JIoEndpoint.java:316)
	at java.util.concurrent.ThreadPoolExecutor.runWorker(ThreadPoolExecutor.java:1145)
	at java.util.concurrent.ThreadPoolExecutor$Worker.run(ThreadPoolExecutor.java:615)
	at org.apache.tomcat.util.threads.TaskThread$WrappingRunnable.run(TaskThread.java:61)
	at java.lang.Thread.run(Thread.java:745)
MultiException stack 2 of 2
java.lang.IllegalStateException: Unable to perform operation: post construct on org.fcrepo.http.api.FedoraLdp
	at org.jvnet.hk2.internal.ClazzCreator.create(ClazzCreator.java:395)
	at org.jvnet.hk2.internal.SystemDescriptor.create(SystemDescriptor.java:461)
	at org.glassfish.jersey.process.internal.RequestScope.findOrCreate(RequestScope.java:160)
	at org.jvnet.hk2.internal.Utilities.createService(Utilities.java:2268)
	at org.jvnet.hk2.internal.ServiceLocatorImpl.internalGetService(ServiceLocatorImpl.java:690)
	at org.jvnet.hk2.internal.ServiceLocatorImpl.getService(ServiceLocatorImpl.java:655)
	at org.glassfish.jersey.internal.inject.Injections.getOrCreate(Injections.java:169)
	at org.glassfish.jersey.server.model.MethodHandler$ClassBasedMethodHandler.getInstance(MethodHandler.java:185)
	at org.glassfish.jersey.server.internal.routing.PushMethodHandlerRouter.apply(PushMethodHandlerRouter.java:74)
	at org.glassfish.jersey.server.internal.routing.RoutingStage._apply(RoutingStage.java:112)
	at org.glassfish.jersey.server.internal.routing.RoutingStage._apply(RoutingStage.java:115)
	at org.glassfish.jersey.server.internal.routing.RoutingStage._apply(RoutingStage.java:115)
	at org.glassfish.jersey.server.internal.routing.RoutingStage._apply(RoutingStage.java:115)
	at org.glassfish.jersey.server.internal.routing.RoutingStage.apply(RoutingStage.java:94)
	at org.glassfish.jersey.server.internal.routing.RoutingStage.apply(RoutingStage.java:63)
	at org.glassfish.jersey.process.internal.Stages.process(Stages.java:197)
	at org.glassfish.jersey.server.ServerRuntime$1.run(ServerRuntime.java:263)
	at org.glassfish.jersey.internal.Errors$1.call(Errors.java:271)
	at org.glassfish.jersey.internal.Errors$1.call(Errors.java:267)
	at org.glassfish.jersey.internal.Errors.process(Errors.java:315)
	at org.glassfish.jersey.internal.Errors.process(Errors.java:297)
	at org.glassfish.jersey.internal.Errors.process(Errors.java:267)
	at org.glassfish.jersey.process.internal.RequestScope.runInScope(RequestScope.java:297)
	at org.glassfish.jersey.server.ServerRuntime.process(ServerRuntime.java:254)
	at org.glassfish.jersey.server.ApplicationHandler.handle(ApplicationHandler.java:1030)
	at org.glassfish.jersey.servlet.WebComponent.service(WebComponent.java:373)
	at org.glassfish.jersey.servlet.ServletContainer.service(ServletContainer.java:381)
	at org.glassfish.jersey.servlet.ServletContainer.service(ServletContainer.java:344)
	at org.glassfish.jersey.servlet.ServletContainer.service(ServletContainer.java:221)
	at org.apache.catalina.core.ApplicationFilterChain.internalDoFilter(ApplicationFilterChain.java:303)
	at org.apache.catalina.core.ApplicationFilterChain.doFilter(ApplicationFilterChain.java:208)
	at org.apache.catalina.core.StandardWrapperValve.invoke(StandardWrapperValve.java:220)
	at org.apache.catalina.core.StandardContextValve.invoke(StandardContextValve.java:122)
	at org.apache.catalina.authenticator.AuthenticatorBase.invoke(AuthenticatorBase.java:501)
	at org.apache.catalina.core.StandardHostValve.invoke(StandardHostValve.java:171)
	at org.apache.catalina.valves.ErrorReportValve.invoke(ErrorReportValve.java:102)
	at org.apache.catalina.valves.AccessLogValve.invoke(AccessLogValve.java:950)
	at org.apache.catalina.core.StandardEngineValve.invoke(StandardEngineValve.java:116)
	at org.apache.catalina.connector.CoyoteAdapter.service(CoyoteAdapter.java:408)
	at org.apache.coyote.http11.AbstractHttp11Processor.process(AbstractHttp11Processor.java:1040)
	at org.apache.coyote.AbstractProtocol$AbstractConnectionHandler.process(AbstractProtocol.java:607)
	at org.apache.tomcat.util.net.JIoEndpoint$SocketProcessor.run(JIoEndpoint.java:316)
	at java.util.concurrent.ThreadPoolExecutor.runWorker(ThreadPoolExecutor.java:1145)
	at java.util.concurrent.ThreadPoolExecutor$Worker.run(ThreadPoolExecutor.java:615)
	at org.apache.tomcat.util.threads.TaskThread$WrappingRunnable.run(TaskThread.java:61)
	at java.lang.Thread.run(Thread.java:745)


INFO 17:58:54.582 (FedoraTransactions) Commit transaction 'tx:b572db8e-09d3-44b4-b12c-c3abbc0f80d9'
INFO 17:58:54.766 (FedoraTransactions) Created transaction 'f8c712c9-a278-40c9-9142-058016dfde7c'
WARN 17:58:54.957 (Errors) The following warnings have been detected: WARNING: Unknown HK2 failure detected:
MultiException stack 1 of 2
java.lang.OutOfMemoryError: unable to create new native thread
	at java.lang.Thread.start0(Native Method)
	at java.lang.Thread.start(Thread.java:714)
	at java.util.concurrent.ThreadPoolExecutor.addWorker(ThreadPoolExecutor.java:949)
	at java.util.concurrent.ThreadPoolExecutor.execute(ThreadPoolExecutor.java:1371)
	at org.modeshape.common.collection.ring.RingBuffer.addConsumer(RingBuffer.java:248)
	at org.modeshape.common.collection.ring.RingBuffer.addConsumer(RingBuffer.java:220)
	at org.modeshape.jcr.bus.RepositoryChangeBus.register(RepositoryChangeBus.java:79)
	at org.modeshape.jcr.JcrObservationManager.<init>(JcrObservationManager.java:174)
	at org.modeshape.jcr.JcrWorkspace.observationManager(JcrWorkspace.java:627)
	at org.modeshape.jcr.JcrWorkspace.getObservationManager(JcrWorkspace.java:619)
	at org.fcrepo.http.api.FedoraBaseResource.setUpJMSBaseURIs(FedoraBaseResource.java:81)
	at org.fcrepo.http.api.FedoraLdp.postConstruct(FedoraLdp.java:133)
	at sun.reflect.GeneratedMethodAccessor37.invoke(Unknown Source)
	at sun.reflect.DelegatingMethodAccessorImpl.invoke(DelegatingMethodAccessorImpl.java:43)
	at java.lang.reflect.Method.invoke(Method.java:606)
	at org.glassfish.hk2.utilities.reflection.ReflectionHelper.invoke(ReflectionHelper.java:1019)
	at org.jvnet.hk2.internal.ClazzCreator.postConstructMe(ClazzCreator.java:335)
	at org.jvnet.hk2.internal.ClazzCreator.create(ClazzCreator.java:377)
	at org.jvnet.hk2.internal.SystemDescriptor.create(SystemDescriptor.java:461)
	at org.glassfish.jersey.process.internal.RequestScope.findOrCreate(RequestScope.java:160)
	at org.jvnet.hk2.internal.Utilities.createService(Utilities.java:2268)
	at org.jvnet.hk2.internal.ServiceLocatorImpl.internalGetService(ServiceLocatorImpl.java:690)
	at org.jvnet.hk2.internal.ServiceLocatorImpl.getService(ServiceLocatorImpl.java:655)
	at org.glassfish.jersey.internal.inject.Injections.getOrCreate(Injections.java:169)
	at org.glassfish.jersey.server.model.MethodHandler$ClassBasedMethodHandler.getInstance(MethodHandler.java:185)
	at org.glassfish.jersey.server.internal.routing.PushMethodHandlerRouter.apply(PushMethodHandlerRouter.java:74)
	at org.glassfish.jersey.server.internal.routing.RoutingStage._apply(RoutingStage.java:112)
	at org.glassfish.jersey.server.internal.routing.RoutingStage._apply(RoutingStage.java:115)
	at org.glassfish.jersey.server.internal.routing.RoutingStage._apply(RoutingStage.java:115)
	at org.glassfish.jersey.server.internal.routing.RoutingStage._apply(RoutingStage.java:115)
	at org.glassfish.jersey.server.internal.routing.RoutingStage.apply(RoutingStage.java:94)
	at org.glassfish.jersey.server.internal.routing.RoutingStage.apply(RoutingStage.java:63)
	at org.glassfish.jersey.process.internal.Stages.process(Stages.java:197)
	at org.glassfish.jersey.server.ServerRuntime$1.run(ServerRuntime.java:263)
	at org.glassfish.jersey.internal.Errors$1.call(Errors.java:271)
	at org.glassfish.jersey.internal.Errors$1.call(Errors.java:267)
	at org.glassfish.jersey.internal.Errors.process(Errors.java:315)
	at org.glassfish.jersey.internal.Errors.process(Errors.java:297)
	at org.glassfish.jersey.internal.Errors.process(Errors.java:267)
	at org.glassfish.jersey.process.internal.RequestScope.runInScope(RequestScope.java:297)
	at org.glassfish.jersey.server.ServerRuntime.process(ServerRuntime.java:254)
	at org.glassfish.jersey.server.ApplicationHandler.handle(ApplicationHandler.java:1030)
	at org.glassfish.jersey.servlet.WebComponent.service(WebComponent.java:373)
	at org.glassfish.jersey.servlet.ServletContainer.service(ServletContainer.java:381)
	at org.glassfish.jersey.servlet.ServletContainer.service(ServletContainer.java:344)
	at org.glassfish.jersey.servlet.ServletContainer.service(ServletContainer.java:221)
	at org.apache.catalina.core.ApplicationFilterChain.internalDoFilter(ApplicationFilterChain.java:303)
	at org.apache.catalina.core.ApplicationFilterChain.doFilter(ApplicationFilterChain.java:208)
	at org.apache.catalina.core.StandardWrapperValve.invoke(StandardWrapperValve.java:220)
	at org.apache.catalina.core.StandardContextValve.invoke(StandardContextValve.java:122)
	at org.apache.catalina.authenticator.AuthenticatorBase.invoke(AuthenticatorBase.java:501)
	at org.apache.catalina.core.StandardHostValve.invoke(StandardHostValve.java:171)
	at org.apache.catalina.valves.ErrorReportValve.invoke(ErrorReportValve.java:102)
	at org.apache.catalina.valves.AccessLogValve.invoke(AccessLogValve.java:950)
	at org.apache.catalina.core.StandardEngineValve.invoke(StandardEngineValve.java:116)
	at org.apache.catalina.connector.CoyoteAdapter.service(CoyoteAdapter.java:408)
	at org.apache.coyote.http11.AbstractHttp11Processor.process(AbstractHttp11Processor.java:1040)
	at org.apache.coyote.AbstractProtocol$AbstractConnectionHandler.process(AbstractProtocol.java:607)
	at org.apache.tomcat.util.net.JIoEndpoint$SocketProcessor.run(JIoEndpoint.java:316)
	at java.util.concurrent.ThreadPoolExecutor.runWorker(ThreadPoolExecutor.java:1145)
	at java.util.concurrent.ThreadPoolExecutor$Worker.run(ThreadPoolExecutor.java:615)
	at org.apache.tomcat.util.threads.TaskThread$WrappingRunnable.run(TaskThread.java:61)
	at java.lang.Thread.run(Thread.java:745)
MultiException stack 2 of 2
java.lang.IllegalStateException: Unable to perform operation: post construct on org.fcrepo.http.api.FedoraLdp
	at org.jvnet.hk2.internal.ClazzCreator.create(ClazzCreator.java:395)
	at org.jvnet.hk2.internal.SystemDescriptor.create(SystemDescriptor.java:461)
	at org.glassfish.jersey.process.internal.RequestScope.findOrCreate(RequestScope.java:160)
	at org.jvnet.hk2.internal.Utilities.createService(Utilities.java:2268)
	at org.jvnet.hk2.internal.ServiceLocatorImpl.internalGetService(ServiceLocatorImpl.java:690)
	at org.jvnet.hk2.internal.ServiceLocatorImpl.getService(ServiceLocatorImpl.java:655)
	at org.glassfish.jersey.internal.inject.Injections.getOrCreate(Injections.java:169)
	at org.glassfish.jersey.server.model.MethodHandler$ClassBasedMethodHandler.getInstance(MethodHandler.java:185)
	at org.glassfish.jersey.server.internal.routing.PushMethodHandlerRouter.apply(PushMethodHandlerRouter.java:74)
	at org.glassfish.jersey.server.internal.routing.RoutingStage._apply(RoutingStage.java:112)
	at org.glassfish.jersey.server.internal.routing.RoutingStage._apply(RoutingStage.java:115)
	at org.glassfish.jersey.server.internal.routing.RoutingStage._apply(RoutingStage.java:115)
	at org.glassfish.jersey.server.internal.routing.RoutingStage._apply(RoutingStage.java:115)
	at org.glassfish.jersey.server.internal.routing.RoutingStage.apply(RoutingStage.java:94)
	at org.glassfish.jersey.server.internal.routing.RoutingStage.apply(RoutingStage.java:63)
	at org.glassfish.jersey.process.internal.Stages.process(Stages.java:197)
	at org.glassfish.jersey.server.ServerRuntime$1.run(ServerRuntime.java:263)
	at org.glassfish.jersey.internal.Errors$1.call(Errors.java:271)
	at org.glassfish.jersey.internal.Errors$1.call(Errors.java:267)
	at org.glassfish.jersey.internal.Errors.process(Errors.java:315)
	at org.glassfish.jersey.internal.Errors.process(Errors.java:297)
	at org.glassfish.jersey.internal.Errors.process(Errors.java:267)
	at org.glassfish.jersey.process.internal.RequestScope.runInScope(RequestScope.java:297)
	at org.glassfish.jersey.server.ServerRuntime.process(ServerRuntime.java:254)
	at org.glassfish.jersey.server.ApplicationHandler.handle(ApplicationHandler.java:1030)
	at org.glassfish.jersey.servlet.WebComponent.service(WebComponent.java:373)
	at org.glassfish.jersey.servlet.ServletContainer.service(ServletContainer.java:381)
	at org.glassfish.jersey.servlet.ServletContainer.service(ServletContainer.java:344)
	at org.glassfish.jersey.servlet.ServletContainer.service(ServletContainer.java:221)
	at org.apache.catalina.core.ApplicationFilterChain.internalDoFilter(ApplicationFilterChain.java:303)
	at org.apache.catalina.core.ApplicationFilterChain.doFilter(ApplicationFilterChain.java:208)
	at org.apache.catalina.core.StandardWrapperValve.invoke(StandardWrapperValve.java:220)
	at org.apache.catalina.core.StandardContextValve.invoke(StandardContextValve.java:122)
	at org.apache.catalina.authenticator.AuthenticatorBase.invoke(AuthenticatorBase.java:501)
	at org.apache.catalina.core.StandardHostValve.invoke(StandardHostValve.java:171)
	at org.apache.catalina.valves.ErrorReportValve.invoke(ErrorReportValve.java:102)
	at org.apache.catalina.valves.AccessLogValve.invoke(AccessLogValve.java:950)
	at org.apache.catalina.core.StandardEngineValve.invoke(StandardEngineValve.java:116)
	at org.apache.catalina.connector.CoyoteAdapter.service(CoyoteAdapter.java:408)
	at org.apache.coyote.http11.AbstractHttp11Processor.process(AbstractHttp11Processor.java:1040)
	at org.apache.coyote.AbstractProtocol$AbstractConnectionHandler.process(AbstractProtocol.java:607)
	at org.apache.tomcat.util.net.JIoEndpoint$SocketProcessor.run(JIoEndpoint.java:316)
	at java.util.concurrent.ThreadPoolExecutor.runWorker(ThreadPoolExecutor.java:1145)
	at java.util.concurrent.ThreadPoolExecutor$Worker.run(ThreadPoolExecutor.java:615)
	at org.apache.tomcat.util.threads.TaskThread$WrappingRunnable.run(TaskThread.java:61)
	at java.lang.Thread.run(Thread.java:745)


INFO 17:58:55.152 (FedoraTransactions) Commit transaction 'tx:f8c712c9-a278-40c9-9142-058016dfde7c'
INFO 17:58:55.344 (FedoraTransactions) Created transaction 'd12a838d-7951-462b-bb85-4a5f9b19d156'
WARN 17:58:55.551 (Errors) The following warnings have been detected: WARNING: Unknown HK2 failure detected:
MultiException stack 1 of 2
java.lang.OutOfMemoryError: unable to create new native thread
	at java.lang.Thread.start0(Native Method)
	at java.lang.Thread.start(Thread.java:714)
	at java.util.concurrent.ThreadPoolExecutor.addWorker(ThreadPoolExecutor.java:949)
	at java.util.concurrent.ThreadPoolExecutor.execute(ThreadPoolExecutor.java:1371)
	at org.modeshape.common.collection.ring.RingBuffer.addConsumer(RingBuffer.java:248)
	at org.modeshape.common.collection.ring.RingBuffer.addConsumer(RingBuffer.java:220)
	at org.modeshape.jcr.bus.RepositoryChangeBus.register(RepositoryChangeBus.java:79)
	at org.modeshape.jcr.JcrObservationManager.<init>(JcrObservationManager.java:174)
	at org.modeshape.jcr.JcrWorkspace.observationManager(JcrWorkspace.java:627)
	at org.modeshape.jcr.JcrWorkspace.getObservationManager(JcrWorkspace.java:619)
	at org.fcrepo.http.api.FedoraBaseResource.setUpJMSBaseURIs(FedoraBaseResource.java:81)
	at org.fcrepo.http.api.FedoraLdp.postConstruct(FedoraLdp.java:133)
	at sun.reflect.GeneratedMethodAccessor37.invoke(Unknown Source)
	at sun.reflect.DelegatingMethodAccessorImpl.invoke(DelegatingMethodAccessorImpl.java:43)
	at java.lang.reflect.Method.invoke(Method.java:606)
	at org.glassfish.hk2.utilities.reflection.ReflectionHelper.invoke(ReflectionHelper.java:1019)
	at org.jvnet.hk2.internal.ClazzCreator.postConstructMe(ClazzCreator.java:335)
	at org.jvnet.hk2.internal.ClazzCreator.create(ClazzCreator.java:377)
	at org.jvnet.hk2.internal.SystemDescriptor.create(SystemDescriptor.java:461)
	at org.glassfish.jersey.process.internal.RequestScope.findOrCreate(RequestScope.java:160)
	at org.jvnet.hk2.internal.Utilities.createService(Utilities.java:2268)
	at org.jvnet.hk2.internal.ServiceLocatorImpl.internalGetService(ServiceLocatorImpl.java:690)
	at org.jvnet.hk2.internal.ServiceLocatorImpl.getService(ServiceLocatorImpl.java:655)
	at org.glassfish.jersey.internal.inject.Injections.getOrCreate(Injections.java:169)
	at org.glassfish.jersey.server.model.MethodHandler$ClassBasedMethodHandler.getInstance(MethodHandler.java:185)
	at org.glassfish.jersey.server.internal.routing.PushMethodHandlerRouter.apply(PushMethodHandlerRouter.java:74)
	at org.glassfish.jersey.server.internal.routing.RoutingStage._apply(RoutingStage.java:112)
	at org.glassfish.jersey.server.internal.routing.RoutingStage._apply(RoutingStage.java:115)
	at org.glassfish.jersey.server.internal.routing.RoutingStage._apply(RoutingStage.java:115)
	at org.glassfish.jersey.server.internal.routing.RoutingStage._apply(RoutingStage.java:115)
	at org.glassfish.jersey.server.internal.routing.RoutingStage.apply(RoutingStage.java:94)
	at org.glassfish.jersey.server.internal.routing.RoutingStage.apply(RoutingStage.java:63)
	at org.glassfish.jersey.process.internal.Stages.process(Stages.java:197)
	at org.glassfish.jersey.server.ServerRuntime$1.run(ServerRuntime.java:263)
	at org.glassfish.jersey.internal.Errors$1.call(Errors.java:271)
	at org.glassfish.jersey.internal.Errors$1.call(Errors.java:267)
	at org.glassfish.jersey.internal.Errors.process(Errors.java:315)
	at org.glassfish.jersey.internal.Errors.process(Errors.java:297)
	at org.glassfish.jersey.internal.Errors.process(Errors.java:267)
	at org.glassfish.jersey.process.internal.RequestScope.runInScope(RequestScope.java:297)
	at org.glassfish.jersey.server.ServerRuntime.process(ServerRuntime.java:254)
	at org.glassfish.jersey.server.ApplicationHandler.handle(ApplicationHandler.java:1030)
	at org.glassfish.jersey.servlet.WebComponent.service(WebComponent.java:373)
	at org.glassfish.jersey.servlet.ServletContainer.service(ServletContainer.java:381)
	at org.glassfish.jersey.servlet.ServletContainer.service(ServletContainer.java:344)
	at org.glassfish.jersey.servlet.ServletContainer.service(ServletContainer.java:221)
	at org.apache.catalina.core.ApplicationFilterChain.internalDoFilter(ApplicationFilterChain.java:303)
	at org.apache.catalina.core.ApplicationFilterChain.doFilter(ApplicationFilterChain.java:208)
	at org.apache.catalina.core.StandardWrapperValve.invoke(StandardWrapperValve.java:220)
	at org.apache.catalina.core.StandardContextValve.invoke(StandardContextValve.java:122)
	at org.apache.catalina.authenticator.AuthenticatorBase.invoke(AuthenticatorBase.java:501)
	at org.apache.catalina.core.StandardHostValve.invoke(StandardHostValve.java:171)
	at org.apache.catalina.valves.ErrorReportValve.invoke(ErrorReportValve.java:102)
	at org.apache.catalina.valves.AccessLogValve.invoke(AccessLogValve.java:950)
	at org.apache.catalina.core.StandardEngineValve.invoke(StandardEngineValve.java:116)
	at org.apache.catalina.connector.CoyoteAdapter.service(CoyoteAdapter.java:408)
	at org.apache.coyote.http11.AbstractHttp11Processor.process(AbstractHttp11Processor.java:1040)
	at org.apache.coyote.AbstractProtocol$AbstractConnectionHandler.process(AbstractProtocol.java:607)
	at org.apache.tomcat.util.net.JIoEndpoint$SocketProcessor.run(JIoEndpoint.java:316)
	at java.util.concurrent.ThreadPoolExecutor.runWorker(ThreadPoolExecutor.java:1145)
	at java.util.concurrent.ThreadPoolExecutor$Worker.run(ThreadPoolExecutor.java:615)
	at org.apache.tomcat.util.threads.TaskThread$WrappingRunnable.run(TaskThread.java:61)
	at java.lang.Thread.run(Thread.java:745)
MultiException stack 2 of 2
java.lang.IllegalStateException: Unable to perform operation: post construct on org.fcrepo.http.api.FedoraLdp
	at org.jvnet.hk2.internal.ClazzCreator.create(ClazzCreator.java:395)
	at org.jvnet.hk2.internal.SystemDescriptor.create(SystemDescriptor.java:461)
	at org.glassfish.jersey.process.internal.RequestScope.findOrCreate(RequestScope.java:160)
	at org.jvnet.hk2.internal.Utilities.createService(Utilities.java:2268)
	at org.jvnet.hk2.internal.ServiceLocatorImpl.internalGetService(ServiceLocatorImpl.java:690)
	at org.jvnet.hk2.internal.ServiceLocatorImpl.getService(ServiceLocatorImpl.java:655)
	at org.glassfish.jersey.internal.inject.Injections.getOrCreate(Injections.java:169)
	at org.glassfish.jersey.server.model.MethodHandler$ClassBasedMethodHandler.getInstance(MethodHandler.java:185)
	at org.glassfish.jersey.server.internal.routing.PushMethodHandlerRouter.apply(PushMethodHandlerRouter.java:74)
	at org.glassfish.jersey.server.internal.routing.RoutingStage._apply(RoutingStage.java:112)
	at org.glassfish.jersey.server.internal.routing.RoutingStage._apply(RoutingStage.java:115)
	at org.glassfish.jersey.server.internal.routing.RoutingStage._apply(RoutingStage.java:115)
	at org.glassfish.jersey.server.internal.routing.RoutingStage._apply(RoutingStage.java:115)
	at org.glassfish.jersey.server.internal.routing.RoutingStage.apply(RoutingStage.java:94)
	at org.glassfish.jersey.server.internal.routing.RoutingStage.apply(RoutingStage.java:63)
	at org.glassfish.jersey.process.internal.Stages.process(Stages.java:197)
	at org.glassfish.jersey.server.ServerRuntime$1.run(ServerRuntime.java:263)
	at org.glassfish.jersey.internal.Errors$1.call(Errors.java:271)
	at org.glassfish.jersey.internal.Errors$1.call(Errors.java:267)
	at org.glassfish.jersey.internal.Errors.process(Errors.java:315)
	at org.glassfish.jersey.internal.Errors.process(Errors.java:297)
	at org.glassfish.jersey.internal.Errors.process(Errors.java:267)
	at org.glassfish.jersey.process.internal.RequestScope.runInScope(RequestScope.java:297)
	at org.glassfish.jersey.server.ServerRuntime.process(ServerRuntime.java:254)
	at org.glassfish.jersey.server.ApplicationHandler.handle(ApplicationHandler.java:1030)
	at org.glassfish.jersey.servlet.WebComponent.service(WebComponent.java:373)
	at org.glassfish.jersey.servlet.ServletContainer.service(ServletContainer.java:381)
	at org.glassfish.jersey.servlet.ServletContainer.service(ServletContainer.java:344)
	at org.glassfish.jersey.servlet.ServletContainer.service(ServletContainer.java:221)
	at org.apache.catalina.core.ApplicationFilterChain.internalDoFilter(ApplicationFilterChain.java:303)
	at org.apache.catalina.core.ApplicationFilterChain.doFilter(ApplicationFilterChain.java:208)
	at org.apache.catalina.core.StandardWrapperValve.invoke(StandardWrapperValve.java:220)
	at org.apache.catalina.core.StandardContextValve.invoke(StandardContextValve.java:122)
	at org.apache.catalina.authenticator.AuthenticatorBase.invoke(AuthenticatorBase.java:501)
	at org.apache.catalina.core.StandardHostValve.invoke(StandardHostValve.java:171)
	at org.apache.catalina.valves.ErrorReportValve.invoke(ErrorReportValve.java:102)
	at org.apache.catalina.valves.AccessLogValve.invoke(AccessLogValve.java:950)
	at org.apache.catalina.core.StandardEngineValve.invoke(StandardEngineValve.java:116)
	at org.apache.catalina.connector.CoyoteAdapter.service(CoyoteAdapter.java:408)
	at org.apache.coyote.http11.AbstractHttp11Processor.process(AbstractHttp11Processor.java:1040)
	at org.apache.coyote.AbstractProtocol$AbstractConnectionHandler.process(AbstractProtocol.java:607)
	at org.apache.tomcat.util.net.JIoEndpoint$SocketProcessor.run(JIoEndpoint.java:316)
	at java.util.concurrent.ThreadPoolExecutor.runWorker(ThreadPoolExecutor.java:1145)
	at java.util.concurrent.ThreadPoolExecutor$Worker.run(ThreadPoolExecutor.java:615)
	at org.apache.tomcat.util.threads.TaskThread$WrappingRunnable.run(TaskThread.java:61)
	at java.lang.Thread.run(Thread.java:745)


INFO 17:58:55.732 (FedoraTransactions) Commit transaction 'tx:d12a838d-7951-462b-bb85-4a5f9b19d156'
INFO 17:58:55.922 (FedoraTransactions) Created transaction '830577ac-0f0f-4a80-9159-ab36d0a059f0'
WARN 17:58:56.108 (Errors) The following warnings have been detected: WARNING: Unknown HK2 failure detected:
MultiException stack 1 of 2
java.lang.OutOfMemoryError: unable to create new native thread
	at java.lang.Thread.start0(Native Method)
	at java.lang.Thread.start(Thread.java:714)
	at java.util.concurrent.ThreadPoolExecutor.addWorker(ThreadPoolExecutor.java:949)
	at java.util.concurrent.ThreadPoolExecutor.execute(ThreadPoolExecutor.java:1371)
	at org.modeshape.common.collection.ring.RingBuffer.addConsumer(RingBuffer.java:248)
	at org.modeshape.common.collection.ring.RingBuffer.addConsumer(RingBuffer.java:220)
	at org.modeshape.jcr.bus.RepositoryChangeBus.register(RepositoryChangeBus.java:79)
	at org.modeshape.jcr.JcrObservationManager.<init>(JcrObservationManager.java:174)
	at org.modeshape.jcr.JcrWorkspace.observationManager(JcrWorkspace.java:627)
	at org.modeshape.jcr.JcrWorkspace.getObservationManager(JcrWorkspace.java:619)
	at org.fcrepo.http.api.FedoraBaseResource.setUpJMSBaseURIs(FedoraBaseResource.java:81)
	at org.fcrepo.http.api.FedoraLdp.postConstruct(FedoraLdp.java:133)
	at sun.reflect.GeneratedMethodAccessor37.invoke(Unknown Source)
	at sun.reflect.DelegatingMethodAccessorImpl.invoke(DelegatingMethodAccessorImpl.java:43)
	at java.lang.reflect.Method.invoke(Method.java:606)
	at org.glassfish.hk2.utilities.reflection.ReflectionHelper.invoke(ReflectionHelper.java:1019)
	at org.jvnet.hk2.internal.ClazzCreator.postConstructMe(ClazzCreator.java:335)
	at org.jvnet.hk2.internal.ClazzCreator.create(ClazzCreator.java:377)
	at org.jvnet.hk2.internal.SystemDescriptor.create(SystemDescriptor.java:461)
	at org.glassfish.jersey.process.internal.RequestScope.findOrCreate(RequestScope.java:160)
	at org.jvnet.hk2.internal.Utilities.createService(Utilities.java:2268)
	at org.jvnet.hk2.internal.ServiceLocatorImpl.internalGetService(ServiceLocatorImpl.java:690)
	at org.jvnet.hk2.internal.ServiceLocatorImpl.getService(ServiceLocatorImpl.java:655)
	at org.glassfish.jersey.internal.inject.Injections.getOrCreate(Injections.java:169)
	at org.glassfish.jersey.server.model.MethodHandler$ClassBasedMethodHandler.getInstance(MethodHandler.java:185)
	at org.glassfish.jersey.server.internal.routing.PushMethodHandlerRouter.apply(PushMethodHandlerRouter.java:74)
	at org.glassfish.jersey.server.internal.routing.RoutingStage._apply(RoutingStage.java:112)
	at org.glassfish.jersey.server.internal.routing.RoutingStage._apply(RoutingStage.java:115)
	at org.glassfish.jersey.server.internal.routing.RoutingStage._apply(RoutingStage.java:115)
	at org.glassfish.jersey.server.internal.routing.RoutingStage._apply(RoutingStage.java:115)
	at org.glassfish.jersey.server.internal.routing.RoutingStage.apply(RoutingStage.java:94)
	at org.glassfish.jersey.server.internal.routing.RoutingStage.apply(RoutingStage.java:63)
	at org.glassfish.jersey.process.internal.Stages.process(Stages.java:197)
	at org.glassfish.jersey.server.ServerRuntime$1.run(ServerRuntime.java:263)
	at org.glassfish.jersey.internal.Errors$1.call(Errors.java:271)
	at org.glassfish.jersey.internal.Errors$1.call(Errors.java:267)
	at org.glassfish.jersey.internal.Errors.process(Errors.java:315)
	at org.glassfish.jersey.internal.Errors.process(Errors.java:297)
	at org.glassfish.jersey.internal.Errors.process(Errors.java:267)
	at org.glassfish.jersey.process.internal.RequestScope.runInScope(RequestScope.java:297)
	at org.glassfish.jersey.server.ServerRuntime.process(ServerRuntime.java:254)
	at org.glassfish.jersey.server.ApplicationHandler.handle(ApplicationHandler.java:1030)
	at org.glassfish.jersey.servlet.WebComponent.service(WebComponent.java:373)
	at org.glassfish.jersey.servlet.ServletContainer.service(ServletContainer.java:381)
	at org.glassfish.jersey.servlet.ServletContainer.service(ServletContainer.java:344)
	at org.glassfish.jersey.servlet.ServletContainer.service(ServletContainer.java:221)
	at org.apache.catalina.core.ApplicationFilterChain.internalDoFilter(ApplicationFilterChain.java:303)
	at org.apache.catalina.core.ApplicationFilterChain.doFilter(ApplicationFilterChain.java:208)
	at org.apache.catalina.core.StandardWrapperValve.invoke(StandardWrapperValve.java:220)
	at org.apache.catalina.core.StandardContextValve.invoke(StandardContextValve.java:122)
	at org.apache.catalina.authenticator.AuthenticatorBase.invoke(AuthenticatorBase.java:501)
	at org.apache.catalina.core.StandardHostValve.invoke(StandardHostValve.java:171)
	at org.apache.catalina.valves.ErrorReportValve.invoke(ErrorReportValve.java:102)
	at org.apache.catalina.valves.AccessLogValve.invoke(AccessLogValve.java:950)
	at org.apache.catalina.core.StandardEngineValve.invoke(StandardEngineValve.java:116)
	at org.apache.catalina.connector.CoyoteAdapter.service(CoyoteAdapter.java:408)
	at org.apache.coyote.http11.AbstractHttp11Processor.process(AbstractHttp11Processor.java:1040)
	at org.apache.coyote.AbstractProtocol$AbstractConnectionHandler.process(AbstractProtocol.java:607)
	at org.apache.tomcat.util.net.JIoEndpoint$SocketProcessor.run(JIoEndpoint.java:316)
	at java.util.concurrent.ThreadPoolExecutor.runWorker(ThreadPoolExecutor.java:1145)
	at java.util.concurrent.ThreadPoolExecutor$Worker.run(ThreadPoolExecutor.java:615)
	at org.apache.tomcat.util.threads.TaskThread$WrappingRunnable.run(TaskThread.java:61)
	at java.lang.Thread.run(Thread.java:745)
MultiException stack 2 of 2
java.lang.IllegalStateException: Unable to perform operation: post construct on org.fcrepo.http.api.FedoraLdp
	at org.jvnet.hk2.internal.ClazzCreator.create(ClazzCreator.java:395)
	at org.jvnet.hk2.internal.SystemDescriptor.create(SystemDescriptor.java:461)
	at org.glassfish.jersey.process.internal.RequestScope.findOrCreate(RequestScope.java:160)
	at org.jvnet.hk2.internal.Utilities.createService(Utilities.java:2268)
	at org.jvnet.hk2.internal.ServiceLocatorImpl.internalGetService(ServiceLocatorImpl.java:690)
	at org.jvnet.hk2.internal.ServiceLocatorImpl.getService(ServiceLocatorImpl.java:655)
	at org.glassfish.jersey.internal.inject.Injections.getOrCreate(Injections.java:169)
	at org.glassfish.jersey.server.model.MethodHandler$ClassBasedMethodHandler.getInstance(MethodHandler.java:185)
	at org.glassfish.jersey.server.internal.routing.PushMethodHandlerRouter.apply(PushMethodHandlerRouter.java:74)
	at org.glassfish.jersey.server.internal.routing.RoutingStage._apply(RoutingStage.java:112)
	at org.glassfish.jersey.server.internal.routing.RoutingStage._apply(RoutingStage.java:115)
	at org.glassfish.jersey.server.internal.routing.RoutingStage._apply(RoutingStage.java:115)
	at org.glassfish.jersey.server.internal.routing.RoutingStage._apply(RoutingStage.java:115)
	at org.glassfish.jersey.server.internal.routing.RoutingStage.apply(RoutingStage.java:94)
	at org.glassfish.jersey.server.internal.routing.RoutingStage.apply(RoutingStage.java:63)
	at org.glassfish.jersey.process.internal.Stages.process(Stages.java:197)
	at org.glassfish.jersey.server.ServerRuntime$1.run(ServerRuntime.java:263)
	at org.glassfish.jersey.internal.Errors$1.call(Errors.java:271)
	at org.glassfish.jersey.internal.Errors$1.call(Errors.java:267)
	at org.glassfish.jersey.internal.Errors.process(Errors.java:315)
	at org.glassfish.jersey.internal.Errors.process(Errors.java:297)
	at org.glassfish.jersey.internal.Errors.process(Errors.java:267)
	at org.glassfish.jersey.process.internal.RequestScope.runInScope(RequestScope.java:297)
	at org.glassfish.jersey.server.ServerRuntime.process(ServerRuntime.java:254)
	at org.glassfish.jersey.server.ApplicationHandler.handle(ApplicationHandler.java:1030)
	at org.glassfish.jersey.servlet.WebComponent.service(WebComponent.java:373)
	at org.glassfish.jersey.servlet.ServletContainer.service(ServletContainer.java:381)
	at org.glassfish.jersey.servlet.ServletContainer.service(ServletContainer.java:344)
	at org.glassfish.jersey.servlet.ServletContainer.service(ServletContainer.java:221)
	at org.apache.catalina.core.ApplicationFilterChain.internalDoFilter(ApplicationFilterChain.java:303)
	at org.apache.catalina.core.ApplicationFilterChain.doFilter(ApplicationFilterChain.java:208)
	at org.apache.catalina.core.StandardWrapperValve.invoke(StandardWrapperValve.java:220)
	at org.apache.catalina.core.StandardContextValve.invoke(StandardContextValve.java:122)
	at org.apache.catalina.authenticator.AuthenticatorBase.invoke(AuthenticatorBase.java:501)
	at org.apache.catalina.core.StandardHostValve.invoke(StandardHostValve.java:171)
	at org.apache.catalina.valves.ErrorReportValve.invoke(ErrorReportValve.java:102)
	at org.apache.catalina.valves.AccessLogValve.invoke(AccessLogValve.java:950)
	at org.apache.catalina.core.StandardEngineValve.invoke(StandardEngineValve.java:116)
	at org.apache.catalina.connector.CoyoteAdapter.service(CoyoteAdapter.java:408)
	at org.apache.coyote.http11.AbstractHttp11Processor.process(AbstractHttp11Processor.java:1040)
	at org.apache.coyote.AbstractProtocol$AbstractConnectionHandler.process(AbstractProtocol.java:607)
	at org.apache.tomcat.util.net.JIoEndpoint$SocketProcessor.run(JIoEndpoint.java:316)
	at java.util.concurrent.ThreadPoolExecutor.runWorker(ThreadPoolExecutor.java:1145)
	at java.util.concurrent.ThreadPoolExecutor$Worker.run(ThreadPoolExecutor.java:615)
	at org.apache.tomcat.util.threads.TaskThread$WrappingRunnable.run(TaskThread.java:61)
	at java.lang.Thread.run(Thread.java:745)


INFO 17:58:56.301 (FedoraTransactions) Commit transaction 'tx:830577ac-0f0f-4a80-9159-ab36d0a059f0'
INFO 17:58:56.493 (FedoraTransactions) Created transaction '3adce842-d15a-4ff9-826c-e114beeb1b26'
WARN 17:58:56.683 (Errors) The following warnings have been detected: WARNING: Unknown HK2 failure detected:
MultiException stack 1 of 2
java.lang.OutOfMemoryError: unable to create new native thread
	at java.lang.Thread.start0(Native Method)
	at java.lang.Thread.start(Thread.java:714)
	at java.util.concurrent.ThreadPoolExecutor.addWorker(ThreadPoolExecutor.java:949)
	at java.util.concurrent.ThreadPoolExecutor.execute(ThreadPoolExecutor.java:1371)
	at org.modeshape.common.collection.ring.RingBuffer.addConsumer(RingBuffer.java:248)
	at org.modeshape.common.collection.ring.RingBuffer.addConsumer(RingBuffer.java:220)
	at org.modeshape.jcr.bus.RepositoryChangeBus.register(RepositoryChangeBus.java:79)
	at org.modeshape.jcr.JcrObservationManager.<init>(JcrObservationManager.java:174)
	at org.modeshape.jcr.JcrWorkspace.observationManager(JcrWorkspace.java:627)
	at org.modeshape.jcr.JcrWorkspace.getObservationManager(JcrWorkspace.java:619)
	at org.fcrepo.http.api.FedoraBaseResource.setUpJMSBaseURIs(FedoraBaseResource.java:81)
	at org.fcrepo.http.api.FedoraLdp.postConstruct(FedoraLdp.java:133)
	at sun.reflect.GeneratedMethodAccessor37.invoke(Unknown Source)
	at sun.reflect.DelegatingMethodAccessorImpl.invoke(DelegatingMethodAccessorImpl.java:43)
	at java.lang.reflect.Method.invoke(Method.java:606)
	at org.glassfish.hk2.utilities.reflection.ReflectionHelper.invoke(ReflectionHelper.java:1019)
	at org.jvnet.hk2.internal.ClazzCreator.postConstructMe(ClazzCreator.java:335)
	at org.jvnet.hk2.internal.ClazzCreator.create(ClazzCreator.java:377)
	at org.jvnet.hk2.internal.SystemDescriptor.create(SystemDescriptor.java:461)
	at org.glassfish.jersey.process.internal.RequestScope.findOrCreate(RequestScope.java:160)
	at org.jvnet.hk2.internal.Utilities.createService(Utilities.java:2268)
	at org.jvnet.hk2.internal.ServiceLocatorImpl.internalGetService(ServiceLocatorImpl.java:690)
	at org.jvnet.hk2.internal.ServiceLocatorImpl.getService(ServiceLocatorImpl.java:655)
	at org.glassfish.jersey.internal.inject.Injections.getOrCreate(Injections.java:169)
	at org.glassfish.jersey.server.model.MethodHandler$ClassBasedMethodHandler.getInstance(MethodHandler.java:185)
	at org.glassfish.jersey.server.internal.routing.PushMethodHandlerRouter.apply(PushMethodHandlerRouter.java:74)
	at org.glassfish.jersey.server.internal.routing.RoutingStage._apply(RoutingStage.java:112)
	at org.glassfish.jersey.server.internal.routing.RoutingStage._apply(RoutingStage.java:115)
	at org.glassfish.jersey.server.internal.routing.RoutingStage._apply(RoutingStage.java:115)
	at org.glassfish.jersey.server.internal.routing.RoutingStage._apply(RoutingStage.java:115)
	at org.glassfish.jersey.server.internal.routing.RoutingStage.apply(RoutingStage.java:94)
	at org.glassfish.jersey.server.internal.routing.RoutingStage.apply(RoutingStage.java:63)
	at org.glassfish.jersey.process.internal.Stages.process(Stages.java:197)
	at org.glassfish.jersey.server.ServerRuntime$1.run(ServerRuntime.java:263)
	at org.glassfish.jersey.internal.Errors$1.call(Errors.java:271)
	at org.glassfish.jersey.internal.Errors$1.call(Errors.java:267)
	at org.glassfish.jersey.internal.Errors.process(Errors.java:315)
	at org.glassfish.jersey.internal.Errors.process(Errors.java:297)
	at org.glassfish.jersey.internal.Errors.process(Errors.java:267)
	at org.glassfish.jersey.process.internal.RequestScope.runInScope(RequestScope.java:297)
	at org.glassfish.jersey.server.ServerRuntime.process(ServerRuntime.java:254)
	at org.glassfish.jersey.server.ApplicationHandler.handle(ApplicationHandler.java:1030)
	at org.glassfish.jersey.servlet.WebComponent.service(WebComponent.java:373)
	at org.glassfish.jersey.servlet.ServletContainer.service(ServletContainer.java:381)
	at org.glassfish.jersey.servlet.ServletContainer.service(ServletContainer.java:344)
	at org.glassfish.jersey.servlet.ServletContainer.service(ServletContainer.java:221)
	at org.apache.catalina.core.ApplicationFilterChain.internalDoFilter(ApplicationFilterChain.java:303)
	at org.apache.catalina.core.ApplicationFilterChain.doFilter(ApplicationFilterChain.java:208)
	at org.apache.catalina.core.StandardWrapperValve.invoke(StandardWrapperValve.java:220)
	at org.apache.catalina.core.StandardContextValve.invoke(StandardContextValve.java:122)
	at org.apache.catalina.authenticator.AuthenticatorBase.invoke(AuthenticatorBase.java:501)
	at org.apache.catalina.core.StandardHostValve.invoke(StandardHostValve.java:171)
	at org.apache.catalina.valves.ErrorReportValve.invoke(ErrorReportValve.java:102)
	at org.apache.catalina.valves.AccessLogValve.invoke(AccessLogValve.java:950)
	at org.apache.catalina.core.StandardEngineValve.invoke(StandardEngineValve.java:116)
	at org.apache.catalina.connector.CoyoteAdapter.service(CoyoteAdapter.java:408)
	at org.apache.coyote.http11.AbstractHttp11Processor.process(AbstractHttp11Processor.java:1040)
	at org.apache.coyote.AbstractProtocol$AbstractConnectionHandler.process(AbstractProtocol.java:607)
	at org.apache.tomcat.util.net.JIoEndpoint$SocketProcessor.run(JIoEndpoint.java:316)
	at java.util.concurrent.ThreadPoolExecutor.runWorker(ThreadPoolExecutor.java:1145)
	at java.util.concurrent.ThreadPoolExecutor$Worker.run(ThreadPoolExecutor.java:615)
	at org.apache.tomcat.util.threads.TaskThread$WrappingRunnable.run(TaskThread.java:61)
	at java.lang.Thread.run(Thread.java:745)
MultiException stack 2 of 2
java.lang.IllegalStateException: Unable to perform operation: post construct on org.fcrepo.http.api.FedoraLdp
	at org.jvnet.hk2.internal.ClazzCreator.create(ClazzCreator.java:395)
	at org.jvnet.hk2.internal.SystemDescriptor.create(SystemDescriptor.java:461)
	at org.glassfish.jersey.process.internal.RequestScope.findOrCreate(RequestScope.java:160)
	at org.jvnet.hk2.internal.Utilities.createService(Utilities.java:2268)
	at org.jvnet.hk2.internal.ServiceLocatorImpl.internalGetService(ServiceLocatorImpl.java:690)
	at org.jvnet.hk2.internal.ServiceLocatorImpl.getService(ServiceLocatorImpl.java:655)
	at org.glassfish.jersey.internal.inject.Injections.getOrCreate(Injections.java:169)
	at org.glassfish.jersey.server.model.MethodHandler$ClassBasedMethodHandler.getInstance(MethodHandler.java:185)
	at org.glassfish.jersey.server.internal.routing.PushMethodHandlerRouter.apply(PushMethodHandlerRouter.java:74)
	at org.glassfish.jersey.server.internal.routing.RoutingStage._apply(RoutingStage.java:112)
	at org.glassfish.jersey.server.internal.routing.RoutingStage._apply(RoutingStage.java:115)
	at org.glassfish.jersey.server.internal.routing.RoutingStage._apply(RoutingStage.java:115)
	at org.glassfish.jersey.server.internal.routing.RoutingStage._apply(RoutingStage.java:115)
	at org.glassfish.jersey.server.internal.routing.RoutingStage.apply(RoutingStage.java:94)
	at org.glassfish.jersey.server.internal.routing.RoutingStage.apply(RoutingStage.java:63)
	at org.glassfish.jersey.process.internal.Stages.process(Stages.java:197)
	at org.glassfish.jersey.server.ServerRuntime$1.run(ServerRuntime.java:263)
	at org.glassfish.jersey.internal.Errors$1.call(Errors.java:271)
	at org.glassfish.jersey.internal.Errors$1.call(Errors.java:267)
	at org.glassfish.jersey.internal.Errors.process(Errors.java:315)
	at org.glassfish.jersey.internal.Errors.process(Errors.java:297)
	at org.glassfish.jersey.internal.Errors.process(Errors.java:267)
	at org.glassfish.jersey.process.internal.RequestScope.runInScope(RequestScope.java:297)
	at org.glassfish.jersey.server.ServerRuntime.process(ServerRuntime.java:254)
	at org.glassfish.jersey.server.ApplicationHandler.handle(ApplicationHandler.java:1030)
	at org.glassfish.jersey.servlet.WebComponent.service(WebComponent.java:373)
	at org.glassfish.jersey.servlet.ServletContainer.service(ServletContainer.java:381)
	at org.glassfish.jersey.servlet.ServletContainer.service(ServletContainer.java:344)
	at org.glassfish.jersey.servlet.ServletContainer.service(ServletContainer.java:221)
	at org.apache.catalina.core.ApplicationFilterChain.internalDoFilter(ApplicationFilterChain.java:303)
	at org.apache.catalina.core.ApplicationFilterChain.doFilter(ApplicationFilterChain.java:208)
	at org.apache.catalina.core.StandardWrapperValve.invoke(StandardWrapperValve.java:220)
	at org.apache.catalina.core.StandardContextValve.invoke(StandardContextValve.java:122)
	at org.apache.catalina.authenticator.AuthenticatorBase.invoke(AuthenticatorBase.java:501)
	at org.apache.catalina.core.StandardHostValve.invoke(StandardHostValve.java:171)
	at org.apache.catalina.valves.ErrorReportValve.invoke(ErrorReportValve.java:102)
	at org.apache.catalina.valves.AccessLogValve.invoke(AccessLogValve.java:950)
	at org.apache.catalina.core.StandardEngineValve.invoke(StandardEngineValve.java:116)
	at org.apache.catalina.connector.CoyoteAdapter.service(CoyoteAdapter.java:408)
	at org.apache.coyote.http11.AbstractHttp11Processor.process(AbstractHttp11Processor.java:1040)
	at org.apache.coyote.AbstractProtocol$AbstractConnectionHandler.process(AbstractProtocol.java:607)
	at org.apache.tomcat.util.net.JIoEndpoint$SocketProcessor.run(JIoEndpoint.java:316)
	at java.util.concurrent.ThreadPoolExecutor.runWorker(ThreadPoolExecutor.java:1145)
	at java.util.concurrent.ThreadPoolExecutor$Worker.run(ThreadPoolExecutor.java:615)
	at org.apache.tomcat.util.threads.TaskThread$WrappingRunnable.run(TaskThread.java:61)
	at java.lang.Thread.run(Thread.java:745)


INFO 17:58:56.873 (FedoraTransactions) Commit transaction 'tx:3adce842-d15a-4ff9-826c-e114beeb1b26'
INFO 17:58:57.068 (FedoraTransactions) Created transaction 'f97b039e-4a56-4f40-9824-f6620413ee92'
WARN 17:58:57.264 (Errors) The following warnings have been detected: WARNING: Unknown HK2 failure detected:
MultiException stack 1 of 2
java.lang.OutOfMemoryError: unable to create new native thread
	at java.lang.Thread.start0(Native Method)
	at java.lang.Thread.start(Thread.java:714)
	at java.util.concurrent.ThreadPoolExecutor.addWorker(ThreadPoolExecutor.java:949)
	at java.util.concurrent.ThreadPoolExecutor.execute(ThreadPoolExecutor.java:1371)
	at org.modeshape.common.collection.ring.RingBuffer.addConsumer(RingBuffer.java:248)
	at org.modeshape.common.collection.ring.RingBuffer.addConsumer(RingBuffer.java:220)
	at org.modeshape.jcr.bus.RepositoryChangeBus.register(RepositoryChangeBus.java:79)
	at org.modeshape.jcr.JcrObservationManager.<init>(JcrObservationManager.java:174)
	at org.modeshape.jcr.JcrWorkspace.observationManager(JcrWorkspace.java:627)
	at org.modeshape.jcr.JcrWorkspace.getObservationManager(JcrWorkspace.java:619)
	at org.fcrepo.http.api.FedoraBaseResource.setUpJMSBaseURIs(FedoraBaseResource.java:81)
	at org.fcrepo.http.api.FedoraLdp.postConstruct(FedoraLdp.java:133)
	at sun.reflect.GeneratedMethodAccessor37.invoke(Unknown Source)
	at sun.reflect.DelegatingMethodAccessorImpl.invoke(DelegatingMethodAccessorImpl.java:43)
	at java.lang.reflect.Method.invoke(Method.java:606)
	at org.glassfish.hk2.utilities.reflection.ReflectionHelper.invoke(ReflectionHelper.java:1019)
	at org.jvnet.hk2.internal.ClazzCreator.postConstructMe(ClazzCreator.java:335)
	at org.jvnet.hk2.internal.ClazzCreator.create(ClazzCreator.java:377)
	at org.jvnet.hk2.internal.SystemDescriptor.create(SystemDescriptor.java:461)
	at org.glassfish.jersey.process.internal.RequestScope.findOrCreate(RequestScope.java:160)
	at org.jvnet.hk2.internal.Utilities.createService(Utilities.java:2268)
	at org.jvnet.hk2.internal.ServiceLocatorImpl.internalGetService(ServiceLocatorImpl.java:690)
	at org.jvnet.hk2.internal.ServiceLocatorImpl.getService(ServiceLocatorImpl.java:655)
	at org.glassfish.jersey.internal.inject.Injections.getOrCreate(Injections.java:169)
	at org.glassfish.jersey.server.model.MethodHandler$ClassBasedMethodHandler.getInstance(MethodHandler.java:185)
	at org.glassfish.jersey.server.internal.routing.PushMethodHandlerRouter.apply(PushMethodHandlerRouter.java:74)
	at org.glassfish.jersey.server.internal.routing.RoutingStage._apply(RoutingStage.java:112)
	at org.glassfish.jersey.server.internal.routing.RoutingStage._apply(RoutingStage.java:115)
	at org.glassfish.jersey.server.internal.routing.RoutingStage._apply(RoutingStage.java:115)
	at org.glassfish.jersey.server.internal.routing.RoutingStage._apply(RoutingStage.java:115)
	at org.glassfish.jersey.server.internal.routing.RoutingStage.apply(RoutingStage.java:94)
	at org.glassfish.jersey.server.internal.routing.RoutingStage.apply(RoutingStage.java:63)
	at org.glassfish.jersey.process.internal.Stages.process(Stages.java:197)
	at org.glassfish.jersey.server.ServerRuntime$1.run(ServerRuntime.java:263)
	at org.glassfish.jersey.internal.Errors$1.call(Errors.java:271)
	at org.glassfish.jersey.internal.Errors$1.call(Errors.java:267)
	at org.glassfish.jersey.internal.Errors.process(Errors.java:315)
	at org.glassfish.jersey.internal.Errors.process(Errors.java:297)
	at org.glassfish.jersey.internal.Errors.process(Errors.java:267)
	at org.glassfish.jersey.process.internal.RequestScope.runInScope(RequestScope.java:297)
	at org.glassfish.jersey.server.ServerRuntime.process(ServerRuntime.java:254)
	at org.glassfish.jersey.server.ApplicationHandler.handle(ApplicationHandler.java:1030)
	at org.glassfish.jersey.servlet.WebComponent.service(WebComponent.java:373)
	at org.glassfish.jersey.servlet.ServletContainer.service(ServletContainer.java:381)
	at org.glassfish.jersey.servlet.ServletContainer.service(ServletContainer.java:344)
	at org.glassfish.jersey.servlet.ServletContainer.service(ServletContainer.java:221)
	at org.apache.catalina.core.ApplicationFilterChain.internalDoFilter(ApplicationFilterChain.java:303)
	at org.apache.catalina.core.ApplicationFilterChain.doFilter(ApplicationFilterChain.java:208)
	at org.apache.catalina.core.StandardWrapperValve.invoke(StandardWrapperValve.java:220)
	at org.apache.catalina.core.StandardContextValve.invoke(StandardContextValve.java:122)
	at org.apache.catalina.authenticator.AuthenticatorBase.invoke(AuthenticatorBase.java:501)
	at org.apache.catalina.core.StandardHostValve.invoke(StandardHostValve.java:171)
	at org.apache.catalina.valves.ErrorReportValve.invoke(ErrorReportValve.java:102)
	at org.apache.catalina.valves.AccessLogValve.invoke(AccessLogValve.java:950)
	at org.apache.catalina.core.StandardEngineValve.invoke(StandardEngineValve.java:116)
	at org.apache.catalina.connector.CoyoteAdapter.service(CoyoteAdapter.java:408)
	at org.apache.coyote.http11.AbstractHttp11Processor.process(AbstractHttp11Processor.java:1040)
	at org.apache.coyote.AbstractProtocol$AbstractConnectionHandler.process(AbstractProtocol.java:607)
	at org.apache.tomcat.util.net.JIoEndpoint$SocketProcessor.run(JIoEndpoint.java:316)
	at java.util.concurrent.ThreadPoolExecutor.runWorker(ThreadPoolExecutor.java:1145)
	at java.util.concurrent.ThreadPoolExecutor$Worker.run(ThreadPoolExecutor.java:615)
	at org.apache.tomcat.util.threads.TaskThread$WrappingRunnable.run(TaskThread.java:61)
	at java.lang.Thread.run(Thread.java:745)
MultiException stack 2 of 2
java.lang.IllegalStateException: Unable to perform operation: post construct on org.fcrepo.http.api.FedoraLdp
	at org.jvnet.hk2.internal.ClazzCreator.create(ClazzCreator.java:395)
	at org.jvnet.hk2.internal.SystemDescriptor.create(SystemDescriptor.java:461)
	at org.glassfish.jersey.process.internal.RequestScope.findOrCreate(RequestScope.java:160)
	at org.jvnet.hk2.internal.Utilities.createService(Utilities.java:2268)
	at org.jvnet.hk2.internal.ServiceLocatorImpl.internalGetService(ServiceLocatorImpl.java:690)
	at org.jvnet.hk2.internal.ServiceLocatorImpl.getService(ServiceLocatorImpl.java:655)
	at org.glassfish.jersey.internal.inject.Injections.getOrCreate(Injections.java:169)
	at org.glassfish.jersey.server.model.MethodHandler$ClassBasedMethodHandler.getInstance(MethodHandler.java:185)
	at org.glassfish.jersey.server.internal.routing.PushMethodHandlerRouter.apply(PushMethodHandlerRouter.java:74)
	at org.glassfish.jersey.server.internal.routing.RoutingStage._apply(RoutingStage.java:112)
	at org.glassfish.jersey.server.internal.routing.RoutingStage._apply(RoutingStage.java:115)
	at org.glassfish.jersey.server.internal.routing.RoutingStage._apply(RoutingStage.java:115)
	at org.glassfish.jersey.server.internal.routing.RoutingStage._apply(RoutingStage.java:115)
	at org.glassfish.jersey.server.internal.routing.RoutingStage.apply(RoutingStage.java:94)
	at org.glassfish.jersey.server.internal.routing.RoutingStage.apply(RoutingStage.java:63)
	at org.glassfish.jersey.process.internal.Stages.process(Stages.java:197)
	at org.glassfish.jersey.server.ServerRuntime$1.run(ServerRuntime.java:263)
	at org.glassfish.jersey.internal.Errors$1.call(Errors.java:271)
	at org.glassfish.jersey.internal.Errors$1.call(Errors.java:267)
	at org.glassfish.jersey.internal.Errors.process(Errors.java:315)
	at org.glassfish.jersey.internal.Errors.process(Errors.java:297)
	at org.glassfish.jersey.internal.Errors.process(Errors.java:267)
	at org.glassfish.jersey.process.internal.RequestScope.runInScope(RequestScope.java:297)
	at org.glassfish.jersey.server.ServerRuntime.process(ServerRuntime.java:254)
	at org.glassfish.jersey.server.ApplicationHandler.handle(ApplicationHandler.java:1030)
	at org.glassfish.jersey.servlet.WebComponent.service(WebComponent.java:373)
	at org.glassfish.jersey.servlet.ServletContainer.service(ServletContainer.java:381)
	at org.glassfish.jersey.servlet.ServletContainer.service(ServletContainer.java:344)
	at org.glassfish.jersey.servlet.ServletContainer.service(ServletContainer.java:221)
	at org.apache.catalina.core.ApplicationFilterChain.internalDoFilter(ApplicationFilterChain.java:303)
	at org.apache.catalina.core.ApplicationFilterChain.doFilter(ApplicationFilterChain.java:208)
	at org.apache.catalina.core.StandardWrapperValve.invoke(StandardWrapperValve.java:220)
	at org.apache.catalina.core.StandardContextValve.invoke(StandardContextValve.java:122)
	at org.apache.catalina.authenticator.AuthenticatorBase.invoke(AuthenticatorBase.java:501)
	at org.apache.catalina.core.StandardHostValve.invoke(StandardHostValve.java:171)
	at org.apache.catalina.valves.ErrorReportValve.invoke(ErrorReportValve.java:102)
	at org.apache.catalina.valves.AccessLogValve.invoke(AccessLogValve.java:950)
	at org.apache.catalina.core.StandardEngineValve.invoke(StandardEngineValve.java:116)
	at org.apache.catalina.connector.CoyoteAdapter.service(CoyoteAdapter.java:408)
	at org.apache.coyote.http11.AbstractHttp11Processor.process(AbstractHttp11Processor.java:1040)
	at org.apache.coyote.AbstractProtocol$AbstractConnectionHandler.process(AbstractProtocol.java:607)
	at org.apache.tomcat.util.net.JIoEndpoint$SocketProcessor.run(JIoEndpoint.java:316)
	at java.util.concurrent.ThreadPoolExecutor.runWorker(ThreadPoolExecutor.java:1145)
	at java.util.concurrent.ThreadPoolExecutor$Worker.run(ThreadPoolExecutor.java:615)
	at org.apache.tomcat.util.threads.TaskThread$WrappingRunnable.run(TaskThread.java:61)
	at java.lang.Thread.run(Thread.java:745)


INFO 17:58:57.454 (FedoraTransactions) Commit transaction 'tx:f97b039e-4a56-4f40-9824-f6620413ee92'
INFO 17:58:57.639 (FedoraTransactions) Created transaction '3be39743-7e45-4380-8b27-5154dc886aa9'
WARN 17:58:57.833 (Errors) The following warnings have been detected: WARNING: Unknown HK2 failure detected:
MultiException stack 1 of 2
java.lang.OutOfMemoryError: unable to create new native thread
	at java.lang.Thread.start0(Native Method)
	at java.lang.Thread.start(Thread.java:714)
	at java.util.concurrent.ThreadPoolExecutor.addWorker(ThreadPoolExecutor.java:949)
	at java.util.concurrent.ThreadPoolExecutor.execute(ThreadPoolExecutor.java:1371)
	at org.modeshape.common.collection.ring.RingBuffer.addConsumer(RingBuffer.java:248)
	at org.modeshape.common.collection.ring.RingBuffer.addConsumer(RingBuffer.java:220)
	at org.modeshape.jcr.bus.RepositoryChangeBus.register(RepositoryChangeBus.java:79)
	at org.modeshape.jcr.JcrObservationManager.<init>(JcrObservationManager.java:174)
	at org.modeshape.jcr.JcrWorkspace.observationManager(JcrWorkspace.java:627)
	at org.modeshape.jcr.JcrWorkspace.getObservationManager(JcrWorkspace.java:619)
	at org.fcrepo.http.api.FedoraBaseResource.setUpJMSBaseURIs(FedoraBaseResource.java:81)
	at org.fcrepo.http.api.FedoraLdp.postConstruct(FedoraLdp.java:133)
	at sun.reflect.GeneratedMethodAccessor37.invoke(Unknown Source)
	at sun.reflect.DelegatingMethodAccessorImpl.invoke(DelegatingMethodAccessorImpl.java:43)
	at java.lang.reflect.Method.invoke(Method.java:606)
	at org.glassfish.hk2.utilities.reflection.ReflectionHelper.invoke(ReflectionHelper.java:1019)
	at org.jvnet.hk2.internal.ClazzCreator.postConstructMe(ClazzCreator.java:335)
	at org.jvnet.hk2.internal.ClazzCreator.create(ClazzCreator.java:377)
	at org.jvnet.hk2.internal.SystemDescriptor.create(SystemDescriptor.java:461)
	at org.glassfish.jersey.process.internal.RequestScope.findOrCreate(RequestScope.java:160)
	at org.jvnet.hk2.internal.Utilities.createService(Utilities.java:2268)
	at org.jvnet.hk2.internal.ServiceLocatorImpl.internalGetService(ServiceLocatorImpl.java:690)
	at org.jvnet.hk2.internal.ServiceLocatorImpl.getService(ServiceLocatorImpl.java:655)
	at org.glassfish.jersey.internal.inject.Injections.getOrCreate(Injections.java:169)
	at org.glassfish.jersey.server.model.MethodHandler$ClassBasedMethodHandler.getInstance(MethodHandler.java:185)
	at org.glassfish.jersey.server.internal.routing.PushMethodHandlerRouter.apply(PushMethodHandlerRouter.java:74)
	at org.glassfish.jersey.server.internal.routing.RoutingStage._apply(RoutingStage.java:112)
	at org.glassfish.jersey.server.internal.routing.RoutingStage._apply(RoutingStage.java:115)
	at org.glassfish.jersey.server.internal.routing.RoutingStage._apply(RoutingStage.java:115)
	at org.glassfish.jersey.server.internal.routing.RoutingStage._apply(RoutingStage.java:115)
	at org.glassfish.jersey.server.internal.routing.RoutingStage.apply(RoutingStage.java:94)
	at org.glassfish.jersey.server.internal.routing.RoutingStage.apply(RoutingStage.java:63)
	at org.glassfish.jersey.process.internal.Stages.process(Stages.java:197)
	at org.glassfish.jersey.server.ServerRuntime$1.run(ServerRuntime.java:263)
	at org.glassfish.jersey.internal.Errors$1.call(Errors.java:271)
	at org.glassfish.jersey.internal.Errors$1.call(Errors.java:267)
	at org.glassfish.jersey.internal.Errors.process(Errors.java:315)
	at org.glassfish.jersey.internal.Errors.process(Errors.java:297)
	at org.glassfish.jersey.internal.Errors.process(Errors.java:267)
	at org.glassfish.jersey.process.internal.RequestScope.runInScope(RequestScope.java:297)
	at org.glassfish.jersey.server.ServerRuntime.process(ServerRuntime.java:254)
	at org.glassfish.jersey.server.ApplicationHandler.handle(ApplicationHandler.java:1030)
	at org.glassfish.jersey.servlet.WebComponent.service(WebComponent.java:373)
	at org.glassfish.jersey.servlet.ServletContainer.service(ServletContainer.java:381)
	at org.glassfish.jersey.servlet.ServletContainer.service(ServletContainer.java:344)
	at org.glassfish.jersey.servlet.ServletContainer.service(ServletContainer.java:221)
	at org.apache.catalina.core.ApplicationFilterChain.internalDoFilter(ApplicationFilterChain.java:303)
	at org.apache.catalina.core.ApplicationFilterChain.doFilter(ApplicationFilterChain.java:208)
	at org.apache.catalina.core.StandardWrapperValve.invoke(StandardWrapperValve.java:220)
	at org.apache.catalina.core.StandardContextValve.invoke(StandardContextValve.java:122)
	at org.apache.catalina.authenticator.AuthenticatorBase.invoke(AuthenticatorBase.java:501)
	at org.apache.catalina.core.StandardHostValve.invoke(StandardHostValve.java:171)
	at org.apache.catalina.valves.ErrorReportValve.invoke(ErrorReportValve.java:102)
	at org.apache.catalina.valves.AccessLogValve.invoke(AccessLogValve.java:950)
	at org.apache.catalina.core.StandardEngineValve.invoke(StandardEngineValve.java:116)
	at org.apache.catalina.connector.CoyoteAdapter.service(CoyoteAdapter.java:408)
	at org.apache.coyote.http11.AbstractHttp11Processor.process(AbstractHttp11Processor.java:1040)
	at org.apache.coyote.AbstractProtocol$AbstractConnectionHandler.process(AbstractProtocol.java:607)
	at org.apache.tomcat.util.net.JIoEndpoint$SocketProcessor.run(JIoEndpoint.java:316)
	at java.util.concurrent.ThreadPoolExecutor.runWorker(ThreadPoolExecutor.java:1145)
	at java.util.concurrent.ThreadPoolExecutor$Worker.run(ThreadPoolExecutor.java:615)
	at org.apache.tomcat.util.threads.TaskThread$WrappingRunnable.run(TaskThread.java:61)
	at java.lang.Thread.run(Thread.java:745)
MultiException stack 2 of 2
java.lang.IllegalStateException: Unable to perform operation: post construct on org.fcrepo.http.api.FedoraLdp
	at org.jvnet.hk2.internal.ClazzCreator.create(ClazzCreator.java:395)
	at org.jvnet.hk2.internal.SystemDescriptor.create(SystemDescriptor.java:461)
	at org.glassfish.jersey.process.internal.RequestScope.findOrCreate(RequestScope.java:160)
	at org.jvnet.hk2.internal.Utilities.createService(Utilities.java:2268)
	at org.jvnet.hk2.internal.ServiceLocatorImpl.internalGetService(ServiceLocatorImpl.java:690)
	at org.jvnet.hk2.internal.ServiceLocatorImpl.getService(ServiceLocatorImpl.java:655)
	at org.glassfish.jersey.internal.inject.Injections.getOrCreate(Injections.java:169)
	at org.glassfish.jersey.server.model.MethodHandler$ClassBasedMethodHandler.getInstance(MethodHandler.java:185)
	at org.glassfish.jersey.server.internal.routing.PushMethodHandlerRouter.apply(PushMethodHandlerRouter.java:74)
	at org.glassfish.jersey.server.internal.routing.RoutingStage._apply(RoutingStage.java:112)
	at org.glassfish.jersey.server.internal.routing.RoutingStage._apply(RoutingStage.java:115)
	at org.glassfish.jersey.server.internal.routing.RoutingStage._apply(RoutingStage.java:115)
	at org.glassfish.jersey.server.internal.routing.RoutingStage._apply(RoutingStage.java:115)
	at org.glassfish.jersey.server.internal.routing.RoutingStage.apply(RoutingStage.java:94)
	at org.glassfish.jersey.server.internal.routing.RoutingStage.apply(RoutingStage.java:63)
	at org.glassfish.jersey.process.internal.Stages.process(Stages.java:197)
	at org.glassfish.jersey.server.ServerRuntime$1.run(ServerRuntime.java:263)
	at org.glassfish.jersey.internal.Errors$1.call(Errors.java:271)
	at org.glassfish.jersey.internal.Errors$1.call(Errors.java:267)
	at org.glassfish.jersey.internal.Errors.process(Errors.java:315)
	at org.glassfish.jersey.internal.Errors.process(Errors.java:297)
	at org.glassfish.jersey.internal.Errors.process(Errors.java:267)
	at org.glassfish.jersey.process.internal.RequestScope.runInScope(RequestScope.java:297)
	at org.glassfish.jersey.server.ServerRuntime.process(ServerRuntime.java:254)
	at org.glassfish.jersey.server.ApplicationHandler.handle(ApplicationHandler.java:1030)
	at org.glassfish.jersey.servlet.WebComponent.service(WebComponent.java:373)
	at org.glassfish.jersey.servlet.ServletContainer.service(ServletContainer.java:381)
	at org.glassfish.jersey.servlet.ServletContainer.service(ServletContainer.java:344)
	at org.glassfish.jersey.servlet.ServletContainer.service(ServletContainer.java:221)
	at org.apache.catalina.core.ApplicationFilterChain.internalDoFilter(ApplicationFilterChain.java:303)
	at org.apache.catalina.core.ApplicationFilterChain.doFilter(ApplicationFilterChain.java:208)
	at org.apache.catalina.core.StandardWrapperValve.invoke(StandardWrapperValve.java:220)
	at org.apache.catalina.core.StandardContextValve.invoke(StandardContextValve.java:122)
	at org.apache.catalina.authenticator.AuthenticatorBase.invoke(AuthenticatorBase.java:501)
	at org.apache.catalina.core.StandardHostValve.invoke(StandardHostValve.java:171)
	at org.apache.catalina.valves.ErrorReportValve.invoke(ErrorReportValve.java:102)
	at org.apache.catalina.valves.AccessLogValve.invoke(AccessLogValve.java:950)
	at org.apache.catalina.core.StandardEngineValve.invoke(StandardEngineValve.java:116)
	at org.apache.catalina.connector.CoyoteAdapter.service(CoyoteAdapter.java:408)
	at org.apache.coyote.http11.AbstractHttp11Processor.process(AbstractHttp11Processor.java:1040)
	at org.apache.coyote.AbstractProtocol$AbstractConnectionHandler.process(AbstractProtocol.java:607)
	at org.apache.tomcat.util.net.JIoEndpoint$SocketProcessor.run(JIoEndpoint.java:316)
	at java.util.concurrent.ThreadPoolExecutor.runWorker(ThreadPoolExecutor.java:1145)
	at java.util.concurrent.ThreadPoolExecutor$Worker.run(ThreadPoolExecutor.java:615)
	at org.apache.tomcat.util.threads.TaskThread$WrappingRunnable.run(TaskThread.java:61)
	at java.lang.Thread.run(Thread.java:745)


INFO 17:58:58.021 (FedoraTransactions) Commit transaction 'tx:3be39743-7e45-4380-8b27-5154dc886aa9'
INFO 17:58:58.212 (FedoraTransactions) Created transaction 'ef62d213-25c8-4aa9-8b7b-d3e649c01007'
WARN 17:58:58.403 (Errors) The following warnings have been detected: WARNING: Unknown HK2 failure detected:
MultiException stack 1 of 2
java.lang.OutOfMemoryError: unable to create new native thread
	at java.lang.Thread.start0(Native Method)
	at java.lang.Thread.start(Thread.java:714)
	at java.util.concurrent.ThreadPoolExecutor.addWorker(ThreadPoolExecutor.java:949)
	at java.util.concurrent.ThreadPoolExecutor.execute(ThreadPoolExecutor.java:1371)
	at org.modeshape.common.collection.ring.RingBuffer.addConsumer(RingBuffer.java:248)
	at org.modeshape.common.collection.ring.RingBuffer.addConsumer(RingBuffer.java:220)
	at org.modeshape.jcr.bus.RepositoryChangeBus.register(RepositoryChangeBus.java:79)
	at org.modeshape.jcr.JcrObservationManager.<init>(JcrObservationManager.java:174)
	at org.modeshape.jcr.JcrWorkspace.observationManager(JcrWorkspace.java:627)
	at org.modeshape.jcr.JcrWorkspace.getObservationManager(JcrWorkspace.java:619)
	at org.fcrepo.http.api.FedoraBaseResource.setUpJMSBaseURIs(FedoraBaseResource.java:81)
	at org.fcrepo.http.api.FedoraLdp.postConstruct(FedoraLdp.java:133)
	at sun.reflect.GeneratedMethodAccessor37.invoke(Unknown Source)
	at sun.reflect.DelegatingMethodAccessorImpl.invoke(DelegatingMethodAccessorImpl.java:43)
	at java.lang.reflect.Method.invoke(Method.java:606)
	at org.glassfish.hk2.utilities.reflection.ReflectionHelper.invoke(ReflectionHelper.java:1019)
	at org.jvnet.hk2.internal.ClazzCreator.postConstructMe(ClazzCreator.java:335)
	at org.jvnet.hk2.internal.ClazzCreator.create(ClazzCreator.java:377)
	at org.jvnet.hk2.internal.SystemDescriptor.create(SystemDescriptor.java:461)
	at org.glassfish.jersey.process.internal.RequestScope.findOrCreate(RequestScope.java:160)
	at org.jvnet.hk2.internal.Utilities.createService(Utilities.java:2268)
	at org.jvnet.hk2.internal.ServiceLocatorImpl.internalGetService(ServiceLocatorImpl.java:690)
	at org.jvnet.hk2.internal.ServiceLocatorImpl.getService(ServiceLocatorImpl.java:655)
	at org.glassfish.jersey.internal.inject.Injections.getOrCreate(Injections.java:169)
	at org.glassfish.jersey.server.model.MethodHandler$ClassBasedMethodHandler.getInstance(MethodHandler.java:185)
	at org.glassfish.jersey.server.internal.routing.PushMethodHandlerRouter.apply(PushMethodHandlerRouter.java:74)
	at org.glassfish.jersey.server.internal.routing.RoutingStage._apply(RoutingStage.java:112)
	at org.glassfish.jersey.server.internal.routing.RoutingStage._apply(RoutingStage.java:115)
	at org.glassfish.jersey.server.internal.routing.RoutingStage._apply(RoutingStage.java:115)
	at org.glassfish.jersey.server.internal.routing.RoutingStage._apply(RoutingStage.java:115)
	at org.glassfish.jersey.server.internal.routing.RoutingStage.apply(RoutingStage.java:94)
	at org.glassfish.jersey.server.internal.routing.RoutingStage.apply(RoutingStage.java:63)
	at org.glassfish.jersey.process.internal.Stages.process(Stages.java:197)
	at org.glassfish.jersey.server.ServerRuntime$1.run(ServerRuntime.java:263)
	at org.glassfish.jersey.internal.Errors$1.call(Errors.java:271)
	at org.glassfish.jersey.internal.Errors$1.call(Errors.java:267)
	at org.glassfish.jersey.internal.Errors.process(Errors.java:315)
	at org.glassfish.jersey.internal.Errors.process(Errors.java:297)
	at org.glassfish.jersey.internal.Errors.process(Errors.java:267)
	at org.glassfish.jersey.process.internal.RequestScope.runInScope(RequestScope.java:297)
	at org.glassfish.jersey.server.ServerRuntime.process(ServerRuntime.java:254)
	at org.glassfish.jersey.server.ApplicationHandler.handle(ApplicationHandler.java:1030)
	at org.glassfish.jersey.servlet.WebComponent.service(WebComponent.java:373)
	at org.glassfish.jersey.servlet.ServletContainer.service(ServletContainer.java:381)
	at org.glassfish.jersey.servlet.ServletContainer.service(ServletContainer.java:344)
	at org.glassfish.jersey.servlet.ServletContainer.service(ServletContainer.java:221)
	at org.apache.catalina.core.ApplicationFilterChain.internalDoFilter(ApplicationFilterChain.java:303)
	at org.apache.catalina.core.ApplicationFilterChain.doFilter(ApplicationFilterChain.java:208)
	at org.apache.catalina.core.StandardWrapperValve.invoke(StandardWrapperValve.java:220)
	at org.apache.catalina.core.StandardContextValve.invoke(StandardContextValve.java:122)
	at org.apache.catalina.authenticator.AuthenticatorBase.invoke(AuthenticatorBase.java:501)
	at org.apache.catalina.core.StandardHostValve.invoke(StandardHostValve.java:171)
	at org.apache.catalina.valves.ErrorReportValve.invoke(ErrorReportValve.java:102)
	at org.apache.catalina.valves.AccessLogValve.invoke(AccessLogValve.java:950)
	at org.apache.catalina.core.StandardEngineValve.invoke(StandardEngineValve.java:116)
	at org.apache.catalina.connector.CoyoteAdapter.service(CoyoteAdapter.java:408)
	at org.apache.coyote.http11.AbstractHttp11Processor.process(AbstractHttp11Processor.java:1040)
	at org.apache.coyote.AbstractProtocol$AbstractConnectionHandler.process(AbstractProtocol.java:607)
	at org.apache.tomcat.util.net.JIoEndpoint$SocketProcessor.run(JIoEndpoint.java:316)
	at java.util.concurrent.ThreadPoolExecutor.runWorker(ThreadPoolExecutor.java:1145)
	at java.util.concurrent.ThreadPoolExecutor$Worker.run(ThreadPoolExecutor.java:615)
	at org.apache.tomcat.util.threads.TaskThread$WrappingRunnable.run(TaskThread.java:61)
	at java.lang.Thread.run(Thread.java:745)
MultiException stack 2 of 2
java.lang.IllegalStateException: Unable to perform operation: post construct on org.fcrepo.http.api.FedoraLdp
	at org.jvnet.hk2.internal.ClazzCreator.create(ClazzCreator.java:395)
	at org.jvnet.hk2.internal.SystemDescriptor.create(SystemDescriptor.java:461)
	at org.glassfish.jersey.process.internal.RequestScope.findOrCreate(RequestScope.java:160)
	at org.jvnet.hk2.internal.Utilities.createService(Utilities.java:2268)
	at org.jvnet.hk2.internal.ServiceLocatorImpl.internalGetService(ServiceLocatorImpl.java:690)
	at org.jvnet.hk2.internal.ServiceLocatorImpl.getService(ServiceLocatorImpl.java:655)
	at org.glassfish.jersey.internal.inject.Injections.getOrCreate(Injections.java:169)
	at org.glassfish.jersey.server.model.MethodHandler$ClassBasedMethodHandler.getInstance(MethodHandler.java:185)
	at org.glassfish.jersey.server.internal.routing.PushMethodHandlerRouter.apply(PushMethodHandlerRouter.java:74)
	at org.glassfish.jersey.server.internal.routing.RoutingStage._apply(RoutingStage.java:112)
	at org.glassfish.jersey.server.internal.routing.RoutingStage._apply(RoutingStage.java:115)
	at org.glassfish.jersey.server.internal.routing.RoutingStage._apply(RoutingStage.java:115)
	at org.glassfish.jersey.server.internal.routing.RoutingStage._apply(RoutingStage.java:115)
	at org.glassfish.jersey.server.internal.routing.RoutingStage.apply(RoutingStage.java:94)
	at org.glassfish.jersey.server.internal.routing.RoutingStage.apply(RoutingStage.java:63)
	at org.glassfish.jersey.process.internal.Stages.process(Stages.java:197)
	at org.glassfish.jersey.server.ServerRuntime$1.run(ServerRuntime.java:263)
	at org.glassfish.jersey.internal.Errors$1.call(Errors.java:271)
	at org.glassfish.jersey.internal.Errors$1.call(Errors.java:267)
	at org.glassfish.jersey.internal.Errors.process(Errors.java:315)
	at org.glassfish.jersey.internal.Errors.process(Errors.java:297)
	at org.glassfish.jersey.internal.Errors.process(Errors.java:267)
	at org.glassfish.jersey.process.internal.RequestScope.runInScope(RequestScope.java:297)
	at org.glassfish.jersey.server.ServerRuntime.process(ServerRuntime.java:254)
	at org.glassfish.jersey.server.ApplicationHandler.handle(ApplicationHandler.java:1030)
	at org.glassfish.jersey.servlet.WebComponent.service(WebComponent.java:373)
	at org.glassfish.jersey.servlet.ServletContainer.service(ServletContainer.java:381)
	at org.glassfish.jersey.servlet.ServletContainer.service(ServletContainer.java:344)
	at org.glassfish.jersey.servlet.ServletContainer.service(ServletContainer.java:221)
	at org.apache.catalina.core.ApplicationFilterChain.internalDoFilter(ApplicationFilterChain.java:303)
	at org.apache.catalina.core.ApplicationFilterChain.doFilter(ApplicationFilterChain.java:208)
	at org.apache.catalina.core.StandardWrapperValve.invoke(StandardWrapperValve.java:220)
	at org.apache.catalina.core.StandardContextValve.invoke(StandardContextValve.java:122)
	at org.apache.catalina.authenticator.AuthenticatorBase.invoke(AuthenticatorBase.java:501)
	at org.apache.catalina.core.StandardHostValve.invoke(StandardHostValve.java:171)
	at org.apache.catalina.valves.ErrorReportValve.invoke(ErrorReportValve.java:102)
	at org.apache.catalina.valves.AccessLogValve.invoke(AccessLogValve.java:950)
	at org.apache.catalina.core.StandardEngineValve.invoke(StandardEngineValve.java:116)
	at org.apache.catalina.connector.CoyoteAdapter.service(CoyoteAdapter.java:408)
	at org.apache.coyote.http11.AbstractHttp11Processor.process(AbstractHttp11Processor.java:1040)
	at org.apache.coyote.AbstractProtocol$AbstractConnectionHandler.process(AbstractProtocol.java:607)
	at org.apache.tomcat.util.net.JIoEndpoint$SocketProcessor.run(JIoEndpoint.java:316)
	at java.util.concurrent.ThreadPoolExecutor.runWorker(ThreadPoolExecutor.java:1145)
	at java.util.concurrent.ThreadPoolExecutor$Worker.run(ThreadPoolExecutor.java:615)
	at org.apache.tomcat.util.threads.TaskThread$WrappingRunnable.run(TaskThread.java:61)
	at java.lang.Thread.run(Thread.java:745)


INFO 17:58:58.592 (FedoraTransactions) Commit transaction 'tx:ef62d213-25c8-4aa9-8b7b-d3e649c01007'
INFO 17:58:58.784 (FedoraTransactions) Created transaction 'cffe485e-90c0-45c8-9fcc-56d542b20a06'
WARN 17:58:58.983 (Errors) The following warnings have been detected: WARNING: Unknown HK2 failure detected:
MultiException stack 1 of 2
java.lang.OutOfMemoryError: unable to create new native thread
	at java.lang.Thread.start0(Native Method)
	at java.lang.Thread.start(Thread.java:714)
	at java.util.concurrent.ThreadPoolExecutor.addWorker(ThreadPoolExecutor.java:949)
	at java.util.concurrent.ThreadPoolExecutor.execute(ThreadPoolExecutor.java:1371)
	at org.modeshape.common.collection.ring.RingBuffer.addConsumer(RingBuffer.java:248)
	at org.modeshape.common.collection.ring.RingBuffer.addConsumer(RingBuffer.java:220)
	at org.modeshape.jcr.bus.RepositoryChangeBus.register(RepositoryChangeBus.java:79)
	at org.modeshape.jcr.JcrObservationManager.<init>(JcrObservationManager.java:174)
	at org.modeshape.jcr.JcrWorkspace.observationManager(JcrWorkspace.java:627)
	at org.modeshape.jcr.JcrWorkspace.getObservationManager(JcrWorkspace.java:619)
	at org.fcrepo.http.api.FedoraBaseResource.setUpJMSBaseURIs(FedoraBaseResource.java:81)
	at org.fcrepo.http.api.FedoraLdp.postConstruct(FedoraLdp.java:133)
	at sun.reflect.GeneratedMethodAccessor37.invoke(Unknown Source)
	at sun.reflect.DelegatingMethodAccessorImpl.invoke(DelegatingMethodAccessorImpl.java:43)
	at java.lang.reflect.Method.invoke(Method.java:606)
	at org.glassfish.hk2.utilities.reflection.ReflectionHelper.invoke(ReflectionHelper.java:1019)
	at org.jvnet.hk2.internal.ClazzCreator.postConstructMe(ClazzCreator.java:335)
	at org.jvnet.hk2.internal.ClazzCreator.create(ClazzCreator.java:377)
	at org.jvnet.hk2.internal.SystemDescriptor.create(SystemDescriptor.java:461)
	at org.glassfish.jersey.process.internal.RequestScope.findOrCreate(RequestScope.java:160)
	at org.jvnet.hk2.internal.Utilities.createService(Utilities.java:2268)
	at org.jvnet.hk2.internal.ServiceLocatorImpl.internalGetService(ServiceLocatorImpl.java:690)
	at org.jvnet.hk2.internal.ServiceLocatorImpl.getService(ServiceLocatorImpl.java:655)
	at org.glassfish.jersey.internal.inject.Injections.getOrCreate(Injections.java:169)
	at org.glassfish.jersey.server.model.MethodHandler$ClassBasedMethodHandler.getInstance(MethodHandler.java:185)
	at org.glassfish.jersey.server.internal.routing.PushMethodHandlerRouter.apply(PushMethodHandlerRouter.java:74)
	at org.glassfish.jersey.server.internal.routing.RoutingStage._apply(RoutingStage.java:112)
	at org.glassfish.jersey.server.internal.routing.RoutingStage._apply(RoutingStage.java:115)
	at org.glassfish.jersey.server.internal.routing.RoutingStage._apply(RoutingStage.java:115)
	at org.glassfish.jersey.server.internal.routing.RoutingStage._apply(RoutingStage.java:115)
	at org.glassfish.jersey.server.internal.routing.RoutingStage.apply(RoutingStage.java:94)
	at org.glassfish.jersey.server.internal.routing.RoutingStage.apply(RoutingStage.java:63)
	at org.glassfish.jersey.process.internal.Stages.process(Stages.java:197)
	at org.glassfish.jersey.server.ServerRuntime$1.run(ServerRuntime.java:263)
	at org.glassfish.jersey.internal.Errors$1.call(Errors.java:271)
	at org.glassfish.jersey.internal.Errors$1.call(Errors.java:267)
	at org.glassfish.jersey.internal.Errors.process(Errors.java:315)
	at org.glassfish.jersey.internal.Errors.process(Errors.java:297)
	at org.glassfish.jersey.internal.Errors.process(Errors.java:267)
	at org.glassfish.jersey.process.internal.RequestScope.runInScope(RequestScope.java:297)
	at org.glassfish.jersey.server.ServerRuntime.process(ServerRuntime.java:254)
	at org.glassfish.jersey.server.ApplicationHandler.handle(ApplicationHandler.java:1030)
	at org.glassfish.jersey.servlet.WebComponent.service(WebComponent.java:373)
	at org.glassfish.jersey.servlet.ServletContainer.service(ServletContainer.java:381)
	at org.glassfish.jersey.servlet.ServletContainer.service(ServletContainer.java:344)
	at org.glassfish.jersey.servlet.ServletContainer.service(ServletContainer.java:221)
	at org.apache.catalina.core.ApplicationFilterChain.internalDoFilter(ApplicationFilterChain.java:303)
	at org.apache.catalina.core.ApplicationFilterChain.doFilter(ApplicationFilterChain.java:208)
	at org.apache.catalina.core.StandardWrapperValve.invoke(StandardWrapperValve.java:220)
	at org.apache.catalina.core.StandardContextValve.invoke(StandardContextValve.java:122)
	at org.apache.catalina.authenticator.AuthenticatorBase.invoke(AuthenticatorBase.java:501)
	at org.apache.catalina.core.StandardHostValve.invoke(StandardHostValve.java:171)
	at org.apache.catalina.valves.ErrorReportValve.invoke(ErrorReportValve.java:102)
	at org.apache.catalina.valves.AccessLogValve.invoke(AccessLogValve.java:950)
	at org.apache.catalina.core.StandardEngineValve.invoke(StandardEngineValve.java:116)
	at org.apache.catalina.connector.CoyoteAdapter.service(CoyoteAdapter.java:408)
	at org.apache.coyote.http11.AbstractHttp11Processor.process(AbstractHttp11Processor.java:1040)
	at org.apache.coyote.AbstractProtocol$AbstractConnectionHandler.process(AbstractProtocol.java:607)
	at org.apache.tomcat.util.net.JIoEndpoint$SocketProcessor.run(JIoEndpoint.java:316)
	at java.util.concurrent.ThreadPoolExecutor.runWorker(ThreadPoolExecutor.java:1145)
	at java.util.concurrent.ThreadPoolExecutor$Worker.run(ThreadPoolExecutor.java:615)
	at org.apache.tomcat.util.threads.TaskThread$WrappingRunnable.run(TaskThread.java:61)
	at java.lang.Thread.run(Thread.java:745)
MultiException stack 2 of 2
java.lang.IllegalStateException: Unable to perform operation: post construct on org.fcrepo.http.api.FedoraLdp
	at org.jvnet.hk2.internal.ClazzCreator.create(ClazzCreator.java:395)
	at org.jvnet.hk2.internal.SystemDescriptor.create(SystemDescriptor.java:461)
	at org.glassfish.jersey.process.internal.RequestScope.findOrCreate(RequestScope.java:160)
	at org.jvnet.hk2.internal.Utilities.createService(Utilities.java:2268)
	at org.jvnet.hk2.internal.ServiceLocatorImpl.internalGetService(ServiceLocatorImpl.java:690)
	at org.jvnet.hk2.internal.ServiceLocatorImpl.getService(ServiceLocatorImpl.java:655)
	at org.glassfish.jersey.internal.inject.Injections.getOrCreate(Injections.java:169)
	at org.glassfish.jersey.server.model.MethodHandler$ClassBasedMethodHandler.getInstance(MethodHandler.java:185)
	at org.glassfish.jersey.server.internal.routing.PushMethodHandlerRouter.apply(PushMethodHandlerRouter.java:74)
	at org.glassfish.jersey.server.internal.routing.RoutingStage._apply(RoutingStage.java:112)
	at org.glassfish.jersey.server.internal.routing.RoutingStage._apply(RoutingStage.java:115)
	at org.glassfish.jersey.server.internal.routing.RoutingStage._apply(RoutingStage.java:115)
	at org.glassfish.jersey.server.internal.routing.RoutingStage._apply(RoutingStage.java:115)
	at org.glassfish.jersey.server.internal.routing.RoutingStage.apply(RoutingStage.java:94)
	at org.glassfish.jersey.server.internal.routing.RoutingStage.apply(RoutingStage.java:63)
	at org.glassfish.jersey.process.internal.Stages.process(Stages.java:197)
	at org.glassfish.jersey.server.ServerRuntime$1.run(ServerRuntime.java:263)
	at org.glassfish.jersey.internal.Errors$1.call(Errors.java:271)
	at org.glassfish.jersey.internal.Errors$1.call(Errors.java:267)
	at org.glassfish.jersey.internal.Errors.process(Errors.java:315)
	at org.glassfish.jersey.internal.Errors.process(Errors.java:297)
	at org.glassfish.jersey.internal.Errors.process(Errors.java:267)
	at org.glassfish.jersey.process.internal.RequestScope.runInScope(RequestScope.java:297)
	at org.glassfish.jersey.server.ServerRuntime.process(ServerRuntime.java:254)
	at org.glassfish.jersey.server.ApplicationHandler.handle(ApplicationHandler.java:1030)
	at org.glassfish.jersey.servlet.WebComponent.service(WebComponent.java:373)
	at org.glassfish.jersey.servlet.ServletContainer.service(ServletContainer.java:381)
	at org.glassfish.jersey.servlet.ServletContainer.service(ServletContainer.java:344)
	at org.glassfish.jersey.servlet.ServletContainer.service(ServletContainer.java:221)
	at org.apache.catalina.core.ApplicationFilterChain.internalDoFilter(ApplicationFilterChain.java:303)
	at org.apache.catalina.core.ApplicationFilterChain.doFilter(ApplicationFilterChain.java:208)
	at org.apache.catalina.core.StandardWrapperValve.invoke(StandardWrapperValve.java:220)
	at org.apache.catalina.core.StandardContextValve.invoke(StandardContextValve.java:122)
	at org.apache.catalina.authenticator.AuthenticatorBase.invoke(AuthenticatorBase.java:501)
	at org.apache.catalina.core.StandardHostValve.invoke(StandardHostValve.java:171)
	at org.apache.catalina.valves.ErrorReportValve.invoke(ErrorReportValve.java:102)
	at org.apache.catalina.valves.AccessLogValve.invoke(AccessLogValve.java:950)
	at org.apache.catalina.core.StandardEngineValve.invoke(StandardEngineValve.java:116)
	at org.apache.catalina.connector.CoyoteAdapter.service(CoyoteAdapter.java:408)
	at org.apache.coyote.http11.AbstractHttp11Processor.process(AbstractHttp11Processor.java:1040)
	at org.apache.coyote.AbstractProtocol$AbstractConnectionHandler.process(AbstractProtocol.java:607)
	at org.apache.tomcat.util.net.JIoEndpoint$SocketProcessor.run(JIoEndpoint.java:316)
	at java.util.concurrent.ThreadPoolExecutor.runWorker(ThreadPoolExecutor.java:1145)
	at java.util.concurrent.ThreadPoolExecutor$Worker.run(ThreadPoolExecutor.java:615)
	at org.apache.tomcat.util.threads.TaskThread$WrappingRunnable.run(TaskThread.java:61)
	at java.lang.Thread.run(Thread.java:745)


INFO 17:58:59.165 (FedoraTransactions) Commit transaction 'tx:cffe485e-90c0-45c8-9fcc-56d542b20a06'
INFO 17:58:59.356 (FedoraTransactions) Created transaction '43cb8e86-395e-4f09-a280-cbce7bc9ca77'
WARN 17:58:59.551 (Errors) The following warnings have been detected: WARNING: Unknown HK2 failure detected:
MultiException stack 1 of 2
java.lang.OutOfMemoryError: unable to create new native thread
	at java.lang.Thread.start0(Native Method)
	at java.lang.Thread.start(Thread.java:714)
	at java.util.concurrent.ThreadPoolExecutor.addWorker(ThreadPoolExecutor.java:949)
	at java.util.concurrent.ThreadPoolExecutor.execute(ThreadPoolExecutor.java:1371)
	at org.modeshape.common.collection.ring.RingBuffer.addConsumer(RingBuffer.java:248)
	at org.modeshape.common.collection.ring.RingBuffer.addConsumer(RingBuffer.java:220)
	at org.modeshape.jcr.bus.RepositoryChangeBus.register(RepositoryChangeBus.java:79)
	at org.modeshape.jcr.JcrObservationManager.<init>(JcrObservationManager.java:174)
	at org.modeshape.jcr.JcrWorkspace.observationManager(JcrWorkspace.java:627)
	at org.modeshape.jcr.JcrWorkspace.getObservationManager(JcrWorkspace.java:619)
	at org.fcrepo.http.api.FedoraBaseResource.setUpJMSBaseURIs(FedoraBaseResource.java:81)
	at org.fcrepo.http.api.FedoraLdp.postConstruct(FedoraLdp.java:133)
	at sun.reflect.GeneratedMethodAccessor37.invoke(Unknown Source)
	at sun.reflect.DelegatingMethodAccessorImpl.invoke(DelegatingMethodAccessorImpl.java:43)
	at java.lang.reflect.Method.invoke(Method.java:606)
	at org.glassfish.hk2.utilities.reflection.ReflectionHelper.invoke(ReflectionHelper.java:1019)
	at org.jvnet.hk2.internal.ClazzCreator.postConstructMe(ClazzCreator.java:335)
	at org.jvnet.hk2.internal.ClazzCreator.create(ClazzCreator.java:377)
	at org.jvnet.hk2.internal.SystemDescriptor.create(SystemDescriptor.java:461)
	at org.glassfish.jersey.process.internal.RequestScope.findOrCreate(RequestScope.java:160)
	at org.jvnet.hk2.internal.Utilities.createService(Utilities.java:2268)
	at org.jvnet.hk2.internal.ServiceLocatorImpl.internalGetService(ServiceLocatorImpl.java:690)
	at org.jvnet.hk2.internal.ServiceLocatorImpl.getService(ServiceLocatorImpl.java:655)
	at org.glassfish.jersey.internal.inject.Injections.getOrCreate(Injections.java:169)
	at org.glassfish.jersey.server.model.MethodHandler$ClassBasedMethodHandler.getInstance(MethodHandler.java:185)
	at org.glassfish.jersey.server.internal.routing.PushMethodHandlerRouter.apply(PushMethodHandlerRouter.java:74)
	at org.glassfish.jersey.server.internal.routing.RoutingStage._apply(RoutingStage.java:112)
	at org.glassfish.jersey.server.internal.routing.RoutingStage._apply(RoutingStage.java:115)
	at org.glassfish.jersey.server.internal.routing.RoutingStage._apply(RoutingStage.java:115)
	at org.glassfish.jersey.server.internal.routing.RoutingStage._apply(RoutingStage.java:115)
	at org.glassfish.jersey.server.internal.routing.RoutingStage.apply(RoutingStage.java:94)
	at org.glassfish.jersey.server.internal.routing.RoutingStage.apply(RoutingStage.java:63)
	at org.glassfish.jersey.process.internal.Stages.process(Stages.java:197)
	at org.glassfish.jersey.server.ServerRuntime$1.run(ServerRuntime.java:263)
	at org.glassfish.jersey.internal.Errors$1.call(Errors.java:271)
	at org.glassfish.jersey.internal.Errors$1.call(Errors.java:267)
	at org.glassfish.jersey.internal.Errors.process(Errors.java:315)
	at org.glassfish.jersey.internal.Errors.process(Errors.java:297)
	at org.glassfish.jersey.internal.Errors.process(Errors.java:267)
	at org.glassfish.jersey.process.internal.RequestScope.runInScope(RequestScope.java:297)
	at org.glassfish.jersey.server.ServerRuntime.process(ServerRuntime.java:254)
	at org.glassfish.jersey.server.ApplicationHandler.handle(ApplicationHandler.java:1030)
	at org.glassfish.jersey.servlet.WebComponent.service(WebComponent.java:373)
	at org.glassfish.jersey.servlet.ServletContainer.service(ServletContainer.java:381)
	at org.glassfish.jersey.servlet.ServletContainer.service(ServletContainer.java:344)
	at org.glassfish.jersey.servlet.ServletContainer.service(ServletContainer.java:221)
	at org.apache.catalina.core.ApplicationFilterChain.internalDoFilter(ApplicationFilterChain.java:303)
	at org.apache.catalina.core.ApplicationFilterChain.doFilter(ApplicationFilterChain.java:208)
	at org.apache.catalina.core.StandardWrapperValve.invoke(StandardWrapperValve.java:220)
	at org.apache.catalina.core.StandardContextValve.invoke(StandardContextValve.java:122)
	at org.apache.catalina.authenticator.AuthenticatorBase.invoke(AuthenticatorBase.java:501)
	at org.apache.catalina.core.StandardHostValve.invoke(StandardHostValve.java:171)
	at org.apache.catalina.valves.ErrorReportValve.invoke(ErrorReportValve.java:102)
	at org.apache.catalina.valves.AccessLogValve.invoke(AccessLogValve.java:950)
	at org.apache.catalina.core.StandardEngineValve.invoke(StandardEngineValve.java:116)
	at org.apache.catalina.connector.CoyoteAdapter.service(CoyoteAdapter.java:408)
	at org.apache.coyote.http11.AbstractHttp11Processor.process(AbstractHttp11Processor.java:1040)
	at org.apache.coyote.AbstractProtocol$AbstractConnectionHandler.process(AbstractProtocol.java:607)
	at org.apache.tomcat.util.net.JIoEndpoint$SocketProcessor.run(JIoEndpoint.java:316)
	at java.util.concurrent.ThreadPoolExecutor.runWorker(ThreadPoolExecutor.java:1145)
	at java.util.concurrent.ThreadPoolExecutor$Worker.run(ThreadPoolExecutor.java:615)
	at org.apache.tomcat.util.threads.TaskThread$WrappingRunnable.run(TaskThread.java:61)
	at java.lang.Thread.run(Thread.java:745)
MultiException stack 2 of 2
java.lang.IllegalStateException: Unable to perform operation: post construct on org.fcrepo.http.api.FedoraLdp
	at org.jvnet.hk2.internal.ClazzCreator.create(ClazzCreator.java:395)
	at org.jvnet.hk2.internal.SystemDescriptor.create(SystemDescriptor.java:461)
	at org.glassfish.jersey.process.internal.RequestScope.findOrCreate(RequestScope.java:160)
	at org.jvnet.hk2.internal.Utilities.createService(Utilities.java:2268)
	at org.jvnet.hk2.internal.ServiceLocatorImpl.internalGetService(ServiceLocatorImpl.java:690)
	at org.jvnet.hk2.internal.ServiceLocatorImpl.getService(ServiceLocatorImpl.java:655)
	at org.glassfish.jersey.internal.inject.Injections.getOrCreate(Injections.java:169)
	at org.glassfish.jersey.server.model.MethodHandler$ClassBasedMethodHandler.getInstance(MethodHandler.java:185)
	at org.glassfish.jersey.server.internal.routing.PushMethodHandlerRouter.apply(PushMethodHandlerRouter.java:74)
	at org.glassfish.jersey.server.internal.routing.RoutingStage._apply(RoutingStage.java:112)
	at org.glassfish.jersey.server.internal.routing.RoutingStage._apply(RoutingStage.java:115)
	at org.glassfish.jersey.server.internal.routing.RoutingStage._apply(RoutingStage.java:115)
	at org.glassfish.jersey.server.internal.routing.RoutingStage._apply(RoutingStage.java:115)
	at org.glassfish.jersey.server.internal.routing.RoutingStage.apply(RoutingStage.java:94)
	at org.glassfish.jersey.server.internal.routing.RoutingStage.apply(RoutingStage.java:63)
	at org.glassfish.jersey.process.internal.Stages.process(Stages.java:197)
	at org.glassfish.jersey.server.ServerRuntime$1.run(ServerRuntime.java:263)
	at org.glassfish.jersey.internal.Errors$1.call(Errors.java:271)
	at org.glassfish.jersey.internal.Errors$1.call(Errors.java:267)
	at org.glassfish.jersey.internal.Errors.process(Errors.java:315)
	at org.glassfish.jersey.internal.Errors.process(Errors.java:297)
	at org.glassfish.jersey.internal.Errors.process(Errors.java:267)
	at org.glassfish.jersey.process.internal.RequestScope.runInScope(RequestScope.java:297)
	at org.glassfish.jersey.server.ServerRuntime.process(ServerRuntime.java:254)
	at org.glassfish.jersey.server.ApplicationHandler.handle(ApplicationHandler.java:1030)
	at org.glassfish.jersey.servlet.WebComponent.service(WebComponent.java:373)
	at org.glassfish.jersey.servlet.ServletContainer.service(ServletContainer.java:381)
	at org.glassfish.jersey.servlet.ServletContainer.service(ServletContainer.java:344)
	at org.glassfish.jersey.servlet.ServletContainer.service(ServletContainer.java:221)
	at org.apache.catalina.core.ApplicationFilterChain.internalDoFilter(ApplicationFilterChain.java:303)
	at org.apache.catalina.core.ApplicationFilterChain.doFilter(ApplicationFilterChain.java:208)
	at org.apache.catalina.core.StandardWrapperValve.invoke(StandardWrapperValve.java:220)
	at org.apache.catalina.core.StandardContextValve.invoke(StandardContextValve.java:122)
	at org.apache.catalina.authenticator.AuthenticatorBase.invoke(AuthenticatorBase.java:501)
	at org.apache.catalina.core.StandardHostValve.invoke(StandardHostValve.java:171)
	at org.apache.catalina.valves.ErrorReportValve.invoke(ErrorReportValve.java:102)
	at org.apache.catalina.valves.AccessLogValve.invoke(AccessLogValve.java:950)
	at org.apache.catalina.core.StandardEngineValve.invoke(StandardEngineValve.java:116)
	at org.apache.catalina.connector.CoyoteAdapter.service(CoyoteAdapter.java:408)
	at org.apache.coyote.http11.AbstractHttp11Processor.process(AbstractHttp11Processor.java:1040)
	at org.apache.coyote.AbstractProtocol$AbstractConnectionHandler.process(AbstractProtocol.java:607)
	at org.apache.tomcat.util.net.JIoEndpoint$SocketProcessor.run(JIoEndpoint.java:316)
	at java.util.concurrent.ThreadPoolExecutor.runWorker(ThreadPoolExecutor.java:1145)
	at java.util.concurrent.ThreadPoolExecutor$Worker.run(ThreadPoolExecutor.java:615)
	at org.apache.tomcat.util.threads.TaskThread$WrappingRunnable.run(TaskThread.java:61)
	at java.lang.Thread.run(Thread.java:745)


INFO 17:58:59.745 (FedoraTransactions) Commit transaction 'tx:43cb8e86-395e-4f09-a280-cbce7bc9ca77'
INFO 17:58:59.937 (FedoraTransactions) Created transaction '819aed27-b0e6-4959-85b2-20d31a6d09ee'
WARN 17:59:00.129 (Errors) The following warnings have been detected: WARNING: Unknown HK2 failure detected:
MultiException stack 1 of 2
java.lang.OutOfMemoryError: unable to create new native thread
	at java.lang.Thread.start0(Native Method)
	at java.lang.Thread.start(Thread.java:714)
	at java.util.concurrent.ThreadPoolExecutor.addWorker(ThreadPoolExecutor.java:949)
	at java.util.concurrent.ThreadPoolExecutor.execute(ThreadPoolExecutor.java:1371)
	at org.modeshape.common.collection.ring.RingBuffer.addConsumer(RingBuffer.java:248)
	at org.modeshape.common.collection.ring.RingBuffer.addConsumer(RingBuffer.java:220)
	at org.modeshape.jcr.bus.RepositoryChangeBus.register(RepositoryChangeBus.java:79)
	at org.modeshape.jcr.JcrObservationManager.<init>(JcrObservationManager.java:174)
	at org.modeshape.jcr.JcrWorkspace.observationManager(JcrWorkspace.java:627)
	at org.modeshape.jcr.JcrWorkspace.getObservationManager(JcrWorkspace.java:619)
	at org.fcrepo.http.api.FedoraBaseResource.setUpJMSBaseURIs(FedoraBaseResource.java:81)
	at org.fcrepo.http.api.FedoraLdp.postConstruct(FedoraLdp.java:133)
	at sun.reflect.GeneratedMethodAccessor37.invoke(Unknown Source)
	at sun.reflect.DelegatingMethodAccessorImpl.invoke(DelegatingMethodAccessorImpl.java:43)
	at java.lang.reflect.Method.invoke(Method.java:606)
	at org.glassfish.hk2.utilities.reflection.ReflectionHelper.invoke(ReflectionHelper.java:1019)
	at org.jvnet.hk2.internal.ClazzCreator.postConstructMe(ClazzCreator.java:335)
	at org.jvnet.hk2.internal.ClazzCreator.create(ClazzCreator.java:377)
	at org.jvnet.hk2.internal.SystemDescriptor.create(SystemDescriptor.java:461)
	at org.glassfish.jersey.process.internal.RequestScope.findOrCreate(RequestScope.java:160)
	at org.jvnet.hk2.internal.Utilities.createService(Utilities.java:2268)
	at org.jvnet.hk2.internal.ServiceLocatorImpl.internalGetService(ServiceLocatorImpl.java:690)
	at org.jvnet.hk2.internal.ServiceLocatorImpl.getService(ServiceLocatorImpl.java:655)
	at org.glassfish.jersey.internal.inject.Injections.getOrCreate(Injections.java:169)
	at org.glassfish.jersey.server.model.MethodHandler$ClassBasedMethodHandler.getInstance(MethodHandler.java:185)
	at org.glassfish.jersey.server.internal.routing.PushMethodHandlerRouter.apply(PushMethodHandlerRouter.java:74)
	at org.glassfish.jersey.server.internal.routing.RoutingStage._apply(RoutingStage.java:112)
	at org.glassfish.jersey.server.internal.routing.RoutingStage._apply(RoutingStage.java:115)
	at org.glassfish.jersey.server.internal.routing.RoutingStage._apply(RoutingStage.java:115)
	at org.glassfish.jersey.server.internal.routing.RoutingStage._apply(RoutingStage.java:115)
	at org.glassfish.jersey.server.internal.routing.RoutingStage.apply(RoutingStage.java:94)
	at org.glassfish.jersey.server.internal.routing.RoutingStage.apply(RoutingStage.java:63)
	at org.glassfish.jersey.process.internal.Stages.process(Stages.java:197)
	at org.glassfish.jersey.server.ServerRuntime$1.run(ServerRuntime.java:263)
	at org.glassfish.jersey.internal.Errors$1.call(Errors.java:271)
	at org.glassfish.jersey.internal.Errors$1.call(Errors.java:267)
	at org.glassfish.jersey.internal.Errors.process(Errors.java:315)
	at org.glassfish.jersey.internal.Errors.process(Errors.java:297)
	at org.glassfish.jersey.internal.Errors.process(Errors.java:267)
	at org.glassfish.jersey.process.internal.RequestScope.runInScope(RequestScope.java:297)
	at org.glassfish.jersey.server.ServerRuntime.process(ServerRuntime.java:254)
	at org.glassfish.jersey.server.ApplicationHandler.handle(ApplicationHandler.java:1030)
	at org.glassfish.jersey.servlet.WebComponent.service(WebComponent.java:373)
	at org.glassfish.jersey.servlet.ServletContainer.service(ServletContainer.java:381)
	at org.glassfish.jersey.servlet.ServletContainer.service(ServletContainer.java:344)
	at org.glassfish.jersey.servlet.ServletContainer.service(ServletContainer.java:221)
	at org.apache.catalina.core.ApplicationFilterChain.internalDoFilter(ApplicationFilterChain.java:303)
	at org.apache.catalina.core.ApplicationFilterChain.doFilter(ApplicationFilterChain.java:208)
	at org.apache.catalina.core.StandardWrapperValve.invoke(StandardWrapperValve.java:220)
	at org.apache.catalina.core.StandardContextValve.invoke(StandardContextValve.java:122)
	at org.apache.catalina.authenticator.AuthenticatorBase.invoke(AuthenticatorBase.java:501)
	at org.apache.catalina.core.StandardHostValve.invoke(StandardHostValve.java:171)
	at org.apache.catalina.valves.ErrorReportValve.invoke(ErrorReportValve.java:102)
	at org.apache.catalina.valves.AccessLogValve.invoke(AccessLogValve.java:950)
	at org.apache.catalina.core.StandardEngineValve.invoke(StandardEngineValve.java:116)
	at org.apache.catalina.connector.CoyoteAdapter.service(CoyoteAdapter.java:408)
	at org.apache.coyote.http11.AbstractHttp11Processor.process(AbstractHttp11Processor.java:1040)
	at org.apache.coyote.AbstractProtocol$AbstractConnectionHandler.process(AbstractProtocol.java:607)
	at org.apache.tomcat.util.net.JIoEndpoint$SocketProcessor.run(JIoEndpoint.java:316)
	at java.util.concurrent.ThreadPoolExecutor.runWorker(ThreadPoolExecutor.java:1145)
	at java.util.concurrent.ThreadPoolExecutor$Worker.run(ThreadPoolExecutor.java:615)
	at org.apache.tomcat.util.threads.TaskThread$WrappingRunnable.run(TaskThread.java:61)
	at java.lang.Thread.run(Thread.java:745)
MultiException stack 2 of 2
java.lang.IllegalStateException: Unable to perform operation: post construct on org.fcrepo.http.api.FedoraLdp
	at org.jvnet.hk2.internal.ClazzCreator.create(ClazzCreator.java:395)
	at org.jvnet.hk2.internal.SystemDescriptor.create(SystemDescriptor.java:461)
	at org.glassfish.jersey.process.internal.RequestScope.findOrCreate(RequestScope.java:160)
	at org.jvnet.hk2.internal.Utilities.createService(Utilities.java:2268)
	at org.jvnet.hk2.internal.ServiceLocatorImpl.internalGetService(ServiceLocatorImpl.java:690)
	at org.jvnet.hk2.internal.ServiceLocatorImpl.getService(ServiceLocatorImpl.java:655)
	at org.glassfish.jersey.internal.inject.Injections.getOrCreate(Injections.java:169)
	at org.glassfish.jersey.server.model.MethodHandler$ClassBasedMethodHandler.getInstance(MethodHandler.java:185)
	at org.glassfish.jersey.server.internal.routing.PushMethodHandlerRouter.apply(PushMethodHandlerRouter.java:74)
	at org.glassfish.jersey.server.internal.routing.RoutingStage._apply(RoutingStage.java:112)
	at org.glassfish.jersey.server.internal.routing.RoutingStage._apply(RoutingStage.java:115)
	at org.glassfish.jersey.server.internal.routing.RoutingStage._apply(RoutingStage.java:115)
	at org.glassfish.jersey.server.internal.routing.RoutingStage._apply(RoutingStage.java:115)
	at org.glassfish.jersey.server.internal.routing.RoutingStage.apply(RoutingStage.java:94)
	at org.glassfish.jersey.server.internal.routing.RoutingStage.apply(RoutingStage.java:63)
	at org.glassfish.jersey.process.internal.Stages.process(Stages.java:197)
	at org.glassfish.jersey.server.ServerRuntime$1.run(ServerRuntime.java:263)
	at org.glassfish.jersey.internal.Errors$1.call(Errors.java:271)
	at org.glassfish.jersey.internal.Errors$1.call(Errors.java:267)
	at org.glassfish.jersey.internal.Errors.process(Errors.java:315)
	at org.glassfish.jersey.internal.Errors.process(Errors.java:297)
	at org.glassfish.jersey.internal.Errors.process(Errors.java:267)
	at org.glassfish.jersey.process.internal.RequestScope.runInScope(RequestScope.java:297)
	at org.glassfish.jersey.server.ServerRuntime.process(ServerRuntime.java:254)
	at org.glassfish.jersey.server.ApplicationHandler.handle(ApplicationHandler.java:1030)
	at org.glassfish.jersey.servlet.WebComponent.service(WebComponent.java:373)
	at org.glassfish.jersey.servlet.ServletContainer.service(ServletContainer.java:381)
	at org.glassfish.jersey.servlet.ServletContainer.service(ServletContainer.java:344)
	at org.glassfish.jersey.servlet.ServletContainer.service(ServletContainer.java:221)
	at org.apache.catalina.core.ApplicationFilterChain.internalDoFilter(ApplicationFilterChain.java:303)
	at org.apache.catalina.core.ApplicationFilterChain.doFilter(ApplicationFilterChain.java:208)
	at org.apache.catalina.core.StandardWrapperValve.invoke(StandardWrapperValve.java:220)
	at org.apache.catalina.core.StandardContextValve.invoke(StandardContextValve.java:122)
	at org.apache.catalina.authenticator.AuthenticatorBase.invoke(AuthenticatorBase.java:501)
	at org.apache.catalina.core.StandardHostValve.invoke(StandardHostValve.java:171)
	at org.apache.catalina.valves.ErrorReportValve.invoke(ErrorReportValve.java:102)
	at org.apache.catalina.valves.AccessLogValve.invoke(AccessLogValve.java:950)
	at org.apache.catalina.core.StandardEngineValve.invoke(StandardEngineValve.java:116)
	at org.apache.catalina.connector.CoyoteAdapter.service(CoyoteAdapter.java:408)
	at org.apache.coyote.http11.AbstractHttp11Processor.process(AbstractHttp11Processor.java:1040)
	at org.apache.coyote.AbstractProtocol$AbstractConnectionHandler.process(AbstractProtocol.java:607)
	at org.apache.tomcat.util.net.JIoEndpoint$SocketProcessor.run(JIoEndpoint.java:316)
	at java.util.concurrent.ThreadPoolExecutor.runWorker(ThreadPoolExecutor.java:1145)
	at java.util.concurrent.ThreadPoolExecutor$Worker.run(ThreadPoolExecutor.java:615)
	at org.apache.tomcat.util.threads.TaskThread$WrappingRunnable.run(TaskThread.java:61)
	at java.lang.Thread.run(Thread.java:745)


INFO 17:59:00.315 (FedoraTransactions) Commit transaction 'tx:819aed27-b0e6-4959-85b2-20d31a6d09ee'
INFO 17:59:00.508 (FedoraTransactions) Created transaction 'b13f42c6-c1b4-4e28-8189-6e6b835a995a'
WARN 17:59:00.704 (Errors) The following warnings have been detected: WARNING: Unknown HK2 failure detected:
MultiException stack 1 of 2
java.lang.OutOfMemoryError: unable to create new native thread
	at java.lang.Thread.start0(Native Method)
	at java.lang.Thread.start(Thread.java:714)
	at java.util.concurrent.ThreadPoolExecutor.addWorker(ThreadPoolExecutor.java:949)
	at java.util.concurrent.ThreadPoolExecutor.execute(ThreadPoolExecutor.java:1371)
	at org.modeshape.common.collection.ring.RingBuffer.addConsumer(RingBuffer.java:248)
	at org.modeshape.common.collection.ring.RingBuffer.addConsumer(RingBuffer.java:220)
	at org.modeshape.jcr.bus.RepositoryChangeBus.register(RepositoryChangeBus.java:79)
	at org.modeshape.jcr.JcrObservationManager.<init>(JcrObservationManager.java:174)
	at org.modeshape.jcr.JcrWorkspace.observationManager(JcrWorkspace.java:627)
	at org.modeshape.jcr.JcrWorkspace.getObservationManager(JcrWorkspace.java:619)
	at org.fcrepo.http.api.FedoraBaseResource.setUpJMSBaseURIs(FedoraBaseResource.java:81)
	at org.fcrepo.http.api.FedoraLdp.postConstruct(FedoraLdp.java:133)
	at sun.reflect.GeneratedMethodAccessor37.invoke(Unknown Source)
	at sun.reflect.DelegatingMethodAccessorImpl.invoke(DelegatingMethodAccessorImpl.java:43)
	at java.lang.reflect.Method.invoke(Method.java:606)
	at org.glassfish.hk2.utilities.reflection.ReflectionHelper.invoke(ReflectionHelper.java:1019)
	at org.jvnet.hk2.internal.ClazzCreator.postConstructMe(ClazzCreator.java:335)
	at org.jvnet.hk2.internal.ClazzCreator.create(ClazzCreator.java:377)
	at org.jvnet.hk2.internal.SystemDescriptor.create(SystemDescriptor.java:461)
	at org.glassfish.jersey.process.internal.RequestScope.findOrCreate(RequestScope.java:160)
	at org.jvnet.hk2.internal.Utilities.createService(Utilities.java:2268)
	at org.jvnet.hk2.internal.ServiceLocatorImpl.internalGetService(ServiceLocatorImpl.java:690)
	at org.jvnet.hk2.internal.ServiceLocatorImpl.getService(ServiceLocatorImpl.java:655)
	at org.glassfish.jersey.internal.inject.Injections.getOrCreate(Injections.java:169)
	at org.glassfish.jersey.server.model.MethodHandler$ClassBasedMethodHandler.getInstance(MethodHandler.java:185)
	at org.glassfish.jersey.server.internal.routing.PushMethodHandlerRouter.apply(PushMethodHandlerRouter.java:74)
	at org.glassfish.jersey.server.internal.routing.RoutingStage._apply(RoutingStage.java:112)
	at org.glassfish.jersey.server.internal.routing.RoutingStage._apply(RoutingStage.java:115)
	at org.glassfish.jersey.server.internal.routing.RoutingStage._apply(RoutingStage.java:115)
	at org.glassfish.jersey.server.internal.routing.RoutingStage._apply(RoutingStage.java:115)
	at org.glassfish.jersey.server.internal.routing.RoutingStage.apply(RoutingStage.java:94)
	at org.glassfish.jersey.server.internal.routing.RoutingStage.apply(RoutingStage.java:63)
	at org.glassfish.jersey.process.internal.Stages.process(Stages.java:197)
	at org.glassfish.jersey.server.ServerRuntime$1.run(ServerRuntime.java:263)
	at org.glassfish.jersey.internal.Errors$1.call(Errors.java:271)
	at org.glassfish.jersey.internal.Errors$1.call(Errors.java:267)
	at org.glassfish.jersey.internal.Errors.process(Errors.java:315)
	at org.glassfish.jersey.internal.Errors.process(Errors.java:297)
	at org.glassfish.jersey.internal.Errors.process(Errors.java:267)
	at org.glassfish.jersey.process.internal.RequestScope.runInScope(RequestScope.java:297)
	at org.glassfish.jersey.server.ServerRuntime.process(ServerRuntime.java:254)
	at org.glassfish.jersey.server.ApplicationHandler.handle(ApplicationHandler.java:1030)
	at org.glassfish.jersey.servlet.WebComponent.service(WebComponent.java:373)
	at org.glassfish.jersey.servlet.ServletContainer.service(ServletContainer.java:381)
	at org.glassfish.jersey.servlet.ServletContainer.service(ServletContainer.java:344)
	at org.glassfish.jersey.servlet.ServletContainer.service(ServletContainer.java:221)
	at org.apache.catalina.core.ApplicationFilterChain.internalDoFilter(ApplicationFilterChain.java:303)
	at org.apache.catalina.core.ApplicationFilterChain.doFilter(ApplicationFilterChain.java:208)
	at org.apache.catalina.core.StandardWrapperValve.invoke(StandardWrapperValve.java:220)
	at org.apache.catalina.core.StandardContextValve.invoke(StandardContextValve.java:122)
	at org.apache.catalina.authenticator.AuthenticatorBase.invoke(AuthenticatorBase.java:501)
	at org.apache.catalina.core.StandardHostValve.invoke(StandardHostValve.java:171)
	at org.apache.catalina.valves.ErrorReportValve.invoke(ErrorReportValve.java:102)
	at org.apache.catalina.valves.AccessLogValve.invoke(AccessLogValve.java:950)
	at org.apache.catalina.core.StandardEngineValve.invoke(StandardEngineValve.java:116)
	at org.apache.catalina.connector.CoyoteAdapter.service(CoyoteAdapter.java:408)
	at org.apache.coyote.http11.AbstractHttp11Processor.process(AbstractHttp11Processor.java:1040)
	at org.apache.coyote.AbstractProtocol$AbstractConnectionHandler.process(AbstractProtocol.java:607)
	at org.apache.tomcat.util.net.JIoEndpoint$SocketProcessor.run(JIoEndpoint.java:316)
	at java.util.concurrent.ThreadPoolExecutor.runWorker(ThreadPoolExecutor.java:1145)
	at java.util.concurrent.ThreadPoolExecutor$Worker.run(ThreadPoolExecutor.java:615)
	at org.apache.tomcat.util.threads.TaskThread$WrappingRunnable.run(TaskThread.java:61)
	at java.lang.Thread.run(Thread.java:745)
MultiException stack 2 of 2
java.lang.IllegalStateException: Unable to perform operation: post construct on org.fcrepo.http.api.FedoraLdp
	at org.jvnet.hk2.internal.ClazzCreator.create(ClazzCreator.java:395)
	at org.jvnet.hk2.internal.SystemDescriptor.create(SystemDescriptor.java:461)
	at org.glassfish.jersey.process.internal.RequestScope.findOrCreate(RequestScope.java:160)
	at org.jvnet.hk2.internal.Utilities.createService(Utilities.java:2268)
	at org.jvnet.hk2.internal.ServiceLocatorImpl.internalGetService(ServiceLocatorImpl.java:690)
	at org.jvnet.hk2.internal.ServiceLocatorImpl.getService(ServiceLocatorImpl.java:655)
	at org.glassfish.jersey.internal.inject.Injections.getOrCreate(Injections.java:169)
	at org.glassfish.jersey.server.model.MethodHandler$ClassBasedMethodHandler.getInstance(MethodHandler.java:185)
	at org.glassfish.jersey.server.internal.routing.PushMethodHandlerRouter.apply(PushMethodHandlerRouter.java:74)
	at org.glassfish.jersey.server.internal.routing.RoutingStage._apply(RoutingStage.java:112)
	at org.glassfish.jersey.server.internal.routing.RoutingStage._apply(RoutingStage.java:115)
	at org.glassfish.jersey.server.internal.routing.RoutingStage._apply(RoutingStage.java:115)
	at org.glassfish.jersey.server.internal.routing.RoutingStage._apply(RoutingStage.java:115)
	at org.glassfish.jersey.server.internal.routing.RoutingStage.apply(RoutingStage.java:94)
	at org.glassfish.jersey.server.internal.routing.RoutingStage.apply(RoutingStage.java:63)
	at org.glassfish.jersey.process.internal.Stages.process(Stages.java:197)
	at org.glassfish.jersey.server.ServerRuntime$1.run(ServerRuntime.java:263)
	at org.glassfish.jersey.internal.Errors$1.call(Errors.java:271)
	at org.glassfish.jersey.internal.Errors$1.call(Errors.java:267)
	at org.glassfish.jersey.internal.Errors.process(Errors.java:315)
	at org.glassfish.jersey.internal.Errors.process(Errors.java:297)
	at org.glassfish.jersey.internal.Errors.process(Errors.java:267)
	at org.glassfish.jersey.process.internal.RequestScope.runInScope(RequestScope.java:297)
	at org.glassfish.jersey.server.ServerRuntime.process(ServerRuntime.java:254)
	at org.glassfish.jersey.server.ApplicationHandler.handle(ApplicationHandler.java:1030)
	at org.glassfish.jersey.servlet.WebComponent.service(WebComponent.java:373)
	at org.glassfish.jersey.servlet.ServletContainer.service(ServletContainer.java:381)
	at org.glassfish.jersey.servlet.ServletContainer.service(ServletContainer.java:344)
	at org.glassfish.jersey.servlet.ServletContainer.service(ServletContainer.java:221)
	at org.apache.catalina.core.ApplicationFilterChain.internalDoFilter(ApplicationFilterChain.java:303)
	at org.apache.catalina.core.ApplicationFilterChain.doFilter(ApplicationFilterChain.java:208)
	at org.apache.catalina.core.StandardWrapperValve.invoke(StandardWrapperValve.java:220)
	at org.apache.catalina.core.StandardContextValve.invoke(StandardContextValve.java:122)
	at org.apache.catalina.authenticator.AuthenticatorBase.invoke(AuthenticatorBase.java:501)
	at org.apache.catalina.core.StandardHostValve.invoke(StandardHostValve.java:171)
	at org.apache.catalina.valves.ErrorReportValve.invoke(ErrorReportValve.java:102)
	at org.apache.catalina.valves.AccessLogValve.invoke(AccessLogValve.java:950)
	at org.apache.catalina.core.StandardEngineValve.invoke(StandardEngineValve.java:116)
	at org.apache.catalina.connector.CoyoteAdapter.service(CoyoteAdapter.java:408)
	at org.apache.coyote.http11.AbstractHttp11Processor.process(AbstractHttp11Processor.java:1040)
	at org.apache.coyote.AbstractProtocol$AbstractConnectionHandler.process(AbstractProtocol.java:607)
	at org.apache.tomcat.util.net.JIoEndpoint$SocketProcessor.run(JIoEndpoint.java:316)
	at java.util.concurrent.ThreadPoolExecutor.runWorker(ThreadPoolExecutor.java:1145)
	at java.util.concurrent.ThreadPoolExecutor$Worker.run(ThreadPoolExecutor.java:615)
	at org.apache.tomcat.util.threads.TaskThread$WrappingRunnable.run(TaskThread.java:61)
	at java.lang.Thread.run(Thread.java:745)


INFO 17:59:00.894 (FedoraTransactions) Commit transaction 'tx:b13f42c6-c1b4-4e28-8189-6e6b835a995a'
INFO 17:59:01.085 (FedoraTransactions) Created transaction '9f80431d-2f75-453d-8195-4cffac8532e0'
WARN 17:59:01.273 (Errors) The following warnings have been detected: WARNING: Unknown HK2 failure detected:
MultiException stack 1 of 2
java.lang.OutOfMemoryError: unable to create new native thread
	at java.lang.Thread.start0(Native Method)
	at java.lang.Thread.start(Thread.java:714)
	at java.util.concurrent.ThreadPoolExecutor.addWorker(ThreadPoolExecutor.java:949)
	at java.util.concurrent.ThreadPoolExecutor.execute(ThreadPoolExecutor.java:1371)
	at org.modeshape.common.collection.ring.RingBuffer.addConsumer(RingBuffer.java:248)
	at org.modeshape.common.collection.ring.RingBuffer.addConsumer(RingBuffer.java:220)
	at org.modeshape.jcr.bus.RepositoryChangeBus.register(RepositoryChangeBus.java:79)
	at org.modeshape.jcr.JcrObservationManager.<init>(JcrObservationManager.java:174)
	at org.modeshape.jcr.JcrWorkspace.observationManager(JcrWorkspace.java:627)
	at org.modeshape.jcr.JcrWorkspace.getObservationManager(JcrWorkspace.java:619)
	at org.fcrepo.http.api.FedoraBaseResource.setUpJMSBaseURIs(FedoraBaseResource.java:81)
	at org.fcrepo.http.api.FedoraLdp.postConstruct(FedoraLdp.java:133)
	at sun.reflect.GeneratedMethodAccessor37.invoke(Unknown Source)
	at sun.reflect.DelegatingMethodAccessorImpl.invoke(DelegatingMethodAccessorImpl.java:43)
	at java.lang.reflect.Method.invoke(Method.java:606)
	at org.glassfish.hk2.utilities.reflection.ReflectionHelper.invoke(ReflectionHelper.java:1019)
	at org.jvnet.hk2.internal.ClazzCreator.postConstructMe(ClazzCreator.java:335)
	at org.jvnet.hk2.internal.ClazzCreator.create(ClazzCreator.java:377)
	at org.jvnet.hk2.internal.SystemDescriptor.create(SystemDescriptor.java:461)
	at org.glassfish.jersey.process.internal.RequestScope.findOrCreate(RequestScope.java:160)
	at org.jvnet.hk2.internal.Utilities.createService(Utilities.java:2268)
	at org.jvnet.hk2.internal.ServiceLocatorImpl.internalGetService(ServiceLocatorImpl.java:690)
	at org.jvnet.hk2.internal.ServiceLocatorImpl.getService(ServiceLocatorImpl.java:655)
	at org.glassfish.jersey.internal.inject.Injections.getOrCreate(Injections.java:169)
	at org.glassfish.jersey.server.model.MethodHandler$ClassBasedMethodHandler.getInstance(MethodHandler.java:185)
	at org.glassfish.jersey.server.internal.routing.PushMethodHandlerRouter.apply(PushMethodHandlerRouter.java:74)
	at org.glassfish.jersey.server.internal.routing.RoutingStage._apply(RoutingStage.java:112)
	at org.glassfish.jersey.server.internal.routing.RoutingStage._apply(RoutingStage.java:115)
	at org.glassfish.jersey.server.internal.routing.RoutingStage._apply(RoutingStage.java:115)
	at org.glassfish.jersey.server.internal.routing.RoutingStage._apply(RoutingStage.java:115)
	at org.glassfish.jersey.server.internal.routing.RoutingStage.apply(RoutingStage.java:94)
	at org.glassfish.jersey.server.internal.routing.RoutingStage.apply(RoutingStage.java:63)
	at org.glassfish.jersey.process.internal.Stages.process(Stages.java:197)
	at org.glassfish.jersey.server.ServerRuntime$1.run(ServerRuntime.java:263)
	at org.glassfish.jersey.internal.Errors$1.call(Errors.java:271)
	at org.glassfish.jersey.internal.Errors$1.call(Errors.java:267)
	at org.glassfish.jersey.internal.Errors.process(Errors.java:315)
	at org.glassfish.jersey.internal.Errors.process(Errors.java:297)
	at org.glassfish.jersey.internal.Errors.process(Errors.java:267)
	at org.glassfish.jersey.process.internal.RequestScope.runInScope(RequestScope.java:297)
	at org.glassfish.jersey.server.ServerRuntime.process(ServerRuntime.java:254)
	at org.glassfish.jersey.server.ApplicationHandler.handle(ApplicationHandler.java:1030)
	at org.glassfish.jersey.servlet.WebComponent.service(WebComponent.java:373)
	at org.glassfish.jersey.servlet.ServletContainer.service(ServletContainer.java:381)
	at org.glassfish.jersey.servlet.ServletContainer.service(ServletContainer.java:344)
	at org.glassfish.jersey.servlet.ServletContainer.service(ServletContainer.java:221)
	at org.apache.catalina.core.ApplicationFilterChain.internalDoFilter(ApplicationFilterChain.java:303)
	at org.apache.catalina.core.ApplicationFilterChain.doFilter(ApplicationFilterChain.java:208)
	at org.apache.catalina.core.StandardWrapperValve.invoke(StandardWrapperValve.java:220)
	at org.apache.catalina.core.StandardContextValve.invoke(StandardContextValve.java:122)
	at org.apache.catalina.authenticator.AuthenticatorBase.invoke(AuthenticatorBase.java:501)
	at org.apache.catalina.core.StandardHostValve.invoke(StandardHostValve.java:171)
	at org.apache.catalina.valves.ErrorReportValve.invoke(ErrorReportValve.java:102)
	at org.apache.catalina.valves.AccessLogValve.invoke(AccessLogValve.java:950)
	at org.apache.catalina.core.StandardEngineValve.invoke(StandardEngineValve.java:116)
	at org.apache.catalina.connector.CoyoteAdapter.service(CoyoteAdapter.java:408)
	at org.apache.coyote.http11.AbstractHttp11Processor.process(AbstractHttp11Processor.java:1040)
	at org.apache.coyote.AbstractProtocol$AbstractConnectionHandler.process(AbstractProtocol.java:607)
	at org.apache.tomcat.util.net.JIoEndpoint$SocketProcessor.run(JIoEndpoint.java:316)
	at java.util.concurrent.ThreadPoolExecutor.runWorker(ThreadPoolExecutor.java:1145)
	at java.util.concurrent.ThreadPoolExecutor$Worker.run(ThreadPoolExecutor.java:615)
	at org.apache.tomcat.util.threads.TaskThread$WrappingRunnable.run(TaskThread.java:61)
	at java.lang.Thread.run(Thread.java:745)
MultiException stack 2 of 2
java.lang.IllegalStateException: Unable to perform operation: post construct on org.fcrepo.http.api.FedoraLdp
	at org.jvnet.hk2.internal.ClazzCreator.create(ClazzCreator.java:395)
	at org.jvnet.hk2.internal.SystemDescriptor.create(SystemDescriptor.java:461)
	at org.glassfish.jersey.process.internal.RequestScope.findOrCreate(RequestScope.java:160)
	at org.jvnet.hk2.internal.Utilities.createService(Utilities.java:2268)
	at org.jvnet.hk2.internal.ServiceLocatorImpl.internalGetService(ServiceLocatorImpl.java:690)
	at org.jvnet.hk2.internal.ServiceLocatorImpl.getService(ServiceLocatorImpl.java:655)
	at org.glassfish.jersey.internal.inject.Injections.getOrCreate(Injections.java:169)
	at org.glassfish.jersey.server.model.MethodHandler$ClassBasedMethodHandler.getInstance(MethodHandler.java:185)
	at org.glassfish.jersey.server.internal.routing.PushMethodHandlerRouter.apply(PushMethodHandlerRouter.java:74)
	at org.glassfish.jersey.server.internal.routing.RoutingStage._apply(RoutingStage.java:112)
	at org.glassfish.jersey.server.internal.routing.RoutingStage._apply(RoutingStage.java:115)
	at org.glassfish.jersey.server.internal.routing.RoutingStage._apply(RoutingStage.java:115)
	at org.glassfish.jersey.server.internal.routing.RoutingStage._apply(RoutingStage.java:115)
	at org.glassfish.jersey.server.internal.routing.RoutingStage.apply(RoutingStage.java:94)
	at org.glassfish.jersey.server.internal.routing.RoutingStage.apply(RoutingStage.java:63)
	at org.glassfish.jersey.process.internal.Stages.process(Stages.java:197)
	at org.glassfish.jersey.server.ServerRuntime$1.run(ServerRuntime.java:263)
	at org.glassfish.jersey.internal.Errors$1.call(Errors.java:271)
	at org.glassfish.jersey.internal.Errors$1.call(Errors.java:267)
	at org.glassfish.jersey.internal.Errors.process(Errors.java:315)
	at org.glassfish.jersey.internal.Errors.process(Errors.java:297)
	at org.glassfish.jersey.internal.Errors.process(Errors.java:267)
	at org.glassfish.jersey.process.internal.RequestScope.runInScope(RequestScope.java:297)
	at org.glassfish.jersey.server.ServerRuntime.process(ServerRuntime.java:254)
	at org.glassfish.jersey.server.ApplicationHandler.handle(ApplicationHandler.java:1030)
	at org.glassfish.jersey.servlet.WebComponent.service(WebComponent.java:373)
	at org.glassfish.jersey.servlet.ServletContainer.service(ServletContainer.java:381)
	at org.glassfish.jersey.servlet.ServletContainer.service(ServletContainer.java:344)
	at org.glassfish.jersey.servlet.ServletContainer.service(ServletContainer.java:221)
	at org.apache.catalina.core.ApplicationFilterChain.internalDoFilter(ApplicationFilterChain.java:303)
	at org.apache.catalina.core.ApplicationFilterChain.doFilter(ApplicationFilterChain.java:208)
	at org.apache.catalina.core.StandardWrapperValve.invoke(StandardWrapperValve.java:220)
	at org.apache.catalina.core.StandardContextValve.invoke(StandardContextValve.java:122)
	at org.apache.catalina.authenticator.AuthenticatorBase.invoke(AuthenticatorBase.java:501)
	at org.apache.catalina.core.StandardHostValve.invoke(StandardHostValve.java:171)
	at org.apache.catalina.valves.ErrorReportValve.invoke(ErrorReportValve.java:102)
	at org.apache.catalina.valves.AccessLogValve.invoke(AccessLogValve.java:950)
	at org.apache.catalina.core.StandardEngineValve.invoke(StandardEngineValve.java:116)
	at org.apache.catalina.connector.CoyoteAdapter.service(CoyoteAdapter.java:408)
	at org.apache.coyote.http11.AbstractHttp11Processor.process(AbstractHttp11Processor.java:1040)
	at org.apache.coyote.AbstractProtocol$AbstractConnectionHandler.process(AbstractProtocol.java:607)
	at org.apache.tomcat.util.net.JIoEndpoint$SocketProcessor.run(JIoEndpoint.java:316)
	at java.util.concurrent.ThreadPoolExecutor.runWorker(ThreadPoolExecutor.java:1145)
	at java.util.concurrent.ThreadPoolExecutor$Worker.run(ThreadPoolExecutor.java:615)
	at org.apache.tomcat.util.threads.TaskThread$WrappingRunnable.run(TaskThread.java:61)
	at java.lang.Thread.run(Thread.java:745)


INFO 17:59:01.465 (FedoraTransactions) Commit transaction 'tx:9f80431d-2f75-453d-8195-4cffac8532e0'
INFO 17:59:01.653 (FedoraTransactions) Created transaction 'e7f9b4c4-428f-4873-8930-291ece99338e'
WARN 17:59:01.842 (Errors) The following warnings have been detected: WARNING: Unknown HK2 failure detected:
MultiException stack 1 of 2
java.lang.OutOfMemoryError: unable to create new native thread
	at java.lang.Thread.start0(Native Method)
	at java.lang.Thread.start(Thread.java:714)
	at java.util.concurrent.ThreadPoolExecutor.addWorker(ThreadPoolExecutor.java:949)
	at java.util.concurrent.ThreadPoolExecutor.execute(ThreadPoolExecutor.java:1371)
	at org.modeshape.common.collection.ring.RingBuffer.addConsumer(RingBuffer.java:248)
	at org.modeshape.common.collection.ring.RingBuffer.addConsumer(RingBuffer.java:220)
	at org.modeshape.jcr.bus.RepositoryChangeBus.register(RepositoryChangeBus.java:79)
	at org.modeshape.jcr.JcrObservationManager.<init>(JcrObservationManager.java:174)
	at org.modeshape.jcr.JcrWorkspace.observationManager(JcrWorkspace.java:627)
	at org.modeshape.jcr.JcrWorkspace.getObservationManager(JcrWorkspace.java:619)
	at org.fcrepo.http.api.FedoraBaseResource.setUpJMSBaseURIs(FedoraBaseResource.java:81)
	at org.fcrepo.http.api.FedoraLdp.postConstruct(FedoraLdp.java:133)
	at sun.reflect.GeneratedMethodAccessor37.invoke(Unknown Source)
	at sun.reflect.DelegatingMethodAccessorImpl.invoke(DelegatingMethodAccessorImpl.java:43)
	at java.lang.reflect.Method.invoke(Method.java:606)
	at org.glassfish.hk2.utilities.reflection.ReflectionHelper.invoke(ReflectionHelper.java:1019)
	at org.jvnet.hk2.internal.ClazzCreator.postConstructMe(ClazzCreator.java:335)
	at org.jvnet.hk2.internal.ClazzCreator.create(ClazzCreator.java:377)
	at org.jvnet.hk2.internal.SystemDescriptor.create(SystemDescriptor.java:461)
	at org.glassfish.jersey.process.internal.RequestScope.findOrCreate(RequestScope.java:160)
	at org.jvnet.hk2.internal.Utilities.createService(Utilities.java:2268)
	at org.jvnet.hk2.internal.ServiceLocatorImpl.internalGetService(ServiceLocatorImpl.java:690)
	at org.jvnet.hk2.internal.ServiceLocatorImpl.getService(ServiceLocatorImpl.java:655)
	at org.glassfish.jersey.internal.inject.Injections.getOrCreate(Injections.java:169)
	at org.glassfish.jersey.server.model.MethodHandler$ClassBasedMethodHandler.getInstance(MethodHandler.java:185)
	at org.glassfish.jersey.server.internal.routing.PushMethodHandlerRouter.apply(PushMethodHandlerRouter.java:74)
	at org.glassfish.jersey.server.internal.routing.RoutingStage._apply(RoutingStage.java:112)
	at org.glassfish.jersey.server.internal.routing.RoutingStage._apply(RoutingStage.java:115)
	at org.glassfish.jersey.server.internal.routing.RoutingStage._apply(RoutingStage.java:115)
	at org.glassfish.jersey.server.internal.routing.RoutingStage._apply(RoutingStage.java:115)
	at org.glassfish.jersey.server.internal.routing.RoutingStage.apply(RoutingStage.java:94)
	at org.glassfish.jersey.server.internal.routing.RoutingStage.apply(RoutingStage.java:63)
	at org.glassfish.jersey.process.internal.Stages.process(Stages.java:197)
	at org.glassfish.jersey.server.ServerRuntime$1.run(ServerRuntime.java:263)
	at org.glassfish.jersey.internal.Errors$1.call(Errors.java:271)
	at org.glassfish.jersey.internal.Errors$1.call(Errors.java:267)
	at org.glassfish.jersey.internal.Errors.process(Errors.java:315)
	at org.glassfish.jersey.internal.Errors.process(Errors.java:297)
	at org.glassfish.jersey.internal.Errors.process(Errors.java:267)
	at org.glassfish.jersey.process.internal.RequestScope.runInScope(RequestScope.java:297)
	at org.glassfish.jersey.server.ServerRuntime.process(ServerRuntime.java:254)
	at org.glassfish.jersey.server.ApplicationHandler.handle(ApplicationHandler.java:1030)
	at org.glassfish.jersey.servlet.WebComponent.service(WebComponent.java:373)
	at org.glassfish.jersey.servlet.ServletContainer.service(ServletContainer.java:381)
	at org.glassfish.jersey.servlet.ServletContainer.service(ServletContainer.java:344)
	at org.glassfish.jersey.servlet.ServletContainer.service(ServletContainer.java:221)
	at org.apache.catalina.core.ApplicationFilterChain.internalDoFilter(ApplicationFilterChain.java:303)
	at org.apache.catalina.core.ApplicationFilterChain.doFilter(ApplicationFilterChain.java:208)
	at org.apache.catalina.core.StandardWrapperValve.invoke(StandardWrapperValve.java:220)
	at org.apache.catalina.core.StandardContextValve.invoke(StandardContextValve.java:122)
	at org.apache.catalina.authenticator.AuthenticatorBase.invoke(AuthenticatorBase.java:501)
	at org.apache.catalina.core.StandardHostValve.invoke(StandardHostValve.java:171)
	at org.apache.catalina.valves.ErrorReportValve.invoke(ErrorReportValve.java:102)
	at org.apache.catalina.valves.AccessLogValve.invoke(AccessLogValve.java:950)
	at org.apache.catalina.core.StandardEngineValve.invoke(StandardEngineValve.java:116)
	at org.apache.catalina.connector.CoyoteAdapter.service(CoyoteAdapter.java:408)
	at org.apache.coyote.http11.AbstractHttp11Processor.process(AbstractHttp11Processor.java:1040)
	at org.apache.coyote.AbstractProtocol$AbstractConnectionHandler.process(AbstractProtocol.java:607)
	at org.apache.tomcat.util.net.JIoEndpoint$SocketProcessor.run(JIoEndpoint.java:316)
	at java.util.concurrent.ThreadPoolExecutor.runWorker(ThreadPoolExecutor.java:1145)
	at java.util.concurrent.ThreadPoolExecutor$Worker.run(ThreadPoolExecutor.java:615)
	at org.apache.tomcat.util.threads.TaskThread$WrappingRunnable.run(TaskThread.java:61)
	at java.lang.Thread.run(Thread.java:745)
MultiException stack 2 of 2
java.lang.IllegalStateException: Unable to perform operation: post construct on org.fcrepo.http.api.FedoraLdp
	at org.jvnet.hk2.internal.ClazzCreator.create(ClazzCreator.java:395)
	at org.jvnet.hk2.internal.SystemDescriptor.create(SystemDescriptor.java:461)
	at org.glassfish.jersey.process.internal.RequestScope.findOrCreate(RequestScope.java:160)
	at org.jvnet.hk2.internal.Utilities.createService(Utilities.java:2268)
	at org.jvnet.hk2.internal.ServiceLocatorImpl.internalGetService(ServiceLocatorImpl.java:690)
	at org.jvnet.hk2.internal.ServiceLocatorImpl.getService(ServiceLocatorImpl.java:655)
	at org.glassfish.jersey.internal.inject.Injections.getOrCreate(Injections.java:169)
	at org.glassfish.jersey.server.model.MethodHandler$ClassBasedMethodHandler.getInstance(MethodHandler.java:185)
	at org.glassfish.jersey.server.internal.routing.PushMethodHandlerRouter.apply(PushMethodHandlerRouter.java:74)
	at org.glassfish.jersey.server.internal.routing.RoutingStage._apply(RoutingStage.java:112)
	at org.glassfish.jersey.server.internal.routing.RoutingStage._apply(RoutingStage.java:115)
	at org.glassfish.jersey.server.internal.routing.RoutingStage._apply(RoutingStage.java:115)
	at org.glassfish.jersey.server.internal.routing.RoutingStage._apply(RoutingStage.java:115)
	at org.glassfish.jersey.server.internal.routing.RoutingStage.apply(RoutingStage.java:94)
	at org.glassfish.jersey.server.internal.routing.RoutingStage.apply(RoutingStage.java:63)
	at org.glassfish.jersey.process.internal.Stages.process(Stages.java:197)
	at org.glassfish.jersey.server.ServerRuntime$1.run(ServerRuntime.java:263)
	at org.glassfish.jersey.internal.Errors$1.call(Errors.java:271)
	at org.glassfish.jersey.internal.Errors$1.call(Errors.java:267)
	at org.glassfish.jersey.internal.Errors.process(Errors.java:315)
	at org.glassfish.jersey.internal.Errors.process(Errors.java:297)
	at org.glassfish.jersey.internal.Errors.process(Errors.java:267)
	at org.glassfish.jersey.process.internal.RequestScope.runInScope(RequestScope.java:297)
	at org.glassfish.jersey.server.ServerRuntime.process(ServerRuntime.java:254)
	at org.glassfish.jersey.server.ApplicationHandler.handle(ApplicationHandler.java:1030)
	at org.glassfish.jersey.servlet.WebComponent.service(WebComponent.java:373)
	at org.glassfish.jersey.servlet.ServletContainer.service(ServletContainer.java:381)
	at org.glassfish.jersey.servlet.ServletContainer.service(ServletContainer.java:344)
	at org.glassfish.jersey.servlet.ServletContainer.service(ServletContainer.java:221)
	at org.apache.catalina.core.ApplicationFilterChain.internalDoFilter(ApplicationFilterChain.java:303)
	at org.apache.catalina.core.ApplicationFilterChain.doFilter(ApplicationFilterChain.java:208)
	at org.apache.catalina.core.StandardWrapperValve.invoke(StandardWrapperValve.java:220)
	at org.apache.catalina.core.StandardContextValve.invoke(StandardContextValve.java:122)
	at org.apache.catalina.authenticator.AuthenticatorBase.invoke(AuthenticatorBase.java:501)
	at org.apache.catalina.core.StandardHostValve.invoke(StandardHostValve.java:171)
	at org.apache.catalina.valves.ErrorReportValve.invoke(ErrorReportValve.java:102)
	at org.apache.catalina.valves.AccessLogValve.invoke(AccessLogValve.java:950)
	at org.apache.catalina.core.StandardEngineValve.invoke(StandardEngineValve.java:116)
	at org.apache.catalina.connector.CoyoteAdapter.service(CoyoteAdapter.java:408)
	at org.apache.coyote.http11.AbstractHttp11Processor.process(AbstractHttp11Processor.java:1040)
	at org.apache.coyote.AbstractProtocol$AbstractConnectionHandler.process(AbstractProtocol.java:607)
	at org.apache.tomcat.util.net.JIoEndpoint$SocketProcessor.run(JIoEndpoint.java:316)
	at java.util.concurrent.ThreadPoolExecutor.runWorker(ThreadPoolExecutor.java:1145)
	at java.util.concurrent.ThreadPoolExecutor$Worker.run(ThreadPoolExecutor.java:615)
	at org.apache.tomcat.util.threads.TaskThread$WrappingRunnable.run(TaskThread.java:61)
	at java.lang.Thread.run(Thread.java:745)


INFO 17:59:02.023 (FedoraTransactions) Commit transaction 'tx:e7f9b4c4-428f-4873-8930-291ece99338e'
INFO 17:59:02.212 (FedoraTransactions) Created transaction '13388a8f-e98d-4dab-9aea-11e966507e28'
WARN 17:59:02.406 (Errors) The following warnings have been detected: WARNING: Unknown HK2 failure detected:
MultiException stack 1 of 2
java.lang.OutOfMemoryError: unable to create new native thread
	at java.lang.Thread.start0(Native Method)
	at java.lang.Thread.start(Thread.java:714)
	at java.util.concurrent.ThreadPoolExecutor.addWorker(ThreadPoolExecutor.java:949)
	at java.util.concurrent.ThreadPoolExecutor.execute(ThreadPoolExecutor.java:1371)
	at org.modeshape.common.collection.ring.RingBuffer.addConsumer(RingBuffer.java:248)
	at org.modeshape.common.collection.ring.RingBuffer.addConsumer(RingBuffer.java:220)
	at org.modeshape.jcr.bus.RepositoryChangeBus.register(RepositoryChangeBus.java:79)
	at org.modeshape.jcr.JcrObservationManager.<init>(JcrObservationManager.java:174)
	at org.modeshape.jcr.JcrWorkspace.observationManager(JcrWorkspace.java:627)
	at org.modeshape.jcr.JcrWorkspace.getObservationManager(JcrWorkspace.java:619)
	at org.fcrepo.http.api.FedoraBaseResource.setUpJMSBaseURIs(FedoraBaseResource.java:81)
	at org.fcrepo.http.api.FedoraLdp.postConstruct(FedoraLdp.java:133)
	at sun.reflect.GeneratedMethodAccessor37.invoke(Unknown Source)
	at sun.reflect.DelegatingMethodAccessorImpl.invoke(DelegatingMethodAccessorImpl.java:43)
	at java.lang.reflect.Method.invoke(Method.java:606)
	at org.glassfish.hk2.utilities.reflection.ReflectionHelper.invoke(ReflectionHelper.java:1019)
	at org.jvnet.hk2.internal.ClazzCreator.postConstructMe(ClazzCreator.java:335)
	at org.jvnet.hk2.internal.ClazzCreator.create(ClazzCreator.java:377)
	at org.jvnet.hk2.internal.SystemDescriptor.create(SystemDescriptor.java:461)
	at org.glassfish.jersey.process.internal.RequestScope.findOrCreate(RequestScope.java:160)
	at org.jvnet.hk2.internal.Utilities.createService(Utilities.java:2268)
	at org.jvnet.hk2.internal.ServiceLocatorImpl.internalGetService(ServiceLocatorImpl.java:690)
	at org.jvnet.hk2.internal.ServiceLocatorImpl.getService(ServiceLocatorImpl.java:655)
	at org.glassfish.jersey.internal.inject.Injections.getOrCreate(Injections.java:169)
	at org.glassfish.jersey.server.model.MethodHandler$ClassBasedMethodHandler.getInstance(MethodHandler.java:185)
	at org.glassfish.jersey.server.internal.routing.PushMethodHandlerRouter.apply(PushMethodHandlerRouter.java:74)
	at org.glassfish.jersey.server.internal.routing.RoutingStage._apply(RoutingStage.java:112)
	at org.glassfish.jersey.server.internal.routing.RoutingStage._apply(RoutingStage.java:115)
	at org.glassfish.jersey.server.internal.routing.RoutingStage._apply(RoutingStage.java:115)
	at org.glassfish.jersey.server.internal.routing.RoutingStage._apply(RoutingStage.java:115)
	at org.glassfish.jersey.server.internal.routing.RoutingStage.apply(RoutingStage.java:94)
	at org.glassfish.jersey.server.internal.routing.RoutingStage.apply(RoutingStage.java:63)
	at org.glassfish.jersey.process.internal.Stages.process(Stages.java:197)
	at org.glassfish.jersey.server.ServerRuntime$1.run(ServerRuntime.java:263)
	at org.glassfish.jersey.internal.Errors$1.call(Errors.java:271)
	at org.glassfish.jersey.internal.Errors$1.call(Errors.java:267)
	at org.glassfish.jersey.internal.Errors.process(Errors.java:315)
	at org.glassfish.jersey.internal.Errors.process(Errors.java:297)
	at org.glassfish.jersey.internal.Errors.process(Errors.java:267)
	at org.glassfish.jersey.process.internal.RequestScope.runInScope(RequestScope.java:297)
	at org.glassfish.jersey.server.ServerRuntime.process(ServerRuntime.java:254)
	at org.glassfish.jersey.server.ApplicationHandler.handle(ApplicationHandler.java:1030)
	at org.glassfish.jersey.servlet.WebComponent.service(WebComponent.java:373)
	at org.glassfish.jersey.servlet.ServletContainer.service(ServletContainer.java:381)
	at org.glassfish.jersey.servlet.ServletContainer.service(ServletContainer.java:344)
	at org.glassfish.jersey.servlet.ServletContainer.service(ServletContainer.java:221)
	at org.apache.catalina.core.ApplicationFilterChain.internalDoFilter(ApplicationFilterChain.java:303)
	at org.apache.catalina.core.ApplicationFilterChain.doFilter(ApplicationFilterChain.java:208)
	at org.apache.catalina.core.StandardWrapperValve.invoke(StandardWrapperValve.java:220)
	at org.apache.catalina.core.StandardContextValve.invoke(StandardContextValve.java:122)
	at org.apache.catalina.authenticator.AuthenticatorBase.invoke(AuthenticatorBase.java:501)
	at org.apache.catalina.core.StandardHostValve.invoke(StandardHostValve.java:171)
	at org.apache.catalina.valves.ErrorReportValve.invoke(ErrorReportValve.java:102)
	at org.apache.catalina.valves.AccessLogValve.invoke(AccessLogValve.java:950)
	at org.apache.catalina.core.StandardEngineValve.invoke(StandardEngineValve.java:116)
	at org.apache.catalina.connector.CoyoteAdapter.service(CoyoteAdapter.java:408)
	at org.apache.coyote.http11.AbstractHttp11Processor.process(AbstractHttp11Processor.java:1040)
	at org.apache.coyote.AbstractProtocol$AbstractConnectionHandler.process(AbstractProtocol.java:607)
	at org.apache.tomcat.util.net.JIoEndpoint$SocketProcessor.run(JIoEndpoint.java:316)
	at java.util.concurrent.ThreadPoolExecutor.runWorker(ThreadPoolExecutor.java:1145)
	at java.util.concurrent.ThreadPoolExecutor$Worker.run(ThreadPoolExecutor.java:615)
	at org.apache.tomcat.util.threads.TaskThread$WrappingRunnable.run(TaskThread.java:61)
	at java.lang.Thread.run(Thread.java:745)
MultiException stack 2 of 2
java.lang.IllegalStateException: Unable to perform operation: post construct on org.fcrepo.http.api.FedoraLdp
	at org.jvnet.hk2.internal.ClazzCreator.create(ClazzCreator.java:395)
	at org.jvnet.hk2.internal.SystemDescriptor.create(SystemDescriptor.java:461)
	at org.glassfish.jersey.process.internal.RequestScope.findOrCreate(RequestScope.java:160)
	at org.jvnet.hk2.internal.Utilities.createService(Utilities.java:2268)
	at org.jvnet.hk2.internal.ServiceLocatorImpl.internalGetService(ServiceLocatorImpl.java:690)
	at org.jvnet.hk2.internal.ServiceLocatorImpl.getService(ServiceLocatorImpl.java:655)
	at org.glassfish.jersey.internal.inject.Injections.getOrCreate(Injections.java:169)
	at org.glassfish.jersey.server.model.MethodHandler$ClassBasedMethodHandler.getInstance(MethodHandler.java:185)
	at org.glassfish.jersey.server.internal.routing.PushMethodHandlerRouter.apply(PushMethodHandlerRouter.java:74)
	at org.glassfish.jersey.server.internal.routing.RoutingStage._apply(RoutingStage.java:112)
	at org.glassfish.jersey.server.internal.routing.RoutingStage._apply(RoutingStage.java:115)
	at org.glassfish.jersey.server.internal.routing.RoutingStage._apply(RoutingStage.java:115)
	at org.glassfish.jersey.server.internal.routing.RoutingStage._apply(RoutingStage.java:115)
	at org.glassfish.jersey.server.internal.routing.RoutingStage.apply(RoutingStage.java:94)
	at org.glassfish.jersey.server.internal.routing.RoutingStage.apply(RoutingStage.java:63)
	at org.glassfish.jersey.process.internal.Stages.process(Stages.java:197)
	at org.glassfish.jersey.server.ServerRuntime$1.run(ServerRuntime.java:263)
	at org.glassfish.jersey.internal.Errors$1.call(Errors.java:271)
	at org.glassfish.jersey.internal.Errors$1.call(Errors.java:267)
	at org.glassfish.jersey.internal.Errors.process(Errors.java:315)
	at org.glassfish.jersey.internal.Errors.process(Errors.java:297)
	at org.glassfish.jersey.internal.Errors.process(Errors.java:267)
	at org.glassfish.jersey.process.internal.RequestScope.runInScope(RequestScope.java:297)
	at org.glassfish.jersey.server.ServerRuntime.process(ServerRuntime.java:254)
	at org.glassfish.jersey.server.ApplicationHandler.handle(ApplicationHandler.java:1030)
	at org.glassfish.jersey.servlet.WebComponent.service(WebComponent.java:373)
	at org.glassfish.jersey.servlet.ServletContainer.service(ServletContainer.java:381)
	at org.glassfish.jersey.servlet.ServletContainer.service(ServletContainer.java:344)
	at org.glassfish.jersey.servlet.ServletContainer.service(ServletContainer.java:221)
	at org.apache.catalina.core.ApplicationFilterChain.internalDoFilter(ApplicationFilterChain.java:303)
	at org.apache.catalina.core.ApplicationFilterChain.doFilter(ApplicationFilterChain.java:208)
	at org.apache.catalina.core.StandardWrapperValve.invoke(StandardWrapperValve.java:220)
	at org.apache.catalina.core.StandardContextValve.invoke(StandardContextValve.java:122)
	at org.apache.catalina.authenticator.AuthenticatorBase.invoke(AuthenticatorBase.java:501)
	at org.apache.catalina.core.StandardHostValve.invoke(StandardHostValve.java:171)
	at org.apache.catalina.valves.ErrorReportValve.invoke(ErrorReportValve.java:102)
	at org.apache.catalina.valves.AccessLogValve.invoke(AccessLogValve.java:950)
	at org.apache.catalina.core.StandardEngineValve.invoke(StandardEngineValve.java:116)
	at org.apache.catalina.connector.CoyoteAdapter.service(CoyoteAdapter.java:408)
	at org.apache.coyote.http11.AbstractHttp11Processor.process(AbstractHttp11Processor.java:1040)
	at org.apache.coyote.AbstractProtocol$AbstractConnectionHandler.process(AbstractProtocol.java:607)
	at org.apache.tomcat.util.net.JIoEndpoint$SocketProcessor.run(JIoEndpoint.java:316)
	at java.util.concurrent.ThreadPoolExecutor.runWorker(ThreadPoolExecutor.java:1145)
	at java.util.concurrent.ThreadPoolExecutor$Worker.run(ThreadPoolExecutor.java:615)
	at org.apache.tomcat.util.threads.TaskThread$WrappingRunnable.run(TaskThread.java:61)
	at java.lang.Thread.run(Thread.java:745)


INFO 17:59:02.592 (FedoraTransactions) Commit transaction 'tx:13388a8f-e98d-4dab-9aea-11e966507e28'
INFO 17:59:02.791 (FedoraTransactions) Created transaction '36af2aa6-bf14-4db2-8261-f63471ce9832'
WARN 17:59:02.984 (Errors) The following warnings have been detected: WARNING: Unknown HK2 failure detected:
MultiException stack 1 of 2
java.lang.OutOfMemoryError: unable to create new native thread
	at java.lang.Thread.start0(Native Method)
	at java.lang.Thread.start(Thread.java:714)
	at java.util.concurrent.ThreadPoolExecutor.addWorker(ThreadPoolExecutor.java:949)
	at java.util.concurrent.ThreadPoolExecutor.execute(ThreadPoolExecutor.java:1371)
	at org.modeshape.common.collection.ring.RingBuffer.addConsumer(RingBuffer.java:248)
	at org.modeshape.common.collection.ring.RingBuffer.addConsumer(RingBuffer.java:220)
	at org.modeshape.jcr.bus.RepositoryChangeBus.register(RepositoryChangeBus.java:79)
	at org.modeshape.jcr.JcrObservationManager.<init>(JcrObservationManager.java:174)
	at org.modeshape.jcr.JcrWorkspace.observationManager(JcrWorkspace.java:627)
	at org.modeshape.jcr.JcrWorkspace.getObservationManager(JcrWorkspace.java:619)
	at org.fcrepo.http.api.FedoraBaseResource.setUpJMSBaseURIs(FedoraBaseResource.java:81)
	at org.fcrepo.http.api.FedoraLdp.postConstruct(FedoraLdp.java:133)
	at sun.reflect.GeneratedMethodAccessor37.invoke(Unknown Source)
	at sun.reflect.DelegatingMethodAccessorImpl.invoke(DelegatingMethodAccessorImpl.java:43)
	at java.lang.reflect.Method.invoke(Method.java:606)
	at org.glassfish.hk2.utilities.reflection.ReflectionHelper.invoke(ReflectionHelper.java:1019)
	at org.jvnet.hk2.internal.ClazzCreator.postConstructMe(ClazzCreator.java:335)
	at org.jvnet.hk2.internal.ClazzCreator.create(ClazzCreator.java:377)
	at org.jvnet.hk2.internal.SystemDescriptor.create(SystemDescriptor.java:461)
	at org.glassfish.jersey.process.internal.RequestScope.findOrCreate(RequestScope.java:160)
	at org.jvnet.hk2.internal.Utilities.createService(Utilities.java:2268)
	at org.jvnet.hk2.internal.ServiceLocatorImpl.internalGetService(ServiceLocatorImpl.java:690)
	at org.jvnet.hk2.internal.ServiceLocatorImpl.getService(ServiceLocatorImpl.java:655)
	at org.glassfish.jersey.internal.inject.Injections.getOrCreate(Injections.java:169)
	at org.glassfish.jersey.server.model.MethodHandler$ClassBasedMethodHandler.getInstance(MethodHandler.java:185)
	at org.glassfish.jersey.server.internal.routing.PushMethodHandlerRouter.apply(PushMethodHandlerRouter.java:74)
	at org.glassfish.jersey.server.internal.routing.RoutingStage._apply(RoutingStage.java:112)
	at org.glassfish.jersey.server.internal.routing.RoutingStage._apply(RoutingStage.java:115)
	at org.glassfish.jersey.server.internal.routing.RoutingStage._apply(RoutingStage.java:115)
	at org.glassfish.jersey.server.internal.routing.RoutingStage._apply(RoutingStage.java:115)
	at org.glassfish.jersey.server.internal.routing.RoutingStage.apply(RoutingStage.java:94)
	at org.glassfish.jersey.server.internal.routing.RoutingStage.apply(RoutingStage.java:63)
	at org.glassfish.jersey.process.internal.Stages.process(Stages.java:197)
	at org.glassfish.jersey.server.ServerRuntime$1.run(ServerRuntime.java:263)
	at org.glassfish.jersey.internal.Errors$1.call(Errors.java:271)
	at org.glassfish.jersey.internal.Errors$1.call(Errors.java:267)
	at org.glassfish.jersey.internal.Errors.process(Errors.java:315)
	at org.glassfish.jersey.internal.Errors.process(Errors.java:297)
	at org.glassfish.jersey.internal.Errors.process(Errors.java:267)
	at org.glassfish.jersey.process.internal.RequestScope.runInScope(RequestScope.java:297)
	at org.glassfish.jersey.server.ServerRuntime.process(ServerRuntime.java:254)
	at org.glassfish.jersey.server.ApplicationHandler.handle(ApplicationHandler.java:1030)
	at org.glassfish.jersey.servlet.WebComponent.service(WebComponent.java:373)
	at org.glassfish.jersey.servlet.ServletContainer.service(ServletContainer.java:381)
	at org.glassfish.jersey.servlet.ServletContainer.service(ServletContainer.java:344)
	at org.glassfish.jersey.servlet.ServletContainer.service(ServletContainer.java:221)
	at org.apache.catalina.core.ApplicationFilterChain.internalDoFilter(ApplicationFilterChain.java:303)
	at org.apache.catalina.core.ApplicationFilterChain.doFilter(ApplicationFilterChain.java:208)
	at org.apache.catalina.core.StandardWrapperValve.invoke(StandardWrapperValve.java:220)
	at org.apache.catalina.core.StandardContextValve.invoke(StandardContextValve.java:122)
	at org.apache.catalina.authenticator.AuthenticatorBase.invoke(AuthenticatorBase.java:501)
	at org.apache.catalina.core.StandardHostValve.invoke(StandardHostValve.java:171)
	at org.apache.catalina.valves.ErrorReportValve.invoke(ErrorReportValve.java:102)
	at org.apache.catalina.valves.AccessLogValve.invoke(AccessLogValve.java:950)
	at org.apache.catalina.core.StandardEngineValve.invoke(StandardEngineValve.java:116)
	at org.apache.catalina.connector.CoyoteAdapter.service(CoyoteAdapter.java:408)
	at org.apache.coyote.http11.AbstractHttp11Processor.process(AbstractHttp11Processor.java:1040)
	at org.apache.coyote.AbstractProtocol$AbstractConnectionHandler.process(AbstractProtocol.java:607)
	at org.apache.tomcat.util.net.JIoEndpoint$SocketProcessor.run(JIoEndpoint.java:316)
	at java.util.concurrent.ThreadPoolExecutor.runWorker(ThreadPoolExecutor.java:1145)
	at java.util.concurrent.ThreadPoolExecutor$Worker.run(ThreadPoolExecutor.java:615)
	at org.apache.tomcat.util.threads.TaskThread$WrappingRunnable.run(TaskThread.java:61)
	at java.lang.Thread.run(Thread.java:745)
MultiException stack 2 of 2
java.lang.IllegalStateException: Unable to perform operation: post construct on org.fcrepo.http.api.FedoraLdp
	at org.jvnet.hk2.internal.ClazzCreator.create(ClazzCreator.java:395)
	at org.jvnet.hk2.internal.SystemDescriptor.create(SystemDescriptor.java:461)
	at org.glassfish.jersey.process.internal.RequestScope.findOrCreate(RequestScope.java:160)
	at org.jvnet.hk2.internal.Utilities.createService(Utilities.java:2268)
	at org.jvnet.hk2.internal.ServiceLocatorImpl.internalGetService(ServiceLocatorImpl.java:690)
	at org.jvnet.hk2.internal.ServiceLocatorImpl.getService(ServiceLocatorImpl.java:655)
	at org.glassfish.jersey.internal.inject.Injections.getOrCreate(Injections.java:169)
	at org.glassfish.jersey.server.model.MethodHandler$ClassBasedMethodHandler.getInstance(MethodHandler.java:185)
	at org.glassfish.jersey.server.internal.routing.PushMethodHandlerRouter.apply(PushMethodHandlerRouter.java:74)
	at org.glassfish.jersey.server.internal.routing.RoutingStage._apply(RoutingStage.java:112)
	at org.glassfish.jersey.server.internal.routing.RoutingStage._apply(RoutingStage.java:115)
	at org.glassfish.jersey.server.internal.routing.RoutingStage._apply(RoutingStage.java:115)
	at org.glassfish.jersey.server.internal.routing.RoutingStage._apply(RoutingStage.java:115)
	at org.glassfish.jersey.server.internal.routing.RoutingStage.apply(RoutingStage.java:94)
	at org.glassfish.jersey.server.internal.routing.RoutingStage.apply(RoutingStage.java:63)
	at org.glassfish.jersey.process.internal.Stages.process(Stages.java:197)
	at org.glassfish.jersey.server.ServerRuntime$1.run(ServerRuntime.java:263)
	at org.glassfish.jersey.internal.Errors$1.call(Errors.java:271)
	at org.glassfish.jersey.internal.Errors$1.call(Errors.java:267)
	at org.glassfish.jersey.internal.Errors.process(Errors.java:315)
	at org.glassfish.jersey.internal.Errors.process(Errors.java:297)
	at org.glassfish.jersey.internal.Errors.process(Errors.java:267)
	at org.glassfish.jersey.process.internal.RequestScope.runInScope(RequestScope.java:297)
	at org.glassfish.jersey.server.ServerRuntime.process(ServerRuntime.java:254)
	at org.glassfish.jersey.server.ApplicationHandler.handle(ApplicationHandler.java:1030)
	at org.glassfish.jersey.servlet.WebComponent.service(WebComponent.java:373)
	at org.glassfish.jersey.servlet.ServletContainer.service(ServletContainer.java:381)
	at org.glassfish.jersey.servlet.ServletContainer.service(ServletContainer.java:344)
	at org.glassfish.jersey.servlet.ServletContainer.service(ServletContainer.java:221)
	at org.apache.catalina.core.ApplicationFilterChain.internalDoFilter(ApplicationFilterChain.java:303)
	at org.apache.catalina.core.ApplicationFilterChain.doFilter(ApplicationFilterChain.java:208)
	at org.apache.catalina.core.StandardWrapperValve.invoke(StandardWrapperValve.java:220)
	at org.apache.catalina.core.StandardContextValve.invoke(StandardContextValve.java:122)
	at org.apache.catalina.authenticator.AuthenticatorBase.invoke(AuthenticatorBase.java:501)
	at org.apache.catalina.core.StandardHostValve.invoke(StandardHostValve.java:171)
	at org.apache.catalina.valves.ErrorReportValve.invoke(ErrorReportValve.java:102)
	at org.apache.catalina.valves.AccessLogValve.invoke(AccessLogValve.java:950)
	at org.apache.catalina.core.StandardEngineValve.invoke(StandardEngineValve.java:116)
	at org.apache.catalina.connector.CoyoteAdapter.service(CoyoteAdapter.java:408)
	at org.apache.coyote.http11.AbstractHttp11Processor.process(AbstractHttp11Processor.java:1040)
	at org.apache.coyote.AbstractProtocol$AbstractConnectionHandler.process(AbstractProtocol.java:607)
	at org.apache.tomcat.util.net.JIoEndpoint$SocketProcessor.run(JIoEndpoint.java:316)
	at java.util.concurrent.ThreadPoolExecutor.runWorker(ThreadPoolExecutor.java:1145)
	at java.util.concurrent.ThreadPoolExecutor$Worker.run(ThreadPoolExecutor.java:615)
	at org.apache.tomcat.util.threads.TaskThread$WrappingRunnable.run(TaskThread.java:61)
	at java.lang.Thread.run(Thread.java:745)


INFO 17:59:03.175 (FedoraTransactions) Commit transaction 'tx:36af2aa6-bf14-4db2-8261-f63471ce9832'
INFO 17:59:03.360 (FedoraTransactions) Created transaction 'b1105c3e-01fd-4cb4-b839-6dbb81434f9d'
WARN 17:59:03.556 (Errors) The following warnings have been detected: WARNING: Unknown HK2 failure detected:
MultiException stack 1 of 2
java.lang.OutOfMemoryError: unable to create new native thread
	at java.lang.Thread.start0(Native Method)
	at java.lang.Thread.start(Thread.java:714)
	at java.util.concurrent.ThreadPoolExecutor.addWorker(ThreadPoolExecutor.java:949)
	at java.util.concurrent.ThreadPoolExecutor.execute(ThreadPoolExecutor.java:1371)
	at org.modeshape.common.collection.ring.RingBuffer.addConsumer(RingBuffer.java:248)
	at org.modeshape.common.collection.ring.RingBuffer.addConsumer(RingBuffer.java:220)
	at org.modeshape.jcr.bus.RepositoryChangeBus.register(RepositoryChangeBus.java:79)
	at org.modeshape.jcr.JcrObservationManager.<init>(JcrObservationManager.java:174)
	at org.modeshape.jcr.JcrWorkspace.observationManager(JcrWorkspace.java:627)
	at org.modeshape.jcr.JcrWorkspace.getObservationManager(JcrWorkspace.java:619)
	at org.fcrepo.http.api.FedoraBaseResource.setUpJMSBaseURIs(FedoraBaseResource.java:81)
	at org.fcrepo.http.api.FedoraLdp.postConstruct(FedoraLdp.java:133)
	at sun.reflect.GeneratedMethodAccessor37.invoke(Unknown Source)
	at sun.reflect.DelegatingMethodAccessorImpl.invoke(DelegatingMethodAccessorImpl.java:43)
	at java.lang.reflect.Method.invoke(Method.java:606)
	at org.glassfish.hk2.utilities.reflection.ReflectionHelper.invoke(ReflectionHelper.java:1019)
	at org.jvnet.hk2.internal.ClazzCreator.postConstructMe(ClazzCreator.java:335)
	at org.jvnet.hk2.internal.ClazzCreator.create(ClazzCreator.java:377)
	at org.jvnet.hk2.internal.SystemDescriptor.create(SystemDescriptor.java:461)
	at org.glassfish.jersey.process.internal.RequestScope.findOrCreate(RequestScope.java:160)
	at org.jvnet.hk2.internal.Utilities.createService(Utilities.java:2268)
	at org.jvnet.hk2.internal.ServiceLocatorImpl.internalGetService(ServiceLocatorImpl.java:690)
	at org.jvnet.hk2.internal.ServiceLocatorImpl.getService(ServiceLocatorImpl.java:655)
	at org.glassfish.jersey.internal.inject.Injections.getOrCreate(Injections.java:169)
	at org.glassfish.jersey.server.model.MethodHandler$ClassBasedMethodHandler.getInstance(MethodHandler.java:185)
	at org.glassfish.jersey.server.internal.routing.PushMethodHandlerRouter.apply(PushMethodHandlerRouter.java:74)
	at org.glassfish.jersey.server.internal.routing.RoutingStage._apply(RoutingStage.java:112)
	at org.glassfish.jersey.server.internal.routing.RoutingStage._apply(RoutingStage.java:115)
	at org.glassfish.jersey.server.internal.routing.RoutingStage._apply(RoutingStage.java:115)
	at org.glassfish.jersey.server.internal.routing.RoutingStage._apply(RoutingStage.java:115)
	at org.glassfish.jersey.server.internal.routing.RoutingStage.apply(RoutingStage.java:94)
	at org.glassfish.jersey.server.internal.routing.RoutingStage.apply(RoutingStage.java:63)
	at org.glassfish.jersey.process.internal.Stages.process(Stages.java:197)
	at org.glassfish.jersey.server.ServerRuntime$1.run(ServerRuntime.java:263)
	at org.glassfish.jersey.internal.Errors$1.call(Errors.java:271)
	at org.glassfish.jersey.internal.Errors$1.call(Errors.java:267)
	at org.glassfish.jersey.internal.Errors.process(Errors.java:315)
	at org.glassfish.jersey.internal.Errors.process(Errors.java:297)
	at org.glassfish.jersey.internal.Errors.process(Errors.java:267)
	at org.glassfish.jersey.process.internal.RequestScope.runInScope(RequestScope.java:297)
	at org.glassfish.jersey.server.ServerRuntime.process(ServerRuntime.java:254)
	at org.glassfish.jersey.server.ApplicationHandler.handle(ApplicationHandler.java:1030)
	at org.glassfish.jersey.servlet.WebComponent.service(WebComponent.java:373)
	at org.glassfish.jersey.servlet.ServletContainer.service(ServletContainer.java:381)
	at org.glassfish.jersey.servlet.ServletContainer.service(ServletContainer.java:344)
	at org.glassfish.jersey.servlet.ServletContainer.service(ServletContainer.java:221)
	at org.apache.catalina.core.ApplicationFilterChain.internalDoFilter(ApplicationFilterChain.java:303)
	at org.apache.catalina.core.ApplicationFilterChain.doFilter(ApplicationFilterChain.java:208)
	at org.apache.catalina.core.StandardWrapperValve.invoke(StandardWrapperValve.java:220)
	at org.apache.catalina.core.StandardContextValve.invoke(StandardContextValve.java:122)
	at org.apache.catalina.authenticator.AuthenticatorBase.invoke(AuthenticatorBase.java:501)
	at org.apache.catalina.core.StandardHostValve.invoke(StandardHostValve.java:171)
	at org.apache.catalina.valves.ErrorReportValve.invoke(ErrorReportValve.java:102)
	at org.apache.catalina.valves.AccessLogValve.invoke(AccessLogValve.java:950)
	at org.apache.catalina.core.StandardEngineValve.invoke(StandardEngineValve.java:116)
	at org.apache.catalina.connector.CoyoteAdapter.service(CoyoteAdapter.java:408)
	at org.apache.coyote.http11.AbstractHttp11Processor.process(AbstractHttp11Processor.java:1040)
	at org.apache.coyote.AbstractProtocol$AbstractConnectionHandler.process(AbstractProtocol.java:607)
	at org.apache.tomcat.util.net.JIoEndpoint$SocketProcessor.run(JIoEndpoint.java:316)
	at java.util.concurrent.ThreadPoolExecutor.runWorker(ThreadPoolExecutor.java:1145)
	at java.util.concurrent.ThreadPoolExecutor$Worker.run(ThreadPoolExecutor.java:615)
	at org.apache.tomcat.util.threads.TaskThread$WrappingRunnable.run(TaskThread.java:61)
	at java.lang.Thread.run(Thread.java:745)
MultiException stack 2 of 2
java.lang.IllegalStateException: Unable to perform operation: post construct on org.fcrepo.http.api.FedoraLdp
	at org.jvnet.hk2.internal.ClazzCreator.create(ClazzCreator.java:395)
	at org.jvnet.hk2.internal.SystemDescriptor.create(SystemDescriptor.java:461)
	at org.glassfish.jersey.process.internal.RequestScope.findOrCreate(RequestScope.java:160)
	at org.jvnet.hk2.internal.Utilities.createService(Utilities.java:2268)
	at org.jvnet.hk2.internal.ServiceLocatorImpl.internalGetService(ServiceLocatorImpl.java:690)
	at org.jvnet.hk2.internal.ServiceLocatorImpl.getService(ServiceLocatorImpl.java:655)
	at org.glassfish.jersey.internal.inject.Injections.getOrCreate(Injections.java:169)
	at org.glassfish.jersey.server.model.MethodHandler$ClassBasedMethodHandler.getInstance(MethodHandler.java:185)
	at org.glassfish.jersey.server.internal.routing.PushMethodHandlerRouter.apply(PushMethodHandlerRouter.java:74)
	at org.glassfish.jersey.server.internal.routing.RoutingStage._apply(RoutingStage.java:112)
	at org.glassfish.jersey.server.internal.routing.RoutingStage._apply(RoutingStage.java:115)
	at org.glassfish.jersey.server.internal.routing.RoutingStage._apply(RoutingStage.java:115)
	at org.glassfish.jersey.server.internal.routing.RoutingStage._apply(RoutingStage.java:115)
	at org.glassfish.jersey.server.internal.routing.RoutingStage.apply(RoutingStage.java:94)
	at org.glassfish.jersey.server.internal.routing.RoutingStage.apply(RoutingStage.java:63)
	at org.glassfish.jersey.process.internal.Stages.process(Stages.java:197)
	at org.glassfish.jersey.server.ServerRuntime$1.run(ServerRuntime.java:263)
	at org.glassfish.jersey.internal.Errors$1.call(Errors.java:271)
	at org.glassfish.jersey.internal.Errors$1.call(Errors.java:267)
	at org.glassfish.jersey.internal.Errors.process(Errors.java:315)
	at org.glassfish.jersey.internal.Errors.process(Errors.java:297)
	at org.glassfish.jersey.internal.Errors.process(Errors.java:267)
	at org.glassfish.jersey.process.internal.RequestScope.runInScope(RequestScope.java:297)
	at org.glassfish.jersey.server.ServerRuntime.process(ServerRuntime.java:254)
	at org.glassfish.jersey.server.ApplicationHandler.handle(ApplicationHandler.java:1030)
	at org.glassfish.jersey.servlet.WebComponent.service(WebComponent.java:373)
	at org.glassfish.jersey.servlet.ServletContainer.service(ServletContainer.java:381)
	at org.glassfish.jersey.servlet.ServletContainer.service(ServletContainer.java:344)
	at org.glassfish.jersey.servlet.ServletContainer.service(ServletContainer.java:221)
	at org.apache.catalina.core.ApplicationFilterChain.internalDoFilter(ApplicationFilterChain.java:303)
	at org.apache.catalina.core.ApplicationFilterChain.doFilter(ApplicationFilterChain.java:208)
	at org.apache.catalina.core.StandardWrapperValve.invoke(StandardWrapperValve.java:220)
	at org.apache.catalina.core.StandardContextValve.invoke(StandardContextValve.java:122)
	at org.apache.catalina.authenticator.AuthenticatorBase.invoke(AuthenticatorBase.java:501)
	at org.apache.catalina.core.StandardHostValve.invoke(StandardHostValve.java:171)
	at org.apache.catalina.valves.ErrorReportValve.invoke(ErrorReportValve.java:102)
	at org.apache.catalina.valves.AccessLogValve.invoke(AccessLogValve.java:950)
	at org.apache.catalina.core.StandardEngineValve.invoke(StandardEngineValve.java:116)
	at org.apache.catalina.connector.CoyoteAdapter.service(CoyoteAdapter.java:408)
	at org.apache.coyote.http11.AbstractHttp11Processor.process(AbstractHttp11Processor.java:1040)
	at org.apache.coyote.AbstractProtocol$AbstractConnectionHandler.process(AbstractProtocol.java:607)
	at org.apache.tomcat.util.net.JIoEndpoint$SocketProcessor.run(JIoEndpoint.java:316)
	at java.util.concurrent.ThreadPoolExecutor.runWorker(ThreadPoolExecutor.java:1145)
	at java.util.concurrent.ThreadPoolExecutor$Worker.run(ThreadPoolExecutor.java:615)
	at org.apache.tomcat.util.threads.TaskThread$WrappingRunnable.run(TaskThread.java:61)
	at java.lang.Thread.run(Thread.java:745)


INFO 17:59:03.751 (FedoraTransactions) Commit transaction 'tx:b1105c3e-01fd-4cb4-b839-6dbb81434f9d'
INFO 17:59:03.943 (FedoraTransactions) Created transaction '956abb4a-1e5d-4a22-89e8-ad2fe2ebbe3b'
WARN 17:59:04.136 (Errors) The following warnings have been detected: WARNING: Unknown HK2 failure detected:
MultiException stack 1 of 2
java.lang.OutOfMemoryError: unable to create new native thread
	at java.lang.Thread.start0(Native Method)
	at java.lang.Thread.start(Thread.java:714)
	at java.util.concurrent.ThreadPoolExecutor.addWorker(ThreadPoolExecutor.java:949)
	at java.util.concurrent.ThreadPoolExecutor.execute(ThreadPoolExecutor.java:1371)
	at org.modeshape.common.collection.ring.RingBuffer.addConsumer(RingBuffer.java:248)
	at org.modeshape.common.collection.ring.RingBuffer.addConsumer(RingBuffer.java:220)
	at org.modeshape.jcr.bus.RepositoryChangeBus.register(RepositoryChangeBus.java:79)
	at org.modeshape.jcr.JcrObservationManager.<init>(JcrObservationManager.java:174)
	at org.modeshape.jcr.JcrWorkspace.observationManager(JcrWorkspace.java:627)
	at org.modeshape.jcr.JcrWorkspace.getObservationManager(JcrWorkspace.java:619)
	at org.fcrepo.http.api.FedoraBaseResource.setUpJMSBaseURIs(FedoraBaseResource.java:81)
	at org.fcrepo.http.api.FedoraLdp.postConstruct(FedoraLdp.java:133)
	at sun.reflect.GeneratedMethodAccessor37.invoke(Unknown Source)
	at sun.reflect.DelegatingMethodAccessorImpl.invoke(DelegatingMethodAccessorImpl.java:43)
	at java.lang.reflect.Method.invoke(Method.java:606)
	at org.glassfish.hk2.utilities.reflection.ReflectionHelper.invoke(ReflectionHelper.java:1019)
	at org.jvnet.hk2.internal.ClazzCreator.postConstructMe(ClazzCreator.java:335)
	at org.jvnet.hk2.internal.ClazzCreator.create(ClazzCreator.java:377)
	at org.jvnet.hk2.internal.SystemDescriptor.create(SystemDescriptor.java:461)
	at org.glassfish.jersey.process.internal.RequestScope.findOrCreate(RequestScope.java:160)
	at org.jvnet.hk2.internal.Utilities.createService(Utilities.java:2268)
	at org.jvnet.hk2.internal.ServiceLocatorImpl.internalGetService(ServiceLocatorImpl.java:690)
	at org.jvnet.hk2.internal.ServiceLocatorImpl.getService(ServiceLocatorImpl.java:655)
	at org.glassfish.jersey.internal.inject.Injections.getOrCreate(Injections.java:169)
	at org.glassfish.jersey.server.model.MethodHandler$ClassBasedMethodHandler.getInstance(MethodHandler.java:185)
	at org.glassfish.jersey.server.internal.routing.PushMethodHandlerRouter.apply(PushMethodHandlerRouter.java:74)
	at org.glassfish.jersey.server.internal.routing.RoutingStage._apply(RoutingStage.java:112)
	at org.glassfish.jersey.server.internal.routing.RoutingStage._apply(RoutingStage.java:115)
	at org.glassfish.jersey.server.internal.routing.RoutingStage._apply(RoutingStage.java:115)
	at org.glassfish.jersey.server.internal.routing.RoutingStage._apply(RoutingStage.java:115)
	at org.glassfish.jersey.server.internal.routing.RoutingStage.apply(RoutingStage.java:94)
	at org.glassfish.jersey.server.internal.routing.RoutingStage.apply(RoutingStage.java:63)
	at org.glassfish.jersey.process.internal.Stages.process(Stages.java:197)
	at org.glassfish.jersey.server.ServerRuntime$1.run(ServerRuntime.java:263)
	at org.glassfish.jersey.internal.Errors$1.call(Errors.java:271)
	at org.glassfish.jersey.internal.Errors$1.call(Errors.java:267)
	at org.glassfish.jersey.internal.Errors.process(Errors.java:315)
	at org.glassfish.jersey.internal.Errors.process(Errors.java:297)
	at org.glassfish.jersey.internal.Errors.process(Errors.java:267)
	at org.glassfish.jersey.process.internal.RequestScope.runInScope(RequestScope.java:297)
	at org.glassfish.jersey.server.ServerRuntime.process(ServerRuntime.java:254)
	at org.glassfish.jersey.server.ApplicationHandler.handle(ApplicationHandler.java:1030)
	at org.glassfish.jersey.servlet.WebComponent.service(WebComponent.java:373)
	at org.glassfish.jersey.servlet.ServletContainer.service(ServletContainer.java:381)
	at org.glassfish.jersey.servlet.ServletContainer.service(ServletContainer.java:344)
	at org.glassfish.jersey.servlet.ServletContainer.service(ServletContainer.java:221)
	at org.apache.catalina.core.ApplicationFilterChain.internalDoFilter(ApplicationFilterChain.java:303)
	at org.apache.catalina.core.ApplicationFilterChain.doFilter(ApplicationFilterChain.java:208)
	at org.apache.catalina.core.StandardWrapperValve.invoke(StandardWrapperValve.java:220)
	at org.apache.catalina.core.StandardContextValve.invoke(StandardContextValve.java:122)
	at org.apache.catalina.authenticator.AuthenticatorBase.invoke(AuthenticatorBase.java:501)
	at org.apache.catalina.core.StandardHostValve.invoke(StandardHostValve.java:171)
	at org.apache.catalina.valves.ErrorReportValve.invoke(ErrorReportValve.java:102)
	at org.apache.catalina.valves.AccessLogValve.invoke(AccessLogValve.java:950)
	at org.apache.catalina.core.StandardEngineValve.invoke(StandardEngineValve.java:116)
	at org.apache.catalina.connector.CoyoteAdapter.service(CoyoteAdapter.java:408)
	at org.apache.coyote.http11.AbstractHttp11Processor.process(AbstractHttp11Processor.java:1040)
	at org.apache.coyote.AbstractProtocol$AbstractConnectionHandler.process(AbstractProtocol.java:607)
	at org.apache.tomcat.util.net.JIoEndpoint$SocketProcessor.run(JIoEndpoint.java:316)
	at java.util.concurrent.ThreadPoolExecutor.runWorker(ThreadPoolExecutor.java:1145)
	at java.util.concurrent.ThreadPoolExecutor$Worker.run(ThreadPoolExecutor.java:615)
	at org.apache.tomcat.util.threads.TaskThread$WrappingRunnable.run(TaskThread.java:61)
	at java.lang.Thread.run(Thread.java:745)
MultiException stack 2 of 2
java.lang.IllegalStateException: Unable to perform operation: post construct on org.fcrepo.http.api.FedoraLdp
	at org.jvnet.hk2.internal.ClazzCreator.create(ClazzCreator.java:395)
	at org.jvnet.hk2.internal.SystemDescriptor.create(SystemDescriptor.java:461)
	at org.glassfish.jersey.process.internal.RequestScope.findOrCreate(RequestScope.java:160)
	at org.jvnet.hk2.internal.Utilities.createService(Utilities.java:2268)
	at org.jvnet.hk2.internal.ServiceLocatorImpl.internalGetService(ServiceLocatorImpl.java:690)
	at org.jvnet.hk2.internal.ServiceLocatorImpl.getService(ServiceLocatorImpl.java:655)
	at org.glassfish.jersey.internal.inject.Injections.getOrCreate(Injections.java:169)
	at org.glassfish.jersey.server.model.MethodHandler$ClassBasedMethodHandler.getInstance(MethodHandler.java:185)
	at org.glassfish.jersey.server.internal.routing.PushMethodHandlerRouter.apply(PushMethodHandlerRouter.java:74)
	at org.glassfish.jersey.server.internal.routing.RoutingStage._apply(RoutingStage.java:112)
	at org.glassfish.jersey.server.internal.routing.RoutingStage._apply(RoutingStage.java:115)
	at org.glassfish.jersey.server.internal.routing.RoutingStage._apply(RoutingStage.java:115)
	at org.glassfish.jersey.server.internal.routing.RoutingStage._apply(RoutingStage.java:115)
	at org.glassfish.jersey.server.internal.routing.RoutingStage.apply(RoutingStage.java:94)
	at org.glassfish.jersey.server.internal.routing.RoutingStage.apply(RoutingStage.java:63)
	at org.glassfish.jersey.process.internal.Stages.process(Stages.java:197)
	at org.glassfish.jersey.server.ServerRuntime$1.run(ServerRuntime.java:263)
	at org.glassfish.jersey.internal.Errors$1.call(Errors.java:271)
	at org.glassfish.jersey.internal.Errors$1.call(Errors.java:267)
	at org.glassfish.jersey.internal.Errors.process(Errors.java:315)
	at org.glassfish.jersey.internal.Errors.process(Errors.java:297)
	at org.glassfish.jersey.internal.Errors.process(Errors.java:267)
	at org.glassfish.jersey.process.internal.RequestScope.runInScope(RequestScope.java:297)
	at org.glassfish.jersey.server.ServerRuntime.process(ServerRuntime.java:254)
	at org.glassfish.jersey.server.ApplicationHandler.handle(ApplicationHandler.java:1030)
	at org.glassfish.jersey.servlet.WebComponent.service(WebComponent.java:373)
	at org.glassfish.jersey.servlet.ServletContainer.service(ServletContainer.java:381)
	at org.glassfish.jersey.servlet.ServletContainer.service(ServletContainer.java:344)
	at org.glassfish.jersey.servlet.ServletContainer.service(ServletContainer.java:221)
	at org.apache.catalina.core.ApplicationFilterChain.internalDoFilter(ApplicationFilterChain.java:303)
	at org.apache.catalina.core.ApplicationFilterChain.doFilter(ApplicationFilterChain.java:208)
	at org.apache.catalina.core.StandardWrapperValve.invoke(StandardWrapperValve.java:220)
	at org.apache.catalina.core.StandardContextValve.invoke(StandardContextValve.java:122)
	at org.apache.catalina.authenticator.AuthenticatorBase.invoke(AuthenticatorBase.java:501)
	at org.apache.catalina.core.StandardHostValve.invoke(StandardHostValve.java:171)
	at org.apache.catalina.valves.ErrorReportValve.invoke(ErrorReportValve.java:102)
	at org.apache.catalina.valves.AccessLogValve.invoke(AccessLogValve.java:950)
	at org.apache.catalina.core.StandardEngineValve.invoke(StandardEngineValve.java:116)
	at org.apache.catalina.connector.CoyoteAdapter.service(CoyoteAdapter.java:408)
	at org.apache.coyote.http11.AbstractHttp11Processor.process(AbstractHttp11Processor.java:1040)
	at org.apache.coyote.AbstractProtocol$AbstractConnectionHandler.process(AbstractProtocol.java:607)
	at org.apache.tomcat.util.net.JIoEndpoint$SocketProcessor.run(JIoEndpoint.java:316)
	at java.util.concurrent.ThreadPoolExecutor.runWorker(ThreadPoolExecutor.java:1145)
	at java.util.concurrent.ThreadPoolExecutor$Worker.run(ThreadPoolExecutor.java:615)
	at org.apache.tomcat.util.threads.TaskThread$WrappingRunnable.run(TaskThread.java:61)
	at java.lang.Thread.run(Thread.java:745)


INFO 17:59:04.323 (FedoraTransactions) Commit transaction 'tx:956abb4a-1e5d-4a22-89e8-ad2fe2ebbe3b'
INFO 17:59:04.508 (FedoraTransactions) Created transaction 'b9acc1c1-3bd9-41c8-b35e-b680e9e056d5'
WARN 17:59:04.702 (Errors) The following warnings have been detected: WARNING: Unknown HK2 failure detected:
MultiException stack 1 of 2
java.lang.OutOfMemoryError: unable to create new native thread
	at java.lang.Thread.start0(Native Method)
	at java.lang.Thread.start(Thread.java:714)
	at java.util.concurrent.ThreadPoolExecutor.addWorker(ThreadPoolExecutor.java:949)
	at java.util.concurrent.ThreadPoolExecutor.execute(ThreadPoolExecutor.java:1371)
	at org.modeshape.common.collection.ring.RingBuffer.addConsumer(RingBuffer.java:248)
	at org.modeshape.common.collection.ring.RingBuffer.addConsumer(RingBuffer.java:220)
	at org.modeshape.jcr.bus.RepositoryChangeBus.register(RepositoryChangeBus.java:79)
	at org.modeshape.jcr.JcrObservationManager.<init>(JcrObservationManager.java:174)
	at org.modeshape.jcr.JcrWorkspace.observationManager(JcrWorkspace.java:627)
	at org.modeshape.jcr.JcrWorkspace.getObservationManager(JcrWorkspace.java:619)
	at org.fcrepo.http.api.FedoraBaseResource.setUpJMSBaseURIs(FedoraBaseResource.java:81)
	at org.fcrepo.http.api.FedoraLdp.postConstruct(FedoraLdp.java:133)
	at sun.reflect.GeneratedMethodAccessor37.invoke(Unknown Source)
	at sun.reflect.DelegatingMethodAccessorImpl.invoke(DelegatingMethodAccessorImpl.java:43)
	at java.lang.reflect.Method.invoke(Method.java:606)
	at org.glassfish.hk2.utilities.reflection.ReflectionHelper.invoke(ReflectionHelper.java:1019)
	at org.jvnet.hk2.internal.ClazzCreator.postConstructMe(ClazzCreator.java:335)
	at org.jvnet.hk2.internal.ClazzCreator.create(ClazzCreator.java:377)
	at org.jvnet.hk2.internal.SystemDescriptor.create(SystemDescriptor.java:461)
	at org.glassfish.jersey.process.internal.RequestScope.findOrCreate(RequestScope.java:160)
	at org.jvnet.hk2.internal.Utilities.createService(Utilities.java:2268)
	at org.jvnet.hk2.internal.ServiceLocatorImpl.internalGetService(ServiceLocatorImpl.java:690)
	at org.jvnet.hk2.internal.ServiceLocatorImpl.getService(ServiceLocatorImpl.java:655)
	at org.glassfish.jersey.internal.inject.Injections.getOrCreate(Injections.java:169)
	at org.glassfish.jersey.server.model.MethodHandler$ClassBasedMethodHandler.getInstance(MethodHandler.java:185)
	at org.glassfish.jersey.server.internal.routing.PushMethodHandlerRouter.apply(PushMethodHandlerRouter.java:74)
	at org.glassfish.jersey.server.internal.routing.RoutingStage._apply(RoutingStage.java:112)
	at org.glassfish.jersey.server.internal.routing.RoutingStage._apply(RoutingStage.java:115)
	at org.glassfish.jersey.server.internal.routing.RoutingStage._apply(RoutingStage.java:115)
	at org.glassfish.jersey.server.internal.routing.RoutingStage._apply(RoutingStage.java:115)
	at org.glassfish.jersey.server.internal.routing.RoutingStage.apply(RoutingStage.java:94)
	at org.glassfish.jersey.server.internal.routing.RoutingStage.apply(RoutingStage.java:63)
	at org.glassfish.jersey.process.internal.Stages.process(Stages.java:197)
	at org.glassfish.jersey.server.ServerRuntime$1.run(ServerRuntime.java:263)
	at org.glassfish.jersey.internal.Errors$1.call(Errors.java:271)
	at org.glassfish.jersey.internal.Errors$1.call(Errors.java:267)
	at org.glassfish.jersey.internal.Errors.process(Errors.java:315)
	at org.glassfish.jersey.internal.Errors.process(Errors.java:297)
	at org.glassfish.jersey.internal.Errors.process(Errors.java:267)
	at org.glassfish.jersey.process.internal.RequestScope.runInScope(RequestScope.java:297)
	at org.glassfish.jersey.server.ServerRuntime.process(ServerRuntime.java:254)
	at org.glassfish.jersey.server.ApplicationHandler.handle(ApplicationHandler.java:1030)
	at org.glassfish.jersey.servlet.WebComponent.service(WebComponent.java:373)
	at org.glassfish.jersey.servlet.ServletContainer.service(ServletContainer.java:381)
	at org.glassfish.jersey.servlet.ServletContainer.service(ServletContainer.java:344)
	at org.glassfish.jersey.servlet.ServletContainer.service(ServletContainer.java:221)
	at org.apache.catalina.core.ApplicationFilterChain.internalDoFilter(ApplicationFilterChain.java:303)
	at org.apache.catalina.core.ApplicationFilterChain.doFilter(ApplicationFilterChain.java:208)
	at org.apache.catalina.core.StandardWrapperValve.invoke(StandardWrapperValve.java:220)
	at org.apache.catalina.core.StandardContextValve.invoke(StandardContextValve.java:122)
	at org.apache.catalina.authenticator.AuthenticatorBase.invoke(AuthenticatorBase.java:501)
	at org.apache.catalina.core.StandardHostValve.invoke(StandardHostValve.java:171)
	at org.apache.catalina.valves.ErrorReportValve.invoke(ErrorReportValve.java:102)
	at org.apache.catalina.valves.AccessLogValve.invoke(AccessLogValve.java:950)
	at org.apache.catalina.core.StandardEngineValve.invoke(StandardEngineValve.java:116)
	at org.apache.catalina.connector.CoyoteAdapter.service(CoyoteAdapter.java:408)
	at org.apache.coyote.http11.AbstractHttp11Processor.process(AbstractHttp11Processor.java:1040)
	at org.apache.coyote.AbstractProtocol$AbstractConnectionHandler.process(AbstractProtocol.java:607)
	at org.apache.tomcat.util.net.JIoEndpoint$SocketProcessor.run(JIoEndpoint.java:316)
	at java.util.concurrent.ThreadPoolExecutor.runWorker(ThreadPoolExecutor.java:1145)
	at java.util.concurrent.ThreadPoolExecutor$Worker.run(ThreadPoolExecutor.java:615)
	at org.apache.tomcat.util.threads.TaskThread$WrappingRunnable.run(TaskThread.java:61)
	at java.lang.Thread.run(Thread.java:745)
MultiException stack 2 of 2
java.lang.IllegalStateException: Unable to perform operation: post construct on org.fcrepo.http.api.FedoraLdp
	at org.jvnet.hk2.internal.ClazzCreator.create(ClazzCreator.java:395)
	at org.jvnet.hk2.internal.SystemDescriptor.create(SystemDescriptor.java:461)
	at org.glassfish.jersey.process.internal.RequestScope.findOrCreate(RequestScope.java:160)
	at org.jvnet.hk2.internal.Utilities.createService(Utilities.java:2268)
	at org.jvnet.hk2.internal.ServiceLocatorImpl.internalGetService(ServiceLocatorImpl.java:690)
	at org.jvnet.hk2.internal.ServiceLocatorImpl.getService(ServiceLocatorImpl.java:655)
	at org.glassfish.jersey.internal.inject.Injections.getOrCreate(Injections.java:169)
	at org.glassfish.jersey.server.model.MethodHandler$ClassBasedMethodHandler.getInstance(MethodHandler.java:185)
	at org.glassfish.jersey.server.internal.routing.PushMethodHandlerRouter.apply(PushMethodHandlerRouter.java:74)
	at org.glassfish.jersey.server.internal.routing.RoutingStage._apply(RoutingStage.java:112)
	at org.glassfish.jersey.server.internal.routing.RoutingStage._apply(RoutingStage.java:115)
	at org.glassfish.jersey.server.internal.routing.RoutingStage._apply(RoutingStage.java:115)
	at org.glassfish.jersey.server.internal.routing.RoutingStage._apply(RoutingStage.java:115)
	at org.glassfish.jersey.server.internal.routing.RoutingStage.apply(RoutingStage.java:94)
	at org.glassfish.jersey.server.internal.routing.RoutingStage.apply(RoutingStage.java:63)
	at org.glassfish.jersey.process.internal.Stages.process(Stages.java:197)
	at org.glassfish.jersey.server.ServerRuntime$1.run(ServerRuntime.java:263)
	at org.glassfish.jersey.internal.Errors$1.call(Errors.java:271)
	at org.glassfish.jersey.internal.Errors$1.call(Errors.java:267)
	at org.glassfish.jersey.internal.Errors.process(Errors.java:315)
	at org.glassfish.jersey.internal.Errors.process(Errors.java:297)
	at org.glassfish.jersey.internal.Errors.process(Errors.java:267)
	at org.glassfish.jersey.process.internal.RequestScope.runInScope(RequestScope.java:297)
	at org.glassfish.jersey.server.ServerRuntime.process(ServerRuntime.java:254)
	at org.glassfish.jersey.server.ApplicationHandler.handle(ApplicationHandler.java:1030)
	at org.glassfish.jersey.servlet.WebComponent.service(WebComponent.java:373)
	at org.glassfish.jersey.servlet.ServletContainer.service(ServletContainer.java:381)
	at org.glassfish.jersey.servlet.ServletContainer.service(ServletContainer.java:344)
	at org.glassfish.jersey.servlet.ServletContainer.service(ServletContainer.java:221)
	at org.apache.catalina.core.ApplicationFilterChain.internalDoFilter(ApplicationFilterChain.java:303)
	at org.apache.catalina.core.ApplicationFilterChain.doFilter(ApplicationFilterChain.java:208)
	at org.apache.catalina.core.StandardWrapperValve.invoke(StandardWrapperValve.java:220)
	at org.apache.catalina.core.StandardContextValve.invoke(StandardContextValve.java:122)
	at org.apache.catalina.authenticator.AuthenticatorBase.invoke(AuthenticatorBase.java:501)
	at org.apache.catalina.core.StandardHostValve.invoke(StandardHostValve.java:171)
	at org.apache.catalina.valves.ErrorReportValve.invoke(ErrorReportValve.java:102)
	at org.apache.catalina.valves.AccessLogValve.invoke(AccessLogValve.java:950)
	at org.apache.catalina.core.StandardEngineValve.invoke(StandardEngineValve.java:116)
	at org.apache.catalina.connector.CoyoteAdapter.service(CoyoteAdapter.java:408)
	at org.apache.coyote.http11.AbstractHttp11Processor.process(AbstractHttp11Processor.java:1040)
	at org.apache.coyote.AbstractProtocol$AbstractConnectionHandler.process(AbstractProtocol.java:607)
	at org.apache.tomcat.util.net.JIoEndpoint$SocketProcessor.run(JIoEndpoint.java:316)
	at java.util.concurrent.ThreadPoolExecutor.runWorker(ThreadPoolExecutor.java:1145)
	at java.util.concurrent.ThreadPoolExecutor$Worker.run(ThreadPoolExecutor.java:615)
	at org.apache.tomcat.util.threads.TaskThread$WrappingRunnable.run(TaskThread.java:61)
	at java.lang.Thread.run(Thread.java:745)


INFO 17:59:04.897 (FedoraTransactions) Commit transaction 'tx:b9acc1c1-3bd9-41c8-b35e-b680e9e056d5'
INFO 17:59:05.081 (FedoraTransactions) Created transaction '63d7a334-8aeb-4592-a6c7-dc2d9c26da97'
WARN 17:59:05.275 (Errors) The following warnings have been detected: WARNING: Unknown HK2 failure detected:
MultiException stack 1 of 2
java.lang.OutOfMemoryError: unable to create new native thread
	at java.lang.Thread.start0(Native Method)
	at java.lang.Thread.start(Thread.java:714)
	at java.util.concurrent.ThreadPoolExecutor.addWorker(ThreadPoolExecutor.java:949)
	at java.util.concurrent.ThreadPoolExecutor.execute(ThreadPoolExecutor.java:1371)
	at org.modeshape.common.collection.ring.RingBuffer.addConsumer(RingBuffer.java:248)
	at org.modeshape.common.collection.ring.RingBuffer.addConsumer(RingBuffer.java:220)
	at org.modeshape.jcr.bus.RepositoryChangeBus.register(RepositoryChangeBus.java:79)
	at org.modeshape.jcr.JcrObservationManager.<init>(JcrObservationManager.java:174)
	at org.modeshape.jcr.JcrWorkspace.observationManager(JcrWorkspace.java:627)
	at org.modeshape.jcr.JcrWorkspace.getObservationManager(JcrWorkspace.java:619)
	at org.fcrepo.http.api.FedoraBaseResource.setUpJMSBaseURIs(FedoraBaseResource.java:81)
	at org.fcrepo.http.api.FedoraLdp.postConstruct(FedoraLdp.java:133)
	at sun.reflect.GeneratedMethodAccessor37.invoke(Unknown Source)
	at sun.reflect.DelegatingMethodAccessorImpl.invoke(DelegatingMethodAccessorImpl.java:43)
	at java.lang.reflect.Method.invoke(Method.java:606)
	at org.glassfish.hk2.utilities.reflection.ReflectionHelper.invoke(ReflectionHelper.java:1019)
	at org.jvnet.hk2.internal.ClazzCreator.postConstructMe(ClazzCreator.java:335)
	at org.jvnet.hk2.internal.ClazzCreator.create(ClazzCreator.java:377)
	at org.jvnet.hk2.internal.SystemDescriptor.create(SystemDescriptor.java:461)
	at org.glassfish.jersey.process.internal.RequestScope.findOrCreate(RequestScope.java:160)
	at org.jvnet.hk2.internal.Utilities.createService(Utilities.java:2268)
	at org.jvnet.hk2.internal.ServiceLocatorImpl.internalGetService(ServiceLocatorImpl.java:690)
	at org.jvnet.hk2.internal.ServiceLocatorImpl.getService(ServiceLocatorImpl.java:655)
	at org.glassfish.jersey.internal.inject.Injections.getOrCreate(Injections.java:169)
	at org.glassfish.jersey.server.model.MethodHandler$ClassBasedMethodHandler.getInstance(MethodHandler.java:185)
	at org.glassfish.jersey.server.internal.routing.PushMethodHandlerRouter.apply(PushMethodHandlerRouter.java:74)
	at org.glassfish.jersey.server.internal.routing.RoutingStage._apply(RoutingStage.java:112)
	at org.glassfish.jersey.server.internal.routing.RoutingStage._apply(RoutingStage.java:115)
	at org.glassfish.jersey.server.internal.routing.RoutingStage._apply(RoutingStage.java:115)
	at org.glassfish.jersey.server.internal.routing.RoutingStage._apply(RoutingStage.java:115)
	at org.glassfish.jersey.server.internal.routing.RoutingStage.apply(RoutingStage.java:94)
	at org.glassfish.jersey.server.internal.routing.RoutingStage.apply(RoutingStage.java:63)
	at org.glassfish.jersey.process.internal.Stages.process(Stages.java:197)
	at org.glassfish.jersey.server.ServerRuntime$1.run(ServerRuntime.java:263)
	at org.glassfish.jersey.internal.Errors$1.call(Errors.java:271)
	at org.glassfish.jersey.internal.Errors$1.call(Errors.java:267)
	at org.glassfish.jersey.internal.Errors.process(Errors.java:315)
	at org.glassfish.jersey.internal.Errors.process(Errors.java:297)
	at org.glassfish.jersey.internal.Errors.process(Errors.java:267)
	at org.glassfish.jersey.process.internal.RequestScope.runInScope(RequestScope.java:297)
	at org.glassfish.jersey.server.ServerRuntime.process(ServerRuntime.java:254)
	at org.glassfish.jersey.server.ApplicationHandler.handle(ApplicationHandler.java:1030)
	at org.glassfish.jersey.servlet.WebComponent.service(WebComponent.java:373)
	at org.glassfish.jersey.servlet.ServletContainer.service(ServletContainer.java:381)
	at org.glassfish.jersey.servlet.ServletContainer.service(ServletContainer.java:344)
	at org.glassfish.jersey.servlet.ServletContainer.service(ServletContainer.java:221)
	at org.apache.catalina.core.ApplicationFilterChain.internalDoFilter(ApplicationFilterChain.java:303)
	at org.apache.catalina.core.ApplicationFilterChain.doFilter(ApplicationFilterChain.java:208)
	at org.apache.catalina.core.StandardWrapperValve.invoke(StandardWrapperValve.java:220)
	at org.apache.catalina.core.StandardContextValve.invoke(StandardContextValve.java:122)
	at org.apache.catalina.authenticator.AuthenticatorBase.invoke(AuthenticatorBase.java:501)
	at org.apache.catalina.core.StandardHostValve.invoke(StandardHostValve.java:171)
	at org.apache.catalina.valves.ErrorReportValve.invoke(ErrorReportValve.java:102)
	at org.apache.catalina.valves.AccessLogValve.invoke(AccessLogValve.java:950)
	at org.apache.catalina.core.StandardEngineValve.invoke(StandardEngineValve.java:116)
	at org.apache.catalina.connector.CoyoteAdapter.service(CoyoteAdapter.java:408)
	at org.apache.coyote.http11.AbstractHttp11Processor.process(AbstractHttp11Processor.java:1040)
	at org.apache.coyote.AbstractProtocol$AbstractConnectionHandler.process(AbstractProtocol.java:607)
	at org.apache.tomcat.util.net.JIoEndpoint$SocketProcessor.run(JIoEndpoint.java:316)
	at java.util.concurrent.ThreadPoolExecutor.runWorker(ThreadPoolExecutor.java:1145)
	at java.util.concurrent.ThreadPoolExecutor$Worker.run(ThreadPoolExecutor.java:615)
	at org.apache.tomcat.util.threads.TaskThread$WrappingRunnable.run(TaskThread.java:61)
	at java.lang.Thread.run(Thread.java:745)
MultiException stack 2 of 2
java.lang.IllegalStateException: Unable to perform operation: post construct on org.fcrepo.http.api.FedoraLdp
	at org.jvnet.hk2.internal.ClazzCreator.create(ClazzCreator.java:395)
	at org.jvnet.hk2.internal.SystemDescriptor.create(SystemDescriptor.java:461)
	at org.glassfish.jersey.process.internal.RequestScope.findOrCreate(RequestScope.java:160)
	at org.jvnet.hk2.internal.Utilities.createService(Utilities.java:2268)
	at org.jvnet.hk2.internal.ServiceLocatorImpl.internalGetService(ServiceLocatorImpl.java:690)
	at org.jvnet.hk2.internal.ServiceLocatorImpl.getService(ServiceLocatorImpl.java:655)
	at org.glassfish.jersey.internal.inject.Injections.getOrCreate(Injections.java:169)
	at org.glassfish.jersey.server.model.MethodHandler$ClassBasedMethodHandler.getInstance(MethodHandler.java:185)
	at org.glassfish.jersey.server.internal.routing.PushMethodHandlerRouter.apply(PushMethodHandlerRouter.java:74)
	at org.glassfish.jersey.server.internal.routing.RoutingStage._apply(RoutingStage.java:112)
	at org.glassfish.jersey.server.internal.routing.RoutingStage._apply(RoutingStage.java:115)
	at org.glassfish.jersey.server.internal.routing.RoutingStage._apply(RoutingStage.java:115)
	at org.glassfish.jersey.server.internal.routing.RoutingStage._apply(RoutingStage.java:115)
	at org.glassfish.jersey.server.internal.routing.RoutingStage.apply(RoutingStage.java:94)
	at org.glassfish.jersey.server.internal.routing.RoutingStage.apply(RoutingStage.java:63)
	at org.glassfish.jersey.process.internal.Stages.process(Stages.java:197)
	at org.glassfish.jersey.server.ServerRuntime$1.run(ServerRuntime.java:263)
	at org.glassfish.jersey.internal.Errors$1.call(Errors.java:271)
	at org.glassfish.jersey.internal.Errors$1.call(Errors.java:267)
	at org.glassfish.jersey.internal.Errors.process(Errors.java:315)
	at org.glassfish.jersey.internal.Errors.process(Errors.java:297)
	at org.glassfish.jersey.internal.Errors.process(Errors.java:267)
	at org.glassfish.jersey.process.internal.RequestScope.runInScope(RequestScope.java:297)
	at org.glassfish.jersey.server.ServerRuntime.process(ServerRuntime.java:254)
	at org.glassfish.jersey.server.ApplicationHandler.handle(ApplicationHandler.java:1030)
	at org.glassfish.jersey.servlet.WebComponent.service(WebComponent.java:373)
	at org.glassfish.jersey.servlet.ServletContainer.service(ServletContainer.java:381)
	at org.glassfish.jersey.servlet.ServletContainer.service(ServletContainer.java:344)
	at org.glassfish.jersey.servlet.ServletContainer.service(ServletContainer.java:221)
	at org.apache.catalina.core.ApplicationFilterChain.internalDoFilter(ApplicationFilterChain.java:303)
	at org.apache.catalina.core.ApplicationFilterChain.doFilter(ApplicationFilterChain.java:208)
	at org.apache.catalina.core.StandardWrapperValve.invoke(StandardWrapperValve.java:220)
	at org.apache.catalina.core.StandardContextValve.invoke(StandardContextValve.java:122)
	at org.apache.catalina.authenticator.AuthenticatorBase.invoke(AuthenticatorBase.java:501)
	at org.apache.catalina.core.StandardHostValve.invoke(StandardHostValve.java:171)
	at org.apache.catalina.valves.ErrorReportValve.invoke(ErrorReportValve.java:102)
	at org.apache.catalina.valves.AccessLogValve.invoke(AccessLogValve.java:950)
	at org.apache.catalina.core.StandardEngineValve.invoke(StandardEngineValve.java:116)
	at org.apache.catalina.connector.CoyoteAdapter.service(CoyoteAdapter.java:408)
	at org.apache.coyote.http11.AbstractHttp11Processor.process(AbstractHttp11Processor.java:1040)
	at org.apache.coyote.AbstractProtocol$AbstractConnectionHandler.process(AbstractProtocol.java:607)
	at org.apache.tomcat.util.net.JIoEndpoint$SocketProcessor.run(JIoEndpoint.java:316)
	at java.util.concurrent.ThreadPoolExecutor.runWorker(ThreadPoolExecutor.java:1145)
	at java.util.concurrent.ThreadPoolExecutor$Worker.run(ThreadPoolExecutor.java:615)
	at org.apache.tomcat.util.threads.TaskThread$WrappingRunnable.run(TaskThread.java:61)
	at java.lang.Thread.run(Thread.java:745)


INFO 17:59:05.463 (FedoraTransactions) Commit transaction 'tx:63d7a334-8aeb-4592-a6c7-dc2d9c26da97'
INFO 17:59:05.652 (FedoraTransactions) Created transaction 'cfacee56-a020-423d-beb8-98c1ffde3c08'
WARN 17:59:05.846 (Errors) The following warnings have been detected: WARNING: Unknown HK2 failure detected:
MultiException stack 1 of 2
java.lang.OutOfMemoryError: unable to create new native thread
	at java.lang.Thread.start0(Native Method)
	at java.lang.Thread.start(Thread.java:714)
	at java.util.concurrent.ThreadPoolExecutor.addWorker(ThreadPoolExecutor.java:949)
	at java.util.concurrent.ThreadPoolExecutor.execute(ThreadPoolExecutor.java:1371)
	at org.modeshape.common.collection.ring.RingBuffer.addConsumer(RingBuffer.java:248)
	at org.modeshape.common.collection.ring.RingBuffer.addConsumer(RingBuffer.java:220)
	at org.modeshape.jcr.bus.RepositoryChangeBus.register(RepositoryChangeBus.java:79)
	at org.modeshape.jcr.JcrObservationManager.<init>(JcrObservationManager.java:174)
	at org.modeshape.jcr.JcrWorkspace.observationManager(JcrWorkspace.java:627)
	at org.modeshape.jcr.JcrWorkspace.getObservationManager(JcrWorkspace.java:619)
	at org.fcrepo.http.api.FedoraBaseResource.setUpJMSBaseURIs(FedoraBaseResource.java:81)
	at org.fcrepo.http.api.FedoraLdp.postConstruct(FedoraLdp.java:133)
	at sun.reflect.GeneratedMethodAccessor37.invoke(Unknown Source)
	at sun.reflect.DelegatingMethodAccessorImpl.invoke(DelegatingMethodAccessorImpl.java:43)
	at java.lang.reflect.Method.invoke(Method.java:606)
	at org.glassfish.hk2.utilities.reflection.ReflectionHelper.invoke(ReflectionHelper.java:1019)
	at org.jvnet.hk2.internal.ClazzCreator.postConstructMe(ClazzCreator.java:335)
	at org.jvnet.hk2.internal.ClazzCreator.create(ClazzCreator.java:377)
	at org.jvnet.hk2.internal.SystemDescriptor.create(SystemDescriptor.java:461)
	at org.glassfish.jersey.process.internal.RequestScope.findOrCreate(RequestScope.java:160)
	at org.jvnet.hk2.internal.Utilities.createService(Utilities.java:2268)
	at org.jvnet.hk2.internal.ServiceLocatorImpl.internalGetService(ServiceLocatorImpl.java:690)
	at org.jvnet.hk2.internal.ServiceLocatorImpl.getService(ServiceLocatorImpl.java:655)
	at org.glassfish.jersey.internal.inject.Injections.getOrCreate(Injections.java:169)
	at org.glassfish.jersey.server.model.MethodHandler$ClassBasedMethodHandler.getInstance(MethodHandler.java:185)
	at org.glassfish.jersey.server.internal.routing.PushMethodHandlerRouter.apply(PushMethodHandlerRouter.java:74)
	at org.glassfish.jersey.server.internal.routing.RoutingStage._apply(RoutingStage.java:112)
	at org.glassfish.jersey.server.internal.routing.RoutingStage._apply(RoutingStage.java:115)
	at org.glassfish.jersey.server.internal.routing.RoutingStage._apply(RoutingStage.java:115)
	at org.glassfish.jersey.server.internal.routing.RoutingStage._apply(RoutingStage.java:115)
	at org.glassfish.jersey.server.internal.routing.RoutingStage.apply(RoutingStage.java:94)
	at org.glassfish.jersey.server.internal.routing.RoutingStage.apply(RoutingStage.java:63)
	at org.glassfish.jersey.process.internal.Stages.process(Stages.java:197)
	at org.glassfish.jersey.server.ServerRuntime$1.run(ServerRuntime.java:263)
	at org.glassfish.jersey.internal.Errors$1.call(Errors.java:271)
	at org.glassfish.jersey.internal.Errors$1.call(Errors.java:267)
	at org.glassfish.jersey.internal.Errors.process(Errors.java:315)
	at org.glassfish.jersey.internal.Errors.process(Errors.java:297)
	at org.glassfish.jersey.internal.Errors.process(Errors.java:267)
	at org.glassfish.jersey.process.internal.RequestScope.runInScope(RequestScope.java:297)
	at org.glassfish.jersey.server.ServerRuntime.process(ServerRuntime.java:254)
	at org.glassfish.jersey.server.ApplicationHandler.handle(ApplicationHandler.java:1030)
	at org.glassfish.jersey.servlet.WebComponent.service(WebComponent.java:373)
	at org.glassfish.jersey.servlet.ServletContainer.service(ServletContainer.java:381)
	at org.glassfish.jersey.servlet.ServletContainer.service(ServletContainer.java:344)
	at org.glassfish.jersey.servlet.ServletContainer.service(ServletContainer.java:221)
	at org.apache.catalina.core.ApplicationFilterChain.internalDoFilter(ApplicationFilterChain.java:303)
	at org.apache.catalina.core.ApplicationFilterChain.doFilter(ApplicationFilterChain.java:208)
	at org.apache.catalina.core.StandardWrapperValve.invoke(StandardWrapperValve.java:220)
	at org.apache.catalina.core.StandardContextValve.invoke(StandardContextValve.java:122)
	at org.apache.catalina.authenticator.AuthenticatorBase.invoke(AuthenticatorBase.java:501)
	at org.apache.catalina.core.StandardHostValve.invoke(StandardHostValve.java:171)
	at org.apache.catalina.valves.ErrorReportValve.invoke(ErrorReportValve.java:102)
	at org.apache.catalina.valves.AccessLogValve.invoke(AccessLogValve.java:950)
	at org.apache.catalina.core.StandardEngineValve.invoke(StandardEngineValve.java:116)
	at org.apache.catalina.connector.CoyoteAdapter.service(CoyoteAdapter.java:408)
	at org.apache.coyote.http11.AbstractHttp11Processor.process(AbstractHttp11Processor.java:1040)
	at org.apache.coyote.AbstractProtocol$AbstractConnectionHandler.process(AbstractProtocol.java:607)
	at org.apache.tomcat.util.net.JIoEndpoint$SocketProcessor.run(JIoEndpoint.java:316)
	at java.util.concurrent.ThreadPoolExecutor.runWorker(ThreadPoolExecutor.java:1145)
	at java.util.concurrent.ThreadPoolExecutor$Worker.run(ThreadPoolExecutor.java:615)
	at org.apache.tomcat.util.threads.TaskThread$WrappingRunnable.run(TaskThread.java:61)
	at java.lang.Thread.run(Thread.java:745)
MultiException stack 2 of 2
java.lang.IllegalStateException: Unable to perform operation: post construct on org.fcrepo.http.api.FedoraLdp
	at org.jvnet.hk2.internal.ClazzCreator.create(ClazzCreator.java:395)
	at org.jvnet.hk2.internal.SystemDescriptor.create(SystemDescriptor.java:461)
	at org.glassfish.jersey.process.internal.RequestScope.findOrCreate(RequestScope.java:160)
	at org.jvnet.hk2.internal.Utilities.createService(Utilities.java:2268)
	at org.jvnet.hk2.internal.ServiceLocatorImpl.internalGetService(ServiceLocatorImpl.java:690)
	at org.jvnet.hk2.internal.ServiceLocatorImpl.getService(ServiceLocatorImpl.java:655)
	at org.glassfish.jersey.internal.inject.Injections.getOrCreate(Injections.java:169)
	at org.glassfish.jersey.server.model.MethodHandler$ClassBasedMethodHandler.getInstance(MethodHandler.java:185)
	at org.glassfish.jersey.server.internal.routing.PushMethodHandlerRouter.apply(PushMethodHandlerRouter.java:74)
	at org.glassfish.jersey.server.internal.routing.RoutingStage._apply(RoutingStage.java:112)
	at org.glassfish.jersey.server.internal.routing.RoutingStage._apply(RoutingStage.java:115)
	at org.glassfish.jersey.server.internal.routing.RoutingStage._apply(RoutingStage.java:115)
	at org.glassfish.jersey.server.internal.routing.RoutingStage._apply(RoutingStage.java:115)
	at org.glassfish.jersey.server.internal.routing.RoutingStage.apply(RoutingStage.java:94)
	at org.glassfish.jersey.server.internal.routing.RoutingStage.apply(RoutingStage.java:63)
	at org.glassfish.jersey.process.internal.Stages.process(Stages.java:197)
	at org.glassfish.jersey.server.ServerRuntime$1.run(ServerRuntime.java:263)
	at org.glassfish.jersey.internal.Errors$1.call(Errors.java:271)
	at org.glassfish.jersey.internal.Errors$1.call(Errors.java:267)
	at org.glassfish.jersey.internal.Errors.process(Errors.java:315)
	at org.glassfish.jersey.internal.Errors.process(Errors.java:297)
	at org.glassfish.jersey.internal.Errors.process(Errors.java:267)
	at org.glassfish.jersey.process.internal.RequestScope.runInScope(RequestScope.java:297)
	at org.glassfish.jersey.server.ServerRuntime.process(ServerRuntime.java:254)
	at org.glassfish.jersey.server.ApplicationHandler.handle(ApplicationHandler.java:1030)
	at org.glassfish.jersey.servlet.WebComponent.service(WebComponent.java:373)
	at org.glassfish.jersey.servlet.ServletContainer.service(ServletContainer.java:381)
	at org.glassfish.jersey.servlet.ServletContainer.service(ServletContainer.java:344)
	at org.glassfish.jersey.servlet.ServletContainer.service(ServletContainer.java:221)
	at org.apache.catalina.core.ApplicationFilterChain.internalDoFilter(ApplicationFilterChain.java:303)
	at org.apache.catalina.core.ApplicationFilterChain.doFilter(ApplicationFilterChain.java:208)
	at org.apache.catalina.core.StandardWrapperValve.invoke(StandardWrapperValve.java:220)
	at org.apache.catalina.core.StandardContextValve.invoke(StandardContextValve.java:122)
	at org.apache.catalina.authenticator.AuthenticatorBase.invoke(AuthenticatorBase.java:501)
	at org.apache.catalina.core.StandardHostValve.invoke(StandardHostValve.java:171)
	at org.apache.catalina.valves.ErrorReportValve.invoke(ErrorReportValve.java:102)
	at org.apache.catalina.valves.AccessLogValve.invoke(AccessLogValve.java:950)
	at org.apache.catalina.core.StandardEngineValve.invoke(StandardEngineValve.java:116)
	at org.apache.catalina.connector.CoyoteAdapter.service(CoyoteAdapter.java:408)
	at org.apache.coyote.http11.AbstractHttp11Processor.process(AbstractHttp11Processor.java:1040)
	at org.apache.coyote.AbstractProtocol$AbstractConnectionHandler.process(AbstractProtocol.java:607)
	at org.apache.tomcat.util.net.JIoEndpoint$SocketProcessor.run(JIoEndpoint.java:316)
	at java.util.concurrent.ThreadPoolExecutor.runWorker(ThreadPoolExecutor.java:1145)
	at java.util.concurrent.ThreadPoolExecutor$Worker.run(ThreadPoolExecutor.java:615)
	at org.apache.tomcat.util.threads.TaskThread$WrappingRunnable.run(TaskThread.java:61)
	at java.lang.Thread.run(Thread.java:745)


INFO 17:59:06.041 (FedoraTransactions) Commit transaction 'tx:cfacee56-a020-423d-beb8-98c1ffde3c08'
INFO 17:59:06.227 (FedoraTransactions) Created transaction '34c48c87-0768-46d2-b255-9a7bf3e0f8ca'
WARN 17:59:06.418 (Errors) The following warnings have been detected: WARNING: Unknown HK2 failure detected:
MultiException stack 1 of 2
java.lang.OutOfMemoryError: unable to create new native thread
	at java.lang.Thread.start0(Native Method)
	at java.lang.Thread.start(Thread.java:714)
	at java.util.concurrent.ThreadPoolExecutor.addWorker(ThreadPoolExecutor.java:949)
	at java.util.concurrent.ThreadPoolExecutor.execute(ThreadPoolExecutor.java:1371)
	at org.modeshape.common.collection.ring.RingBuffer.addConsumer(RingBuffer.java:248)
	at org.modeshape.common.collection.ring.RingBuffer.addConsumer(RingBuffer.java:220)
	at org.modeshape.jcr.bus.RepositoryChangeBus.register(RepositoryChangeBus.java:79)
	at org.modeshape.jcr.JcrObservationManager.<init>(JcrObservationManager.java:174)
	at org.modeshape.jcr.JcrWorkspace.observationManager(JcrWorkspace.java:627)
	at org.modeshape.jcr.JcrWorkspace.getObservationManager(JcrWorkspace.java:619)
	at org.fcrepo.http.api.FedoraBaseResource.setUpJMSBaseURIs(FedoraBaseResource.java:81)
	at org.fcrepo.http.api.FedoraLdp.postConstruct(FedoraLdp.java:133)
	at sun.reflect.GeneratedMethodAccessor37.invoke(Unknown Source)
	at sun.reflect.DelegatingMethodAccessorImpl.invoke(DelegatingMethodAccessorImpl.java:43)
	at java.lang.reflect.Method.invoke(Method.java:606)
	at org.glassfish.hk2.utilities.reflection.ReflectionHelper.invoke(ReflectionHelper.java:1019)
	at org.jvnet.hk2.internal.ClazzCreator.postConstructMe(ClazzCreator.java:335)
	at org.jvnet.hk2.internal.ClazzCreator.create(ClazzCreator.java:377)
	at org.jvnet.hk2.internal.SystemDescriptor.create(SystemDescriptor.java:461)
	at org.glassfish.jersey.process.internal.RequestScope.findOrCreate(RequestScope.java:160)
	at org.jvnet.hk2.internal.Utilities.createService(Utilities.java:2268)
	at org.jvnet.hk2.internal.ServiceLocatorImpl.internalGetService(ServiceLocatorImpl.java:690)
	at org.jvnet.hk2.internal.ServiceLocatorImpl.getService(ServiceLocatorImpl.java:655)
	at org.glassfish.jersey.internal.inject.Injections.getOrCreate(Injections.java:169)
	at org.glassfish.jersey.server.model.MethodHandler$ClassBasedMethodHandler.getInstance(MethodHandler.java:185)
	at org.glassfish.jersey.server.internal.routing.PushMethodHandlerRouter.apply(PushMethodHandlerRouter.java:74)
	at org.glassfish.jersey.server.internal.routing.RoutingStage._apply(RoutingStage.java:112)
	at org.glassfish.jersey.server.internal.routing.RoutingStage._apply(RoutingStage.java:115)
	at org.glassfish.jersey.server.internal.routing.RoutingStage._apply(RoutingStage.java:115)
	at org.glassfish.jersey.server.internal.routing.RoutingStage._apply(RoutingStage.java:115)
	at org.glassfish.jersey.server.internal.routing.RoutingStage.apply(RoutingStage.java:94)
	at org.glassfish.jersey.server.internal.routing.RoutingStage.apply(RoutingStage.java:63)
	at org.glassfish.jersey.process.internal.Stages.process(Stages.java:197)
	at org.glassfish.jersey.server.ServerRuntime$1.run(ServerRuntime.java:263)
	at org.glassfish.jersey.internal.Errors$1.call(Errors.java:271)
	at org.glassfish.jersey.internal.Errors$1.call(Errors.java:267)
	at org.glassfish.jersey.internal.Errors.process(Errors.java:315)
	at org.glassfish.jersey.internal.Errors.process(Errors.java:297)
	at org.glassfish.jersey.internal.Errors.process(Errors.java:267)
	at org.glassfish.jersey.process.internal.RequestScope.runInScope(RequestScope.java:297)
	at org.glassfish.jersey.server.ServerRuntime.process(ServerRuntime.java:254)
	at org.glassfish.jersey.server.ApplicationHandler.handle(ApplicationHandler.java:1030)
	at org.glassfish.jersey.servlet.WebComponent.service(WebComponent.java:373)
	at org.glassfish.jersey.servlet.ServletContainer.service(ServletContainer.java:381)
	at org.glassfish.jersey.servlet.ServletContainer.service(ServletContainer.java:344)
	at org.glassfish.jersey.servlet.ServletContainer.service(ServletContainer.java:221)
	at org.apache.catalina.core.ApplicationFilterChain.internalDoFilter(ApplicationFilterChain.java:303)
	at org.apache.catalina.core.ApplicationFilterChain.doFilter(ApplicationFilterChain.java:208)
	at org.apache.catalina.core.StandardWrapperValve.invoke(StandardWrapperValve.java:220)
	at org.apache.catalina.core.StandardContextValve.invoke(StandardContextValve.java:122)
	at org.apache.catalina.authenticator.AuthenticatorBase.invoke(AuthenticatorBase.java:501)
	at org.apache.catalina.core.StandardHostValve.invoke(StandardHostValve.java:171)
	at org.apache.catalina.valves.ErrorReportValve.invoke(ErrorReportValve.java:102)
	at org.apache.catalina.valves.AccessLogValve.invoke(AccessLogValve.java:950)
	at org.apache.catalina.core.StandardEngineValve.invoke(StandardEngineValve.java:116)
	at org.apache.catalina.connector.CoyoteAdapter.service(CoyoteAdapter.java:408)
	at org.apache.coyote.http11.AbstractHttp11Processor.process(AbstractHttp11Processor.java:1040)
	at org.apache.coyote.AbstractProtocol$AbstractConnectionHandler.process(AbstractProtocol.java:607)
	at org.apache.tomcat.util.net.JIoEndpoint$SocketProcessor.run(JIoEndpoint.java:316)
	at java.util.concurrent.ThreadPoolExecutor.runWorker(ThreadPoolExecutor.java:1145)
	at java.util.concurrent.ThreadPoolExecutor$Worker.run(ThreadPoolExecutor.java:615)
	at org.apache.tomcat.util.threads.TaskThread$WrappingRunnable.run(TaskThread.java:61)
	at java.lang.Thread.run(Thread.java:745)
MultiException stack 2 of 2
java.lang.IllegalStateException: Unable to perform operation: post construct on org.fcrepo.http.api.FedoraLdp
	at org.jvnet.hk2.internal.ClazzCreator.create(ClazzCreator.java:395)
	at org.jvnet.hk2.internal.SystemDescriptor.create(SystemDescriptor.java:461)
	at org.glassfish.jersey.process.internal.RequestScope.findOrCreate(RequestScope.java:160)
	at org.jvnet.hk2.internal.Utilities.createService(Utilities.java:2268)
	at org.jvnet.hk2.internal.ServiceLocatorImpl.internalGetService(ServiceLocatorImpl.java:690)
	at org.jvnet.hk2.internal.ServiceLocatorImpl.getService(ServiceLocatorImpl.java:655)
	at org.glassfish.jersey.internal.inject.Injections.getOrCreate(Injections.java:169)
	at org.glassfish.jersey.server.model.MethodHandler$ClassBasedMethodHandler.getInstance(MethodHandler.java:185)
	at org.glassfish.jersey.server.internal.routing.PushMethodHandlerRouter.apply(PushMethodHandlerRouter.java:74)
	at org.glassfish.jersey.server.internal.routing.RoutingStage._apply(RoutingStage.java:112)
	at org.glassfish.jersey.server.internal.routing.RoutingStage._apply(RoutingStage.java:115)
	at org.glassfish.jersey.server.internal.routing.RoutingStage._apply(RoutingStage.java:115)
	at org.glassfish.jersey.server.internal.routing.RoutingStage._apply(RoutingStage.java:115)
	at org.glassfish.jersey.server.internal.routing.RoutingStage.apply(RoutingStage.java:94)
	at org.glassfish.jersey.server.internal.routing.RoutingStage.apply(RoutingStage.java:63)
	at org.glassfish.jersey.process.internal.Stages.process(Stages.java:197)
	at org.glassfish.jersey.server.ServerRuntime$1.run(ServerRuntime.java:263)
	at org.glassfish.jersey.internal.Errors$1.call(Errors.java:271)
	at org.glassfish.jersey.internal.Errors$1.call(Errors.java:267)
	at org.glassfish.jersey.internal.Errors.process(Errors.java:315)
	at org.glassfish.jersey.internal.Errors.process(Errors.java:297)
	at org.glassfish.jersey.internal.Errors.process(Errors.java:267)
	at org.glassfish.jersey.process.internal.RequestScope.runInScope(RequestScope.java:297)
	at org.glassfish.jersey.server.ServerRuntime.process(ServerRuntime.java:254)
	at org.glassfish.jersey.server.ApplicationHandler.handle(ApplicationHandler.java:1030)
	at org.glassfish.jersey.servlet.WebComponent.service(WebComponent.java:373)
	at org.glassfish.jersey.servlet.ServletContainer.service(ServletContainer.java:381)
	at org.glassfish.jersey.servlet.ServletContainer.service(ServletContainer.java:344)
	at org.glassfish.jersey.servlet.ServletContainer.service(ServletContainer.java:221)
	at org.apache.catalina.core.ApplicationFilterChain.internalDoFilter(ApplicationFilterChain.java:303)
	at org.apache.catalina.core.ApplicationFilterChain.doFilter(ApplicationFilterChain.java:208)
	at org.apache.catalina.core.StandardWrapperValve.invoke(StandardWrapperValve.java:220)
	at org.apache.catalina.core.StandardContextValve.invoke(StandardContextValve.java:122)
	at org.apache.catalina.authenticator.AuthenticatorBase.invoke(AuthenticatorBase.java:501)
	at org.apache.catalina.core.StandardHostValve.invoke(StandardHostValve.java:171)
	at org.apache.catalina.valves.ErrorReportValve.invoke(ErrorReportValve.java:102)
	at org.apache.catalina.valves.AccessLogValve.invoke(AccessLogValve.java:950)
	at org.apache.catalina.core.StandardEngineValve.invoke(StandardEngineValve.java:116)
	at org.apache.catalina.connector.CoyoteAdapter.service(CoyoteAdapter.java:408)
	at org.apache.coyote.http11.AbstractHttp11Processor.process(AbstractHttp11Processor.java:1040)
	at org.apache.coyote.AbstractProtocol$AbstractConnectionHandler.process(AbstractProtocol.java:607)
	at org.apache.tomcat.util.net.JIoEndpoint$SocketProcessor.run(JIoEndpoint.java:316)
	at java.util.concurrent.ThreadPoolExecutor.runWorker(ThreadPoolExecutor.java:1145)
	at java.util.concurrent.ThreadPoolExecutor$Worker.run(ThreadPoolExecutor.java:615)
	at org.apache.tomcat.util.threads.TaskThread$WrappingRunnable.run(TaskThread.java:61)
	at java.lang.Thread.run(Thread.java:745)


INFO 17:59:06.606 (FedoraTransactions) Commit transaction 'tx:34c48c87-0768-46d2-b255-9a7bf3e0f8ca'
INFO 17:59:06.806 (FedoraTransactions) Created transaction '0b84ffe8-59f9-43d7-b432-53c89c8560a1'
WARN 17:59:07.022 (Errors) The following warnings have been detected: WARNING: Unknown HK2 failure detected:
MultiException stack 1 of 2
java.lang.OutOfMemoryError: unable to create new native thread
	at java.lang.Thread.start0(Native Method)
	at java.lang.Thread.start(Thread.java:714)
	at java.util.concurrent.ThreadPoolExecutor.addWorker(ThreadPoolExecutor.java:949)
	at java.util.concurrent.ThreadPoolExecutor.execute(ThreadPoolExecutor.java:1371)
	at org.modeshape.common.collection.ring.RingBuffer.addConsumer(RingBuffer.java:248)
	at org.modeshape.common.collection.ring.RingBuffer.addConsumer(RingBuffer.java:220)
	at org.modeshape.jcr.bus.RepositoryChangeBus.register(RepositoryChangeBus.java:79)
	at org.modeshape.jcr.JcrObservationManager.<init>(JcrObservationManager.java:174)
	at org.modeshape.jcr.JcrWorkspace.observationManager(JcrWorkspace.java:627)
	at org.modeshape.jcr.JcrWorkspace.getObservationManager(JcrWorkspace.java:619)
	at org.fcrepo.http.api.FedoraBaseResource.setUpJMSBaseURIs(FedoraBaseResource.java:81)
	at org.fcrepo.http.api.FedoraLdp.postConstruct(FedoraLdp.java:133)
	at sun.reflect.GeneratedMethodAccessor37.invoke(Unknown Source)
	at sun.reflect.DelegatingMethodAccessorImpl.invoke(DelegatingMethodAccessorImpl.java:43)
	at java.lang.reflect.Method.invoke(Method.java:606)
	at org.glassfish.hk2.utilities.reflection.ReflectionHelper.invoke(ReflectionHelper.java:1019)
	at org.jvnet.hk2.internal.ClazzCreator.postConstructMe(ClazzCreator.java:335)
	at org.jvnet.hk2.internal.ClazzCreator.create(ClazzCreator.java:377)
	at org.jvnet.hk2.internal.SystemDescriptor.create(SystemDescriptor.java:461)
	at org.glassfish.jersey.process.internal.RequestScope.findOrCreate(RequestScope.java:160)
	at org.jvnet.hk2.internal.Utilities.createService(Utilities.java:2268)
	at org.jvnet.hk2.internal.ServiceLocatorImpl.internalGetService(ServiceLocatorImpl.java:690)
	at org.jvnet.hk2.internal.ServiceLocatorImpl.getService(ServiceLocatorImpl.java:655)
	at org.glassfish.jersey.internal.inject.Injections.getOrCreate(Injections.java:169)
	at org.glassfish.jersey.server.model.MethodHandler$ClassBasedMethodHandler.getInstance(MethodHandler.java:185)
	at org.glassfish.jersey.server.internal.routing.PushMethodHandlerRouter.apply(PushMethodHandlerRouter.java:74)
	at org.glassfish.jersey.server.internal.routing.RoutingStage._apply(RoutingStage.java:112)
	at org.glassfish.jersey.server.internal.routing.RoutingStage._apply(RoutingStage.java:115)
	at org.glassfish.jersey.server.internal.routing.RoutingStage._apply(RoutingStage.java:115)
	at org.glassfish.jersey.server.internal.routing.RoutingStage._apply(RoutingStage.java:115)
	at org.glassfish.jersey.server.internal.routing.RoutingStage.apply(RoutingStage.java:94)
	at org.glassfish.jersey.server.internal.routing.RoutingStage.apply(RoutingStage.java:63)
	at org.glassfish.jersey.process.internal.Stages.process(Stages.java:197)
	at org.glassfish.jersey.server.ServerRuntime$1.run(ServerRuntime.java:263)
	at org.glassfish.jersey.internal.Errors$1.call(Errors.java:271)
	at org.glassfish.jersey.internal.Errors$1.call(Errors.java:267)
	at org.glassfish.jersey.internal.Errors.process(Errors.java:315)
	at org.glassfish.jersey.internal.Errors.process(Errors.java:297)
	at org.glassfish.jersey.internal.Errors.process(Errors.java:267)
	at org.glassfish.jersey.process.internal.RequestScope.runInScope(RequestScope.java:297)
	at org.glassfish.jersey.server.ServerRuntime.process(ServerRuntime.java:254)
	at org.glassfish.jersey.server.ApplicationHandler.handle(ApplicationHandler.java:1030)
	at org.glassfish.jersey.servlet.WebComponent.service(WebComponent.java:373)
	at org.glassfish.jersey.servlet.ServletContainer.service(ServletContainer.java:381)
	at org.glassfish.jersey.servlet.ServletContainer.service(ServletContainer.java:344)
	at org.glassfish.jersey.servlet.ServletContainer.service(ServletContainer.java:221)
	at org.apache.catalina.core.ApplicationFilterChain.internalDoFilter(ApplicationFilterChain.java:303)
	at org.apache.catalina.core.ApplicationFilterChain.doFilter(ApplicationFilterChain.java:208)
	at org.apache.catalina.core.StandardWrapperValve.invoke(StandardWrapperValve.java:220)
	at org.apache.catalina.core.StandardContextValve.invoke(StandardContextValve.java:122)
	at org.apache.catalina.authenticator.AuthenticatorBase.invoke(AuthenticatorBase.java:501)
	at org.apache.catalina.core.StandardHostValve.invoke(StandardHostValve.java:171)
	at org.apache.catalina.valves.ErrorReportValve.invoke(ErrorReportValve.java:102)
	at org.apache.catalina.valves.AccessLogValve.invoke(AccessLogValve.java:950)
	at org.apache.catalina.core.StandardEngineValve.invoke(StandardEngineValve.java:116)
	at org.apache.catalina.connector.CoyoteAdapter.service(CoyoteAdapter.java:408)
	at org.apache.coyote.http11.AbstractHttp11Processor.process(AbstractHttp11Processor.java:1040)
	at org.apache.coyote.AbstractProtocol$AbstractConnectionHandler.process(AbstractProtocol.java:607)
	at org.apache.tomcat.util.net.JIoEndpoint$SocketProcessor.run(JIoEndpoint.java:316)
	at java.util.concurrent.ThreadPoolExecutor.runWorker(ThreadPoolExecutor.java:1145)
	at java.util.concurrent.ThreadPoolExecutor$Worker.run(ThreadPoolExecutor.java:615)
	at org.apache.tomcat.util.threads.TaskThread$WrappingRunnable.run(TaskThread.java:61)
	at java.lang.Thread.run(Thread.java:745)
MultiException stack 2 of 2
java.lang.IllegalStateException: Unable to perform operation: post construct on org.fcrepo.http.api.FedoraLdp
	at org.jvnet.hk2.internal.ClazzCreator.create(ClazzCreator.java:395)
	at org.jvnet.hk2.internal.SystemDescriptor.create(SystemDescriptor.java:461)
	at org.glassfish.jersey.process.internal.RequestScope.findOrCreate(RequestScope.java:160)
	at org.jvnet.hk2.internal.Utilities.createService(Utilities.java:2268)
	at org.jvnet.hk2.internal.ServiceLocatorImpl.internalGetService(ServiceLocatorImpl.java:690)
	at org.jvnet.hk2.internal.ServiceLocatorImpl.getService(ServiceLocatorImpl.java:655)
	at org.glassfish.jersey.internal.inject.Injections.getOrCreate(Injections.java:169)
	at org.glassfish.jersey.server.model.MethodHandler$ClassBasedMethodHandler.getInstance(MethodHandler.java:185)
	at org.glassfish.jersey.server.internal.routing.PushMethodHandlerRouter.apply(PushMethodHandlerRouter.java:74)
	at org.glassfish.jersey.server.internal.routing.RoutingStage._apply(RoutingStage.java:112)
	at org.glassfish.jersey.server.internal.routing.RoutingStage._apply(RoutingStage.java:115)
	at org.glassfish.jersey.server.internal.routing.RoutingStage._apply(RoutingStage.java:115)
	at org.glassfish.jersey.server.internal.routing.RoutingStage._apply(RoutingStage.java:115)
	at org.glassfish.jersey.server.internal.routing.RoutingStage.apply(RoutingStage.java:94)
	at org.glassfish.jersey.server.internal.routing.RoutingStage.apply(RoutingStage.java:63)
	at org.glassfish.jersey.process.internal.Stages.process(Stages.java:197)
	at org.glassfish.jersey.server.ServerRuntime$1.run(ServerRuntime.java:263)
	at org.glassfish.jersey.internal.Errors$1.call(Errors.java:271)
	at org.glassfish.jersey.internal.Errors$1.call(Errors.java:267)
	at org.glassfish.jersey.internal.Errors.process(Errors.java:315)
	at org.glassfish.jersey.internal.Errors.process(Errors.java:297)
	at org.glassfish.jersey.internal.Errors.process(Errors.java:267)
	at org.glassfish.jersey.process.internal.RequestScope.runInScope(RequestScope.java:297)
	at org.glassfish.jersey.server.ServerRuntime.process(ServerRuntime.java:254)
	at org.glassfish.jersey.server.ApplicationHandler.handle(ApplicationHandler.java:1030)
	at org.glassfish.jersey.servlet.WebComponent.service(WebComponent.java:373)
	at org.glassfish.jersey.servlet.ServletContainer.service(ServletContainer.java:381)
	at org.glassfish.jersey.servlet.ServletContainer.service(ServletContainer.java:344)
	at org.glassfish.jersey.servlet.ServletContainer.service(ServletContainer.java:221)
	at org.apache.catalina.core.ApplicationFilterChain.internalDoFilter(ApplicationFilterChain.java:303)
	at org.apache.catalina.core.ApplicationFilterChain.doFilter(ApplicationFilterChain.java:208)
	at org.apache.catalina.core.StandardWrapperValve.invoke(StandardWrapperValve.java:220)
	at org.apache.catalina.core.StandardContextValve.invoke(StandardContextValve.java:122)
	at org.apache.catalina.authenticator.AuthenticatorBase.invoke(AuthenticatorBase.java:501)
	at org.apache.catalina.core.StandardHostValve.invoke(StandardHostValve.java:171)
	at org.apache.catalina.valves.ErrorReportValve.invoke(ErrorReportValve.java:102)
	at org.apache.catalina.valves.AccessLogValve.invoke(AccessLogValve.java:950)
	at org.apache.catalina.core.StandardEngineValve.invoke(StandardEngineValve.java:116)
	at org.apache.catalina.connector.CoyoteAdapter.service(CoyoteAdapter.java:408)
	at org.apache.coyote.http11.AbstractHttp11Processor.process(AbstractHttp11Processor.java:1040)
	at org.apache.coyote.AbstractProtocol$AbstractConnectionHandler.process(AbstractProtocol.java:607)
	at org.apache.tomcat.util.net.JIoEndpoint$SocketProcessor.run(JIoEndpoint.java:316)
	at java.util.concurrent.ThreadPoolExecutor.runWorker(ThreadPoolExecutor.java:1145)
	at java.util.concurrent.ThreadPoolExecutor$Worker.run(ThreadPoolExecutor.java:615)
	at org.apache.tomcat.util.threads.TaskThread$WrappingRunnable.run(TaskThread.java:61)
	at java.lang.Thread.run(Thread.java:745)


INFO 17:59:07.214 (FedoraTransactions) Commit transaction 'tx:0b84ffe8-59f9-43d7-b432-53c89c8560a1'
INFO 17:59:07.401 (FedoraTransactions) Created transaction 'ceca5510-770f-4f09-9382-d106a307a5ba'
WARN 17:59:07.592 (Errors) The following warnings have been detected: WARNING: Unknown HK2 failure detected:
MultiException stack 1 of 2
java.lang.OutOfMemoryError: unable to create new native thread
	at java.lang.Thread.start0(Native Method)
	at java.lang.Thread.start(Thread.java:714)
	at java.util.concurrent.ThreadPoolExecutor.addWorker(ThreadPoolExecutor.java:949)
	at java.util.concurrent.ThreadPoolExecutor.execute(ThreadPoolExecutor.java:1371)
	at org.modeshape.common.collection.ring.RingBuffer.addConsumer(RingBuffer.java:248)
	at org.modeshape.common.collection.ring.RingBuffer.addConsumer(RingBuffer.java:220)
	at org.modeshape.jcr.bus.RepositoryChangeBus.register(RepositoryChangeBus.java:79)
	at org.modeshape.jcr.JcrObservationManager.<init>(JcrObservationManager.java:174)
	at org.modeshape.jcr.JcrWorkspace.observationManager(JcrWorkspace.java:627)
	at org.modeshape.jcr.JcrWorkspace.getObservationManager(JcrWorkspace.java:619)
	at org.fcrepo.http.api.FedoraBaseResource.setUpJMSBaseURIs(FedoraBaseResource.java:81)
	at org.fcrepo.http.api.FedoraLdp.postConstruct(FedoraLdp.java:133)
	at sun.reflect.GeneratedMethodAccessor37.invoke(Unknown Source)
	at sun.reflect.DelegatingMethodAccessorImpl.invoke(DelegatingMethodAccessorImpl.java:43)
	at java.lang.reflect.Method.invoke(Method.java:606)
	at org.glassfish.hk2.utilities.reflection.ReflectionHelper.invoke(ReflectionHelper.java:1019)
	at org.jvnet.hk2.internal.ClazzCreator.postConstructMe(ClazzCreator.java:335)
	at org.jvnet.hk2.internal.ClazzCreator.create(ClazzCreator.java:377)
	at org.jvnet.hk2.internal.SystemDescriptor.create(SystemDescriptor.java:461)
	at org.glassfish.jersey.process.internal.RequestScope.findOrCreate(RequestScope.java:160)
	at org.jvnet.hk2.internal.Utilities.createService(Utilities.java:2268)
	at org.jvnet.hk2.internal.ServiceLocatorImpl.internalGetService(ServiceLocatorImpl.java:690)
	at org.jvnet.hk2.internal.ServiceLocatorImpl.getService(ServiceLocatorImpl.java:655)
	at org.glassfish.jersey.internal.inject.Injections.getOrCreate(Injections.java:169)
	at org.glassfish.jersey.server.model.MethodHandler$ClassBasedMethodHandler.getInstance(MethodHandler.java:185)
	at org.glassfish.jersey.server.internal.routing.PushMethodHandlerRouter.apply(PushMethodHandlerRouter.java:74)
	at org.glassfish.jersey.server.internal.routing.RoutingStage._apply(RoutingStage.java:112)
	at org.glassfish.jersey.server.internal.routing.RoutingStage._apply(RoutingStage.java:115)
	at org.glassfish.jersey.server.internal.routing.RoutingStage._apply(RoutingStage.java:115)
	at org.glassfish.jersey.server.internal.routing.RoutingStage._apply(RoutingStage.java:115)
	at org.glassfish.jersey.server.internal.routing.RoutingStage.apply(RoutingStage.java:94)
	at org.glassfish.jersey.server.internal.routing.RoutingStage.apply(RoutingStage.java:63)
	at org.glassfish.jersey.process.internal.Stages.process(Stages.java:197)
	at org.glassfish.jersey.server.ServerRuntime$1.run(ServerRuntime.java:263)
	at org.glassfish.jersey.internal.Errors$1.call(Errors.java:271)
	at org.glassfish.jersey.internal.Errors$1.call(Errors.java:267)
	at org.glassfish.jersey.internal.Errors.process(Errors.java:315)
	at org.glassfish.jersey.internal.Errors.process(Errors.java:297)
	at org.glassfish.jersey.internal.Errors.process(Errors.java:267)
	at org.glassfish.jersey.process.internal.RequestScope.runInScope(RequestScope.java:297)
	at org.glassfish.jersey.server.ServerRuntime.process(ServerRuntime.java:254)
	at org.glassfish.jersey.server.ApplicationHandler.handle(ApplicationHandler.java:1030)
	at org.glassfish.jersey.servlet.WebComponent.service(WebComponent.java:373)
	at org.glassfish.jersey.servlet.ServletContainer.service(ServletContainer.java:381)
	at org.glassfish.jersey.servlet.ServletContainer.service(ServletContainer.java:344)
	at org.glassfish.jersey.servlet.ServletContainer.service(ServletContainer.java:221)
	at org.apache.catalina.core.ApplicationFilterChain.internalDoFilter(ApplicationFilterChain.java:303)
	at org.apache.catalina.core.ApplicationFilterChain.doFilter(ApplicationFilterChain.java:208)
	at org.apache.catalina.core.StandardWrapperValve.invoke(StandardWrapperValve.java:220)
	at org.apache.catalina.core.StandardContextValve.invoke(StandardContextValve.java:122)
	at org.apache.catalina.authenticator.AuthenticatorBase.invoke(AuthenticatorBase.java:501)
	at org.apache.catalina.core.StandardHostValve.invoke(StandardHostValve.java:171)
	at org.apache.catalina.valves.ErrorReportValve.invoke(ErrorReportValve.java:102)
	at org.apache.catalina.valves.AccessLogValve.invoke(AccessLogValve.java:950)
	at org.apache.catalina.core.StandardEngineValve.invoke(StandardEngineValve.java:116)
	at org.apache.catalina.connector.CoyoteAdapter.service(CoyoteAdapter.java:408)
	at org.apache.coyote.http11.AbstractHttp11Processor.process(AbstractHttp11Processor.java:1040)
	at org.apache.coyote.AbstractProtocol$AbstractConnectionHandler.process(AbstractProtocol.java:607)
	at org.apache.tomcat.util.net.JIoEndpoint$SocketProcessor.run(JIoEndpoint.java:316)
	at java.util.concurrent.ThreadPoolExecutor.runWorker(ThreadPoolExecutor.java:1145)
	at java.util.concurrent.ThreadPoolExecutor$Worker.run(ThreadPoolExecutor.java:615)
	at org.apache.tomcat.util.threads.TaskThread$WrappingRunnable.run(TaskThread.java:61)
	at java.lang.Thread.run(Thread.java:745)
MultiException stack 2 of 2
java.lang.IllegalStateException: Unable to perform operation: post construct on org.fcrepo.http.api.FedoraLdp
	at org.jvnet.hk2.internal.ClazzCreator.create(ClazzCreator.java:395)
	at org.jvnet.hk2.internal.SystemDescriptor.create(SystemDescriptor.java:461)
	at org.glassfish.jersey.process.internal.RequestScope.findOrCreate(RequestScope.java:160)
	at org.jvnet.hk2.internal.Utilities.createService(Utilities.java:2268)
	at org.jvnet.hk2.internal.ServiceLocatorImpl.internalGetService(ServiceLocatorImpl.java:690)
	at org.jvnet.hk2.internal.ServiceLocatorImpl.getService(ServiceLocatorImpl.java:655)
	at org.glassfish.jersey.internal.inject.Injections.getOrCreate(Injections.java:169)
	at org.glassfish.jersey.server.model.MethodHandler$ClassBasedMethodHandler.getInstance(MethodHandler.java:185)
	at org.glassfish.jersey.server.internal.routing.PushMethodHandlerRouter.apply(PushMethodHandlerRouter.java:74)
	at org.glassfish.jersey.server.internal.routing.RoutingStage._apply(RoutingStage.java:112)
	at org.glassfish.jersey.server.internal.routing.RoutingStage._apply(RoutingStage.java:115)
	at org.glassfish.jersey.server.internal.routing.RoutingStage._apply(RoutingStage.java:115)
	at org.glassfish.jersey.server.internal.routing.RoutingStage._apply(RoutingStage.java:115)
	at org.glassfish.jersey.server.internal.routing.RoutingStage.apply(RoutingStage.java:94)
	at org.glassfish.jersey.server.internal.routing.RoutingStage.apply(RoutingStage.java:63)
	at org.glassfish.jersey.process.internal.Stages.process(Stages.java:197)
	at org.glassfish.jersey.server.ServerRuntime$1.run(ServerRuntime.java:263)
	at org.glassfish.jersey.internal.Errors$1.call(Errors.java:271)
	at org.glassfish.jersey.internal.Errors$1.call(Errors.java:267)
	at org.glassfish.jersey.internal.Errors.process(Errors.java:315)
	at org.glassfish.jersey.internal.Errors.process(Errors.java:297)
	at org.glassfish.jersey.internal.Errors.process(Errors.java:267)
	at org.glassfish.jersey.process.internal.RequestScope.runInScope(RequestScope.java:297)
	at org.glassfish.jersey.server.ServerRuntime.process(ServerRuntime.java:254)
	at org.glassfish.jersey.server.ApplicationHandler.handle(ApplicationHandler.java:1030)
	at org.glassfish.jersey.servlet.WebComponent.service(WebComponent.java:373)
	at org.glassfish.jersey.servlet.ServletContainer.service(ServletContainer.java:381)
	at org.glassfish.jersey.servlet.ServletContainer.service(ServletContainer.java:344)
	at org.glassfish.jersey.servlet.ServletContainer.service(ServletContainer.java:221)
	at org.apache.catalina.core.ApplicationFilterChain.internalDoFilter(ApplicationFilterChain.java:303)
	at org.apache.catalina.core.ApplicationFilterChain.doFilter(ApplicationFilterChain.java:208)
	at org.apache.catalina.core.StandardWrapperValve.invoke(StandardWrapperValve.java:220)
	at org.apache.catalina.core.StandardContextValve.invoke(StandardContextValve.java:122)
	at org.apache.catalina.authenticator.AuthenticatorBase.invoke(AuthenticatorBase.java:501)
	at org.apache.catalina.core.StandardHostValve.invoke(StandardHostValve.java:171)
	at org.apache.catalina.valves.ErrorReportValve.invoke(ErrorReportValve.java:102)
	at org.apache.catalina.valves.AccessLogValve.invoke(AccessLogValve.java:950)
	at org.apache.catalina.core.StandardEngineValve.invoke(StandardEngineValve.java:116)
	at org.apache.catalina.connector.CoyoteAdapter.service(CoyoteAdapter.java:408)
	at org.apache.coyote.http11.AbstractHttp11Processor.process(AbstractHttp11Processor.java:1040)
	at org.apache.coyote.AbstractProtocol$AbstractConnectionHandler.process(AbstractProtocol.java:607)
	at org.apache.tomcat.util.net.JIoEndpoint$SocketProcessor.run(JIoEndpoint.java:316)
	at java.util.concurrent.ThreadPoolExecutor.runWorker(ThreadPoolExecutor.java:1145)
	at java.util.concurrent.ThreadPoolExecutor$Worker.run(ThreadPoolExecutor.java:615)
	at org.apache.tomcat.util.threads.TaskThread$WrappingRunnable.run(TaskThread.java:61)
	at java.lang.Thread.run(Thread.java:745)


INFO 17:59:07.784 (FedoraTransactions) Commit transaction 'tx:ceca5510-770f-4f09-9382-d106a307a5ba'
INFO 17:59:07.965 (FedoraTransactions) Created transaction '06c96f38-a155-43d0-86e8-405fcffa6f23'
WARN 17:59:08.154 (Errors) The following warnings have been detected: WARNING: Unknown HK2 failure detected:
MultiException stack 1 of 2
java.lang.OutOfMemoryError: unable to create new native thread
	at java.lang.Thread.start0(Native Method)
	at java.lang.Thread.start(Thread.java:714)
	at java.util.concurrent.ThreadPoolExecutor.addWorker(ThreadPoolExecutor.java:949)
	at java.util.concurrent.ThreadPoolExecutor.execute(ThreadPoolExecutor.java:1371)
	at org.modeshape.common.collection.ring.RingBuffer.addConsumer(RingBuffer.java:248)
	at org.modeshape.common.collection.ring.RingBuffer.addConsumer(RingBuffer.java:220)
	at org.modeshape.jcr.bus.RepositoryChangeBus.register(RepositoryChangeBus.java:79)
	at org.modeshape.jcr.JcrObservationManager.<init>(JcrObservationManager.java:174)
	at org.modeshape.jcr.JcrWorkspace.observationManager(JcrWorkspace.java:627)
	at org.modeshape.jcr.JcrWorkspace.getObservationManager(JcrWorkspace.java:619)
	at org.fcrepo.http.api.FedoraBaseResource.setUpJMSBaseURIs(FedoraBaseResource.java:81)
	at org.fcrepo.http.api.FedoraLdp.postConstruct(FedoraLdp.java:133)
	at sun.reflect.GeneratedMethodAccessor37.invoke(Unknown Source)
	at sun.reflect.DelegatingMethodAccessorImpl.invoke(DelegatingMethodAccessorImpl.java:43)
	at java.lang.reflect.Method.invoke(Method.java:606)
	at org.glassfish.hk2.utilities.reflection.ReflectionHelper.invoke(ReflectionHelper.java:1019)
	at org.jvnet.hk2.internal.ClazzCreator.postConstructMe(ClazzCreator.java:335)
	at org.jvnet.hk2.internal.ClazzCreator.create(ClazzCreator.java:377)
	at org.jvnet.hk2.internal.SystemDescriptor.create(SystemDescriptor.java:461)
	at org.glassfish.jersey.process.internal.RequestScope.findOrCreate(RequestScope.java:160)
	at org.jvnet.hk2.internal.Utilities.createService(Utilities.java:2268)
	at org.jvnet.hk2.internal.ServiceLocatorImpl.internalGetService(ServiceLocatorImpl.java:690)
	at org.jvnet.hk2.internal.ServiceLocatorImpl.getService(ServiceLocatorImpl.java:655)
	at org.glassfish.jersey.internal.inject.Injections.getOrCreate(Injections.java:169)
	at org.glassfish.jersey.server.model.MethodHandler$ClassBasedMethodHandler.getInstance(MethodHandler.java:185)
	at org.glassfish.jersey.server.internal.routing.PushMethodHandlerRouter.apply(PushMethodHandlerRouter.java:74)
	at org.glassfish.jersey.server.internal.routing.RoutingStage._apply(RoutingStage.java:112)
	at org.glassfish.jersey.server.internal.routing.RoutingStage._apply(RoutingStage.java:115)
	at org.glassfish.jersey.server.internal.routing.RoutingStage._apply(RoutingStage.java:115)
	at org.glassfish.jersey.server.internal.routing.RoutingStage._apply(RoutingStage.java:115)
	at org.glassfish.jersey.server.internal.routing.RoutingStage.apply(RoutingStage.java:94)
	at org.glassfish.jersey.server.internal.routing.RoutingStage.apply(RoutingStage.java:63)
	at org.glassfish.jersey.process.internal.Stages.process(Stages.java:197)
	at org.glassfish.jersey.server.ServerRuntime$1.run(ServerRuntime.java:263)
	at org.glassfish.jersey.internal.Errors$1.call(Errors.java:271)
	at org.glassfish.jersey.internal.Errors$1.call(Errors.java:267)
	at org.glassfish.jersey.internal.Errors.process(Errors.java:315)
	at org.glassfish.jersey.internal.Errors.process(Errors.java:297)
	at org.glassfish.jersey.internal.Errors.process(Errors.java:267)
	at org.glassfish.jersey.process.internal.RequestScope.runInScope(RequestScope.java:297)
	at org.glassfish.jersey.server.ServerRuntime.process(ServerRuntime.java:254)
	at org.glassfish.jersey.server.ApplicationHandler.handle(ApplicationHandler.java:1030)
	at org.glassfish.jersey.servlet.WebComponent.service(WebComponent.java:373)
	at org.glassfish.jersey.servlet.ServletContainer.service(ServletContainer.java:381)
	at org.glassfish.jersey.servlet.ServletContainer.service(ServletContainer.java:344)
	at org.glassfish.jersey.servlet.ServletContainer.service(ServletContainer.java:221)
	at org.apache.catalina.core.ApplicationFilterChain.internalDoFilter(ApplicationFilterChain.java:303)
	at org.apache.catalina.core.ApplicationFilterChain.doFilter(ApplicationFilterChain.java:208)
	at org.apache.catalina.core.StandardWrapperValve.invoke(StandardWrapperValve.java:220)
	at org.apache.catalina.core.StandardContextValve.invoke(StandardContextValve.java:122)
	at org.apache.catalina.authenticator.AuthenticatorBase.invoke(AuthenticatorBase.java:501)
	at org.apache.catalina.core.StandardHostValve.invoke(StandardHostValve.java:171)
	at org.apache.catalina.valves.ErrorReportValve.invoke(ErrorReportValve.java:102)
	at org.apache.catalina.valves.AccessLogValve.invoke(AccessLogValve.java:950)
	at org.apache.catalina.core.StandardEngineValve.invoke(StandardEngineValve.java:116)
	at org.apache.catalina.connector.CoyoteAdapter.service(CoyoteAdapter.java:408)
	at org.apache.coyote.http11.AbstractHttp11Processor.process(AbstractHttp11Processor.java:1040)
	at org.apache.coyote.AbstractProtocol$AbstractConnectionHandler.process(AbstractProtocol.java:607)
	at org.apache.tomcat.util.net.JIoEndpoint$SocketProcessor.run(JIoEndpoint.java:316)
	at java.util.concurrent.ThreadPoolExecutor.runWorker(ThreadPoolExecutor.java:1145)
	at java.util.concurrent.ThreadPoolExecutor$Worker.run(ThreadPoolExecutor.java:615)
	at org.apache.tomcat.util.threads.TaskThread$WrappingRunnable.run(TaskThread.java:61)
	at java.lang.Thread.run(Thread.java:745)
MultiException stack 2 of 2
java.lang.IllegalStateException: Unable to perform operation: post construct on org.fcrepo.http.api.FedoraLdp
	at org.jvnet.hk2.internal.ClazzCreator.create(ClazzCreator.java:395)
	at org.jvnet.hk2.internal.SystemDescriptor.create(SystemDescriptor.java:461)
	at org.glassfish.jersey.process.internal.RequestScope.findOrCreate(RequestScope.java:160)
	at org.jvnet.hk2.internal.Utilities.createService(Utilities.java:2268)
	at org.jvnet.hk2.internal.ServiceLocatorImpl.internalGetService(ServiceLocatorImpl.java:690)
	at org.jvnet.hk2.internal.ServiceLocatorImpl.getService(ServiceLocatorImpl.java:655)
	at org.glassfish.jersey.internal.inject.Injections.getOrCreate(Injections.java:169)
	at org.glassfish.jersey.server.model.MethodHandler$ClassBasedMethodHandler.getInstance(MethodHandler.java:185)
	at org.glassfish.jersey.server.internal.routing.PushMethodHandlerRouter.apply(PushMethodHandlerRouter.java:74)
	at org.glassfish.jersey.server.internal.routing.RoutingStage._apply(RoutingStage.java:112)
	at org.glassfish.jersey.server.internal.routing.RoutingStage._apply(RoutingStage.java:115)
	at org.glassfish.jersey.server.internal.routing.RoutingStage._apply(RoutingStage.java:115)
	at org.glassfish.jersey.server.internal.routing.RoutingStage._apply(RoutingStage.java:115)
	at org.glassfish.jersey.server.internal.routing.RoutingStage.apply(RoutingStage.java:94)
	at org.glassfish.jersey.server.internal.routing.RoutingStage.apply(RoutingStage.java:63)
	at org.glassfish.jersey.process.internal.Stages.process(Stages.java:197)
	at org.glassfish.jersey.server.ServerRuntime$1.run(ServerRuntime.java:263)
	at org.glassfish.jersey.internal.Errors$1.call(Errors.java:271)
	at org.glassfish.jersey.internal.Errors$1.call(Errors.java:267)
	at org.glassfish.jersey.internal.Errors.process(Errors.java:315)
	at org.glassfish.jersey.internal.Errors.process(Errors.java:297)
	at org.glassfish.jersey.internal.Errors.process(Errors.java:267)
	at org.glassfish.jersey.process.internal.RequestScope.runInScope(RequestScope.java:297)
	at org.glassfish.jersey.server.ServerRuntime.process(ServerRuntime.java:254)
	at org.glassfish.jersey.server.ApplicationHandler.handle(ApplicationHandler.java:1030)
	at org.glassfish.jersey.servlet.WebComponent.service(WebComponent.java:373)
	at org.glassfish.jersey.servlet.ServletContainer.service(ServletContainer.java:381)
	at org.glassfish.jersey.servlet.ServletContainer.service(ServletContainer.java:344)
	at org.glassfish.jersey.servlet.ServletContainer.service(ServletContainer.java:221)
	at org.apache.catalina.core.ApplicationFilterChain.internalDoFilter(ApplicationFilterChain.java:303)
	at org.apache.catalina.core.ApplicationFilterChain.doFilter(ApplicationFilterChain.java:208)
	at org.apache.catalina.core.StandardWrapperValve.invoke(StandardWrapperValve.java:220)
	at org.apache.catalina.core.StandardContextValve.invoke(StandardContextValve.java:122)
	at org.apache.catalina.authenticator.AuthenticatorBase.invoke(AuthenticatorBase.java:501)
	at org.apache.catalina.core.StandardHostValve.invoke(StandardHostValve.java:171)
	at org.apache.catalina.valves.ErrorReportValve.invoke(ErrorReportValve.java:102)
	at org.apache.catalina.valves.AccessLogValve.invoke(AccessLogValve.java:950)
	at org.apache.catalina.core.StandardEngineValve.invoke(StandardEngineValve.java:116)
	at org.apache.catalina.connector.CoyoteAdapter.service(CoyoteAdapter.java:408)
	at org.apache.coyote.http11.AbstractHttp11Processor.process(AbstractHttp11Processor.java:1040)
	at org.apache.coyote.AbstractProtocol$AbstractConnectionHandler.process(AbstractProtocol.java:607)
	at org.apache.tomcat.util.net.JIoEndpoint$SocketProcessor.run(JIoEndpoint.java:316)
	at java.util.concurrent.ThreadPoolExecutor.runWorker(ThreadPoolExecutor.java:1145)
	at java.util.concurrent.ThreadPoolExecutor$Worker.run(ThreadPoolExecutor.java:615)
	at org.apache.tomcat.util.threads.TaskThread$WrappingRunnable.run(TaskThread.java:61)
	at java.lang.Thread.run(Thread.java:745)


INFO 17:59:08.342 (FedoraTransactions) Commit transaction 'tx:06c96f38-a155-43d0-86e8-405fcffa6f23'
INFO 17:59:08.522 (FedoraTransactions) Created transaction '06632af6-9690-4fc8-bf58-c8909d642877'
WARN 17:59:08.714 (Errors) The following warnings have been detected: WARNING: Unknown HK2 failure detected:
MultiException stack 1 of 2
java.lang.OutOfMemoryError: unable to create new native thread
	at java.lang.Thread.start0(Native Method)
	at java.lang.Thread.start(Thread.java:714)
	at java.util.concurrent.ThreadPoolExecutor.addWorker(ThreadPoolExecutor.java:949)
	at java.util.concurrent.ThreadPoolExecutor.execute(ThreadPoolExecutor.java:1371)
	at org.modeshape.common.collection.ring.RingBuffer.addConsumer(RingBuffer.java:248)
	at org.modeshape.common.collection.ring.RingBuffer.addConsumer(RingBuffer.java:220)
	at org.modeshape.jcr.bus.RepositoryChangeBus.register(RepositoryChangeBus.java:79)
	at org.modeshape.jcr.JcrObservationManager.<init>(JcrObservationManager.java:174)
	at org.modeshape.jcr.JcrWorkspace.observationManager(JcrWorkspace.java:627)
	at org.modeshape.jcr.JcrWorkspace.getObservationManager(JcrWorkspace.java:619)
	at org.fcrepo.http.api.FedoraBaseResource.setUpJMSBaseURIs(FedoraBaseResource.java:81)
	at org.fcrepo.http.api.FedoraLdp.postConstruct(FedoraLdp.java:133)
	at sun.reflect.GeneratedMethodAccessor37.invoke(Unknown Source)
	at sun.reflect.DelegatingMethodAccessorImpl.invoke(DelegatingMethodAccessorImpl.java:43)
	at java.lang.reflect.Method.invoke(Method.java:606)
	at org.glassfish.hk2.utilities.reflection.ReflectionHelper.invoke(ReflectionHelper.java:1019)
	at org.jvnet.hk2.internal.ClazzCreator.postConstructMe(ClazzCreator.java:335)
	at org.jvnet.hk2.internal.ClazzCreator.create(ClazzCreator.java:377)
	at org.jvnet.hk2.internal.SystemDescriptor.create(SystemDescriptor.java:461)
	at org.glassfish.jersey.process.internal.RequestScope.findOrCreate(RequestScope.java:160)
	at org.jvnet.hk2.internal.Utilities.createService(Utilities.java:2268)
	at org.jvnet.hk2.internal.ServiceLocatorImpl.internalGetService(ServiceLocatorImpl.java:690)
	at org.jvnet.hk2.internal.ServiceLocatorImpl.getService(ServiceLocatorImpl.java:655)
	at org.glassfish.jersey.internal.inject.Injections.getOrCreate(Injections.java:169)
	at org.glassfish.jersey.server.model.MethodHandler$ClassBasedMethodHandler.getInstance(MethodHandler.java:185)
	at org.glassfish.jersey.server.internal.routing.PushMethodHandlerRouter.apply(PushMethodHandlerRouter.java:74)
	at org.glassfish.jersey.server.internal.routing.RoutingStage._apply(RoutingStage.java:112)
	at org.glassfish.jersey.server.internal.routing.RoutingStage._apply(RoutingStage.java:115)
	at org.glassfish.jersey.server.internal.routing.RoutingStage._apply(RoutingStage.java:115)
	at org.glassfish.jersey.server.internal.routing.RoutingStage._apply(RoutingStage.java:115)
	at org.glassfish.jersey.server.internal.routing.RoutingStage.apply(RoutingStage.java:94)
	at org.glassfish.jersey.server.internal.routing.RoutingStage.apply(RoutingStage.java:63)
	at org.glassfish.jersey.process.internal.Stages.process(Stages.java:197)
	at org.glassfish.jersey.server.ServerRuntime$1.run(ServerRuntime.java:263)
	at org.glassfish.jersey.internal.Errors$1.call(Errors.java:271)
	at org.glassfish.jersey.internal.Errors$1.call(Errors.java:267)
	at org.glassfish.jersey.internal.Errors.process(Errors.java:315)
	at org.glassfish.jersey.internal.Errors.process(Errors.java:297)
	at org.glassfish.jersey.internal.Errors.process(Errors.java:267)
	at org.glassfish.jersey.process.internal.RequestScope.runInScope(RequestScope.java:297)
	at org.glassfish.jersey.server.ServerRuntime.process(ServerRuntime.java:254)
	at org.glassfish.jersey.server.ApplicationHandler.handle(ApplicationHandler.java:1030)
	at org.glassfish.jersey.servlet.WebComponent.service(WebComponent.java:373)
	at org.glassfish.jersey.servlet.ServletContainer.service(ServletContainer.java:381)
	at org.glassfish.jersey.servlet.ServletContainer.service(ServletContainer.java:344)
	at org.glassfish.jersey.servlet.ServletContainer.service(ServletContainer.java:221)
	at org.apache.catalina.core.ApplicationFilterChain.internalDoFilter(ApplicationFilterChain.java:303)
	at org.apache.catalina.core.ApplicationFilterChain.doFilter(ApplicationFilterChain.java:208)
	at org.apache.catalina.core.StandardWrapperValve.invoke(StandardWrapperValve.java:220)
	at org.apache.catalina.core.StandardContextValve.invoke(StandardContextValve.java:122)
	at org.apache.catalina.authenticator.AuthenticatorBase.invoke(AuthenticatorBase.java:501)
	at org.apache.catalina.core.StandardHostValve.invoke(StandardHostValve.java:171)
	at org.apache.catalina.valves.ErrorReportValve.invoke(ErrorReportValve.java:102)
	at org.apache.catalina.valves.AccessLogValve.invoke(AccessLogValve.java:950)
	at org.apache.catalina.core.StandardEngineValve.invoke(StandardEngineValve.java:116)
	at org.apache.catalina.connector.CoyoteAdapter.service(CoyoteAdapter.java:408)
	at org.apache.coyote.http11.AbstractHttp11Processor.process(AbstractHttp11Processor.java:1040)
	at org.apache.coyote.AbstractProtocol$AbstractConnectionHandler.process(AbstractProtocol.java:607)
	at org.apache.tomcat.util.net.JIoEndpoint$SocketProcessor.run(JIoEndpoint.java:316)
	at java.util.concurrent.ThreadPoolExecutor.runWorker(ThreadPoolExecutor.java:1145)
	at java.util.concurrent.ThreadPoolExecutor$Worker.run(ThreadPoolExecutor.java:615)
	at org.apache.tomcat.util.threads.TaskThread$WrappingRunnable.run(TaskThread.java:61)
	at java.lang.Thread.run(Thread.java:745)
MultiException stack 2 of 2
java.lang.IllegalStateException: Unable to perform operation: post construct on org.fcrepo.http.api.FedoraLdp
	at org.jvnet.hk2.internal.ClazzCreator.create(ClazzCreator.java:395)
	at org.jvnet.hk2.internal.SystemDescriptor.create(SystemDescriptor.java:461)
	at org.glassfish.jersey.process.internal.RequestScope.findOrCreate(RequestScope.java:160)
	at org.jvnet.hk2.internal.Utilities.createService(Utilities.java:2268)
	at org.jvnet.hk2.internal.ServiceLocatorImpl.internalGetService(ServiceLocatorImpl.java:690)
	at org.jvnet.hk2.internal.ServiceLocatorImpl.getService(ServiceLocatorImpl.java:655)
	at org.glassfish.jersey.internal.inject.Injections.getOrCreate(Injections.java:169)
	at org.glassfish.jersey.server.model.MethodHandler$ClassBasedMethodHandler.getInstance(MethodHandler.java:185)
	at org.glassfish.jersey.server.internal.routing.PushMethodHandlerRouter.apply(PushMethodHandlerRouter.java:74)
	at org.glassfish.jersey.server.internal.routing.RoutingStage._apply(RoutingStage.java:112)
	at org.glassfish.jersey.server.internal.routing.RoutingStage._apply(RoutingStage.java:115)
	at org.glassfish.jersey.server.internal.routing.RoutingStage._apply(RoutingStage.java:115)
	at org.glassfish.jersey.server.internal.routing.RoutingStage._apply(RoutingStage.java:115)
	at org.glassfish.jersey.server.internal.routing.RoutingStage.apply(RoutingStage.java:94)
	at org.glassfish.jersey.server.internal.routing.RoutingStage.apply(RoutingStage.java:63)
	at org.glassfish.jersey.process.internal.Stages.process(Stages.java:197)
	at org.glassfish.jersey.server.ServerRuntime$1.run(ServerRuntime.java:263)
	at org.glassfish.jersey.internal.Errors$1.call(Errors.java:271)
	at org.glassfish.jersey.internal.Errors$1.call(Errors.java:267)
	at org.glassfish.jersey.internal.Errors.process(Errors.java:315)
	at org.glassfish.jersey.internal.Errors.process(Errors.java:297)
	at org.glassfish.jersey.internal.Errors.process(Errors.java:267)
	at org.glassfish.jersey.process.internal.RequestScope.runInScope(RequestScope.java:297)
	at org.glassfish.jersey.server.ServerRuntime.process(ServerRuntime.java:254)
	at org.glassfish.jersey.server.ApplicationHandler.handle(ApplicationHandler.java:1030)
	at org.glassfish.jersey.servlet.WebComponent.service(WebComponent.java:373)
	at org.glassfish.jersey.servlet.ServletContainer.service(ServletContainer.java:381)
	at org.glassfish.jersey.servlet.ServletContainer.service(ServletContainer.java:344)
	at org.glassfish.jersey.servlet.ServletContainer.service(ServletContainer.java:221)
	at org.apache.catalina.core.ApplicationFilterChain.internalDoFilter(ApplicationFilterChain.java:303)
	at org.apache.catalina.core.ApplicationFilterChain.doFilter(ApplicationFilterChain.java:208)
	at org.apache.catalina.core.StandardWrapperValve.invoke(StandardWrapperValve.java:220)
	at org.apache.catalina.core.StandardContextValve.invoke(StandardContextValve.java:122)
	at org.apache.catalina.authenticator.AuthenticatorBase.invoke(AuthenticatorBase.java:501)
	at org.apache.catalina.core.StandardHostValve.invoke(StandardHostValve.java:171)
	at org.apache.catalina.valves.ErrorReportValve.invoke(ErrorReportValve.java:102)
	at org.apache.catalina.valves.AccessLogValve.invoke(AccessLogValve.java:950)
	at org.apache.catalina.core.StandardEngineValve.invoke(StandardEngineValve.java:116)
	at org.apache.catalina.connector.CoyoteAdapter.service(CoyoteAdapter.java:408)
	at org.apache.coyote.http11.AbstractHttp11Processor.process(AbstractHttp11Processor.java:1040)
	at org.apache.coyote.AbstractProtocol$AbstractConnectionHandler.process(AbstractProtocol.java:607)
	at org.apache.tomcat.util.net.JIoEndpoint$SocketProcessor.run(JIoEndpoint.java:316)
	at java.util.concurrent.ThreadPoolExecutor.runWorker(ThreadPoolExecutor.java:1145)
	at java.util.concurrent.ThreadPoolExecutor$Worker.run(ThreadPoolExecutor.java:615)
	at org.apache.tomcat.util.threads.TaskThread$WrappingRunnable.run(TaskThread.java:61)
	at java.lang.Thread.run(Thread.java:745)


INFO 17:59:08.902 (FedoraTransactions) Commit transaction 'tx:06632af6-9690-4fc8-bf58-c8909d642877'
INFO 17:59:09.096 (FedoraTransactions) Created transaction 'faef3f0e-9b74-459d-b740-7cbed59901c8'
WARN 17:59:09.302 (Errors) The following warnings have been detected: WARNING: Unknown HK2 failure detected:
MultiException stack 1 of 2
java.lang.OutOfMemoryError: unable to create new native thread
	at java.lang.Thread.start0(Native Method)
	at java.lang.Thread.start(Thread.java:714)
	at java.util.concurrent.ThreadPoolExecutor.addWorker(ThreadPoolExecutor.java:949)
	at java.util.concurrent.ThreadPoolExecutor.execute(ThreadPoolExecutor.java:1371)
	at org.modeshape.common.collection.ring.RingBuffer.addConsumer(RingBuffer.java:248)
	at org.modeshape.common.collection.ring.RingBuffer.addConsumer(RingBuffer.java:220)
	at org.modeshape.jcr.bus.RepositoryChangeBus.register(RepositoryChangeBus.java:79)
	at org.modeshape.jcr.JcrObservationManager.<init>(JcrObservationManager.java:174)
	at org.modeshape.jcr.JcrWorkspace.observationManager(JcrWorkspace.java:627)
	at org.modeshape.jcr.JcrWorkspace.getObservationManager(JcrWorkspace.java:619)
	at org.fcrepo.http.api.FedoraBaseResource.setUpJMSBaseURIs(FedoraBaseResource.java:81)
	at org.fcrepo.http.api.FedoraLdp.postConstruct(FedoraLdp.java:133)
	at sun.reflect.GeneratedMethodAccessor37.invoke(Unknown Source)
	at sun.reflect.DelegatingMethodAccessorImpl.invoke(DelegatingMethodAccessorImpl.java:43)
	at java.lang.reflect.Method.invoke(Method.java:606)
	at org.glassfish.hk2.utilities.reflection.ReflectionHelper.invoke(ReflectionHelper.java:1019)
	at org.jvnet.hk2.internal.ClazzCreator.postConstructMe(ClazzCreator.java:335)
	at org.jvnet.hk2.internal.ClazzCreator.create(ClazzCreator.java:377)
	at org.jvnet.hk2.internal.SystemDescriptor.create(SystemDescriptor.java:461)
	at org.glassfish.jersey.process.internal.RequestScope.findOrCreate(RequestScope.java:160)
	at org.jvnet.hk2.internal.Utilities.createService(Utilities.java:2268)
	at org.jvnet.hk2.internal.ServiceLocatorImpl.internalGetService(ServiceLocatorImpl.java:690)
	at org.jvnet.hk2.internal.ServiceLocatorImpl.getService(ServiceLocatorImpl.java:655)
	at org.glassfish.jersey.internal.inject.Injections.getOrCreate(Injections.java:169)
	at org.glassfish.jersey.server.model.MethodHandler$ClassBasedMethodHandler.getInstance(MethodHandler.java:185)
	at org.glassfish.jersey.server.internal.routing.PushMethodHandlerRouter.apply(PushMethodHandlerRouter.java:74)
	at org.glassfish.jersey.server.internal.routing.RoutingStage._apply(RoutingStage.java:112)
	at org.glassfish.jersey.server.internal.routing.RoutingStage._apply(RoutingStage.java:115)
	at org.glassfish.jersey.server.internal.routing.RoutingStage._apply(RoutingStage.java:115)
	at org.glassfish.jersey.server.internal.routing.RoutingStage._apply(RoutingStage.java:115)
	at org.glassfish.jersey.server.internal.routing.RoutingStage.apply(RoutingStage.java:94)
	at org.glassfish.jersey.server.internal.routing.RoutingStage.apply(RoutingStage.java:63)
	at org.glassfish.jersey.process.internal.Stages.process(Stages.java:197)
	at org.glassfish.jersey.server.ServerRuntime$1.run(ServerRuntime.java:263)
	at org.glassfish.jersey.internal.Errors$1.call(Errors.java:271)
	at org.glassfish.jersey.internal.Errors$1.call(Errors.java:267)
	at org.glassfish.jersey.internal.Errors.process(Errors.java:315)
	at org.glassfish.jersey.internal.Errors.process(Errors.java:297)
	at org.glassfish.jersey.internal.Errors.process(Errors.java:267)
	at org.glassfish.jersey.process.internal.RequestScope.runInScope(RequestScope.java:297)
	at org.glassfish.jersey.server.ServerRuntime.process(ServerRuntime.java:254)
	at org.glassfish.jersey.server.ApplicationHandler.handle(ApplicationHandler.java:1030)
	at org.glassfish.jersey.servlet.WebComponent.service(WebComponent.java:373)
	at org.glassfish.jersey.servlet.ServletContainer.service(ServletContainer.java:381)
	at org.glassfish.jersey.servlet.ServletContainer.service(ServletContainer.java:344)
	at org.glassfish.jersey.servlet.ServletContainer.service(ServletContainer.java:221)
	at org.apache.catalina.core.ApplicationFilterChain.internalDoFilter(ApplicationFilterChain.java:303)
	at org.apache.catalina.core.ApplicationFilterChain.doFilter(ApplicationFilterChain.java:208)
	at org.apache.catalina.core.StandardWrapperValve.invoke(StandardWrapperValve.java:220)
	at org.apache.catalina.core.StandardContextValve.invoke(StandardContextValve.java:122)
	at org.apache.catalina.authenticator.AuthenticatorBase.invoke(AuthenticatorBase.java:501)
	at org.apache.catalina.core.StandardHostValve.invoke(StandardHostValve.java:171)
	at org.apache.catalina.valves.ErrorReportValve.invoke(ErrorReportValve.java:102)
	at org.apache.catalina.valves.AccessLogValve.invoke(AccessLogValve.java:950)
	at org.apache.catalina.core.StandardEngineValve.invoke(StandardEngineValve.java:116)
	at org.apache.catalina.connector.CoyoteAdapter.service(CoyoteAdapter.java:408)
	at org.apache.coyote.http11.AbstractHttp11Processor.process(AbstractHttp11Processor.java:1040)
	at org.apache.coyote.AbstractProtocol$AbstractConnectionHandler.process(AbstractProtocol.java:607)
	at org.apache.tomcat.util.net.JIoEndpoint$SocketProcessor.run(JIoEndpoint.java:316)
	at java.util.concurrent.ThreadPoolExecutor.runWorker(ThreadPoolExecutor.java:1145)
	at java.util.concurrent.ThreadPoolExecutor$Worker.run(ThreadPoolExecutor.java:615)
	at org.apache.tomcat.util.threads.TaskThread$WrappingRunnable.run(TaskThread.java:61)
	at java.lang.Thread.run(Thread.java:745)
MultiException stack 2 of 2
java.lang.IllegalStateException: Unable to perform operation: post construct on org.fcrepo.http.api.FedoraLdp
	at org.jvnet.hk2.internal.ClazzCreator.create(ClazzCreator.java:395)
	at org.jvnet.hk2.internal.SystemDescriptor.create(SystemDescriptor.java:461)
	at org.glassfish.jersey.process.internal.RequestScope.findOrCreate(RequestScope.java:160)
	at org.jvnet.hk2.internal.Utilities.createService(Utilities.java:2268)
	at org.jvnet.hk2.internal.ServiceLocatorImpl.internalGetService(ServiceLocatorImpl.java:690)
	at org.jvnet.hk2.internal.ServiceLocatorImpl.getService(ServiceLocatorImpl.java:655)
	at org.glassfish.jersey.internal.inject.Injections.getOrCreate(Injections.java:169)
	at org.glassfish.jersey.server.model.MethodHandler$ClassBasedMethodHandler.getInstance(MethodHandler.java:185)
	at org.glassfish.jersey.server.internal.routing.PushMethodHandlerRouter.apply(PushMethodHandlerRouter.java:74)
	at org.glassfish.jersey.server.internal.routing.RoutingStage._apply(RoutingStage.java:112)
	at org.glassfish.jersey.server.internal.routing.RoutingStage._apply(RoutingStage.java:115)
	at org.glassfish.jersey.server.internal.routing.RoutingStage._apply(RoutingStage.java:115)
	at org.glassfish.jersey.server.internal.routing.RoutingStage._apply(RoutingStage.java:115)
	at org.glassfish.jersey.server.internal.routing.RoutingStage.apply(RoutingStage.java:94)
	at org.glassfish.jersey.server.internal.routing.RoutingStage.apply(RoutingStage.java:63)
	at org.glassfish.jersey.process.internal.Stages.process(Stages.java:197)
	at org.glassfish.jersey.server.ServerRuntime$1.run(ServerRuntime.java:263)
	at org.glassfish.jersey.internal.Errors$1.call(Errors.java:271)
	at org.glassfish.jersey.internal.Errors$1.call(Errors.java:267)
	at org.glassfish.jersey.internal.Errors.process(Errors.java:315)
	at org.glassfish.jersey.internal.Errors.process(Errors.java:297)
	at org.glassfish.jersey.internal.Errors.process(Errors.java:267)
	at org.glassfish.jersey.process.internal.RequestScope.runInScope(RequestScope.java:297)
	at org.glassfish.jersey.server.ServerRuntime.process(ServerRuntime.java:254)
	at org.glassfish.jersey.server.ApplicationHandler.handle(ApplicationHandler.java:1030)
	at org.glassfish.jersey.servlet.WebComponent.service(WebComponent.java:373)
	at org.glassfish.jersey.servlet.ServletContainer.service(ServletContainer.java:381)
	at org.glassfish.jersey.servlet.ServletContainer.service(ServletContainer.java:344)
	at org.glassfish.jersey.servlet.ServletContainer.service(ServletContainer.java:221)
	at org.apache.catalina.core.ApplicationFilterChain.internalDoFilter(ApplicationFilterChain.java:303)
	at org.apache.catalina.core.ApplicationFilterChain.doFilter(ApplicationFilterChain.java:208)
	at org.apache.catalina.core.StandardWrapperValve.invoke(StandardWrapperValve.java:220)
	at org.apache.catalina.core.StandardContextValve.invoke(StandardContextValve.java:122)
	at org.apache.catalina.authenticator.AuthenticatorBase.invoke(AuthenticatorBase.java:501)
	at org.apache.catalina.core.StandardHostValve.invoke(StandardHostValve.java:171)
	at org.apache.catalina.valves.ErrorReportValve.invoke(ErrorReportValve.java:102)
	at org.apache.catalina.valves.AccessLogValve.invoke(AccessLogValve.java:950)
	at org.apache.catalina.core.StandardEngineValve.invoke(StandardEngineValve.java:116)
	at org.apache.catalina.connector.CoyoteAdapter.service(CoyoteAdapter.java:408)
	at org.apache.coyote.http11.AbstractHttp11Processor.process(AbstractHttp11Processor.java:1040)
	at org.apache.coyote.AbstractProtocol$AbstractConnectionHandler.process(AbstractProtocol.java:607)
	at org.apache.tomcat.util.net.JIoEndpoint$SocketProcessor.run(JIoEndpoint.java:316)
	at java.util.concurrent.ThreadPoolExecutor.runWorker(ThreadPoolExecutor.java:1145)
	at java.util.concurrent.ThreadPoolExecutor$Worker.run(ThreadPoolExecutor.java:615)
	at org.apache.tomcat.util.threads.TaskThread$WrappingRunnable.run(TaskThread.java:61)
	at java.lang.Thread.run(Thread.java:745)


INFO 17:59:09.494 (FedoraTransactions) Commit transaction 'tx:faef3f0e-9b74-459d-b740-7cbed59901c8'
INFO 17:59:09.681 (FedoraTransactions) Created transaction '9355c22a-c056-4b1c-82ac-9d5ecc1513bf'
WARN 17:59:09.875 (Errors) The following warnings have been detected: WARNING: Unknown HK2 failure detected:
MultiException stack 1 of 2
java.lang.OutOfMemoryError: unable to create new native thread
	at java.lang.Thread.start0(Native Method)
	at java.lang.Thread.start(Thread.java:714)
	at java.util.concurrent.ThreadPoolExecutor.addWorker(ThreadPoolExecutor.java:949)
	at java.util.concurrent.ThreadPoolExecutor.execute(ThreadPoolExecutor.java:1371)
	at org.modeshape.common.collection.ring.RingBuffer.addConsumer(RingBuffer.java:248)
	at org.modeshape.common.collection.ring.RingBuffer.addConsumer(RingBuffer.java:220)
	at org.modeshape.jcr.bus.RepositoryChangeBus.register(RepositoryChangeBus.java:79)
	at org.modeshape.jcr.JcrObservationManager.<init>(JcrObservationManager.java:174)
	at org.modeshape.jcr.JcrWorkspace.observationManager(JcrWorkspace.java:627)
	at org.modeshape.jcr.JcrWorkspace.getObservationManager(JcrWorkspace.java:619)
	at org.fcrepo.http.api.FedoraBaseResource.setUpJMSBaseURIs(FedoraBaseResource.java:81)
	at org.fcrepo.http.api.FedoraLdp.postConstruct(FedoraLdp.java:133)
	at sun.reflect.GeneratedMethodAccessor37.invoke(Unknown Source)
	at sun.reflect.DelegatingMethodAccessorImpl.invoke(DelegatingMethodAccessorImpl.java:43)
	at java.lang.reflect.Method.invoke(Method.java:606)
	at org.glassfish.hk2.utilities.reflection.ReflectionHelper.invoke(ReflectionHelper.java:1019)
	at org.jvnet.hk2.internal.ClazzCreator.postConstructMe(ClazzCreator.java:335)
	at org.jvnet.hk2.internal.ClazzCreator.create(ClazzCreator.java:377)
	at org.jvnet.hk2.internal.SystemDescriptor.create(SystemDescriptor.java:461)
	at org.glassfish.jersey.process.internal.RequestScope.findOrCreate(RequestScope.java:160)
	at org.jvnet.hk2.internal.Utilities.createService(Utilities.java:2268)
	at org.jvnet.hk2.internal.ServiceLocatorImpl.internalGetService(ServiceLocatorImpl.java:690)
	at org.jvnet.hk2.internal.ServiceLocatorImpl.getService(ServiceLocatorImpl.java:655)
	at org.glassfish.jersey.internal.inject.Injections.getOrCreate(Injections.java:169)
	at org.glassfish.jersey.server.model.MethodHandler$ClassBasedMethodHandler.getInstance(MethodHandler.java:185)
	at org.glassfish.jersey.server.internal.routing.PushMethodHandlerRouter.apply(PushMethodHandlerRouter.java:74)
	at org.glassfish.jersey.server.internal.routing.RoutingStage._apply(RoutingStage.java:112)
	at org.glassfish.jersey.server.internal.routing.RoutingStage._apply(RoutingStage.java:115)
	at org.glassfish.jersey.server.internal.routing.RoutingStage._apply(RoutingStage.java:115)
	at org.glassfish.jersey.server.internal.routing.RoutingStage._apply(RoutingStage.java:115)
	at org.glassfish.jersey.server.internal.routing.RoutingStage.apply(RoutingStage.java:94)
	at org.glassfish.jersey.server.internal.routing.RoutingStage.apply(RoutingStage.java:63)
	at org.glassfish.jersey.process.internal.Stages.process(Stages.java:197)
	at org.glassfish.jersey.server.ServerRuntime$1.run(ServerRuntime.java:263)
	at org.glassfish.jersey.internal.Errors$1.call(Errors.java:271)
	at org.glassfish.jersey.internal.Errors$1.call(Errors.java:267)
	at org.glassfish.jersey.internal.Errors.process(Errors.java:315)
	at org.glassfish.jersey.internal.Errors.process(Errors.java:297)
	at org.glassfish.jersey.internal.Errors.process(Errors.java:267)
	at org.glassfish.jersey.process.internal.RequestScope.runInScope(RequestScope.java:297)
	at org.glassfish.jersey.server.ServerRuntime.process(ServerRuntime.java:254)
	at org.glassfish.jersey.server.ApplicationHandler.handle(ApplicationHandler.java:1030)
	at org.glassfish.jersey.servlet.WebComponent.service(WebComponent.java:373)
	at org.glassfish.jersey.servlet.ServletContainer.service(ServletContainer.java:381)
	at org.glassfish.jersey.servlet.ServletContainer.service(ServletContainer.java:344)
	at org.glassfish.jersey.servlet.ServletContainer.service(ServletContainer.java:221)
	at org.apache.catalina.core.ApplicationFilterChain.internalDoFilter(ApplicationFilterChain.java:303)
	at org.apache.catalina.core.ApplicationFilterChain.doFilter(ApplicationFilterChain.java:208)
	at org.apache.catalina.core.StandardWrapperValve.invoke(StandardWrapperValve.java:220)
	at org.apache.catalina.core.StandardContextValve.invoke(StandardContextValve.java:122)
	at org.apache.catalina.authenticator.AuthenticatorBase.invoke(AuthenticatorBase.java:501)
	at org.apache.catalina.core.StandardHostValve.invoke(StandardHostValve.java:171)
	at org.apache.catalina.valves.ErrorReportValve.invoke(ErrorReportValve.java:102)
	at org.apache.catalina.valves.AccessLogValve.invoke(AccessLogValve.java:950)
	at org.apache.catalina.core.StandardEngineValve.invoke(StandardEngineValve.java:116)
	at org.apache.catalina.connector.CoyoteAdapter.service(CoyoteAdapter.java:408)
	at org.apache.coyote.http11.AbstractHttp11Processor.process(AbstractHttp11Processor.java:1040)
	at org.apache.coyote.AbstractProtocol$AbstractConnectionHandler.process(AbstractProtocol.java:607)
	at org.apache.tomcat.util.net.JIoEndpoint$SocketProcessor.run(JIoEndpoint.java:316)
	at java.util.concurrent.ThreadPoolExecutor.runWorker(ThreadPoolExecutor.java:1145)
	at java.util.concurrent.ThreadPoolExecutor$Worker.run(ThreadPoolExecutor.java:615)
	at org.apache.tomcat.util.threads.TaskThread$WrappingRunnable.run(TaskThread.java:61)
	at java.lang.Thread.run(Thread.java:745)
MultiException stack 2 of 2
java.lang.IllegalStateException: Unable to perform operation: post construct on org.fcrepo.http.api.FedoraLdp
	at org.jvnet.hk2.internal.ClazzCreator.create(ClazzCreator.java:395)
	at org.jvnet.hk2.internal.SystemDescriptor.create(SystemDescriptor.java:461)
	at org.glassfish.jersey.process.internal.RequestScope.findOrCreate(RequestScope.java:160)
	at org.jvnet.hk2.internal.Utilities.createService(Utilities.java:2268)
	at org.jvnet.hk2.internal.ServiceLocatorImpl.internalGetService(ServiceLocatorImpl.java:690)
	at org.jvnet.hk2.internal.ServiceLocatorImpl.getService(ServiceLocatorImpl.java:655)
	at org.glassfish.jersey.internal.inject.Injections.getOrCreate(Injections.java:169)
	at org.glassfish.jersey.server.model.MethodHandler$ClassBasedMethodHandler.getInstance(MethodHandler.java:185)
	at org.glassfish.jersey.server.internal.routing.PushMethodHandlerRouter.apply(PushMethodHandlerRouter.java:74)
	at org.glassfish.jersey.server.internal.routing.RoutingStage._apply(RoutingStage.java:112)
	at org.glassfish.jersey.server.internal.routing.RoutingStage._apply(RoutingStage.java:115)
	at org.glassfish.jersey.server.internal.routing.RoutingStage._apply(RoutingStage.java:115)
	at org.glassfish.jersey.server.internal.routing.RoutingStage._apply(RoutingStage.java:115)
	at org.glassfish.jersey.server.internal.routing.RoutingStage.apply(RoutingStage.java:94)
	at org.glassfish.jersey.server.internal.routing.RoutingStage.apply(RoutingStage.java:63)
	at org.glassfish.jersey.process.internal.Stages.process(Stages.java:197)
	at org.glassfish.jersey.server.ServerRuntime$1.run(ServerRuntime.java:263)
	at org.glassfish.jersey.internal.Errors$1.call(Errors.java:271)
	at org.glassfish.jersey.internal.Errors$1.call(Errors.java:267)
	at org.glassfish.jersey.internal.Errors.process(Errors.java:315)
	at org.glassfish.jersey.internal.Errors.process(Errors.java:297)
	at org.glassfish.jersey.internal.Errors.process(Errors.java:267)
	at org.glassfish.jersey.process.internal.RequestScope.runInScope(RequestScope.java:297)
	at org.glassfish.jersey.server.ServerRuntime.process(ServerRuntime.java:254)
	at org.glassfish.jersey.server.ApplicationHandler.handle(ApplicationHandler.java:1030)
	at org.glassfish.jersey.servlet.WebComponent.service(WebComponent.java:373)
	at org.glassfish.jersey.servlet.ServletContainer.service(ServletContainer.java:381)
	at org.glassfish.jersey.servlet.ServletContainer.service(ServletContainer.java:344)
	at org.glassfish.jersey.servlet.ServletContainer.service(ServletContainer.java:221)
	at org.apache.catalina.core.ApplicationFilterChain.internalDoFilter(ApplicationFilterChain.java:303)
	at org.apache.catalina.core.ApplicationFilterChain.doFilter(ApplicationFilterChain.java:208)
	at org.apache.catalina.core.StandardWrapperValve.invoke(StandardWrapperValve.java:220)
	at org.apache.catalina.core.StandardContextValve.invoke(StandardContextValve.java:122)
	at org.apache.catalina.authenticator.AuthenticatorBase.invoke(AuthenticatorBase.java:501)
	at org.apache.catalina.core.StandardHostValve.invoke(StandardHostValve.java:171)
	at org.apache.catalina.valves.ErrorReportValve.invoke(ErrorReportValve.java:102)
	at org.apache.catalina.valves.AccessLogValve.invoke(AccessLogValve.java:950)
	at org.apache.catalina.core.StandardEngineValve.invoke(StandardEngineValve.java:116)
	at org.apache.catalina.connector.CoyoteAdapter.service(CoyoteAdapter.java:408)
	at org.apache.coyote.http11.AbstractHttp11Processor.process(AbstractHttp11Processor.java:1040)
	at org.apache.coyote.AbstractProtocol$AbstractConnectionHandler.process(AbstractProtocol.java:607)
	at org.apache.tomcat.util.net.JIoEndpoint$SocketProcessor.run(JIoEndpoint.java:316)
	at java.util.concurrent.ThreadPoolExecutor.runWorker(ThreadPoolExecutor.java:1145)
	at java.util.concurrent.ThreadPoolExecutor$Worker.run(ThreadPoolExecutor.java:615)
	at org.apache.tomcat.util.threads.TaskThread$WrappingRunnable.run(TaskThread.java:61)
	at java.lang.Thread.run(Thread.java:745)


INFO 17:59:10.064 (FedoraTransactions) Commit transaction 'tx:9355c22a-c056-4b1c-82ac-9d5ecc1513bf'
INFO 17:59:10.256 (FedoraTransactions) Created transaction 'ab4b5192-eaa7-417d-a8d6-d400d37d511c'
WARN 17:59:10.455 (Errors) The following warnings have been detected: WARNING: Unknown HK2 failure detected:
MultiException stack 1 of 2
java.lang.OutOfMemoryError: unable to create new native thread
	at java.lang.Thread.start0(Native Method)
	at java.lang.Thread.start(Thread.java:714)
	at java.util.concurrent.ThreadPoolExecutor.addWorker(ThreadPoolExecutor.java:949)
	at java.util.concurrent.ThreadPoolExecutor.execute(ThreadPoolExecutor.java:1371)
	at org.modeshape.common.collection.ring.RingBuffer.addConsumer(RingBuffer.java:248)
	at org.modeshape.common.collection.ring.RingBuffer.addConsumer(RingBuffer.java:220)
	at org.modeshape.jcr.bus.RepositoryChangeBus.register(RepositoryChangeBus.java:79)
	at org.modeshape.jcr.JcrObservationManager.<init>(JcrObservationManager.java:174)
	at org.modeshape.jcr.JcrWorkspace.observationManager(JcrWorkspace.java:627)
	at org.modeshape.jcr.JcrWorkspace.getObservationManager(JcrWorkspace.java:619)
	at org.fcrepo.http.api.FedoraBaseResource.setUpJMSBaseURIs(FedoraBaseResource.java:81)
	at org.fcrepo.http.api.FedoraLdp.postConstruct(FedoraLdp.java:133)
	at sun.reflect.GeneratedMethodAccessor37.invoke(Unknown Source)
	at sun.reflect.DelegatingMethodAccessorImpl.invoke(DelegatingMethodAccessorImpl.java:43)
	at java.lang.reflect.Method.invoke(Method.java:606)
	at org.glassfish.hk2.utilities.reflection.ReflectionHelper.invoke(ReflectionHelper.java:1019)
	at org.jvnet.hk2.internal.ClazzCreator.postConstructMe(ClazzCreator.java:335)
	at org.jvnet.hk2.internal.ClazzCreator.create(ClazzCreator.java:377)
	at org.jvnet.hk2.internal.SystemDescriptor.create(SystemDescriptor.java:461)
	at org.glassfish.jersey.process.internal.RequestScope.findOrCreate(RequestScope.java:160)
	at org.jvnet.hk2.internal.Utilities.createService(Utilities.java:2268)
	at org.jvnet.hk2.internal.ServiceLocatorImpl.internalGetService(ServiceLocatorImpl.java:690)
	at org.jvnet.hk2.internal.ServiceLocatorImpl.getService(ServiceLocatorImpl.java:655)
	at org.glassfish.jersey.internal.inject.Injections.getOrCreate(Injections.java:169)
	at org.glassfish.jersey.server.model.MethodHandler$ClassBasedMethodHandler.getInstance(MethodHandler.java:185)
	at org.glassfish.jersey.server.internal.routing.PushMethodHandlerRouter.apply(PushMethodHandlerRouter.java:74)
	at org.glassfish.jersey.server.internal.routing.RoutingStage._apply(RoutingStage.java:112)
	at org.glassfish.jersey.server.internal.routing.RoutingStage._apply(RoutingStage.java:115)
	at org.glassfish.jersey.server.internal.routing.RoutingStage._apply(RoutingStage.java:115)
	at org.glassfish.jersey.server.internal.routing.RoutingStage._apply(RoutingStage.java:115)
	at org.glassfish.jersey.server.internal.routing.RoutingStage.apply(RoutingStage.java:94)
	at org.glassfish.jersey.server.internal.routing.RoutingStage.apply(RoutingStage.java:63)
	at org.glassfish.jersey.process.internal.Stages.process(Stages.java:197)
	at org.glassfish.jersey.server.ServerRuntime$1.run(ServerRuntime.java:263)
	at org.glassfish.jersey.internal.Errors$1.call(Errors.java:271)
	at org.glassfish.jersey.internal.Errors$1.call(Errors.java:267)
	at org.glassfish.jersey.internal.Errors.process(Errors.java:315)
	at org.glassfish.jersey.internal.Errors.process(Errors.java:297)
	at org.glassfish.jersey.internal.Errors.process(Errors.java:267)
	at org.glassfish.jersey.process.internal.RequestScope.runInScope(RequestScope.java:297)
	at org.glassfish.jersey.server.ServerRuntime.process(ServerRuntime.java:254)
	at org.glassfish.jersey.server.ApplicationHandler.handle(ApplicationHandler.java:1030)
	at org.glassfish.jersey.servlet.WebComponent.service(WebComponent.java:373)
	at org.glassfish.jersey.servlet.ServletContainer.service(ServletContainer.java:381)
	at org.glassfish.jersey.servlet.ServletContainer.service(ServletContainer.java:344)
	at org.glassfish.jersey.servlet.ServletContainer.service(ServletContainer.java:221)
	at org.apache.catalina.core.ApplicationFilterChain.internalDoFilter(ApplicationFilterChain.java:303)
	at org.apache.catalina.core.ApplicationFilterChain.doFilter(ApplicationFilterChain.java:208)
	at org.apache.catalina.core.StandardWrapperValve.invoke(StandardWrapperValve.java:220)
	at org.apache.catalina.core.StandardContextValve.invoke(StandardContextValve.java:122)
	at org.apache.catalina.authenticator.AuthenticatorBase.invoke(AuthenticatorBase.java:501)
	at org.apache.catalina.core.StandardHostValve.invoke(StandardHostValve.java:171)
	at org.apache.catalina.valves.ErrorReportValve.invoke(ErrorReportValve.java:102)
	at org.apache.catalina.valves.AccessLogValve.invoke(AccessLogValve.java:950)
	at org.apache.catalina.core.StandardEngineValve.invoke(StandardEngineValve.java:116)
	at org.apache.catalina.connector.CoyoteAdapter.service(CoyoteAdapter.java:408)
	at org.apache.coyote.http11.AbstractHttp11Processor.process(AbstractHttp11Processor.java:1040)
	at org.apache.coyote.AbstractProtocol$AbstractConnectionHandler.process(AbstractProtocol.java:607)
	at org.apache.tomcat.util.net.JIoEndpoint$SocketProcessor.run(JIoEndpoint.java:316)
	at java.util.concurrent.ThreadPoolExecutor.runWorker(ThreadPoolExecutor.java:1145)
	at java.util.concurrent.ThreadPoolExecutor$Worker.run(ThreadPoolExecutor.java:615)
	at org.apache.tomcat.util.threads.TaskThread$WrappingRunnable.run(TaskThread.java:61)
	at java.lang.Thread.run(Thread.java:745)
MultiException stack 2 of 2
java.lang.IllegalStateException: Unable to perform operation: post construct on org.fcrepo.http.api.FedoraLdp
	at org.jvnet.hk2.internal.ClazzCreator.create(ClazzCreator.java:395)
	at org.jvnet.hk2.internal.SystemDescriptor.create(SystemDescriptor.java:461)
	at org.glassfish.jersey.process.internal.RequestScope.findOrCreate(RequestScope.java:160)
	at org.jvnet.hk2.internal.Utilities.createService(Utilities.java:2268)
	at org.jvnet.hk2.internal.ServiceLocatorImpl.internalGetService(ServiceLocatorImpl.java:690)
	at org.jvnet.hk2.internal.ServiceLocatorImpl.getService(ServiceLocatorImpl.java:655)
	at org.glassfish.jersey.internal.inject.Injections.getOrCreate(Injections.java:169)
	at org.glassfish.jersey.server.model.MethodHandler$ClassBasedMethodHandler.getInstance(MethodHandler.java:185)
	at org.glassfish.jersey.server.internal.routing.PushMethodHandlerRouter.apply(PushMethodHandlerRouter.java:74)
	at org.glassfish.jersey.server.internal.routing.RoutingStage._apply(RoutingStage.java:112)
	at org.glassfish.jersey.server.internal.routing.RoutingStage._apply(RoutingStage.java:115)
	at org.glassfish.jersey.server.internal.routing.RoutingStage._apply(RoutingStage.java:115)
	at org.glassfish.jersey.server.internal.routing.RoutingStage._apply(RoutingStage.java:115)
	at org.glassfish.jersey.server.internal.routing.RoutingStage.apply(RoutingStage.java:94)
	at org.glassfish.jersey.server.internal.routing.RoutingStage.apply(RoutingStage.java:63)
	at org.glassfish.jersey.process.internal.Stages.process(Stages.java:197)
	at org.glassfish.jersey.server.ServerRuntime$1.run(ServerRuntime.java:263)
	at org.glassfish.jersey.internal.Errors$1.call(Errors.java:271)
	at org.glassfish.jersey.internal.Errors$1.call(Errors.java:267)
	at org.glassfish.jersey.internal.Errors.process(Errors.java:315)
	at org.glassfish.jersey.internal.Errors.process(Errors.java:297)
	at org.glassfish.jersey.internal.Errors.process(Errors.java:267)
	at org.glassfish.jersey.process.internal.RequestScope.runInScope(RequestScope.java:297)
	at org.glassfish.jersey.server.ServerRuntime.process(ServerRuntime.java:254)
	at org.glassfish.jersey.server.ApplicationHandler.handle(ApplicationHandler.java:1030)
	at org.glassfish.jersey.servlet.WebComponent.service(WebComponent.java:373)
	at org.glassfish.jersey.servlet.ServletContainer.service(ServletContainer.java:381)
	at org.glassfish.jersey.servlet.ServletContainer.service(ServletContainer.java:344)
	at org.glassfish.jersey.servlet.ServletContainer.service(ServletContainer.java:221)
	at org.apache.catalina.core.ApplicationFilterChain.internalDoFilter(ApplicationFilterChain.java:303)
	at org.apache.catalina.core.ApplicationFilterChain.doFilter(ApplicationFilterChain.java:208)
	at org.apache.catalina.core.StandardWrapperValve.invoke(StandardWrapperValve.java:220)
	at org.apache.catalina.core.StandardContextValve.invoke(StandardContextValve.java:122)
	at org.apache.catalina.authenticator.AuthenticatorBase.invoke(AuthenticatorBase.java:501)
	at org.apache.catalina.core.StandardHostValve.invoke(StandardHostValve.java:171)
	at org.apache.catalina.valves.ErrorReportValve.invoke(ErrorReportValve.java:102)
	at org.apache.catalina.valves.AccessLogValve.invoke(AccessLogValve.java:950)
	at org.apache.catalina.core.StandardEngineValve.invoke(StandardEngineValve.java:116)
	at org.apache.catalina.connector.CoyoteAdapter.service(CoyoteAdapter.java:408)
	at org.apache.coyote.http11.AbstractHttp11Processor.process(AbstractHttp11Processor.java:1040)
	at org.apache.coyote.AbstractProtocol$AbstractConnectionHandler.process(AbstractProtocol.java:607)
	at org.apache.tomcat.util.net.JIoEndpoint$SocketProcessor.run(JIoEndpoint.java:316)
	at java.util.concurrent.ThreadPoolExecutor.runWorker(ThreadPoolExecutor.java:1145)
	at java.util.concurrent.ThreadPoolExecutor$Worker.run(ThreadPoolExecutor.java:615)
	at org.apache.tomcat.util.threads.TaskThread$WrappingRunnable.run(TaskThread.java:61)
	at java.lang.Thread.run(Thread.java:745)


INFO 17:59:10.652 (FedoraTransactions) Commit transaction 'tx:ab4b5192-eaa7-417d-a8d6-d400d37d511c'
INFO 17:59:10.842 (FedoraTransactions) Created transaction 'cf87e6b2-cfd7-4a3e-921f-dce4e8a25993'
WARN 17:59:11.040 (Errors) The following warnings have been detected: WARNING: Unknown HK2 failure detected:
MultiException stack 1 of 2
java.lang.OutOfMemoryError: unable to create new native thread
	at java.lang.Thread.start0(Native Method)
	at java.lang.Thread.start(Thread.java:714)
	at java.util.concurrent.ThreadPoolExecutor.addWorker(ThreadPoolExecutor.java:949)
	at java.util.concurrent.ThreadPoolExecutor.execute(ThreadPoolExecutor.java:1371)
	at org.modeshape.common.collection.ring.RingBuffer.addConsumer(RingBuffer.java:248)
	at org.modeshape.common.collection.ring.RingBuffer.addConsumer(RingBuffer.java:220)
	at org.modeshape.jcr.bus.RepositoryChangeBus.register(RepositoryChangeBus.java:79)
	at org.modeshape.jcr.JcrObservationManager.<init>(JcrObservationManager.java:174)
	at org.modeshape.jcr.JcrWorkspace.observationManager(JcrWorkspace.java:627)
	at org.modeshape.jcr.JcrWorkspace.getObservationManager(JcrWorkspace.java:619)
	at org.fcrepo.http.api.FedoraBaseResource.setUpJMSBaseURIs(FedoraBaseResource.java:81)
	at org.fcrepo.http.api.FedoraLdp.postConstruct(FedoraLdp.java:133)
	at sun.reflect.GeneratedMethodAccessor37.invoke(Unknown Source)
	at sun.reflect.DelegatingMethodAccessorImpl.invoke(DelegatingMethodAccessorImpl.java:43)
	at java.lang.reflect.Method.invoke(Method.java:606)
	at org.glassfish.hk2.utilities.reflection.ReflectionHelper.invoke(ReflectionHelper.java:1019)
	at org.jvnet.hk2.internal.ClazzCreator.postConstructMe(ClazzCreator.java:335)
	at org.jvnet.hk2.internal.ClazzCreator.create(ClazzCreator.java:377)
	at org.jvnet.hk2.internal.SystemDescriptor.create(SystemDescriptor.java:461)
	at org.glassfish.jersey.process.internal.RequestScope.findOrCreate(RequestScope.java:160)
	at org.jvnet.hk2.internal.Utilities.createService(Utilities.java:2268)
	at org.jvnet.hk2.internal.ServiceLocatorImpl.internalGetService(ServiceLocatorImpl.java:690)
	at org.jvnet.hk2.internal.ServiceLocatorImpl.getService(ServiceLocatorImpl.java:655)
	at org.glassfish.jersey.internal.inject.Injections.getOrCreate(Injections.java:169)
	at org.glassfish.jersey.server.model.MethodHandler$ClassBasedMethodHandler.getInstance(MethodHandler.java:185)
	at org.glassfish.jersey.server.internal.routing.PushMethodHandlerRouter.apply(PushMethodHandlerRouter.java:74)
	at org.glassfish.jersey.server.internal.routing.RoutingStage._apply(RoutingStage.java:112)
	at org.glassfish.jersey.server.internal.routing.RoutingStage._apply(RoutingStage.java:115)
	at org.glassfish.jersey.server.internal.routing.RoutingStage._apply(RoutingStage.java:115)
	at org.glassfish.jersey.server.internal.routing.RoutingStage._apply(RoutingStage.java:115)
	at org.glassfish.jersey.server.internal.routing.RoutingStage.apply(RoutingStage.java:94)
	at org.glassfish.jersey.server.internal.routing.RoutingStage.apply(RoutingStage.java:63)
	at org.glassfish.jersey.process.internal.Stages.process(Stages.java:197)
	at org.glassfish.jersey.server.ServerRuntime$1.run(ServerRuntime.java:263)
	at org.glassfish.jersey.internal.Errors$1.call(Errors.java:271)
	at org.glassfish.jersey.internal.Errors$1.call(Errors.java:267)
	at org.glassfish.jersey.internal.Errors.process(Errors.java:315)
	at org.glassfish.jersey.internal.Errors.process(Errors.java:297)
	at org.glassfish.jersey.internal.Errors.process(Errors.java:267)
	at org.glassfish.jersey.process.internal.RequestScope.runInScope(RequestScope.java:297)
	at org.glassfish.jersey.server.ServerRuntime.process(ServerRuntime.java:254)
	at org.glassfish.jersey.server.ApplicationHandler.handle(ApplicationHandler.java:1030)
	at org.glassfish.jersey.servlet.WebComponent.service(WebComponent.java:373)
	at org.glassfish.jersey.servlet.ServletContainer.service(ServletContainer.java:381)
	at org.glassfish.jersey.servlet.ServletContainer.service(ServletContainer.java:344)
	at org.glassfish.jersey.servlet.ServletContainer.service(ServletContainer.java:221)
	at org.apache.catalina.core.ApplicationFilterChain.internalDoFilter(ApplicationFilterChain.java:303)
	at org.apache.catalina.core.ApplicationFilterChain.doFilter(ApplicationFilterChain.java:208)
	at org.apache.catalina.core.StandardWrapperValve.invoke(StandardWrapperValve.java:220)
	at org.apache.catalina.core.StandardContextValve.invoke(StandardContextValve.java:122)
	at org.apache.catalina.authenticator.AuthenticatorBase.invoke(AuthenticatorBase.java:501)
	at org.apache.catalina.core.StandardHostValve.invoke(StandardHostValve.java:171)
	at org.apache.catalina.valves.ErrorReportValve.invoke(ErrorReportValve.java:102)
	at org.apache.catalina.valves.AccessLogValve.invoke(AccessLogValve.java:950)
	at org.apache.catalina.core.StandardEngineValve.invoke(StandardEngineValve.java:116)
	at org.apache.catalina.connector.CoyoteAdapter.service(CoyoteAdapter.java:408)
	at org.apache.coyote.http11.AbstractHttp11Processor.process(AbstractHttp11Processor.java:1040)
	at org.apache.coyote.AbstractProtocol$AbstractConnectionHandler.process(AbstractProtocol.java:607)
	at org.apache.tomcat.util.net.JIoEndpoint$SocketProcessor.run(JIoEndpoint.java:316)
	at java.util.concurrent.ThreadPoolExecutor.runWorker(ThreadPoolExecutor.java:1145)
	at java.util.concurrent.ThreadPoolExecutor$Worker.run(ThreadPoolExecutor.java:615)
	at org.apache.tomcat.util.threads.TaskThread$WrappingRunnable.run(TaskThread.java:61)
	at java.lang.Thread.run(Thread.java:745)
MultiException stack 2 of 2
java.lang.IllegalStateException: Unable to perform operation: post construct on org.fcrepo.http.api.FedoraLdp
	at org.jvnet.hk2.internal.ClazzCreator.create(ClazzCreator.java:395)
	at org.jvnet.hk2.internal.SystemDescriptor.create(SystemDescriptor.java:461)
	at org.glassfish.jersey.process.internal.RequestScope.findOrCreate(RequestScope.java:160)
	at org.jvnet.hk2.internal.Utilities.createService(Utilities.java:2268)
	at org.jvnet.hk2.internal.ServiceLocatorImpl.internalGetService(ServiceLocatorImpl.java:690)
	at org.jvnet.hk2.internal.ServiceLocatorImpl.getService(ServiceLocatorImpl.java:655)
	at org.glassfish.jersey.internal.inject.Injections.getOrCreate(Injections.java:169)
	at org.glassfish.jersey.server.model.MethodHandler$ClassBasedMethodHandler.getInstance(MethodHandler.java:185)
	at org.glassfish.jersey.server.internal.routing.PushMethodHandlerRouter.apply(PushMethodHandlerRouter.java:74)
	at org.glassfish.jersey.server.internal.routing.RoutingStage._apply(RoutingStage.java:112)
	at org.glassfish.jersey.server.internal.routing.RoutingStage._apply(RoutingStage.java:115)
	at org.glassfish.jersey.server.internal.routing.RoutingStage._apply(RoutingStage.java:115)
	at org.glassfish.jersey.server.internal.routing.RoutingStage._apply(RoutingStage.java:115)
	at org.glassfish.jersey.server.internal.routing.RoutingStage.apply(RoutingStage.java:94)
	at org.glassfish.jersey.server.internal.routing.RoutingStage.apply(RoutingStage.java:63)
	at org.glassfish.jersey.process.internal.Stages.process(Stages.java:197)
	at org.glassfish.jersey.server.ServerRuntime$1.run(ServerRuntime.java:263)
	at org.glassfish.jersey.internal.Errors$1.call(Errors.java:271)
	at org.glassfish.jersey.internal.Errors$1.call(Errors.java:267)
	at org.glassfish.jersey.internal.Errors.process(Errors.java:315)
	at org.glassfish.jersey.internal.Errors.process(Errors.java:297)
	at org.glassfish.jersey.internal.Errors.process(Errors.java:267)
	at org.glassfish.jersey.process.internal.RequestScope.runInScope(RequestScope.java:297)
	at org.glassfish.jersey.server.ServerRuntime.process(ServerRuntime.java:254)
	at org.glassfish.jersey.server.ApplicationHandler.handle(ApplicationHandler.java:1030)
	at org.glassfish.jersey.servlet.WebComponent.service(WebComponent.java:373)
	at org.glassfish.jersey.servlet.ServletContainer.service(ServletContainer.java:381)
	at org.glassfish.jersey.servlet.ServletContainer.service(ServletContainer.java:344)
	at org.glassfish.jersey.servlet.ServletContainer.service(ServletContainer.java:221)
	at org.apache.catalina.core.ApplicationFilterChain.internalDoFilter(ApplicationFilterChain.java:303)
	at org.apache.catalina.core.ApplicationFilterChain.doFilter(ApplicationFilterChain.java:208)
	at org.apache.catalina.core.StandardWrapperValve.invoke(StandardWrapperValve.java:220)
	at org.apache.catalina.core.StandardContextValve.invoke(StandardContextValve.java:122)
	at org.apache.catalina.authenticator.AuthenticatorBase.invoke(AuthenticatorBase.java:501)
	at org.apache.catalina.core.StandardHostValve.invoke(StandardHostValve.java:171)
	at org.apache.catalina.valves.ErrorReportValve.invoke(ErrorReportValve.java:102)
	at org.apache.catalina.valves.AccessLogValve.invoke(AccessLogValve.java:950)
	at org.apache.catalina.core.StandardEngineValve.invoke(StandardEngineValve.java:116)
	at org.apache.catalina.connector.CoyoteAdapter.service(CoyoteAdapter.java:408)
	at org.apache.coyote.http11.AbstractHttp11Processor.process(AbstractHttp11Processor.java:1040)
	at org.apache.coyote.AbstractProtocol$AbstractConnectionHandler.process(AbstractProtocol.java:607)
	at org.apache.tomcat.util.net.JIoEndpoint$SocketProcessor.run(JIoEndpoint.java:316)
	at java.util.concurrent.ThreadPoolExecutor.runWorker(ThreadPoolExecutor.java:1145)
	at java.util.concurrent.ThreadPoolExecutor$Worker.run(ThreadPoolExecutor.java:615)
	at org.apache.tomcat.util.threads.TaskThread$WrappingRunnable.run(TaskThread.java:61)
	at java.lang.Thread.run(Thread.java:745)


INFO 17:59:11.237 (FedoraTransactions) Commit transaction 'tx:cf87e6b2-cfd7-4a3e-921f-dce4e8a25993'
INFO 17:59:11.431 (FedoraTransactions) Created transaction '1b0eb44a-09f1-4453-88f0-6a79b9b882b2'
WARN 17:59:11.626 (Errors) The following warnings have been detected: WARNING: Unknown HK2 failure detected:
MultiException stack 1 of 2
java.lang.OutOfMemoryError: unable to create new native thread
	at java.lang.Thread.start0(Native Method)
	at java.lang.Thread.start(Thread.java:714)
	at java.util.concurrent.ThreadPoolExecutor.addWorker(ThreadPoolExecutor.java:949)
	at java.util.concurrent.ThreadPoolExecutor.execute(ThreadPoolExecutor.java:1371)
	at org.modeshape.common.collection.ring.RingBuffer.addConsumer(RingBuffer.java:248)
	at org.modeshape.common.collection.ring.RingBuffer.addConsumer(RingBuffer.java:220)
	at org.modeshape.jcr.bus.RepositoryChangeBus.register(RepositoryChangeBus.java:79)
	at org.modeshape.jcr.JcrObservationManager.<init>(JcrObservationManager.java:174)
	at org.modeshape.jcr.JcrWorkspace.observationManager(JcrWorkspace.java:627)
	at org.modeshape.jcr.JcrWorkspace.getObservationManager(JcrWorkspace.java:619)
	at org.fcrepo.http.api.FedoraBaseResource.setUpJMSBaseURIs(FedoraBaseResource.java:81)
	at org.fcrepo.http.api.FedoraLdp.postConstruct(FedoraLdp.java:133)
	at sun.reflect.GeneratedMethodAccessor37.invoke(Unknown Source)
	at sun.reflect.DelegatingMethodAccessorImpl.invoke(DelegatingMethodAccessorImpl.java:43)
	at java.lang.reflect.Method.invoke(Method.java:606)
	at org.glassfish.hk2.utilities.reflection.ReflectionHelper.invoke(ReflectionHelper.java:1019)
	at org.jvnet.hk2.internal.ClazzCreator.postConstructMe(ClazzCreator.java:335)
	at org.jvnet.hk2.internal.ClazzCreator.create(ClazzCreator.java:377)
	at org.jvnet.hk2.internal.SystemDescriptor.create(SystemDescriptor.java:461)
	at org.glassfish.jersey.process.internal.RequestScope.findOrCreate(RequestScope.java:160)
	at org.jvnet.hk2.internal.Utilities.createService(Utilities.java:2268)
	at org.jvnet.hk2.internal.ServiceLocatorImpl.internalGetService(ServiceLocatorImpl.java:690)
	at org.jvnet.hk2.internal.ServiceLocatorImpl.getService(ServiceLocatorImpl.java:655)
	at org.glassfish.jersey.internal.inject.Injections.getOrCreate(Injections.java:169)
	at org.glassfish.jersey.server.model.MethodHandler$ClassBasedMethodHandler.getInstance(MethodHandler.java:185)
	at org.glassfish.jersey.server.internal.routing.PushMethodHandlerRouter.apply(PushMethodHandlerRouter.java:74)
	at org.glassfish.jersey.server.internal.routing.RoutingStage._apply(RoutingStage.java:112)
	at org.glassfish.jersey.server.internal.routing.RoutingStage._apply(RoutingStage.java:115)
	at org.glassfish.jersey.server.internal.routing.RoutingStage._apply(RoutingStage.java:115)
	at org.glassfish.jersey.server.internal.routing.RoutingStage._apply(RoutingStage.java:115)
	at org.glassfish.jersey.server.internal.routing.RoutingStage.apply(RoutingStage.java:94)
	at org.glassfish.jersey.server.internal.routing.RoutingStage.apply(RoutingStage.java:63)
	at org.glassfish.jersey.process.internal.Stages.process(Stages.java:197)
	at org.glassfish.jersey.server.ServerRuntime$1.run(ServerRuntime.java:263)
	at org.glassfish.jersey.internal.Errors$1.call(Errors.java:271)
	at org.glassfish.jersey.internal.Errors$1.call(Errors.java:267)
	at org.glassfish.jersey.internal.Errors.process(Errors.java:315)
	at org.glassfish.jersey.internal.Errors.process(Errors.java:297)
	at org.glassfish.jersey.internal.Errors.process(Errors.java:267)
	at org.glassfish.jersey.process.internal.RequestScope.runInScope(RequestScope.java:297)
	at org.glassfish.jersey.server.ServerRuntime.process(ServerRuntime.java:254)
	at org.glassfish.jersey.server.ApplicationHandler.handle(ApplicationHandler.java:1030)
	at org.glassfish.jersey.servlet.WebComponent.service(WebComponent.java:373)
	at org.glassfish.jersey.servlet.ServletContainer.service(ServletContainer.java:381)
	at org.glassfish.jersey.servlet.ServletContainer.service(ServletContainer.java:344)
	at org.glassfish.jersey.servlet.ServletContainer.service(ServletContainer.java:221)
	at org.apache.catalina.core.ApplicationFilterChain.internalDoFilter(ApplicationFilterChain.java:303)
	at org.apache.catalina.core.ApplicationFilterChain.doFilter(ApplicationFilterChain.java:208)
	at org.apache.catalina.core.StandardWrapperValve.invoke(StandardWrapperValve.java:220)
	at org.apache.catalina.core.StandardContextValve.invoke(StandardContextValve.java:122)
	at org.apache.catalina.authenticator.AuthenticatorBase.invoke(AuthenticatorBase.java:501)
	at org.apache.catalina.core.StandardHostValve.invoke(StandardHostValve.java:171)
	at org.apache.catalina.valves.ErrorReportValve.invoke(ErrorReportValve.java:102)
	at org.apache.catalina.valves.AccessLogValve.invoke(AccessLogValve.java:950)
	at org.apache.catalina.core.StandardEngineValve.invoke(StandardEngineValve.java:116)
	at org.apache.catalina.connector.CoyoteAdapter.service(CoyoteAdapter.java:408)
	at org.apache.coyote.http11.AbstractHttp11Processor.process(AbstractHttp11Processor.java:1040)
	at org.apache.coyote.AbstractProtocol$AbstractConnectionHandler.process(AbstractProtocol.java:607)
	at org.apache.tomcat.util.net.JIoEndpoint$SocketProcessor.run(JIoEndpoint.java:316)
	at java.util.concurrent.ThreadPoolExecutor.runWorker(ThreadPoolExecutor.java:1145)
	at java.util.concurrent.ThreadPoolExecutor$Worker.run(ThreadPoolExecutor.java:615)
	at org.apache.tomcat.util.threads.TaskThread$WrappingRunnable.run(TaskThread.java:61)
	at java.lang.Thread.run(Thread.java:745)
MultiException stack 2 of 2
java.lang.IllegalStateException: Unable to perform operation: post construct on org.fcrepo.http.api.FedoraLdp
	at org.jvnet.hk2.internal.ClazzCreator.create(ClazzCreator.java:395)
	at org.jvnet.hk2.internal.SystemDescriptor.create(SystemDescriptor.java:461)
	at org.glassfish.jersey.process.internal.RequestScope.findOrCreate(RequestScope.java:160)
	at org.jvnet.hk2.internal.Utilities.createService(Utilities.java:2268)
	at org.jvnet.hk2.internal.ServiceLocatorImpl.internalGetService(ServiceLocatorImpl.java:690)
	at org.jvnet.hk2.internal.ServiceLocatorImpl.getService(ServiceLocatorImpl.java:655)
	at org.glassfish.jersey.internal.inject.Injections.getOrCreate(Injections.java:169)
	at org.glassfish.jersey.server.model.MethodHandler$ClassBasedMethodHandler.getInstance(MethodHandler.java:185)
	at org.glassfish.jersey.server.internal.routing.PushMethodHandlerRouter.apply(PushMethodHandlerRouter.java:74)
	at org.glassfish.jersey.server.internal.routing.RoutingStage._apply(RoutingStage.java:112)
	at org.glassfish.jersey.server.internal.routing.RoutingStage._apply(RoutingStage.java:115)
	at org.glassfish.jersey.server.internal.routing.RoutingStage._apply(RoutingStage.java:115)
	at org.glassfish.jersey.server.internal.routing.RoutingStage._apply(RoutingStage.java:115)
	at org.glassfish.jersey.server.internal.routing.RoutingStage.apply(RoutingStage.java:94)
	at org.glassfish.jersey.server.internal.routing.RoutingStage.apply(RoutingStage.java:63)
	at org.glassfish.jersey.process.internal.Stages.process(Stages.java:197)
	at org.glassfish.jersey.server.ServerRuntime$1.run(ServerRuntime.java:263)
	at org.glassfish.jersey.internal.Errors$1.call(Errors.java:271)
	at org.glassfish.jersey.internal.Errors$1.call(Errors.java:267)
	at org.glassfish.jersey.internal.Errors.process(Errors.java:315)
	at org.glassfish.jersey.internal.Errors.process(Errors.java:297)
	at org.glassfish.jersey.internal.Errors.process(Errors.java:267)
	at org.glassfish.jersey.process.internal.RequestScope.runInScope(RequestScope.java:297)
	at org.glassfish.jersey.server.ServerRuntime.process(ServerRuntime.java:254)
	at org.glassfish.jersey.server.ApplicationHandler.handle(ApplicationHandler.java:1030)
	at org.glassfish.jersey.servlet.WebComponent.service(WebComponent.java:373)
	at org.glassfish.jersey.servlet.ServletContainer.service(ServletContainer.java:381)
	at org.glassfish.jersey.servlet.ServletContainer.service(ServletContainer.java:344)
	at org.glassfish.jersey.servlet.ServletContainer.service(ServletContainer.java:221)
	at org.apache.catalina.core.ApplicationFilterChain.internalDoFilter(ApplicationFilterChain.java:303)
	at org.apache.catalina.core.ApplicationFilterChain.doFilter(ApplicationFilterChain.java:208)
	at org.apache.catalina.core.StandardWrapperValve.invoke(StandardWrapperValve.java:220)
	at org.apache.catalina.core.StandardContextValve.invoke(StandardContextValve.java:122)
	at org.apache.catalina.authenticator.AuthenticatorBase.invoke(AuthenticatorBase.java:501)
	at org.apache.catalina.core.StandardHostValve.invoke(StandardHostValve.java:171)
	at org.apache.catalina.valves.ErrorReportValve.invoke(ErrorReportValve.java:102)
	at org.apache.catalina.valves.AccessLogValve.invoke(AccessLogValve.java:950)
	at org.apache.catalina.core.StandardEngineValve.invoke(StandardEngineValve.java:116)
	at org.apache.catalina.connector.CoyoteAdapter.service(CoyoteAdapter.java:408)
	at org.apache.coyote.http11.AbstractHttp11Processor.process(AbstractHttp11Processor.java:1040)
	at org.apache.coyote.AbstractProtocol$AbstractConnectionHandler.process(AbstractProtocol.java:607)
	at org.apache.tomcat.util.net.JIoEndpoint$SocketProcessor.run(JIoEndpoint.java:316)
	at java.util.concurrent.ThreadPoolExecutor.runWorker(ThreadPoolExecutor.java:1145)
	at java.util.concurrent.ThreadPoolExecutor$Worker.run(ThreadPoolExecutor.java:615)
	at org.apache.tomcat.util.threads.TaskThread$WrappingRunnable.run(TaskThread.java:61)
	at java.lang.Thread.run(Thread.java:745)


INFO 17:59:11.823 (FedoraTransactions) Commit transaction 'tx:1b0eb44a-09f1-4453-88f0-6a79b9b882b2'
INFO 17:59:12.008 (FedoraTransactions) Created transaction '7af1821d-86be-4a50-a7e6-5a08b7175a1c'
WARN 17:59:12.204 (Errors) The following warnings have been detected: WARNING: Unknown HK2 failure detected:
MultiException stack 1 of 2
java.lang.OutOfMemoryError: unable to create new native thread
	at java.lang.Thread.start0(Native Method)
	at java.lang.Thread.start(Thread.java:714)
	at java.util.concurrent.ThreadPoolExecutor.addWorker(ThreadPoolExecutor.java:949)
	at java.util.concurrent.ThreadPoolExecutor.execute(ThreadPoolExecutor.java:1371)
	at org.modeshape.common.collection.ring.RingBuffer.addConsumer(RingBuffer.java:248)
	at org.modeshape.common.collection.ring.RingBuffer.addConsumer(RingBuffer.java:220)
	at org.modeshape.jcr.bus.RepositoryChangeBus.register(RepositoryChangeBus.java:79)
	at org.modeshape.jcr.JcrObservationManager.<init>(JcrObservationManager.java:174)
	at org.modeshape.jcr.JcrWorkspace.observationManager(JcrWorkspace.java:627)
	at org.modeshape.jcr.JcrWorkspace.getObservationManager(JcrWorkspace.java:619)
	at org.fcrepo.http.api.FedoraBaseResource.setUpJMSBaseURIs(FedoraBaseResource.java:81)
	at org.fcrepo.http.api.FedoraLdp.postConstruct(FedoraLdp.java:133)
	at sun.reflect.GeneratedMethodAccessor37.invoke(Unknown Source)
	at sun.reflect.DelegatingMethodAccessorImpl.invoke(DelegatingMethodAccessorImpl.java:43)
	at java.lang.reflect.Method.invoke(Method.java:606)
	at org.glassfish.hk2.utilities.reflection.ReflectionHelper.invoke(ReflectionHelper.java:1019)
	at org.jvnet.hk2.internal.ClazzCreator.postConstructMe(ClazzCreator.java:335)
	at org.jvnet.hk2.internal.ClazzCreator.create(ClazzCreator.java:377)
	at org.jvnet.hk2.internal.SystemDescriptor.create(SystemDescriptor.java:461)
	at org.glassfish.jersey.process.internal.RequestScope.findOrCreate(RequestScope.java:160)
	at org.jvnet.hk2.internal.Utilities.createService(Utilities.java:2268)
	at org.jvnet.hk2.internal.ServiceLocatorImpl.internalGetService(ServiceLocatorImpl.java:690)
	at org.jvnet.hk2.internal.ServiceLocatorImpl.getService(ServiceLocatorImpl.java:655)
	at org.glassfish.jersey.internal.inject.Injections.getOrCreate(Injections.java:169)
	at org.glassfish.jersey.server.model.MethodHandler$ClassBasedMethodHandler.getInstance(MethodHandler.java:185)
	at org.glassfish.jersey.server.internal.routing.PushMethodHandlerRouter.apply(PushMethodHandlerRouter.java:74)
	at org.glassfish.jersey.server.internal.routing.RoutingStage._apply(RoutingStage.java:112)
	at org.glassfish.jersey.server.internal.routing.RoutingStage._apply(RoutingStage.java:115)
	at org.glassfish.jersey.server.internal.routing.RoutingStage._apply(RoutingStage.java:115)
	at org.glassfish.jersey.server.internal.routing.RoutingStage._apply(RoutingStage.java:115)
	at org.glassfish.jersey.server.internal.routing.RoutingStage.apply(RoutingStage.java:94)
	at org.glassfish.jersey.server.internal.routing.RoutingStage.apply(RoutingStage.java:63)
	at org.glassfish.jersey.process.internal.Stages.process(Stages.java:197)
	at org.glassfish.jersey.server.ServerRuntime$1.run(ServerRuntime.java:263)
	at org.glassfish.jersey.internal.Errors$1.call(Errors.java:271)
	at org.glassfish.jersey.internal.Errors$1.call(Errors.java:267)
	at org.glassfish.jersey.internal.Errors.process(Errors.java:315)
	at org.glassfish.jersey.internal.Errors.process(Errors.java:297)
	at org.glassfish.jersey.internal.Errors.process(Errors.java:267)
	at org.glassfish.jersey.process.internal.RequestScope.runInScope(RequestScope.java:297)
	at org.glassfish.jersey.server.ServerRuntime.process(ServerRuntime.java:254)
	at org.glassfish.jersey.server.ApplicationHandler.handle(ApplicationHandler.java:1030)
	at org.glassfish.jersey.servlet.WebComponent.service(WebComponent.java:373)
	at org.glassfish.jersey.servlet.ServletContainer.service(ServletContainer.java:381)
	at org.glassfish.jersey.servlet.ServletContainer.service(ServletContainer.java:344)
	at org.glassfish.jersey.servlet.ServletContainer.service(ServletContainer.java:221)
	at org.apache.catalina.core.ApplicationFilterChain.internalDoFilter(ApplicationFilterChain.java:303)
	at org.apache.catalina.core.ApplicationFilterChain.doFilter(ApplicationFilterChain.java:208)
	at org.apache.catalina.core.StandardWrapperValve.invoke(StandardWrapperValve.java:220)
	at org.apache.catalina.core.StandardContextValve.invoke(StandardContextValve.java:122)
	at org.apache.catalina.authenticator.AuthenticatorBase.invoke(AuthenticatorBase.java:501)
	at org.apache.catalina.core.StandardHostValve.invoke(StandardHostValve.java:171)
	at org.apache.catalina.valves.ErrorReportValve.invoke(ErrorReportValve.java:102)
	at org.apache.catalina.valves.AccessLogValve.invoke(AccessLogValve.java:950)
	at org.apache.catalina.core.StandardEngineValve.invoke(StandardEngineValve.java:116)
	at org.apache.catalina.connector.CoyoteAdapter.service(CoyoteAdapter.java:408)
	at org.apache.coyote.http11.AbstractHttp11Processor.process(AbstractHttp11Processor.java:1040)
	at org.apache.coyote.AbstractProtocol$AbstractConnectionHandler.process(AbstractProtocol.java:607)
	at org.apache.tomcat.util.net.JIoEndpoint$SocketProcessor.run(JIoEndpoint.java:316)
	at java.util.concurrent.ThreadPoolExecutor.runWorker(ThreadPoolExecutor.java:1145)
	at java.util.concurrent.ThreadPoolExecutor$Worker.run(ThreadPoolExecutor.java:615)
	at org.apache.tomcat.util.threads.TaskThread$WrappingRunnable.run(TaskThread.java:61)
	at java.lang.Thread.run(Thread.java:745)
MultiException stack 2 of 2
java.lang.IllegalStateException: Unable to perform operation: post construct on org.fcrepo.http.api.FedoraLdp
	at org.jvnet.hk2.internal.ClazzCreator.create(ClazzCreator.java:395)
	at org.jvnet.hk2.internal.SystemDescriptor.create(SystemDescriptor.java:461)
	at org.glassfish.jersey.process.internal.RequestScope.findOrCreate(RequestScope.java:160)
	at org.jvnet.hk2.internal.Utilities.createService(Utilities.java:2268)
	at org.jvnet.hk2.internal.ServiceLocatorImpl.internalGetService(ServiceLocatorImpl.java:690)
	at org.jvnet.hk2.internal.ServiceLocatorImpl.getService(ServiceLocatorImpl.java:655)
	at org.glassfish.jersey.internal.inject.Injections.getOrCreate(Injections.java:169)
	at org.glassfish.jersey.server.model.MethodHandler$ClassBasedMethodHandler.getInstance(MethodHandler.java:185)
	at org.glassfish.jersey.server.internal.routing.PushMethodHandlerRouter.apply(PushMethodHandlerRouter.java:74)
	at org.glassfish.jersey.server.internal.routing.RoutingStage._apply(RoutingStage.java:112)
	at org.glassfish.jersey.server.internal.routing.RoutingStage._apply(RoutingStage.java:115)
	at org.glassfish.jersey.server.internal.routing.RoutingStage._apply(RoutingStage.java:115)
	at org.glassfish.jersey.server.internal.routing.RoutingStage._apply(RoutingStage.java:115)
	at org.glassfish.jersey.server.internal.routing.RoutingStage.apply(RoutingStage.java:94)
	at org.glassfish.jersey.server.internal.routing.RoutingStage.apply(RoutingStage.java:63)
	at org.glassfish.jersey.process.internal.Stages.process(Stages.java:197)
	at org.glassfish.jersey.server.ServerRuntime$1.run(ServerRuntime.java:263)
	at org.glassfish.jersey.internal.Errors$1.call(Errors.java:271)
	at org.glassfish.jersey.internal.Errors$1.call(Errors.java:267)
	at org.glassfish.jersey.internal.Errors.process(Errors.java:315)
	at org.glassfish.jersey.internal.Errors.process(Errors.java:297)
	at org.glassfish.jersey.internal.Errors.process(Errors.java:267)
	at org.glassfish.jersey.process.internal.RequestScope.runInScope(RequestScope.java:297)
	at org.glassfish.jersey.server.ServerRuntime.process(ServerRuntime.java:254)
	at org.glassfish.jersey.server.ApplicationHandler.handle(ApplicationHandler.java:1030)
	at org.glassfish.jersey.servlet.WebComponent.service(WebComponent.java:373)
	at org.glassfish.jersey.servlet.ServletContainer.service(ServletContainer.java:381)
	at org.glassfish.jersey.servlet.ServletContainer.service(ServletContainer.java:344)
	at org.glassfish.jersey.servlet.ServletContainer.service(ServletContainer.java:221)
	at org.apache.catalina.core.ApplicationFilterChain.internalDoFilter(ApplicationFilterChain.java:303)
	at org.apache.catalina.core.ApplicationFilterChain.doFilter(ApplicationFilterChain.java:208)
	at org.apache.catalina.core.StandardWrapperValve.invoke(StandardWrapperValve.java:220)
	at org.apache.catalina.core.StandardContextValve.invoke(StandardContextValve.java:122)
	at org.apache.catalina.authenticator.AuthenticatorBase.invoke(AuthenticatorBase.java:501)
	at org.apache.catalina.core.StandardHostValve.invoke(StandardHostValve.java:171)
	at org.apache.catalina.valves.ErrorReportValve.invoke(ErrorReportValve.java:102)
	at org.apache.catalina.valves.AccessLogValve.invoke(AccessLogValve.java:950)
	at org.apache.catalina.core.StandardEngineValve.invoke(StandardEngineValve.java:116)
	at org.apache.catalina.connector.CoyoteAdapter.service(CoyoteAdapter.java:408)
	at org.apache.coyote.http11.AbstractHttp11Processor.process(AbstractHttp11Processor.java:1040)
	at org.apache.coyote.AbstractProtocol$AbstractConnectionHandler.process(AbstractProtocol.java:607)
	at org.apache.tomcat.util.net.JIoEndpoint$SocketProcessor.run(JIoEndpoint.java:316)
	at java.util.concurrent.ThreadPoolExecutor.runWorker(ThreadPoolExecutor.java:1145)
	at java.util.concurrent.ThreadPoolExecutor$Worker.run(ThreadPoolExecutor.java:615)
	at org.apache.tomcat.util.threads.TaskThread$WrappingRunnable.run(TaskThread.java:61)
	at java.lang.Thread.run(Thread.java:745)


